Change history,,,,,,,
Date,Meeting,TDoc,CR,Rev,Cat,Subject/Comment,New version
04/2017,RAN2#97bis,R2-1703395,,,,,0.0.1
04/2017,RAN2#97bis,R2-1703922,,,,,0.0.2
05/2017,RAN2#98,R2-1705815,,,,,0.0.3
06/2017,RAN2#NR2,R2-1707187,,,,,0.0.4
08/2017,RAN2#99,R2-1708468,,,,,0.0.5
09/2017,RAN2#99bis,R2-1710557,,,,,0.1.0
11/2017,RAN2#100,R2-1713629,,,,,0.2.0
11/2017,RAN2#100,R2-1714126,,,,,0.3.0
12/2017,RAN2#100,R2-1714259,,,,,0.4.0
12/2017,RP#78,RP-172570,,,,Submitted for Approval in RAN#78,1.0.0
12/2017,RP#78,,,,,Upgraded to Rel-15 (MCC),15.0.0
03/2018,RP#79,RP-180479,0008,1,F,Corrections for EN-DC (Note: the clause numbering between 15.0.0 and 15.1.0 has changed in some cases).,15.1.0
06/2018,RP-80,RP-181326,0042,7,F,Miscellaneous EN-DC corrections,15.2.0
,RP-80,,,,,Correction: Duplicate Foreword clause removed & ASN.1 clauses touched up,15.2.1
09/2018,RP-81,RP-181942,0100,4,F,Introduction of SA,15.3.0
12/2018,RP-82,RP-182656,0179,3,F,Handling of Resume Failure,15.4.0
,RP-82,RP-182651,0187,1,F,Clarification on the presence of ra-ResponseWindow,15.4.0
,RP-82,RP-182656,0188,3,F,Addition of RAN specific Access Category,15.4.0
,RP-82,RP-182653,0199,2,F,CR for TS38.331 on MIB,15.4.0
,RP-82,RP-182653,0200,1,F,CR for TS38.331 on PDCCH-ConfigSIB,15.4.0
,RP-82,RP-182661,0202,2,F,Handling Cell Reselection during SI Request,15.4.0
,RP-82,RP-182649,0213,2,F,Corrections on security field descriptions,15.4.0
,RP-82,RP-182649,0216,2,F,Remain issue for T302,15.4.0
,RP-82,RP-182649,0219,1,F,[C204] Handling of timer T380,15.4.0
,RP-82,RP-182655,0229,2,F,Clarification on configured grant timer in 38.331,15.4.0
,RP-82,RP-182663,0232,2,F,CR for ServingCellConfigCommon in 38.331,15.4.0
,RP-82,RP-182659,0234,3,F,Introduction of cell level rate matching parameters in ServingCellConfig,15.4.0
,RP-82,RP-182650,0235,2,F,CR for introducing PSCell frequency in CG-Config,15.4.0
,RP-82,RP-182650,0236,2,F,CR for security handling for eLTE in 38.331,15.4.0
,RP-82,RP-182650,0237,1,F,Handling on simultaneously triggered NAS&AS events (I770),15.4.0
,RP-82,RP-182650,0238,2,F,Handling on security keys for resume procedure (I774),15.4.0
,RP-82,RP-182664,0239,5,F,"RIL I556, I557, I558 on RB handling when resuming",15.4.0
,RP-82,RP-182650,0242,2,F,Security for RRC connection release,15.4.0
,RP-82,RP-182650,0243,4,F,Corrections on reestablishment and security procedures,15.4.0
,RP-82,RP-182650,0244,1,F,RIL I118 on release case to upper layers for CN paging for a UE in RRC_INACTIVE,15.4.0
,RP-82,RP-182650,0246,2,F,CR on SI request procedure in TS38.331,15.4.0
,RP-82,RP-182650,0248,2,F,CR to 38331 on ul-DataSplitThreshold for SRB,15.4.0
,RP-82,RP-182652,0249,2,F,Clarification of guami-Type,15.4.0
,RP-82,RP-182652,0252,1,F,CR to 38.331 on Protection of RRC messages Table,15.4.0
,RP-82,RP-182663,0254,2,F,Access barring check after handover,15.4.0
,RP-82,RP-182663,0259,3,F,Stop of T390 and related UE actions,15.4.0
,RP-82,RP-182657,0260,4,F,Corrections for handover between NR and E-UTRA,15.4.0
,RP-82,RP-182738,0267,3,F,CR on ssb-ToMeasure in MeasurementTimingConfiguration,15.4.0
,RP-82,RP-182659,0269,3,F,Clarification of the applicability of 38.331 to EN-DC,15.4.0
,RP-82,RP-182654,0270,3,F,"Clarification on the smtc signalled for intra-NR handover, PSCell change or SCell addition",15.4.0
,RP-82,RP-182654,0273,3,F,CR on fallback to the setup procedure,15.4.0
,RP-82,RP-182654,0275,1,F,Correction on cell sorting for periodical measurement reporting,15.4.0
,RP-82,RP-182660,0277,2,F,Measurement related actions upon re-establishment,15.4.0
,RP-82,RP-182654,0278,1,F,CR on threshold description for cell quality derivation,15.4.0
,RP-82,RP-182654,0282,1,F,CR to avoid unnecessary L3 filtered beam measurements,15.4.0
,RP-82,RP-182660,0283,2,F,CR on CGI reporting,15.4.0
,RP-82,RP-182660,0291,3,F,Additional UE capabilities for NR standalone,15.4.0
,RP-82,RP-182667,0294,4,F,NR RRC Processing Time,15.4.0
,RP-82,RP-182812,0295,5,F,Update of L1/RF capabilities,15.4.0
,RP-82,RP-182651,0296,2,F,UE configuration on re-establishment procedure,15.4.0
,RP-82,RP-182651,0298,2,F,SIB size limitation [M201],15.4.0
,RP-82,RP-182651,0299,2,F,Correction on SRS-TPC-CommandConfig,15.4.0
,RP-82,RP-182651,0302,2,F,Clarification on counter check procedure,15.4.0
,RP-82,RP-182666,0307,4,F,CR on the Clarification for the Support of the Delay Budget Report in NR,15.4.0
,RP-82,RP-182666,0320,3,F,ssb-PositionsInBurst correction,15.4.0
,RP-82,RP-182666,0325,3,F,Barring behaviour when SIB1 reception fails,15.4.0
,RP-82,RP-182666,0329,5,F,System Information Storing and Validity Clarifications and Corrections,15.4.0
,RP-82,RP-182666,0330,3,F,SIBs required before initiating connection,15.4.0
,RP-82,RP-182652,0333,1,F,On contens of measObjectEUTRA,15.4.0
,RP-82,RP-182654,0335,2,F,A3 and A5 corrections – neighbouring cell definition,15.4.0
,RP-82,RP-182650,0339,2,F,SI reception in RRC Connected mode (RIL#II611),15.4.0
,RP-82,RP-182650,0340,2,F,Miscellaneous corrections on SI procedures,15.4.0
,RP-82,RP-182652,0342,1,F,On RRM measurements related procedual text corrections,15.4.0
,RP-82,RP-182651,0344,1,F,Clarification for absense of nr-NS-PmaxList IE,15.4.0
,RP-82,RP-182652,0345,2,F,Clarification on paging in connected mode,15.4.0
,RP-82,RP-182651,0350,2,F,ASN.1 correction to fr-InfoListSCG in CG-Config,15.4.0
,RP-82,RP-182661,0355,2,F,Update of L2 capability parameters,15.4.0
,RP-82,RP-182651,0364,1,F,Procedures for full config at RRCResume,15.4.0
,RP-82,RP-182651,0365,2,F,Clarification of PDCP-Config field descriptions,15.4.0
,RP-82,RP-182653,0368,2,F,UE Context handling during handover to NR,15.4.0
,RP-82,RP-182652,0371,2,F,[E255] CR to 38.331 on corrections related to CGI reporting timer T321,15.4.0
,RP-82,RP-182655,0375,3,F,R2-1817981 CR to 38.331 on pendingRnaUpdate setting,15.4.0
,RP-82,RP-182653,0376,2,F,Introducing procedure for reporting RLC failures,15.4.0
,RP-82,RP-182654,0379,2,F,Correction of frequency band indication in MeasObjectNR,15.4.0
,RP-82,RP-182654,0382,2,F,RRC connection release triggered by upper layers,15.4.0
,RP-82,RP-182660,0384,3,F,Correction to configuration of measurement object,15.4.0
,RP-82,RP-182665,0388,3,F,Correction to 38331 in SRS-Config,15.4.0
,RP-82,RP-182657,0391,2,F,Correction for PowerControl-related issues,15.4.0
,RP-82,RP-182668,0395,4,F,Inter-band EN-DC Configured Output Power requirements,15.4.0
,RP-82,RP-182655,0396,2,F,E573 Configuration of SRB1 during Resume,15.4.0
,RP-82,RP-182655,0402,1,F,Triggers for abortion of RRC establishment,15.4.0
,RP-82,RP-182656,0406,2,F,Correction on CN type indication for Redirection from NR to E-UTRA,15.4.0
,RP-82,RP-182664,0409,4,F,Miscellaneous minor corrections,15.4.0
,RP-82,RP-182654,0410,1,F,Invalidation of L1 parameter nrofCQIsPerReport,15.4.0
,RP-82,RP-182654,0411,1,F,Clarifications on RNA update and CN registration (N023),15.4.0
,RP-82,RP-182666,0412,3,F,Missing optionality bit in CG-ConfigInfo,15.4.0
,RP-82,RP-182662,0414,2,F,Clarification for the implementation of UE feature list item 6-1 (BWP op1),15.4.0
,RP-82,RP-182654,0417,1,F,Clarification on ssb-PositionsInBurst,15.4.0
,RP-82,RP-182667,0418,3,F,Correction to commonControlResourceSet,15.4.0
,RP-82,RP-182667,0420,2,F,Correction to TDD configuration in SIB1,15.4.0
,RP-82,RP-182668,0421,5,F,Clarification on handling of default parameters,15.4.0
,RP-82,RP-182663,0429,2,F,SRB3 integrity protection failure handling,15.4.0
,RP-82,RP-182653,0431,2,F,Corrections to the field decriptions of System Information,15.4.0
,RP-82,RP-182653,0434,1,F,Correction to SI provision in connected mode,15.4.0
,RP-82,RP-182661,0436,3,F,PDCCH Monitoring Occasions in SI Window,15.4.0
,RP-82,RP-182655,0438,3,F,CR on SI Message Acquisition,15.4.0
,RP-82,RP-182652,0439,1,F,Update of nas-SecurityParamFromNR according to LS from SA3,15.4.0
,RP-82,RP-182652,0445,2,F,Correction to Default MAC Cell Group configuration,15.4.0
,RP-82,RP-182652,0447,1,F,Correction to missing field descriptions of PLMN Identity,15.4.0
,RP-82,RP-182657,0448,2,F,Introducing PDCP suspend procedure,15.4.0
,RP-82,RP-182657,0449,2,F,Correction to PDCP statusReportRequired,15.4.0
,RP-82,RP-182664,0454,3,F,CR to 38.331 on the ambiguity of targetCellIdentity in Resume/Reestablishment MAC-I calculation,15.4.0
,RP-82,RP-182655,0457,1,F,Corrections on P-Max description,15.4.0
,RP-82,RP-182651,0460,2,F,Clarification on Configuration of multiplePHR for EN-DC and NR-CA,15.4.0
,RP-82,RP-182656,0469,2,F,Correction on conditional presence of PCellOnly,15.4.0
,RP-82,RP-182657,0474,4,F,Introduction of power boosting indicator for pi2BPSK waveform,15.4.0
,RP-82,RP-182655,0475,1,F,Correction on the allowedBC-ListMRDC,15.4.0
,RP-82,RP-182649,0476,2,F,Removal of restriction on RB removal and addition,15.4.0
,RP-82,RP-182649,0482,2,F,Correction to full configuration,15.4.0
,RP-82,RP-182661,0492,3,F,CR on MeasurementTimingConfiguration,15.4.0
,RP-82,RP-182654,0502,1,F,Bandwidth configuration for initial BWP,15.4.0
,RP-82,RP-182664,0503,4,F,CORESET#0 configuration when SIB1 is not broadcast,15.4.0
,RP-82,RP-182663,0506,1,F,Correction on the behaviors with cell reselection while T302 is running,15.4.0
,RP-82,RP-182661,0509,2,F,Correction on SDAP reconfiguration handling,15.4.0
,RP-82,RP-182663,0510,1,F,Clarification for the UE behaviour in camped normally and camped on any cell states,15.4.0
,RP-82,RP-182663,0514,2,F,Correction to description of parameter Ns nAndPagingFrameOffset,15.4.0
,RP-82,RP-182649,0515,-,F,Correction to description of parameter Ns,15.4.0
,RP-82,RP-182661,0516,1,F,CR on UE behaviour after SI Acquisition Failure,15.4.0
,RP-82,RP-182662,0518,1,F,CR on PUCCH-ConfigCommon,15.4.0
,RP-82,RP-182662,0520,1,F,Clarifications on receiving RRCReject without wait timer,15.4.0
,RP-82,RP-182665,0522,1,F,CR on powerControlOffset,15.4.0
,RP-82,RP-182664,0524,2,F,Correction to configuration of firstPDCCH-MonitoringOccasionOfPO,15.4.0
,RP-82,RP-182660,0539,1,F,R on PCCH-Config,15.4.0
,RP-82,RP-182649,0541,-,F,Clarification to no barring configuration for Implicit UAC,15.4.0
,RP-82,RP-182649,0542,-,F,Correction to Access Category and barring config determination for implicit access barring,15.4.0
,RP-82,RP-182664,0543,2,F,Per serving cell MIMO layer configuration,15.4.0
,RP-82,RP-182661,0545,1,F,Correction to reconfiguration with sync,15.4.0
,RP-82,RP-182659,0552,1,F,Correction for SSB power,15.4.0
,RP-82,RP-182659,0554,1,F,Corrections on SearchSpace configuration,15.4.0
,RP-82,RP-182665,0558,1,F,Correction for TCI state in ControlResourceSet,15.4.0
,RP-82,RP-182663,0560,1,F,CR for the optional configuration of subbandSize,15.4.0
,RP-82,RP-182650,0562,-,F,Correction on ShortMAC-I description in 38.331,15.4.0
,RP-82,RP-182661,0567,1,F,CR to the field descriptions of System Information,15.4.0
,RP-82,RP-182650,0569,-,F,Clarification on SRB3 release,15.4.0
,RP-82,RP-182650,0570,-,F,Avoiding security risk for RLC UM bearers during termination point change,15.4.0
,RP-82,RP-182660,0571,1,F,MO configuration with SSB SCS for a given SSB frequency,15.4.0
,RP-82,RP-182663,0572,1,F,Barring alleviation for emergency service,15.4.0
,RP-82,RP-182664,0575,1,F,Corrections for security configurations during setup of SRB1,15.4.0
,RP-82,RP-182660,0577,1,F,Clarification of UE behaviour when frequencyBandList is absent in SIB4,15.4.0
,RP-82,RP-182661,0578,2,F,Handling of missing fields in SIB1,15.4.0
,RP-82,RP-182659,0580,1,F,Correction to ControlResourceSetZero,15.4.0
,RP-82,RP-182667,0582,2,F,Full configuration for inter-RAT handover,15.4.0
,RP-82,RP-182664,0587,1,F,Corrections on number of RadioLinkMonitoringRS condifuration,15.4.0
,RP-82,RP-182659,0591,1,F,Clarification on phr-Type2OtherCell,15.4.0
,RP-82,RP-182667,0594,2,F,Addition of PCI in MeasTiming,15.4.0
,RP-82,RP-182667,0600,5,F,Clarifications to SIBs requiring request procedure,15.4.0
,RP-82,RP-182659,0601,1,F,Correction for support of initial downlink BWP,15.4.0
,RP-82,RP-182657,0602,1,F,Miscellaneous corrections related to idle mode SIBs,15.4.0
,RP-82,RP-182657,0603,1,F,Correction for missing fields in SIB2 and SIB4,15.4.0
,RP-82,RP-182657,0604,2,F,Correction to Q-QualMin value range,15.4.0
,RP-82,RP-182663,0616,1,F,Clarification of cell reselection during resume procedure,15.4.0
,RP-82,RP-182663,0617,1,F,Determination of Access Identities for RRC-triggered Access Attempts,15.4.0
,RP-82,RP-182663,0618,1,F,CR to 38.331 on stopping of timer T390 upon reception of RRCRelease,15.4.0
,RP-82,RP-182840,0620,3,F,CR on MN/SN coordination for report CGI procedure,15.4.0
,RP-82,RP-182666,0624,2,F,CR to 38.331 on aligning I-RNTI terminology in paging and SuspendConfig (Alt.2),15.4.0
,RP-82,RP-182665,0627,2,F,CR to 38.331 on IRAT Cell reselection in RRC_INACTIVE,15.4.0
,RP-82,RP-182662,0638,1,F,CR for pendingRnaUpdate set,15.4.0
,RP-82,RP-182665,0640,2,F,Corrections on BWP ID,15.4.0
,RP-82,RP-182664,0643,1,F,Inter-frequency handover capability,15.4.0
,RP-82,RP-182659,0646,1,F,Search space configuration for DCI format 2_0 monitoring,15.4.0
,RP-82,RP-182739,0647,3,F,Correction on power headroom configuration exchange,15.4.0
,RP-82,RP-182665,0649,2,F,UE capability on PA architecture,15.4.0
,RP-82,RP-182662,0654,1,F,CR on pdsch-TimeDomainAllocationList and pusch-TimeDomainAllocationList,15.4.0
,RP-82,RP-182664,0655,1,F,Correction on the SSB based RACH configuration,15.4.0
,RP-82,RP-182659,0656,1,F,CR on starting bit of Format 2-3,15.4.0
,RP-82,RP-182663,0660,1,C,CR on wait timer in RRC release,15.4.0
,RP-82,RP-182662,0664,1,F,SCell release at RRC Reestablishment,15.4.0
,RP-82,RP-182663,0665,1,F,Clean up of SRB1 terminology,15.4.0
,RP-82,RP-182662,0670,1,F,Correction on the size of PUCCH resource ID,15.4.0
,RP-82,RP-182667,0673,3,F,CR to 38.331 on Integrity Check failure at RRC Reestablishment,15.4.0
,RP-82,RP-182661,0680,1,F,Correction on SI message acquisition timing,15.4.0
,RP-82,RP-182653,0682,-,F,Add t-ReselectionNR-SF in SIB2,15.4.0
,RP-82,RP-182654,0683,-,F,freqBandIndicatorNR correction in MultiFrequencyBandListNR-SIB,15.4.0
,RP-82,RP-182658,0684,2,F,Corrections to CellSelectionInfo in SIB1 and SIB4,15.4.0
,RP-82,RP-182654,0686,-,F,Correction on the field description of DRX timers,15.4.0
,RP-82,RP-182661,0687,1,F,Correction on DC subcarrier usage in SetupComplete message,15.4.0
,RP-82,RP-182665,0688,3,F,Various carrier frequency definiton corrections,15.4.0
,RP-82,RP-182661,0689,1,F,CR on signaling contiguous and non-contiguous EN-DC capability,15.4.0
,RP-82,RP-182654,0692,-,F,Update of the usage of QCL type-C,15.4.0
,RP-82,RP-182659,0694,1,F,Cleanup of references to L1 specifications,15.4.0
,RP-82,RP-182660,0695,1,F,Correction of MeasResultEUTRA,15.4.0
,RP-82,RP-182660,0696,1,F,Missing need code for refFreqCSI-RS,15.4.0
,RP-82,RP-182661,0697,2,F,Missing procedure text in RRC Reconfiguration,15.4.0
,RP-82,RP-182781,0700,3,F,Correction to UE capability procedures in 38.331,15.4.0
,RP-82,RP-182667,0701,1,F,Correction to aperiodicTriggeringOffset,15.4.0
,RP-82,RP-182664,0709,1,F,CR to 38.331 on including serving cell measurements,15.4.0
,RP-82,RP-182660,0711,1,F,CR to 38.331 on associatedSSB,15.4.0
,RP-82,RP-182662,0714,1,F,CR on 38.331 for RRCResumeRequest and RRCResumeRequest1 and protection of RRCResumeRequest1,15.4.0
,RP-82,RP-182667,0715,2,F,Correction for reporting of NR serving cell measurements when rsType is missing,15.4.0
,RP-82,RP-182656,0719,1,F,Clarification of the values for RangeToBestCell,15.4.0
,RP-82,RP-182668,0721,2,F,CR on handling of timer T380,15.4.0
,RP-82,RP-182662,0723,2,F,CR on supporting signalling only connection,15.4.0
,RP-82,RP-182838,0725,3,F,Signalling introduction of SRS switching capability,15.4.0
,RP-82,RP-182667,0729,3,B,CR on signalling introduction of UE overheating support in NR SA scenario,15.4.0
,RP-82,RP-182856,0730,4,F,CR on SRS antenna switching,15.4.0
,RP-82,RP-182660,0731,1,F,Correction to offsetToPointA,15.4.0
,RP-82,RP-182655,0732,-,F,Correction to cell selection parameters,15.4.0
,RP-82,RP-182665,0746,2,F,CR to 38.331 on stopping T302 and UE related actions,15.4.0
,RP-82,RP-182666,0750,2,F,Correction on indication for user plane resource release,15.4.0
,RP-82,RP-182662,0767,1,F,Correction on the terminology scg-ChangeFailure,15.4.0
,RP-82,RP-182661,0768,1,F,Correction on default configuration,15.4.0
,RP-82,RP-182660,0772,1,F,Clarification of measurement object for beam reporting for NR cells,15.4.0
,RP-82,RP-182667,0773,3,F,CR to 38.331 on UE AS Context definition – Include suspendConfig,15.4.0
,RP-82,RP-182661,0778,1,F,CR to 38.331 on HO support in Setup Procedure,15.4.0
,RP-82,RP-182656,0781,-,F,CR on description of k0,15.4.0
,RP-82,RP-182666,0783,2,F,CR to 38.331 on removing FFS of locationInfo,15.4.0
,RP-82,RP-182661,0787,-,F,Clarification on MIB Acquisition,15.4.0
,RP-82,RP-182662,0788,-,F,CR to 38331 on release after completion of inter-RAT HO,15.4.0
,RP-82,RP-182662,0789,-,F,"CR to 38.331 on rbg-Size in PDSCH-Config, PUSCH-Config and ConfiguredGrantConfig",15.4.0
,RP-82,RP-182657,0790,-,F,Advanced processing time configuration for PDSCH and PUSCH,15.4.0
,RP-82,RP-182896,0791,2,F,UE specific channel bandwidth signaling,15.4.0
03/2019,RP-83,RP-190541,0416,4,F,Clarification on hopping parameters for PUSCH,15.5.0
,RP-83,RP-190541,0593,2,F,Removal of creation of MCG MAC entity,15.5.0
,RP-83,RP-190633,0792,1,F,Capability for aperiodic CSI-RS triggering with different numerology between PDCCH and CSI-RS,15.5.0
,RP-83,RP-190541,0796,2,F,Correction on Mapping between SSBs and PDCCH Monitoring Occasions in SI Window,15.5.0
,RP-83,RP-190541,0797,2,F,Correction to SI Reqeust Procedure,15.5.0
,RP-83,RP-190546,0798,2,F,CR to 38.331 on clarification of reportCGI,15.5.0
,RP-83,RP-190545,0799,2,F,Describing mandatory/optional information in inter-node RRC messages,15.5.0
,RP-83,RP-190541,0800,1,F,Search space configuration for cross carrier scheduling,15.5.0
,RP-83,RP-190542,0803,1,F,Clarification on FeatureSetCombinationId zero value,15.5.0
,RP-83,RP-190546,0805,2,F,Clarification on UE Capability Request Filtering,15.5.0
,RP-83,RP-190545,0807,3,F,Miscellaneous non-controversial corrections,15.5.0
,RP-83,RP-190541,0808,2,F,CR to 38.331 on MAC configuration,15.5.0
,RP-83,RP-190543,0810,2,F,Correction to SCG failiure,15.5.0
,RP-83,RP-190540,0811,1,F,Clarifying handling of parent and child IE need nodes,15.5.0
,RP-83,RP-190544,0812,2,F,Clarification to channel bandwidth signalling,15.5.0
,RP-83,RP-190541,0813,1,F,Clarifications to BWP configuration options,15.5.0
,RP-83,RP-190543,0822,2,F,Correction to EUTRA-MBSFN-SubframeConfig,15.5.0
,RP-83,RP-190545,0823,2,F,Clarification on dedicated serving cell configuration in Re-establishment,15.5.0
,RP-83,RP-190541,0828,2,F,Clarification on the BWP id configuration,15.5.0
,RP-83,RP-190541,0836,1,F,Upon entering a new PLMN which is in the list of EPLMNs in RRC INACTIVE state,15.5.0
,RP-83,RP-190546,0843,1,F,EUTRA UE capability filtering in NR UE capability enquiry,15.5.0
,RP-83,RP-190543,0847,2,F,Correction to SIB1 transmission during handover,15.5.0
,RP-83,RP-190545,0850,2,F,Clarification to monitoring occasion of PWS notification,15.5.0
,RP-83,RP-190541,0853,1,F,HandoverPreparationInformation for CU/DU,15.5.0
,RP-83,RP-190542,0855,1,F,CR to introduce simultaneousRxDataSSB-DiffNumerology for NR SA,15.5.0
,RP-83,RP-190550,0858,-,F,Condition on integrity protection for DRB,15.5.0
,RP-83,RP-190544,0860,2,F,Handling on UE Inactive AS context upon resume,15.5.0
,RP-83,RP-190542,0861,1,F,Miscellaneous Corrections for INACTIVE,15.5.0
,RP-83,RP-190542,0864,1,F,Correction on RRC processing delay,15.5.0
,RP-83,RP-190540,0865,-,F,Dummify the ue-BeamLockFunction IE,15.5.0
,RP-83,RP-190545,0866,2,F,Further update of Need codes,15.5.0
,RP-83,RP-190541,0867,1,F,Corrections to reestablishment procedure,15.5.0
,RP-83,RP-190545,0868,2,F,CR on use of positioning measurement gaps for subframe and slot timing detection towards E-UTRA,15.5.0
,RP-83,RP-190542,0876,2,F,Barring alleviation when T302 or T390 is stopped,15.5.0
,RP-83,RP-190544,0877,2,F,Correction on smtc configuration in NR SCell addition procedure,15.5.0
,RP-83,RP-190543,0884,2,F,Correction on the configuration for transform preceding of PUSCH,15.5.0
,RP-83,RP-190543,0896,2,F,Correction to Need Codes in system information,15.5.0
,RP-83,RP-190541,0897,1,F,Corrections on drb-ContinueROHC,15.5.0
,RP-83,RP-190541,0898,1,F,Correction on outOfOrderDelivery,15.5.0
,RP-83,RP-190542,0902,1,F,Corrections on radio link failure related actions,15.5.0
,RP-83,RP-190541,0904,1,F,Clarification for SIB validity,15.5.0
,RP-83,RP-190540,0905,-,F,Corrections to MFBI,15.5.0
,RP-83,RP-190542,0912,1,F,CR on clarification on the description of NIA0,15.5.0
,RP-83,RP-190542,0913,1,F,CR on the number of bits of downlink NAS COUNT value,15.5.0
,RP-83,RP-190541,0920,1,F,CR to 38.331 for not supporting different quantities for thresholds in Event A5 and B2,15.5.0
,RP-83,RP-190544,0922,2,F,CR on SSB type indication,15.5.0
,RP-83,RP-190545,0923,2,F,Correction for measurements of serving cells without SSB or without CSI-RS,15.5.0
,RP-83,RP-190540,0930,-,F,CR on introduction of UE assistance information in inter-node message,15.5.0
,RP-83,RP-190540,0931,-,F,CR on description of SRS carrier switching,15.5.0
,RP-83,RP-190542,0932,1,F,Clarification on the relation between CA configuration and supported featureset combination_Option1,15.5.0
,RP-83,RP-190545,0935,2,F,Unification of EN-DC terminology,15.5.0
,RP-83,RP-190550,0938,-,F,PDCP re-establishment during SRB modification for EUTRA/5GC,15.5.0
,RP-83,RP-190541,0939,1,F,The support of drb-ContinueROHC,15.5.0
,RP-83,RP-190541,0948,1,F,Correction on PTRS port index,15.5.0
,RP-83,RP-190541,0956,1,F,CR on the supplementaryUplink and uplinkConfig,15.5.0
,RP-83,RP-190545,0963,2,F,Correction on MIB acquisition upon Reconfiguration with Sync,15.5.0
,RP-83,RP-190543,0967,2,F,Qoffset for inter-RAT cell reselection,15.5.0
,RP-83,RP-190541,0975,1,F,Correction on SI scheduling,15.5.0
,RP-83,RP-190543,0976,2,F,Correction of uac-AccessCategory1-SelectionAssistanceInfo field description,15.5.0
,RP-83,RP-190546,0978,3,F,Correction on going to RRC_IDLE upon inter-RAT cell reselection in RRC_INACTIVE,15.5.0
,RP-83,RP-190543,0981,2,F,Clarification on nrofSS-BlocksToAverage and absThreshSS-BlocksConsolidation,15.5.0
,RP-83,RP-190543,0984,3,F,Correction on compilation of featureSets for NR container,15.5.0
,RP-83,RP-190540,0985,-,F,Enable and disable of security at DRB setup,15.5.0
,RP-83,RP-190545,0986,2,F,Clarification on TCI state ID,15.5.0
,RP-83,RP-190544,0987,-,F,Clarification for random access on SUL,15.5.0
,RP-83,RP-190545,0988,1,F,Correction on supportedBandwidthCombinationSetEUTRA-v1530 usage,15.5.0
,RP-83,RP-190544,0989,-,F,CR on Processing delay requirements for RRC Resume procedures in TS 38.331,15.5.0
04/2019,RP-83,,,,,MCC: Formatting error correction (missing carriage return) in the end of clause 5.3.5.11.,15.5.1
06/2019,RP-84,RP-191379,0906,5,F,Reconfig with sync terminology,15.6.0
,RP-84,RP-191378,0916,5,B,"Introduction of late drop NGEN-DC, NE-DC and NR-DC",15.6.0
,RP-84,RP-191374,0996,2,F,Correction to the need code of some fields in SIB2,15.6.0
,RP-84,RP-191377,1003,3,F,Clarification for handling of suspendConfig,15.6.0
,RP-84,RP-191377,1005,3,F,Reporting of serving cell and best neighbour cell and sorting of beam,15.6.0
,RP-84,RP-191377,1011,1,F,On T321 timer related informative text correction,15.6.0
,RP-84,RP-191377,1013,1,C,CR to direct current report for UL and SUL,15.6.0
,RP-84,RP-191380,1014,1,F,Correction on storing UE AS Inactive Context,15.6.0
,RP-84,RP-191373,1015,-,F,Correction on ReconfigurationWithSync,15.6.0
,RP-84,RP-191380,1016,2,F,Correction on Handover from NR to EUTRAN,15.6.0
,RP-84,RP-191373,1018,-,F,Introduction of additional UE capability on HARQ-ACK multiplexing on PUSCH,15.6.0
,RP-84,RP-191378,1019,1,F,Correction on bar indication of emergency service (access category 2),15.6.0
,RP-84,RP-191373,1020,-,F,Correction on UE configuration for RRC Resume procedure,15.6.0
,RP-84,RP-191373,1021,-,F,RRC release with suspend configuration and inter-RAT redirection,15.6.0
,RP-84,RP-191373,1022,-,F,RRC Reconfiguration via SRB3 in EN-DC,15.6.0
,RP-84,RP-191373,1023,-,F,Corrections on RLC bearer setup,15.6.0
,RP-84,RP-191373,1024,-,F,Clarification to Permitted MaxCID for ROHC and Uplink-Only ROHC,15.6.0
,RP-84,RP-191373,1025,-,F,Coordination of ROHC capability for MR-DC,15.6.0
,RP-84,RP-191373,1026,-,F,Correction on the rlmInSyncOutOfSyncThreshold,15.6.0
,RP-84,RP-191373,1027,-,F,Correction on description of tci-PresentInDCI,15.6.0
,RP-84,RP-191374,1031,-,F,RRC processing delay for UE capability transfer,15.6.0
,RP-84,RP-191377,1032,1,F,Handling of SMTC configuration,15.6.0
,RP-84,RP-191378,1033,1,F,Clarification on filters used to generate FeatureSets (38.331),15.6.0
,RP-84,RP-191374,1034,-,F,Correction of behavior for eutra-nr-only,15.6.0
,RP-84,RP-191377,1038,1,F,Clarification on CSI-RS resource configuration in MO,15.6.0
,RP-84,RP-191378,1039,2,F,Update on usage of Need codes,15.6.0
,RP-84,RP-191377,1040,1,F,Ignore additional fields in RRC Release message before security activation,15.6.0
,RP-84,RP-191374,1041,-,F,Correction on use of Null algorithm for DRBs during emergency calls in LSM,15.6.0
,RP-84,RP-191380,1042,2,F,NR changes for FullConfig for Inter-RAT intra-system HO,15.6.0
,RP-84,RP-191376,1043,2,F,Monitoring of short messages with multi-beams,15.6.0
,RP-84,RP-191377,1045,1,F,Clarification of commonControlResourceSet frequency reference point,15.6.0
,RP-84,RP-191379,1046,2,F,CR on capability of maxUplinkDutyCycle for FR2,15.6.0
,RP-84,RP-191374,1049,-,F,CR to subcarrierSpacing in RateMatchPattern and SCS-SpecificCarrier,15.6.0
,RP-84,RP-191377,1053,1,F,CR on transferring common configuration during handover and SN change,15.6.0
,RP-84,RP-191381,1054,2,F,Correction to barring alleviation,15.6.0
,RP-84,RP-191381,1055,3,F,UE behaviour on the cell without TAC,15.6.0
,RP-84,RP-191379,1058,2,F,Correction to RRC resume,15.6.0
,RP-84,RP-191376,1061,1,F,Corrections to inter-node messages,15.6.0
,RP-84,RP-191378,1063,1,F,Clarification on mandatory information in inter node RRC messages,15.6.0
,RP-84,RP-191374,1066,-,F,Correction to PWS reception,15.6.0
,RP-84,RP-191377,1068,1,F,Serving cell measurement handling with different rsType configuration scenarios,15.6.0
,RP-84,RP-191374,1069,-,F,On CGI reporting contents,15.6.0
,RP-84,RP-191374,1071,-,F,CR for 38.331 on security related corrections to UE and Network initiated RRC procedures to increase user's security and privacy,15.6.0
,RP-84,RP-191379,1072,3,F,Correction on the issue with NCP and ECP for RateMatchPattern,15.6.0
,RP-84,RP-191377,1075,1,F,Security protection of RRC messages,15.6.0
,RP-84,RP-191381,1076,1,F,Introduction of a new NR band for LTE/NR spectrum sharing in Band 41/n41,15.6.0
,RP-84,RP-191375,1077,-,F,Stop of T302 and T390 at reception of RRCRelease with waitTime,15.6.0
,RP-84,RP-191375,1078,-,F,Restriction of piggybacking of NAS PDUs,15.6.0
,RP-84,RP-191379,1079,3,F,Correction on intra-band fallback behavior with FeatureSetsPerCC,15.6.0
,RP-84,RP-191375,1081,-,F,Removal of spurious requirement on consistency of feature set combination IDs,15.6.0
,RP-84,RP-191381,1082,3,F,Miscellaneous non-controversial corrections Set II,15.6.0
,RP-84,RP-191377,1083,1,F,Correction to configuration of security in RadioBearerConfig,15.6.0
,RP-84,RP-191379,1086,2,F,CR to 38.331 on MeasurementTimingConfiguration,15.6.0
,RP-84,RP-191375,1088,-,F,Correction to the description of subcarrierspacing usage in ServingCellConfigCommon,15.6.0
,RP-84,RP-191375,1089,-,F,38.331 Clarfication on multiple TA capabilities,15.6.0
,RP-84,RP-191375,1091,-,F,Set beamCorrespondenceCA dummy,15.6.0
,RP-84,RP-191377,1092,1,F,Correction on Measurement Report Triggering for Periodical Report,15.6.0
,RP-84,RP-191375,1094,-,F,Correction on PDCP duplication configuration,15.6.0
,RP-84,RP-191375,1095,-,F,Correction on BWP configuration,15.6.0
,RP-84,RP-191377,1097,1,F,Correction on configuration of pucch-ResourceCommon,15.6.0
,RP-84,RP-191376,1098,1,F,Clarification of PUCCH reconfiguration on NR UL and SUL,15.6.0
,RP-84,RP-191375,1100,1,F,Correction on initial BWP configuration in DownlinkConfigCommon and UplinkConfigCommon,15.6.0
,RP-84,RP-191377,1101,1,F,Correction on PUCCH cell,15.6.0
,RP-84,RP-191377,1103,1,F,Correction on the pdcp-Config,15.6.0
,RP-84,RP-191379,1104,2,F,Correction on pathlossReferenceLinking,15.6.0
,RP-84,RP-191381,1106,2,F,Clarification of dedicated priority handling from RRC_INACTIVE to RRC_IDLE,15.6.0
,RP-84,RP-191375,1110,-,F,Clarification on sending condition for mcg-RB-Config,15.6.0
,RP-84,RP-191375,1111,-,F,Clarification of timing reference for CSI-RS resources,15.6.0
,RP-84,RP-191376,1113,-,F,Setting of resumeCause for NAS triggered event,15.6.0
,RP-84,RP-191376,1114,-,F,UE capability signalling for FD-MIMO processing capabilities for EN-DC,15.6.0
,RP-84,RP-191376,1115,-,F,Modified UE capability on different numerologies within the same PUCCH group,15.6.0
,RP-84,RP-191478,1116,2,F,Clarification to commonSearchSpaceList in PDCCH-ConfigCommon,15.6.0
,RP-84,RP-191589,1117,1,F,"Removal of ""Capability for aperiodic CSI-RS triggering with different numerology between PDCCH and CSI-RS""",15.6.0
09/2019,RP-85,RP-192196,1120,1,C,Additional capability signalling for 1024QAM support,15.7.0
,RP-85,RP-192191,1121,1,F,Correction on TDD-UL-DL-Config,15.7.0
,RP-85,RP-192191,1122,1,F,Correction of the secondHopPRB Parameter,15.7.0
,RP-85,RP-192190,1123,-,F,RSRP reporting of SFTD measurement in NR-DC,15.7.0
,RP-85,RP-192191,1124,1,F,Small Corrections for System Information,15.7.0
,RP-85,RP-192194,1125,-,F,Corrections for Inter-node Messages,15.7.0
,RP-85,RP-192191,1126,1,F,Clarification of Layer 3 Filtering for E-UTRA,15.7.0
,RP-85,RP-192190,1127,-,F,Clarification on FailureInformation report for NE-DC,15.7.0
,RP-85,RP-192191,1136,1,F,Clarification to fullConfig in NR,15.7.0
,RP-85,RP-192190,1137,-,F,Updates for positioning measurement gaps for subframe and slot timing detection towards E-UTRA,15.7.0
,RP-85,RP-192191,1138,1,F,Clarification for enabling of configured PUSCH frequency hopping,15.7.0
,RP-85,RP-192191,1139,1,B,Introduction of SFTD measurement to neighbour cells for NR SA,15.7.0
,RP-85,RP-192192,1144,1,F,Corrections to 38.331 on SI-schedulingInfo,15.7.0
,RP-85,RP-192193,1148,2,F,Clarification on SRB2 and DRB configuration,15.7.0
,RP-85,RP-192191,1151,2,F,PDU session release indication to upper layers during Full Configuration,15.7.0
,RP-85,RP-192191,1160,1,F,Clarification on max payload of PUCCH-ResourceSet,15.7.0
,RP-85,RP-192191,1161,1,F,Clarification on PUSCH configuration,15.7.0
,RP-85,RP-192192,1167,1,F,Correction of condition HO-toNR and HO-Conn,15.7.0
,RP-85,RP-192192,1172,1,F,Clarifying UE capability freqHoppingPUCCH-F0-2 and freqHoppingPUCCH-F1-3-4,15.7.0
,RP-85,RP-192190,1173,1,F,Clarification on selectedBandCombination,15.7.0
,RP-85,RP-192193,1174,2,F,Clarifying handling of information elements on the F1 interface,15.7.0
,RP-85,RP-192192,1178,1,F,Correction of field descriptions in UE-CapabilityRequestFilterCommon (38.331),15.7.0
,RP-85,RP-192190,1179,-,F,Clarification of ca-ParametersNR-forDC (38.331),15.7.0
,RP-85,RP-192193,1183,2,F,Correction on reestablishRLC,15.7.0
,RP-85,RP-192191,1185,1,F,Correction on SFTD measurement configuration,15.7.0
,RP-85,RP-192193,1191,2,F,Handling of embedded RRC message in RRCReconfiguration procedure,15.7.0
,RP-85,RP-192192,1201,2,F,Clarification on definition of PUSCH-Less SCell,15.7.0
,RP-85,RP-192190,1204,-,F,Correction on non-critical extension for NRDC-Parameters,15.7.0
,RP-85,RP-192191,1208,1,F,Correction on UE actions upon going to RRC_IDLE,15.7.0
,RP-85,RP-192192,1211,1,F,Correction on the acquisition of MIB and SIB1 for re-establishment,15.7.0
,RP-85,RP-192192,1212,1,F,Correction on band selection in SIB1,15.7.0
,RP-85,RP-192193,1213,2,F,Correction on the actions uption reception of SIB2 and SIB4,15.7.0
,RP-85,RP-192193,1219,3,F,Miscellaneous non-controversial corrections Set III,15.7.0
,RP-85,RP-192194,1220,3,F,Channel Bandwidth validation upon SIB1 acquisition,15.7.0
,RP-85,RP-192193,1224,1,F,Correction of presence conditions for common PSCell parameters,15.7.0
,RP-85,RP-192190,1226,-,F,Release of unnecessary power restrictions upon RRC connection re-establishment in NE-DC and NR-DC,15.7.0
,RP-85,RP-192193,1232,2,F,Correction of field inclusion for inter-node message,15.7.0
,RP-85,RP-192192,1234,1,F,SFTD measurement information in CG-ConfigInfo,15.7.0
,RP-85,RP-192192,1235,1,F,Correction for UE context retrieval,15.7.0
,RP-85,RP-192190,1236,-,F,Correction on CGI measurements,15.7.0
,RP-85,RP-192191,1237,1,F,Corrections to SIB8 for CMAS geo-fencing,15.7.0
,RP-85,RP-192194,1242,3,F,Corrections on the condition of RBTermChange,15.7.0
,RP-85,RP-192192,1243,1,F,CR on clarification of aggregated bandwidth for overheating,15.7.0
,RP-85,RP-192190,1244,-,F,Clarification on the selectedBandEntriesMN - Understanding 1,15.7.0
,RP-85,RP-192194,1253,1,F,Correction on RRC connection release indication after handover,15.7.0
,RP-85,RP-192193,1254,2,F,Corrections on SIB1 configuration,15.7.0
,RP-85,RP-192191,1256,1,F,Correction on inter-RAT cell re-selection when UE is in RRC_IDLE,15.7.0
,RP-85,RP-192193,1257,2,F,maxMIMO-Layers for the normal uplink and the supplementary uplink_Option 1,15.7.0
,RP-85,RP-192193,1261,1,F,Correction on overheating indication,15.7.0
,RP-85,RP-192192,1262,-,F,Handling lists other than AddMod,15.7.0
,RP-85,RP-192193,1263,1,F,Releasing source cell ConfigCommon fields not present in target cell,15.7.0
,RP-85,RP-192347,1265,-,C,Introduction of UE capability for NR-DC with SFN synchronization between PCell and PSCell,15.7.0
12/2019,RP-86,RP-192934,1147,2,C,Security requirement for UE capability enquiry for NR,15.8.0
,RP-86,RP-192934,1267,1,F,Corrections on CG-Config,15.8.0
,RP-86,RP-192934,1273,1,F,CR to introduce timer for DRX based SFTD measurement,15.8.0
,RP-86,RP-192934,1274,1,F,Correction on absence of gapPurpose,15.8.0
,RP-86,RP-192934,1278,1,F,Correction on field description of cellReselectionInfoCommon,15.8.0
,RP-86,RP-192935,1283,2,F,Clarifying the alignment of capability filtering across LTE and NR in MR-DC,15.8.0
,RP-86,RP-192934,1292,1,F,Correction for P-Max in FR2,15.8.0
,RP-86,RP-192934,1296,2,F,Correction on frequency indication in SIB1 and SIB2,15.8.0
,RP-86,RP-192937,1300,2,F,Handling of AS-Config in HandoverPreparationInformation,15.8.0
,RP-86,RP-192936,1301,2,F,Corrections on scg-RB-Config in CG-Config,15.8.0
,RP-86,RP-192937,1305,2,F,Correction on MCG measurements in SCGFailureInformation,15.8.0
,RP-86,RP-192937,1308,3,F,Correction of SRB3 handling at full configuration (Alt2),15.8.0
,RP-86,RP-192936,1309,2,F,Correction to integrity protection in DRB addition and modification,15.8.0
,RP-86,RP-192938,1323,3,F,Miscellaneous non-controversial corrections Set IV,15.8.0
,RP-86,RP-192935,1325,2,F,Presence and absence of TAC in NR cell,15.8.0
,RP-86,RP-192935,1332,4,F,Security Algorithms for Radio Bearers,15.8.0
,RP-86,RP-192934,1333,1,F,Correction on the Msg3 based on demand system information,15.8.0
,RP-86,RP-192935,1335,2,F,Clarification for aggregated bandwidth for overheating,15.8.0
,RP-86,RP-192935,1337,1,F,Clarification on the feature set report in EUTRAN,15.8.0
,RP-86,RP-192934,1341,1,F,CR to 38.331 on CGI information,15.8.0
,RP-86,RP-192936,1357,1,F,Restoring SDAP and RoHC contexts during Resumption,15.8.0
,RP-86,RP-192934,1358,-,F,Conditional presence on ue-CapabilityInfo and servCellIndexRangeSCG for inter-MN handover without SN change,15.8.0
,RP-86,RP-192934,1362,-,F,Configuration limitation for RRCRelease message in R15,15.8.0
,RP-86,RP-192937,1368,1,F,Correction to AS security key update,15.8.0
,RP-86,RP-192936,1369,1,F,Correction on the condition of RBTermChange,15.8.0
,RP-86,RP-192936,1375,1,F,Correction on the configuration of split SRB,15.8.0
,RP-86,RP-192934,1378,-,F,Correction on camping conditions,15.8.0
,RP-86,RP-192937,1379,1,F,Correction on CORESET location,15.8.0
,RP-86,RP-192938,1381,2,F,Correction to key derivation for the UE configured with sk-counter,15.8.0
,RP-86,RP-192936,1383,1,F,Correction on the pre-condition for reconfiguration with sync of SCG,15.8.0
,RP-86,RP-192935,1385,-,F,Correction on AS-Config,15.8.0
,RP-86,RP-192935,1387,-,F,Correction on measurement reporting in NR-DC,15.8.0
,RP-86,RP-192936,1389,1,F,Correction on SIB1 description,15.8.0
,RP-86,RP-192937,1402,1,F,Correction to Feature Set Combination and Band combination list for NR-DC (38.331),15.8.0
,RP-86,RP-192937,1403,2,F,Security requirements for split PDU session (38.331),15.8.0
,RP-86,RP-192938,1405,2,F,Correction of UE assistance information,15.8.0
,RP-86,RP-192936,1406,1,F,Clarification regarding inter-node transfer of UE capability containers,15.8.0
,RP-86,RP-192749,1421,1,F,NE-DC dynamic power sharing capability,15.8.0
03/2020,RP-87,RP-200335,1272,3,F,Corrections on maxMeasIdentitiesSCG-NR in MR-DC,15.9.0
,RP-87,RP-200334,1409,2,F,CR on BWCS for inter-ENDC BC with intra-ENDC BC (38.331),15.9.0
,RP-87,RP-200334,1410,4,F,CR to 38.331 on support of 70MHz channel bandwidth,15.9.0
,RP-87,RP-200335,1440,2,F,Clarification on the PLMN-IdentityInfoList,15.9.0
,RP-87,RP-200334,1444,1,F,Correction on removal of NR-DC and NE-DC band combinations when capabilityRequestFilterCommon is absent,15.9.0
,RP-87,RP-200334,1450,1,F,Correction on reporting of uplink TX direct current,15.9.0
,RP-87,RP-200334,1454,1,F,Corrections to the Location measurement indication procedure,15.9.0
,RP-87,RP-200334,1455,-,F,Introduction of provisions for late non-critical extensions,15.9.0
,RP-87,RP-200334,1460,1,F,Correction on p-maxNR-FR1 for NE-DC,15.9.0
,RP-87,RP-200334,1461,-,F,Correction on SFTD frequency list in INM,15.9.0
,RP-87,RP-200335,1472,2,F,Miscellaneous non-controversial corrections Set V,15.9.0
,RP-87,RP-200335,1475,1,F,Capability coordination for NE-DC,15.9.0
,RP-87,RP-200335,1483,2,F,CR on fallback BC reporting,15.9.0
,RP-87,RP-200334,1484,1,F,CR on overheating assistance reporting in handover case,15.9.0
,RP-87,RP-200334,1496,1,F,Correction on NZP-CSI-RS-ResourceSet,15.9.0
,RP-87,RP-200335,1501,1,F,UE capability of intra-band requirements for inter-band EN-DC/NE-DC,15.9.0
03/2020,RP-87,RP-200335,1141,2,F,Correction on usage of access category 2 for UAC for RNA update,16.0.0
,RP-87,RP-200358,1149,2,F,NAS handling error of nas-Container for security key derivation,16.0.0
,RP-87,RP-200356,1152,3,F,CR on capability of maxUplinkDutyCycle for inter-band EN-DC PC2 UE,16.0.0
,RP-87,RP-200357,1168,3,F,Support of releasing UL configuration,16.0.0
,RP-87,RP-200357,1218,3,B,Introduction of a second SMTC per frequency carrier in idle/inactive,16.0.0
,RP-87,RP-200358,1312,3,C,Introduction of voice fallback indication,16.0.0
,RP-87,RP-200358,1354,2,C,CR to 38.331 on CSI-RS inter-node message,16.0.0
,RP-87,RP-200335,1361,1,B,PRACH prioritization parameters for MPS and MCS,16.0.0
,RP-87,RP-200358,1433,2,B,Introduction of downgraded configuration for SRS antenna switching,16.0.0
,RP-87,RP-200355,1434,2,B,Introducing autonomous gap in CGI reporting,16.0.0
,RP-87,RP-200351,1441,1,B,Introduction of UECapabilityInformation segmentation in TS38.331,16.0.0
,RP-87,RP-200358,1443,1,B,Introduction of NR IDC solution,16.0.0
,RP-87,RP-200350,1446,1,B,Introduction of SRVCC from 5G to 3G,16.0.0
,RP-87,RP-200341,1462,2,B,Introduction of on-demand SI procedure in RRC_CONNECTED,16.0.0
,RP-87,RP-200358,1465,1,B,Introduction of DL RRC segmentation,16.0.0
,RP-87,RP-200353,1468,1,B,Introducing the support of Non-Public Networks,16.0.0
,RP-87,RP-200344,1469,3,B,CR for 38.331 for Power Savings,16.0.0
,RP-87,RP-200349,1471,4,B,38.331 CR on Integrated Access and Backhaul for NR,16.0.0
,RP-87,RP-200348,1476,3,B,CR for 38.331 for CA&DC enh,16.0.0
,RP-87,RP-200341,1477,2,B,Introduction of NR operation with Shared Spectrum Access in RRC,16.0.0
,RP-87,RP-200347,1478,2,B,Introduction of NR mobility enhancement,16.0.0
,RP-87,RP-200335,1486,-,B,Introduction of additional RACH configurations for TDD FR1,16.0.0
,RP-87,RP-200343,1487,1,B,Introduction of NR eURLLC,16.0.0
,RP-87,RP-200354,1488,2,B,CR for introducing MDT and SON,16.0.0
,RP-87,RP-200357,1489,-,C,CR to 38.331 on DRX coordination,16.0.0
,RP-87,RP-200346,1493,1,B,Introduction of 5G V2X with NR sidelink,16.0.0
,RP-87,RP-200340,1494,2,B,Introduction of CLI handling and RIM in TS38.331,16.0.0
,RP-87,RP-200352,1498,1,B,Introduction of NR IIoT,16.0.0
,RP-87,RP-200342,1499,1,B,Introduction of 2-step RA,16.0.0
,RP-87,RP-200339,1500,2,B,Introduction of MIMO enhancements,16.0.0
,RP-87,RP-200359,1502,-,B,Recommended Bit Rate/Query for FLUS and MTSI,16.0.0
,RP-87,RP-200345,1504,2,B,Introduction of NR positioning,16.0.0
,RP-87,RP-200358,1505,-,B,Support of inter-RAT handover from NR to EN-DC in TS 38.331,16.0.0
07/2020,RP-88,RP-201191,1290,4,C,Missing reportAddNeighMeas in periodic measurement reporting,16.1.0
,RP-88,RP-201166,1453,6,B,Introduction of NeedForGap capability for NR measurement,16.1.0
,RP-88,RP-201185,1464,5,B,Introduction of signalling for high-speed train scenarios,16.1.0
,RP-88,RP-201191,1506,2,F,Corrections to PRACH prioritization procedure for MPS and MCS,16.1.0
,RP-88,RP-201182,1513,2,F,Finalization of the support of Non-Public Networks,16.1.0
,RP-88,RP-201172,1528,4,F,Miscellaneous corrections for NR-U,16.1.0
,RP-88,RP-201174,1540,2,C,CR for 38.331 for Power Savings,16.1.0
,RP-88,RP-201180,1553,3,F,Correction to transfer of UE capabilities at HO for RACS and minor ASN.1 correction (38.331),16.1.0
,RP-88,RP-201161,1556,2,A,Clarification on avoiding keystream repeat due to COUNT reuse,16.1.0
,RP-88,RP-201178,1557,2,F,CR for 38.331 on CA/DC Enhancements,16.1.0
,RP-88,RP-201160,1560,2,A,SRS Capability report for SRS only Scell,16.1.0
,RP-88,RP-201160,1562,1,A,Correction to RequestedCapabilityCommon,16.1.0
,RP-88,RP-201187,1563,2,A,CR on introduction of BCS to asymmetric channel bandwidths (38.331),16.1.0
,RP-88,RP-201159,1568,2,A,Correction on PUCCH configuration,16.1.0
,RP-88,RP-201176,1569,3,F,Miscellaneous corrections to 38.331 for V2X,16.1.0
,RP-88,RP-201160,1572,2,A,"Correction on the need for reconfiguration with sync in (NG)EN-DC, NR-DC and NE-DC",16.1.0
,RP-88,RP-201160,1579,1,A,38331 CR(R16) on inter-RAT SFTD measurements,16.1.0
,RP-88,RP-201160,1587,1,A,Clarification on pdcp-Duplication at RRC Reconfiguration,16.1.0
,RP-88,RP-201188,1588,3,F,Correction to RRC spec for eURLLC,16.1.0
,RP-88,RP-201179,1590,4,B,Corrections to 38.331 for supporting IAB in NPN,16.1.0
,RP-88,RP-201177,1591,2,F,Corrections on NR mobility enhancements,16.1.0
,RP-88,RP-201175,1592,2,B,Introduction of RRC Positioning,16.1.0
,RP-88,RP-201166,1596,1,F,Band combination list for NE-DC (Cat-F),16.1.0
,RP-88,RP-201159,1599,-,A,Avoiding security risk for RLC AM bearers during termination point change,16.1.0
,RP-88,RP-201161,1602,1,A,CR on SRS-CarrierSwitching,16.1.0
,RP-88,RP-201164,1603,1,A,CR on introduction of extended capabilities for NR-DC only BCs,16.1.0
,RP-88,RP-201165,1614,1,A,Clarification on the presence of ssb-perRACH-Occasion for the CSI-RS based CFRA,16.1.0
,RP-88,RP-201163,1624,1,A,Clarification on the maxPUSCH-Duration for LCP Restriction,16.1.0
,RP-88,RP-201159,1631,-,A,"Clarification for SIB6, SIB7 and SIB8 acquisition during a measurement gap",16.1.0
,RP-88,RP-201198,1632,2,C,Introduction of secondary DRX group CR 38.331,16.1.0
,RP-88,RP-201164,1634,1,A,Correction to CORESET and PDCCH TCI state release,16.1.0
,RP-88,RP-201181,1641,-,F,Correction of NR IIoT,16.1.0
,RP-88,RP-201162,1644,1,A,Clarification on release and addition of the uplink for SCell,16.1.0
,RP-88,RP-201189,1645,-,F,CR on 38.331 for SRVCC from 5G to 3G,16.1.0
,RP-88,RP-201159,1649,-,A,Ambiguity in fr1-fr2-Add-UE-NR-Capabilities parameter,16.1.0
,RP-88,RP-201162,1656,1,A,Correction to measurement coordination in MR-DC,16.1.0
,RP-88,RP-201176,1657,1,F,Introduction of on-demand SIB(s) procedure in CONNECTED,16.1.0
,RP-88,RP-201164,1662,1,A,T310 handling during MobilityFromNR,16.1.0
,RP-88,RP-201173,1664,2,F,Corrections for 2-step Random Access Type,16.1.0
,RP-88,RP-201216,1665,2,B,"Release-16 UE capabilities based on RAN1, RAN4 feature lists and RAN2",16.1.0
,RP-88,RP-201191,1666,1,F,Miscellaneous ASN.1 review corrections,16.1.0
,RP-88,RP-201166,1668,2,F,Miscellaneous non-controversial corrections Set V,16.1.0
,RP-88,RP-201184,1669,3,F,Corrections on MDT and SON in NR,16.1.0
,RP-88,RP-201190,1670,-,C,Introduction of eCall over IMS for NR,16.1.0
,RP-88,RP-201191,1671,1,F,38.331 CR for overheating in (NG)EN-DC and NR-DC,16.1.0
,RP-88,RP-201186,1673,1,B,Introduction of inter-frequency measurement without gap,16.1.0
,RP-88,RP-201164,1682,2,A,Correction on SRS antenna capability for carrier switching,16.1.0
,RP-88,RP-201161,1683,1,A,UE Capability Enhancement for FR1(TDD/FDD) / FR2 CA and DC,16.1.0
,RP-88,RP-201164,1687,1,A,Correction to re-sending UEAssistanceInformation upon reconfiguration w/ sync,16.1.0
,RP-88,RP-201170,1696,4,F,eMIMO corrections,16.1.0
,RP-88,RP-201166,1697,-,F,Corrections to SIB1 Processing,16.1.0
,RP-88,RP-201171,1700,-,F,Corrections for CLI,16.1.0
,RP-88,RP-201191,1703,1,F,Correction on MN-SN measurements coordination in INM,16.1.0
,RP-88,RP-201163,1707,-,A,SMTC Configuration for PSCell Addition for NR-DC (Option 2),16.1.0
,RP-88,RP-201165,1711,1,A,Introduction of CGI reporting capabilities,16.1.0
,RP-88,RP-201191,1716,-,B,Aperiodic CSI-RS triggering with beam switching timing of 224 and 336,16.1.0
,RP-88,RP-201166,1717,1,B,Implementing confirmation of code block group based transmission,16.1.0
,RP-88,RP-201179,1718,1,F,Correction to TS 38.331 for IAB WI,16.1.0
,RP-88,RP-201183,1719,-,B,RRC configuration of supporting UL Tx switching,16.1.0
,RP-88,RP-201183,1720,-,B,UE capability of supporting UL Tx switching,16.1.0
09/2020,RP-89,RP-201929,1533,3,F,CLI configuration,16.2.0
,RP-89,RP-201922,1737,2,F,Corrections to failure type for MCGFailureInformation and SCGFailureInformation,16.2.0
,RP-89,RP-201937,1746,1,A,Clarification on CG-ConfigInfo for NR-DC and NE-DC,16.2.0
,RP-89,RP-201963,1747,1,F,Miscellaneous corrections for NR IIoT,16.2.0
,RP-89,RP-201937,1749,1,A,CR on SyncAndCellAdd condition,16.2.0
,RP-89,RP-201937,1751,1,A,CR to clarify UE behaviour after TAT expiry due to reconfigurationWithSync,16.2.0
,RP-89,RP-201930,1755,2,F,Handling of CPC in fast MCG recovery,16.2.0
,RP-89,RP-201986,1756,4,B,"Release-16 UE capabilities based on RAN1, RAN4 feature lists and RAN2",16.2.0
,RP-89,RP-201989,1757,1,F,Minor corrections and update for RRC Positioning,16.2.0
,RP-89,RP-201938,1764,1,F,Correction on the Cross Carrier Scheduling Configuration,16.2.0
,RP-89,RP-201922,1768,2,F,Correction on the Configuration of sCellState for 38.331,16.2.0
,RP-89,RP-201930,1771,-,F,Minor Correction for Mobility Further Enhancement,16.2.0
,RP-89,RP-201989,1779,-,F,Corrections to acquisition of posSIB(s) in RRC_CONNECTED,16.2.0
,RP-89,RP-201989,1781,1,F,Corrections to handing posSIB-MappingInfo in SIB1,16.2.0
,RP-89,RP-201938,1787,1,F,SMTC Configuration for PSCell Addition and SN Change in NR-DC,16.2.0
,RP-89,RP-201923,1794,1,F,Corrections of RLF cause Signalling procedure,16.2.0
,RP-89,RP-201937,1800,1,A,CR on the BandCombination (R16),16.2.0
,RP-89,RP-201922,1803,1,F,Adding enableDefaultBeamForCCS for cross-carrier scheduling with different SCS,16.2.0
,RP-89,RP-201927,1810,1,F,Correction on cross-RAT V2X functionality in TS 38.331,16.2.0
,RP-89,RP-201930,1818,-,F,Time misalignment in DAPS DRB configuration (Alt.2),16.2.0
,RP-89,RP-201927,1820,2,F,Miscellaneous correction regarding on demand SIB in CONNECTED,16.2.0
,RP-89,RP-201927,1821,2,F,Redundant procedural text of on demand SIB in CONNECTED,16.2.0
,RP-89,RP-201922,1823,-,F,Correction to field condition on refFR2ServCellAsyncCA,16.2.0
,RP-89,RP-201930,1836,-,F,Corrections to Conditional Reconfiguration triggering,16.2.0
,RP-89,RP-201921,1844,3,F,RRC clarficiations for NR-U,16.2.0
,RP-89,RP-201930,1845,1,F,Clarification on TS38.331 for DAPS,16.2.0
,RP-89,RP-201930,1847,-,F,T312 handling during Mobility from NR,16.2.0
,RP-89,RP-201930,1850,2,F,Corretion on the RLF for NR DAPS,16.2.0
,RP-89,RP-201932,1852,1,F,Correction on beamSwitchTiming values of 224 and 336,16.2.0
,RP-89,RP-201930,1861,-,F,RLF in source cell during DAPS handover,16.2.0
,RP-89,RP-201929,1862,2,F,Misc. corrections CR for 38.331 for Power Savings,16.2.0
,RP-89,RP-201920,1863,3,F,Miscellaneous eMIMO corrections,16.2.0
,RP-89,RP-201922,1864,1,F,Missing fields for Toffset coordination in INM,16.2.0
,RP-89,RP-201922,1865,1,F,Misc corrections for Rel-16 DCCA,16.2.0
,RP-89,RP-201930,1866,-,F,Correction of field description for Mobility Enhancments,16.2.0
,RP-89,RP-201930,1868,1,F,Correction of description of CHO events for Mobility Enhancments,16.2.0
,RP-89,RP-201932,1869,1,F,ASN.1 corrections to maintain backwards compatibility,16.2.0
,RP-89,RP-201920,1870,1,F,Remaining ASN.1 review issues,16.2.0
,RP-89,RP-201938,1872,1,A,Miscellaneous non-controversial corrections Set VII,16.2.0
,RP-89,RP-201925,1873,1,B,Introduction of MPE reporting,16.2.0
,RP-89,RP-201930,1874,-,F,Corrections to Mobility Enahncements,16.2.0
,RP-89,RP-201937,1878,-,A,Clarification on scg-RB-Config,16.2.0
,RP-89,RP-201922,1879,1,F,Correction on storing SCG configuration in UE INACTIVE AS context,16.2.0
,RP-89,RP-201930,1886,-,F,Timer handling upon initiation of RRC re-establishment,16.2.0
,RP-89,RP-201930,1888,-,F,No support of DAPS HO for a CHO candidate cell,16.2.0
,RP-89,RP-201930,1898,-,F,Correction on TS38.331 for CHO,16.2.0
,RP-89,RP-201938,1908,1,A,Correction on UE assistance information transmission for handover case,16.2.0
,RP-89,RP-201931,1911,2,F,Correction on the UE Capability presence upon SN addition and SN change,16.2.0
,RP-89,RP-201928,1924,1,F,Correction on msgA-PUSCH-Config,16.2.0
,RP-89,RP-201989,1925,1,F,Introduction of PRS measurement gap,16.2.0
,RP-89,RP-201927,1930,1,F,Miscellaneous corrections on TS 38.331,16.2.0
,RP-89,RP-201930,1936,-,F,Correction on NR CHO,16.2.0
,RP-89,RP-201929,1937,1,F,Miscellaneous RRC corrections for NR eURLLC,16.2.0
,RP-89,RP-201932,1948,1,F,Correction on HO from NR to EN-DC,16.2.0
,RP-89,RP-201923,1952,1,F,Corrections on F1-C transfer path,16.2.0
,RP-89,RP-201923,1954,-,F,Corrections on default BH RLC channel,16.2.0
,RP-89,RP-201923,1955,1,F,Correction on the value range of BH-LogicalChannelIdentity-Ext,16.2.0
,RP-89,RP-201923,1956,-,F,Correction on cellReservedForOperatorUse,16.2.0
,RP-89,RP-201923,1957,1,F,Correction on SearchSpace configuration for IAB,16.2.0
,RP-89,RP-201923,1958,-,F,Corrections on the IAB-MT TDD resource configuration,16.2.0
,RP-89,RP-201932,1961,4,B,CR for Early Implementation in NR,16.2.0
,RP-89,RP-201932,1969,1,F,CR on UE behavior with E-UTRA cell selection upon mobility from NR failure for enhanced EPS voice fallback,16.2.0
,RP-89,RP-201930,1974,1,F,CR on drb-ContinueROHC for DAPS,16.2.0
,RP-89,RP-201921,1976,2,F,Miscellaneous corrections for NR-U,16.2.0
,RP-89,RP-201937,1979,1,A,Reconfiguring RoHC and setting the drb-ContinueROHC simultaneously,16.2.0
,RP-89,RP-201938,1986,1,A,Clarification on the SRB configuration for fullConfig during RRC Resume procedure,16.2.0
,RP-89,RP-201930,1989,2,F,Correction on field descrption of mrdc-SecondaryCellGroup in NR-DC,16.2.0
,RP-89,RP-201927,1991,2,F,CR to 38.331 on SLSS ID,16.2.0
,RP-89,RP-201927,1992,1,F,Correction on RRC parameters for 5G V2X with NR sidelink,16.2.0
,RP-89,RP-201922,1993,-,F,Correction on HARQ ACK spatial bundling configurations for secondary PUCCH group,16.2.0
,RP-89,RP-201924,1994,1,F,Update to IAB-MT capabilities,16.2.0
,RP-89,RP-201927,1995,-,F,Adding notes for joint success and failure in crossRAT SL,16.2.0
,RP-89,RP-201927,1997,-,F,Corrections on RAN1 related clarifications,16.2.0
,RP-89,RP-201931,1998,-,D,Editorial corrections on MDT and SON in NR,16.2.0
,RP-89,RP-201931,1999,-,F,Correction to MDT features,16.2.0
,RP-89,RP-201931,2000,-,F,Correction to SON features,16.2.0
,RP-89,RP-201928,2001,-,F,Corrections for NPNs,16.2.0
,RP-89,RP-201927,2002,-,F,Clarification on UL and SL priority thresholds,16.2.0
,RP-89,RP-201924,2003,-,F,Miscellaneous IAB Corrections,16.2.0
,RP-89,RP-201962,2007,1,F,Miscellaneous corrections on UL Tx switching,16.2.0
,RP-89,RP-201925,2008,-,B,Configuration for uplink power boosting via suspended IBE requirements,16.2.0
,RP-89,RP-201922,2009,-,F,NR-DC UE capabilities,16.2.0
,RP-89,RP-201927,2010,1,F,Correction on the calculation of CG occasion,16.2.0
12/2020,RP-90,RP-202775,1775,2,F,NR CA additional spectrum emission requirements,16.3.0
,RP-90,RP-202777,2017,-,B,Configuration for directional collision handling between reference cell and other cell for half-duplex operation in CA,16.3.0
,RP-90,RP-202773,2021,1,F,Clarification on referenceTimePreferenceReporting in RRC Reconfiguration Procedure,16.3.0
,RP-90,RP-202790,2029,-,F,Correction on UAI during handover,16.3.0
,RP-90,RP-202771,2038,1,F,Correction to PDSCH TDRA for DCI 1-2,16.3.0
,RP-90,RP-202789,2040,1,A,Correction for configuration of SRS Carrier Switching,16.3.0
,RP-90,RP-202767,2042,1,F,Correction to NR-U Energy Detection Threshold configuration,16.3.0
,RP-90,RP-202778,2051,1,B,"Release-16 UE capabilities based on RAN1, RAN4 feature lists and RAN2",16.3.0
,RP-90,RP-202767,2052,-,F,Correction of field description for ra-ResponseWindow,16.3.0
,RP-90,RP-202767,2055,-,F,Clarification on HARQ process sharing for CGs,16.3.0
,RP-90,RP-202790,2059,1,A,Corrections on the configurations of HARQ-ACK spatial bundling and CBG in 38.331,16.3.0
,RP-90,RP-202774,2061,1,F,"Clarification on no support of CA, DC or multi-TRP with DAPS",16.3.0
,RP-90,RP-202790,2064,1,A,Corrections on PDCP duplication capability for NR-DC,16.3.0
,RP-90,RP-202790,2066,1,F,Clarification on SIB mapping to SI message,16.3.0
,RP-90,RP-202776,2075,1,F,UE assistance information for DRX preference,16.3.0
,RP-90,RP-202767,2091,1,F,Miscellaneous corrections for NR-U,16.3.0
,RP-90,RP-202768,2107,2,F,UE behaviour when UL 7.5KHz shift is not supported,16.3.0
,RP-90,RP-202772,2122,1,F,Correction on non-DRB for IAB-MT,16.3.0
,RP-90,RP-202772,2124,1,F,Corrections on BH RLC channel,16.3.0
,RP-90,RP-202772,2125,1,F,Corrections on RLF cause determination,16.3.0
,RP-90,RP-202790,2130,1,F,Correction on uac-AccessCategory1-SelectionAssistanceInfo,16.3.0
,RP-90,RP-202790,2134,2,F,Miscellaneous non-controversial corrections Set VIII,16.3.0
,RP-90,RP-202775,2142,2,F,Correction on field description of configuredGrantConfigType2DeactivationStateList,16.3.0
,RP-90,RP-202776,2145,1,F,Correction on RRC state preference,16.3.0
,RP-90,RP-202789,2146,1,F,Clarifications for the common search space on the active BWP,16.3.0
,RP-90,RP-202771,2149,1,F,Corrections to 2-Step RA,16.3.0
,RP-90,RP-202777,2151,-,F,Discarding of stored DL RRC message segments when UE transitions to RRC_IDLE,16.3.0
,RP-90,RP-202771,2159,-,F,Correction on BFD resource on SCell,16.3.0
,RP-90,RP-202770,2161,2,F,Misc corrections for Rel-16 DCCA,16.3.0
,RP-90,RP-202770,2163,-,F,Missing fields for Toffset coordination,16.3.0
,RP-90,RP-202770,2166,1,F,Processing delay requirements for DLInformationTransferMRDC,16.3.0
,RP-90,RP-202773,2175,1,F,Correction regarding reconfigure EHC,16.3.0
,RP-90,RP-202770,2178,-,C,Processing delay requirements for RRC resume,16.3.0
,RP-90,RP-202770,2180,1,F,Correction for fast MCG link recovery in (NG)EN-DC,16.3.0
,RP-90,RP-202771,2181,2,F,Correction on HARQ ACK/NACK feedback configuration,16.3.0
,RP-90,RP-202771,2182,2,F,Correction on slot based repetition,16.3.0
,RP-90,RP-202772,2184,1,F,RRC Miscellaneous Corrections,16.3.0
,RP-90,RP-202772,2192,1,F,Support of Rel-16 features for SCG in EN-DC and NR-DC,16.3.0
,RP-90,RP-202775,2198,1,F,Correction on acquisition of MIB and SIB1,16.3.0
,RP-90,RP-202775,2199,-,F,Correction on posSIB broadcastStatus,16.3.0
,RP-90,RP-202776,2215,-,F,Clarification on SRVCC handover,16.3.0
,RP-90,RP-202769,2230,1,F,Miscellaneous corrections on TS 38.331,16.3.0
,RP-90,RP-202771,2250,1,C,38331 CR for CSI-RS-ResourceConfigMobility,16.3.0
,RP-90,RP-202775,2254,-,F,Correction on T321 for autonomous gap based CGI in FR2,16.3.0
,RP-90,RP-202772,2265,-,F,Transmission suspension on BH RLC channel upon IAB-MT failure,16.3.0
,RP-90,RP-202790,2273,3,A,CR on TS 38.331 for LCP restriction of configured grant type 1,16.3.0
,RP-90,RP-202769,2274,-,F,Correction on RRC parameters for NR SL communication,16.3.0
,RP-90,RP-202771,2276,3,F,Introduction of capability bit for multi-CC simultaneous TCI activation with multi-TRP,16.3.0
,RP-90,RP-202771,2277,1,F,"Selecting index for PLMN, SNPN and UAC parameters",16.3.0
,RP-90,RP-202775,2278,-,F,Positioning RRC updates for posSIB validity check and field description correction,16.3.0
,RP-90,RP-202774,2280,-,F,Miscellaneous corrections for conditional reconfiguration,16.3.0
,RP-90,RP-202774,2282,-,F,Miscellaneous corrections for DAPS (NR),16.3.0
,RP-90,RP-202773,2284,1,F,Corrections for PDCP duplication introduced in IIoT,16.3.0
,RP-90,RP-202769,2285,-,F,Corrections on sidelink related RRC procedures,16.3.0
,RP-90,RP-202770,2287,-,A,Dummify UE capability of crossCarrierScheduling-OtherSCS,16.3.0
,RP-90,RP-202776,2293,-,F,RRC corrections on NR SON and MDT,16.3.0
,RP-90,RP-202770,2294,-,F,CR for Unaligned CA signalling in TS 38.331,16.3.0
,RP-90,RP-202767,2295,-,F,Name change of the UE capability for the extended RAR window monitoring,16.3.0
,RP-90,RP-202884,2297,-,A,CR to 38.331 on handling of fallbacks for FR2 CA,16.3.0
01/2021,RP-90,,,,,Corrected the extension marker in type PosSchedulingInfo-r16 so that it passes ASN.1 syntax check,16.3.1
03/2021,RP-91,RP-210693,2034,3,F,Corrections to acquisition of positioning SIBs,16.4.0
,RP-91,RP-210702,2036,3,A,Clarification to usage of ConfigRestrictModReqSCG,16.4.0
,RP-91,RP-210695,2147,1,F,Clarification for aperiodic CSI and secondary DRX group,16.4.0
,RP-91,RP-210701,2237,1,A,Clarification on P-max in FrequencyInfoUL in FR2,16.4.0
,RP-91,RP-210690,2298,1,F,Correction on the Handling of Reconfiguration within RRC Resume,16.4.0
,RP-91,RP-210690,2300,1,F,Clarification on Fast MCG Link Recovery,16.4.0
,RP-91,RP-210692,2301,1,F,CR on co-configuration of Rel-16 features,16.4.0
,RP-91,RP-210689,2302,2,F,Correction on reset configuration,16.4.0
,RP-91,RP-210689,2303,1,F,Clarification on the inter-frequency operation,16.4.0
,RP-91,RP-210694,2306,1,F,Correction on RSSI and channel occupancy measurements,16.4.0
,RP-91,RP-210689,2315,1,F,Correction on value range of sl-ConfigIndexCG and sl-HARQ-ProcID-offset,16.4.0
,RP-91,RP-210693,2317,1,F,Clarficiations on the required posSIB,16.4.0
,RP-91,RP-210697,2321,1,F,UE capability of NR to UTRA-FDD CELL_DCH CS handover,16.4.0
,RP-91,RP-210693,2322,-,F,Corrections on posSIB validity,16.4.0
,RP-91,RP-210694,2325,1,F,CR on 38.331 for power saving,16.4.0
,RP-91,RP-210701,2333,-,A,CR on SyncAndCellAdd condition,16.4.0
,RP-91,RP-210693,2341,1,F,RA report and Logged MDT Info extendibility,16.4.0
,RP-91,RP-210692,2346,1,F,Support of NUL and SUL during DAPS handover,16.4.0
,RP-91,RP-210694,2360,-,F,Clarification on NR-U RSSI measurement procedure,16.4.0
,RP-91,RP-210703,2371,-,F,Correction to measResultServingMOList impacting EN-DC,16.4.0
,RP-91,RP-210695,2377,2,B,Inter-node messaging for supporting intra-band EN-DC scenarios,16.4.0
,RP-91,RP-210692,2379,-,F,Dummifying intraFreqMultiUL-TransmissionDAPS-r16 capability,16.4.0
,RP-91,RP-210690,2384,-,F,HARQ-ACK codebook configuration for secondary PUCCH group,16.4.0
,RP-91,RP-210690,2385,1,F,Misc corrections for Rel-16 DCCA,16.4.0
,RP-91,RP-210694,2387,-,F,RRC corrections for NR-U,16.4.0
,RP-91,RP-210689,2391,3,F,Correction on SL configured grant type 1 validity under Uu RLF,16.4.0
,RP-91,RP-210692,2392,2,F,Inability to comply with conditional reconfiguration,16.4.0
,RP-91,RP-210691,2398,2,F,Miscellaneous corrections on IAB in 38.331,16.4.0
,RP-91,RP-210703,2400,1,F,Miscellaneous non-controversial corrections Set IX,16.4.0
,RP-91,RP-210695,2401,1,F,Correction on complete message at handover from NR to EN-DC,16.4.0
,RP-91,RP-210703,2402,1,F,Release with Redirect for connection resume triggered by NAS,16.4.0
,RP-91,RP-210691,2404,-,F,Correction on the configuration of Type 1 configured grant,16.4.0
,RP-91,RP-210703,2405,1,F,NR RRC processing time with segmentation,16.4.0
,RP-91,RP-210691,2407,1,F,Introduction of UE Capability and Configuration for SpCell BFR Enhancement,16.4.0
,RP-91,RP-210695,2414,2,F,ASN.1 guidelines for extension of lists using ToAddMod structure,16.4.0
,RP-91,RP-210692,2417,2,F,Corrections for DAPS Handover,16.4.0
,RP-91,RP-210689,2418,1,F,CR on measurement object modification,16.4.0
,RP-91,RP-210692,2419,1,F,Clarification on ULInformationTransferMRDC message,16.4.0
,RP-91,RP-210690,2422,1,F,Clarification on sCellState configuration upon SCell modification,16.4.0
,RP-91,RP-210691,2427,1,F,Corrections on BAP address and default BAP configuration,16.4.0
,RP-91,RP-210691,2428,2,F,Corrections on the default configuration with Need M,16.4.0
,RP-91,RP-210693,2429,1,F,Corrections on NR MDT and SON,16.4.0
,RP-91,RP-210693,2433,1,F,Clarification for SIBs scheduled in posSchedulingInfoList,16.4.0
,RP-91,RP-210690,2436,2,F,Correction on tci-PresentInDCI,16.4.0
,RP-91,RP-210689,2437,1,F,Miscellaneous corrections on TS 38.331,16.4.0
,RP-91,RP-210689,2440,2,F,Correction on C-RNTI replacement and conditions for 2-step RA,16.4.0
,RP-91,RP-210689,2445,1,F,Stop conditions of T320 in NR protocols,16.4.0
,RP-91,RP-210697,2447,1,F,CR on the Capability of PUCCH Transmissions for HARQ-ACK-38331,16.4.0
,RP-91,RP-210694,2448,1,F,UTRA capabilities forwarding in handover preparation,16.4.0
,RP-91,RP-210693,2449,1,F,Correction on SI window calculation for PosSIB,16.4.0
,RP-91,RP-210692,2450,-,F,[Post112-e][254][R16 MOB] Clarification of behaviour to avoid security risk in CHO based recovery after handover without key change failure,16.4.0
,RP-91,RP-210693,2457,-,F,Miscl corrections on SON and MDT,16.4.0
,RP-91,RP-210689,2458,-,F,Correction to 38.331 on intra-frequency reselection,16.4.0
,RP-91,RP-210689,2460,-,F,T400 expiry in timer table and protection of RRC messages,16.4.0
,RP-91,RP-210692,2461,-,F,Correction on NR Mobility Enhancement,16.4.0
,RP-91,RP-210690,2462,-,F,CR on serving cell reporting,16.4.0
,RP-91,RP-210697,2463,-,F,Capability for dormant BWP switching of multiple SCells,16.4.0
,RP-91,RP-210695,2466,-,F,Correction to PUSCH skipping with UCI without LCH-based prioritization,16.4.0
,RP-91,RP-210693,2467,-,F,Corrections on NR MDT and SON,16.4.0
,RP-91,RP-210692,2468,1,F,Correction on inter-node signalling for DAPS UE capability coordination,16.4.0
,RP-91,RP-210702,2469,-,A,Dummy the capability bit v2x-EUTRA,16.4.0
,RP-91,RP-210630,2470,1,B,Release-16 UE capabilities based on updated RAN1 and RAN4 feature lists,16.4.0
,RP-91,RP-210693,2471,-,B,Uplink Tx DC location reporting for two carrier uplink CA,16.4.0
,RP-91,,,,,"MCC: replaced all ""-v16xy"" with ""-v1640""",16.4.1
06/2021,RP-92,RP-211487,2413,6,C,Redirection with MPS Indication [Redirect_MPS_I],16.5.0
,RP-92,RP-211474,2475,3,F,Corrections to the UE action upon SIB1 reception,16.5.0
,RP-92,RP-211470,2477,1,F,Correction on parameters of SL configured grant,16.5.0
,RP-92,RP-211474,2490,2,F,Corrections on the descriptions of SRS-Config,16.5.0
,RP-92,RP-211475,2494,2,F,Correction on T321 for autonomous gap based CGI reporting in LTE,16.5.0
,RP-92,RP-211482,2496,2,A,CR on RRC processing delay,16.5.0
,RP-92,RP-211475,2502,1,F,CR on the configuration restriction on DCI format 0_2/1_2 for unlicensed band (Option 1),16.5.0
,RP-92,RP-211475,2505,2,F,Correction on description of ssb-PositionsInBurst in ServingCellConfigCommonSIB,16.5.0
,RP-92,RP-211475,2508,1,F,Correction on freqMonitorLocations,16.5.0
,RP-92,RP-211486,2516,3,A,Clean-up of INM procedure text,16.5.0
,RP-92,RP-211485,2519,3,F,Miscellaneous non-controversial corrections Set X,16.5.0
,RP-92,RP-211485,2527,3,A,Clarification on SCellIndex and servCellIndex,16.5.0
,RP-92,RP-211484,2531,2,A,Correction on firstActiveDownlinkBWP-Id,16.5.0
,RP-92,RP-211471,2534,3,F,Misc corrections for Rel-16 DCCA,16.5.0
,RP-92,RP-211483,2540,2,F,Correction on failureType in FailureReportSCG-EUTRA and scgFailureInfoEUTRA,16.5.0
,RP-92,RP-211471,2543,2,F,Clarification on NR SCG configuration within RRC Resume,16.5.0
,RP-92,RP-211484,2550,3,A,Clarification on SCS of active DL and UL BWP,16.5.0
,RP-92,RP-211470,2551,3,F,Miscellaneous corrections on TS 38.331 for NR V2X,16.5.0
,RP-92,RP-211470,2552,3,F,Corrections on TS 38.331 from the latest RAN1 decisions,16.5.0
,RP-92,RP-211485,2556,2,A,Clarification on RLC bearer handling in full configuration,16.5.0
,RP-92,RP-211472,2557,2,F,Miscellaenous corrections on BH RLC channel management for IAB-MT,16.5.0
,RP-92,RP-211475,2561,3,F,Correction on description of subCarrierSpacing in BWP,16.5.0
,RP-92,RP-211470,2562,2,F,Correction on releasing referenceTimePreferenceReporting and sl-AssistanceConfigNR,16.5.0
,RP-92,RP-211484,2564,3,A,Correction on T325,16.5.0
,RP-92,RP-211473,2565,2,F,Full configuration for CHO,16.5.0
,RP-92,RP-211485,2567,2,A,Abortion of RRC connection resume handling,16.5.0
,RP-92,RP-211470,2569,1,F,Transmission of UEAssistanceInformation or SidelinkUEInformationNR after conditional handover,16.5.0
,RP-92,RP-211483,2572,1,A,Clarification on SCellFrequencies,16.5.0
,RP-92,RP-211474,2574,1,F,Correction for the positioning SI offset and clarification on mapping of posSIB to SI,16.5.0
,RP-92,RP-211484,2579,2,F,UL Config Grant capability differentiation for FR1(TDD/FDD) / FR2,16.5.0
,RP-92,RP-211474,2580,2,F,Corrections on the UE capability of indication on supporting the extension of SRSresourceID,16.5.0
,RP-92,RP-211483,2581,1,F,Clarification on the initiation of RNA update,16.5.0
,RP-92,RP-211478,2585,3,B,Release-16 UE capabilities based on RAN1 and RAN4 feature lists,16.5.0
,RP-92,RP-211472,2586,-,F,Correction on repetition for L1-SINR,16.5.0
,RP-92,RP-211475,2590,-,F,Correction on reportSlotOffsetList,16.5.0
,RP-92,RP-211486,2598,1,F,Clarification on the Timing Reference of PSCell SMTC Configuration,16.5.0
,RP-92,RP-211478,2599,1,F,Introduction of the intra-NR and inter-RAT HST Capabilities and Configuration,16.5.0
,RP-92,RP-211475,2600,-,F,SSB-ToMeasure for NR-U,16.5.0
,RP-92,RP-211482,2602,-,A,Clarification on CGI reporting,16.5.0
,RP-92,RP-211471,2605,1,F,Miscellaneous Corrections to the SNPN,16.5.0
,RP-92,RP-211474,2609,-,C,Adding 400 Mhz and 600 MHz frequency separation classes,16.5.0
,RP-92,RP-211482,2615,-,A,Correction on CrossCarrierSchedulingConfig Introduced by Two PUCCH Group,16.5.0
,RP-92,RP-211473,2616,1,F,38.331 Correction on Failure Recovery via CHO for Inter-RAT Handover Failure,16.5.0
,RP-92,RP-211472,2619,1,F,Miscellaneous corrections on IAB,16.5.0
,RP-92,RP-211471,2626,-,F,Correction on RNA configuration for UE in SNPN access mode,16.5.0
,RP-92,RP-211470,2636,2,F,Correction of Sidelink Configured Grant Type 1 Usage During Handover,16.5.0
,RP-92,RP-211483,2639,-,A,Introduction of DL scheduling slot offset capabilities in UERadioPagingInformation,16.5.0
,RP-92,RP-211474,2644,2,F,Clarifications on the TRP definition for positioning,16.5.0
,RP-92,RP-211470,2647,1,F,Configuration of search spaces for scheduling SL transmissions,16.5.0
,RP-92,RP-211475,2652,1,F,Correction on description of msg1-SubcarrierSpacing in RACH-ConfigCommon,16.5.0
,RP-92,RP-211485,2667,1,A,Correction on flow remapping to an added DRB,16.5.0
,RP-92,RP-211483,2675,-,A,Clarification on the frequency deprioritisation,16.5.0
,RP-92,RP-211486,2686,1,A,Correction on A-CSI trigger state configuration,16.5.0
,RP-92,RP-211485,2690,1,A,RLC and PDCP Re-establishment upon RRC resume/reestablishment,16.5.0
,RP-92,RP-211471,2696,-,F,CR on CGI reporting for NPN-only cell,16.5.0
,RP-92,RP-211478,2699,-,A,Correction to ca-ParametersNR-ForDC,16.5.0
,RP-92,RP-211473,2700,-,F,Clarification on non-coexistence of CHO and DAPS,16.5.0
,RP-92,RP-211475,2702,-,F,Extending number of cells for search space switching trigger configuration,16.5.0
,RP-92,RP-211471,2703,2,C,NR-DC Cell Group capability filtering,16.5.0
,RP-92,RP-211478,2705,-,A,CR on the Fallback Band Combination Removing-R16,16.5.0
,RP-92,RP-211471,2706,-,F,SON-MDT Changes agreed in RAN2#114 meeting,16.5.0
09/2021,RP-93,RP-212444,2708,1,F,Correction on UL Skipping for PUSCH in Rel-16,16.6.0
,RP-93,RP-212442,2709,1,F,Corrections to SIB validity for NPN only cell,16.6.0
,RP-93,RP-212444,2714,-,F,Early implementation of eCall over IMS in NR,16.6.0
,RP-93,RP-212441,2715,1,F,Miscellaneous corrections on TS 38.331,16.6.0
,RP-93,RP-212443,2716,-,F,"Corrections to intra-frequency cell reselection for MIB, SIB1 acquisition failure and TAC absence in SIB1",16.6.0
,RP-93,RP-212442,2723,1,F,Correction on TCI configuration for DCI format 1_2,16.6.0
,RP-93,RP-212442,2728,1,F,Correction to description of p0-AlphaSets,16.6.0
,RP-93,RP-212442,2746,1,F,Clarification on the NPN-IdentityInfoList,16.6.0
,RP-93,RP-212442,2752,1,F,Modification of measId for conditional reconfiguration,16.6.0
,RP-93,RP-212443,2754,1,F,MIB correction on subCarrierSpacingCommon,16.6.0
,RP-93,RP-212442,2760,-,F,Correction to 38.331 on the field description of msgA-TransMax,16.6.0
,RP-93,RP-212440,2763,2,F,Miscellaneous non-controversial corrections Set XI,16.6.0
,RP-93,RP-212441,2776,1,F,Corrections on RRC reconfiguration for fast MCG link recovery,16.6.0
,RP-93,RP-212442,2777,-,F,Correction on RepetitionSchemeConfig for eMIMO,16.6.0
,RP-93,RP-212438,2780,-,A,Correction on fallback band combination for SUL,16.6.0
,RP-93,RP-212439,2785,1,F,Clarification on RRC processing delay for HO from E-UTRA to NR,16.6.0
,RP-93,RP-212443,2789,1,F,CR for UE reporting Tx DC location info for the second PA,16.6.0
,RP-93,RP-212438,2793,-,A,Correction on inter-RAT measurement report triggering,16.6.0
,RP-93,RP-212439,2799,2,A,Correction on reconfigurationWithSync,16.6.0
,RP-93,RP-212442,2800,1,F,Correction to DAPS handover,16.6.0
,RP-93,RP-212442,2801,-,F,Corrections to pdsch-HARQ-ACK-CodeBookList,16.6.0
,RP-93,RP-212443,2802,-,F,SON-MDT Changes agreed in RAN2#115 meeting,16.6.0
,RP-93,RP-212442,2803,-,F,No support for CHO with SCG configuration,16.6.0
,RP-93,RP-212440,2804,2,F,CR to 38.331 on correcting Rel-15 failure type definition,16.6.0
,RP-93,RP-212442,2807,-,F,Handling of candidateBeamRSListExt-v1610 (option A1),16.6.0
,RP-93,RP-212440,2808,-,F,FR1/FR2 differentiation for enhanced UL grant skipping capabilities,16.6.0
,RP-93,RP-212598,2810,2,C,Distinguishing support of extended band n77,16.6.0
12/2021,RP-94,RP-213341,2806,2,A,Simultaneous Rx/Tx UE capability per band pair,16.7.0
,RP-94,RP-213343,2814,1,F,Correction on msgA-SubcarrierSpacing,16.7.0
,RP-94,RP-213342,2815,1,F,Miscellaneous corrections on TS 38.331,16.7.0
,RP-94,RP-213342,2817,1,C,Duty cycle signalling for power class 1.5,16.7.0
,RP-94,RP-213344,2819,1,F,Correction for default value of rb-offset,16.7.0
,RP-94,RP-213343,2822,-,F,Correction on R16 UE capability of supportedSINR-meas-r16,16.7.0
,RP-94,RP-213344,2837,2,F,Correction on description of absoluteFrequencySSB,16.7.0
,RP-94,RP-213343,2842,1,F,Correction on condRRCReconfig field description,16.7.0
,RP-94,RP-213341,2844,1,F,Miscellaneous non-controversial corrections Set XII,16.7.0
,RP-94,RP-213343,2845,1,F,Correction to need code for drb-ContinueEHC-DL and drb-ContinueEHC-UL,16.7.0
,RP-94,RP-213343,2849,1,F,Extension of pathlossReferenceRSs,16.7.0
,RP-94,RP-213343,2857,1,F,Correction on supportNewDMRS-Port-r16 capability,16.7.0
,RP-94,RP-213343,2858,2,F,Correction on pucch-SpatialRelationInfoId-v1610,16.7.0
,RP-94,RP-213345,2859,1,C,CR on 38.331 for introducing UE capability of txDiversity,16.7.0
,RP-94,RP-213345,2862,-,F,CR on inter-frequency gapless measurement,16.7.0
,RP-94,RP-213344,2864,2,F,SON-MDT changes agreed in RAN2#116 meeting,16.7.0
03/2022,RP-95,RP-220835,2786,3,F,Adding UE capability of UL MIMO coherence for UL Tx switching,16.8.0
,RP-95,RP-220473,2874,1,F,Correction to RRC reconfiguration for IAB,16.8.0
,RP-95,RP-220835,2879,1,F,Addition of missing description on mobility support for 5G SRVCC to 3G,16.8.0
,RP-95,RP-220835,2880,1,F,Handling of ServingCellConfigCommon,16.8.0
,RP-95,RP-220835,2888,1,F,Correction on UL skipping with LCH Prioritization in Rel-16,16.8.0
,RP-95,RP-220835,2897,1,F,Correction on Positioning SRS,16.8.0
,RP-95,RP-220472,2900,1,F,Correction of NCC storage during re-establishment and Resume,16.8.0
,RP-95,RP-220473,2903,1,F,Miscellaneous corrections on TS 38.331,16.8.0
,RP-95,RP-220473,2911,-,F,Correction on conditional reconfiguraiton execution for only one triggered cell,16.8.0
,RP-95,RP-220473,2912,2,F,Introduction of sidelink power class capability indication,16.8.0
,RP-95,RP-220493,2917,1,F,Correction on inclusion of selectedPLMN-Identity in RRCResumeComplete,16.8.0
,RP-95,RP-220835,2929,1,F,Correction on invalid symbol pattern,16.8.0
,RP-95,RP-220472,2939,-,A,Clarification on SN initiated release of an SCG,16.8.0
,RP-95,RP-220473,2960,2,F,Clarification on HighSpeedConfig for HST,16.8.0
,RP-95,RP-220472,2969,-,F,Miscellaneous non-controversial corrections Set XIII,16.8.0
03/2022,RP-95,RP-220506,2459,2,D,Inclusive Language Review for TS 38.331,17.0.0
,RP-95,RP-220499,2465,2,C,Remove the maximum number of MIMO layers restrictions for SUL,17.0.0
,RP-95,RP-220486,2811,5,B,Introducing Enhancements to Integrated Access and Backhaul for NR,17.0.0
,RP-95,RP-220837,2846,1,B,Introduction of mobility-state-based cell reselection for NR HSDN [NR_HSDN],17.0.0
,RP-95,RP-220492,2865,2,B,Introducing Enhancement of Data Collection for SON and MDT,17.0.0
,RP-95,RP-220477,2878,1,B,Introduction of NR dynamic spectrum sharing,17.0.0
,RP-95,RP-220837,2883,1,B,Introduction of MINT [MINT],17.0.0
,RP-95,RP-220481,2887,1,B,Introduction of enhanced IIoT&URLLC support for NR,17.0.0
,RP-95,RP-220472,2889,1,F,Correction on PO determination for UE in inactive state,17.0.0
,RP-95,RP-220475,2891,2,B,Extending NR operation to 71 GHz,17.0.0
,RP-95,RP-220500,2893,1,B,Introduction of FR2 UL gap for Rel-17,17.0.0
,RP-95,RP-220497,2898,2,B,Introduction of function for RRM enhancements for Rel-17 NR FR1 HST,17.0.0
,RP-95,RP-220838,2901,1,B,Release-17 UE capabilities based on R1 and R4 feature lists (TS38.331),17.0.0
,RP-95,RP-220476,2902,1,B,RRC CR for NR Sidelink enhancement,17.0.0
,RP-95,RP-220495,2904,1,B,Introducing support of UP IP for EPC connected architectures using NR PDCP,17.0.0
,RP-95,RP-220499,2909,1,B,RRC configuration for R17 UL Tx switching enhancement,17.0.0
,RP-95,RP-220491,2910,2,B,Introduction of SL relay,17.0.0
,RP-95,RP-220502,2913,2,B,Introduction of RRC signaling for measurement gap enhancement,17.0.0
,RP-95,RP-220488,2919,1,B,Introduction of NR RRC support for MUSIM,17.0.0
,RP-95,RP-220490,2921,1,B,NR RRC CR for RAN slicing,17.0.0
,RP-95,RP-220474,2923,1,B,Introduction of Release-17 feMIMO,17.0.0
,RP-95,RP-220961,2924,3,B,Introduction of ePowSav in TS 38.331,17.0.0
,RP-95,RP-220493,2925,1,B,"Introducing NPN enhancements: Credentials Holder, UE Onboarding, and IMS emergency support in SNPNs",17.0.0
,RP-95,RP-220489,2927,-,B,Introduction of the support for UDC in NR,17.0.0
,RP-95,RP-220478,2928,2,B,Introduction of NR coverage enhancements in RRC,17.0.0
,RP-95,RP-220482,2930,2,B,Introduction of Release-17 NTN,17.0.0
,RP-95,RP-220498,2933,1,B,HST on FR2,17.0.0
,RP-95,RP-220487,2937,1,B,Introduction of SDT,17.0.0
,RP-95,RP-220496,2940,1,B,Introduction of DL 1024 QAM in NR,17.0.0
,RP-95,RP-220484,2949,1,B,Introduction of NR MBS into 38.331,17.0.0
,RP-95,RP-220836,2950,2,B,Introduction of RedCap,17.0.0
,RP-95,RP-220487,2951,1,B,Introduction of Common RACH Partitioning Aspects,17.0.0
,RP-95,RP-220479,2952,3,B,Introduction of Enhanced Positioning feature,17.0.0
,RP-95,RP-220853,2953,2,B,Explicit Indication of SI Scheduling window position [SI-SCHEDULING],17.0.0
,RP-95,RP-220485,2954,2,B,Introduction of further multi-RAT dual-connectivity enhancements,17.0.0
,RP-95,RP-220494,2958,2,B,Introduction of QoE measurements in NR,17.0.0
06/2022,RP-96,RP-221736,2872,5,B,Early Measurements for EPS fallback [IdleMeaEPSFB],17.1.0
,RP-96,RP-221721,2916,2,B,CR on the CBM/IBM reporting-38331,17.1.0
,RP-96,RP-221756,2998,2,B,Release-17 UE capabilities based on R1 and R4 feature lists (TS38.331),17.1.0
,RP-96,RP-221730,3014,3,F,Correction of NR RRC support for MUSIM,17.1.0
,RP-96,RP-221720,3021,1,B,CR to TS 38.331 on Network assistant signalling for Rel-17 CRS interference mitigation,17.1.0
,RP-96,RP-221724,3039,1,F,Correction for NR coverage enhancements,17.1.0
,RP-96,RP-221719,3040,1,F,Corrections to TS 38.331 for RAN slicing,17.1.0
,RP-96,RP-221715,3055,5,F,RRC correction CR for 71 GHz,17.1.0
,RP-96,RP-221755,3057,1,F,Clarification and correction for measurement gap enhancement features,17.1.0
,RP-96,RP-221713,3061,1,A,Corrections on BAP entity release in MR DC release procedures in TS 38.331,17.1.0
,RP-96,RP-221736,3078,2,C,Distinguishing support of band n77 restrictions in Canada [n77 Canada],17.1.0
,RP-96,RP-221736,3082,1,F,Extension of the time domain resource allocation indicator for CG type 1 with typeB repetition,17.1.0
,RP-96,RP-221712,3084,-,A,Correction on FR1-FR1 power control parameters of NR-DC,17.1.0
,RP-96,RP-221735,3086,2,F,Correction CR for QoE Measurement Collection in NR,17.1.0
,RP-96,RP-221717,3088,1,F,Correction for NR NTN WI,17.1.0
,RP-96,RP-221734,3089,1,F,Corrections for eNPN from RAN2#118,17.1.0
,RP-96,RP-221722,3090,2,F,Correction for feMIMO WI,17.1.0
,RP-96,RP-221726,3093,2,F,Correction for enhanced IIoT&URLLC support for NR,17.1.0
,RP-96,RP-221723,3094,-,F,Editorial correction for NR dynamic spectrum sharing,17.1.0
,RP-96,RP-221729,3100,2,F,SDT corrections,17.1.0
,RP-96,RP-221721,3110,1,F,"Addressing FR2 UL gap RILs [Z151, Z152, A803, A804, A807, A808]",17.1.0
,RP-96,RP-221725,3121,2,F,Correction based upon Positioning RILs,17.1.0
,RP-96,RP-221736,3122,1,B,Introducing single-bit approach for MINT [MINT],17.1.0
,RP-96,RP-221718,3134,2,F,Miscellaneous Rapporteur RRC corrections to IAB,17.1.0
,RP-96,RP-221733,3136,2,F,Miscellaneous rapporteur corrections for SON-MDT,17.1.0
,RP-96,RP-221728,3137,2,F,Corrections for further MRDC enhancements,17.1.0
,RP-96,RP-221754,3138,1,F,MBS corrections for TS 38.331,17.1.0
,RP-96,RP-221711,3142,-,A,Correction of Need Code in IE SearchSpace,17.1.0
,RP-96,RP-221756,3144,1,C,Adding UE capability of CSI reporting cross PUCCH SCell group,17.1.0
,RP-96,RP-221732,3145,2,F,Miscellaneous corrections for NR SL Relay,17.1.0
,RP-96,RP-221716,3151,1,F,Miscellaneous corrections for RedCap WI,17.1.0
,RP-96,RP-221727,3154,2,F,ePowSav corrections for 38.331,17.1.0
,RP-96,RP-221736,3164,2,F,ASN1 review general corrections,17.1.0
,RP-96,RP-221731,3170,1,F,Correction for NR UDC in 38.331,17.1.0
,RP-96,RP-221756,3176,-,A,New UE capability to limit PDCCH monitoring,17.1.0
,RP-96,RP-221729,3177,2,F,Correction for features applicable to RACH partitioning,17.1.0
,RP-96,RP-221756,3179,1,C,Introduction UE capability for CHO with SCG configuration [CHOwithDCkept],17.1.0
,RP-96,RP-221736,3181,1,B,Introduction of gNB ID length reporting in the NR CGI report [gNB_ID_Length],17.1.0
,RP-96,RP-221730,3182,-,F,Correction on UE behavior for NAS-based busy indication in RRC_INACTIVE,17.1.0
,RP-96,RP-221736,3183,-,C,Support of CHO with SCG configuration -  38331 [CHOwithDCkept],17.1.0
,RP-96,RP-221712,3185,-,A,Miscellaneous corrections on TS 38.331 for NR V2X,17.1.0
,RP-96,RP-221714,3186,1,A,Clarification on the rmtc-Config-r16,17.1.0
,RP-96,RP-221728,3187,1,F,Corrections for TRS-based SCell activation,17.1.0
,RP-96,RP-221727,3190,-,A,Addressing inconsistency for RRM measurement rules,17.1.0
,RP-96,RP-221765,3193,-,A,Introduction of uplink RRC Segmentation capability,17.1.0
,RP-96,RP-221718,3194,1,B,Introducing IAB MAC CE Configurations in RRC,17.1.0
,RP-96,RP-221761,3195,-,F,Miscellaneous non-controversial corrections Set XIV,17.1.0
,RP-96,RP-221712,3197,-,A,Correction for the need code and conditions for optional fields in PC5 RRC message,17.1.0
,RP-96,RP-221563,3202,-,F,Correction on SL DRX configuration for SL Relay,17.1.0
,RP-96,RP-221794,3204,1,A,HARQ-ACK multiplexing on PUSCH in the absence of PUCCH,17.1.0
,RP-96,RP-221739,3205,1,F,Corrections for SL enhancements,17.1.0
09/2022,RP-97,RP-222524,3097,3,B,Introduction of DC location report for more than 2CCs,17.2.0
,RP-97,RP-222525,3237,3,F,Correction on RRC for 71GHz,17.2.0
,RP-97,RP-222527,3244,1,B,Release-17 UE capabilities based on R1 and R4 feature lists (TS38.331),17.2.0
,RP-97,RP-222525,3254,1,F,Miscellaneous CR on TS 38.331 for ePowSav,17.2.0
,RP-97,RP-222519,3272,-,A,Correction to 38.331 on NPN-only cell,17.2.0
,RP-97,RP-222519,3281,1,A,NR-DC Power Control,17.2.0
,RP-97,RP-222516,3285,1,A,Corrections on s-MeasureConfig in NR,17.2.0
,RP-97,RP-222523,3289,2,F,MBS corrections for RRC,17.2.0
,RP-97,RP-222524,3303,2,F,Correction CR for QoE Measurement Collection in NR,17.2.0
,RP-97,RP-222523,3315,1,F,Correction for Simultaneous Transmission of SR and PUSCH,17.2.0
,RP-97,RP-222521,3321,1,A,Correction for SRS-PeriodicityAndOffset,17.2.0
,RP-97,RP-222522,3323,1,F,Miscellaneous corrections to NR coverage enhancements,17.2.0
,RP-97,RP-222523,3325,2,F,Corrections for Release-17 feMIMO,17.2.0
,RP-97,RP-222524,3326,2,F,Corrections for Release-17 NTN,17.2.0
,RP-97,RP-222525,3334,2,F,Corrections on TS 38.331 for RAN Slicing,17.2.0
,RP-97,RP-222525,3340,2,F,RRC corrections for SDT,17.2.0
,RP-97,RP-222518,3347,1,A,Miscellaneous CR on 38.331,17.2.0
,RP-97,RP-222524,3348,2,F,Miscellaneous corrections on TS 38.331 for SL enhancements,17.2.0
,RP-97,RP-222520,3350,-,A,Correction to add EHC context in UE Inactive AS context,17.2.0
,RP-97,RP-222523,3351,-,F,Correction to the field description of usage-pdc,17.2.0
,RP-97,RP-222524,3353,2,F,Miscellaneous correction for Positioning,17.2.0
,RP-97,RP-222523,3355,1,F,Rapporteur Miscellaneous RRC Corrections for eIAB,17.2.0
,RP-97,RP-222526,3359,3,F,Correction to MINT - applicableDisasterInfoList [MINT],17.2.0
,RP-97,RP-222525,3362,1,F,Miscellaneous non-controversial corrections Set XV,17.2.0
,RP-97,RP-222520,3395,1,A,Correction of PUSCH repetition configuration,17.2.0
,RP-97,RP-222518,3397,1,A,Clarification of NULL security algorithm,17.2.0
,RP-97,RP-222525,3400,1,F,Miscellaneous corrections for RedCap WI,17.2.0
,RP-97,RP-222516,3407,1,A,Corrections on measurement report triggering,17.2.0
,RP-97,RP-222520,3417,1,A,Clarification on headerCompression for DAPS bearer,17.2.0
,RP-97,RP-222522,3422,2,F,Miscellaneous correction of NR RRC support for MUSIM,17.2.0
,RP-97,RP-222519,3424,1,A,Correction for PUSCH-PowerControl field descriptions for 2-step RACH,17.2.0
,RP-97,RP-222520,3430,1,A,Correction on PDCCH blind detection capability in CA,17.2.0
,RP-97,RP-222517,3438,1,A,CR on 38.331 for sn-FieldLength change for the case of bearer type change,17.2.0
,RP-97,RP-222523,3440,-,F,CR on 38.331 of field description in PUCCH-Config for PUCCH Carrier Switch,17.2.0
,RP-97,RP-222518,3451,1,A,Correction on Missing UE behavior on sidelink reset,17.2.0
,RP-97,RP-222516,3453,1,A,Clarification on codebookParametersPerBC parameter for extension of CSI-RS capabilities reporting,17.2.0
,RP-97,RP-222519,3455,1,A,Make PC1.5 an early implementation candidate,17.2.0
,RP-97,RP-222522,3459,3,F,Corrections for further MR-DC enhancements,17.2.0
,RP-97,RP-222525,3465,-,F,Correction on UE behaviour about UDC in RRC resume procedure,17.2.0
,RP-97,RP-222524,3466,1,F,RRC corrections for sidelink relay,17.2.0
,RP-97,RP-222522,3467,-,F,MsgA PUSCH resource release upon T304 expiry for SCG,17.2.0
,RP-97,RP-222525,3469,-,F,Correction for features applicable for common signalling for RACH Partitioning,17.2.0
,RP-97,RP-222523,3470,-,F,RRC Correction for SON MDT,17.2.0
,RP-97,RP-222524,3471,-,F,Correction on measurement gap enhancement configurations,17.2.0
,RP-97,RP-222521,3473,1,A,Correction on mpsPriorityIndication,17.2.0
,RP-97,RP-222524,3474,2,F,Correction for power-saving resource allocation,17.2.0
,RP-97,RP-222524,3475,-,F,Clarification on Joint Gap Configuration,17.2.0
,RP-97,RP-222527,3477,-,A,Correction to additionalSpectrumEmission for UL CA in n77 for the US,17.2.0
,RP-97,RP-222527,3478,-,F,Correction to additionalSpectrumEmission for UL CA in n77 for Canada,17.2.0
,RP-97,RP-222526,3479,-,B,Start drx-HARQ-RTT-TimerUL after last repetition [ulHARQ_RTT_Timer],17.2.0
,RP-97,RP-222524,3480,-,F,Correction on maxNrofRemoteUE,17.2.0
,RP-97,RP-222522,3481,-,F,Corrections on CRS-IM network assistance information,17.2.0
,RP-97,RP-222553,3483,1,B,38.331 CR for introduction of MBS PDSCH FDM capabilities,17.2.0
12/2022,RP-98,RP-223404,3243,1,A,Correction to firstOFDMSymbolInTimeDomain,17.3.0
,RP-98,RP-223410,3276,5,F,FR2-2 and CCA configuration,17.3.0
,RP-98,RP-223414,3486,3,F,Correction to explicit indication of SI Scheduling window position [SI-SCHEDULING],17.3.0
,RP-98,RP-223409,3497,2,F,CRS-IM default network configuration assumptions for MBSFN configuration in non-DSS scenario,17.3.0
,RP-98,RP-223406,3500,4,F,MBS corrections for RRC,17.3.0
,RP-98,RP-223410,3507,3,F,Clarification on the NR HST configuration,17.3.0
,RP-98,RP-223406,3532,1,A,Correction on LCID assignment for SL LCH,17.3.0
,RP-98,RP-223411,3534,5,F,Miscellaneous correction for Positioning,17.3.0
,RP-98,RP-223412,3541,3,F,Rapporteur CR on TS 38.331 for SL enhancements,17.3.0
,RP-98,RP-223414,3548,3,C,Correction on E-UTRA cell selection during emergency service fallback and EPS fallback for emergency call [CellSelection_EmergencyFallback],17.3.0
,RP-98,RP-223412,3549,3,F,Miscellaneous RRC CR for SL relay,17.3.0
,RP-98,RP-223414,3557,2,F,Correction to disasterRoamingFromAnyPLMN [MINT],17.3.0
,RP-98,RP-223409,3563,5,F,Corrections for further MR-DC enhancements,17.3.0
,RP-98,RP-223411,3568,3,F,Corrections to intra-band UL CA DC default location,17.3.0
,RP-98,RP-223410,3569,3,F,Corrections for Release-17 feMIMO,17.3.0
,RP-98,RP-223411,3570,2,F,Corrections for Release-17 NR NTN,17.3.0
,RP-98,RP-223414,3577,2,B,Parallel PRACH and SRS/PUCCH/PUSCH transmissions across CCs in intra-band non-contiguous CA [NC-PRACH-SimulTx],17.3.0
,RP-98,RP-223410,3606,3,F,Correction to RRC for 71 GHz,17.3.0
,RP-98,RP-223413,3608,2,F,RRC corrections for SDT,17.3.0
,RP-98,RP-223410,3614,1,F,Correction to PDC in RRC,17.3.0
,RP-98,RP-223406,3619,1,A,Miscellaneous CR on 38.331,17.3.0
,RP-98,RP-223415,3621,2,B,Release-17 UE capabilities based on R1 and R4 feature lists (TS38.331),17.3.0
,RP-98,RP-223410,3633,2,F,Clarification on the TCI assumption for RSSI measurement for FR2-2,17.3.0
,RP-98,RP-223404,3641,1,A,38.331 CR on the periodicity of the MIB,17.3.0
,RP-98,RP-223412,3656,2,F,Miscellaneous corrections on TS 38.331 for SL enhancements,17.3.0
,RP-98,RP-223404,3678,2,F,Miscellaneous non-controversial corrections Set XVI,17.3.0
,RP-98,RP-223413,3698,2,F,Corrections related to FeatureCombinationPreambles,17.3.0
,RP-98,RP-223411,3703,2,F,Correction CR for QoE measurements in NR,17.3.0
,RP-98,RP-223486,3704,2,C,Higher granularity for per-FR gap capability[MaxCCPerFRGap],17.3.0
,RP-98,RP-223413,3709,1,F,CR on 38.331 for BFD relxation when two BFD-RS sets are configured,17.3.0
,RP-98,RP-223404,3711,2,A,Exclude the suspendConfig in the UE Inactive AS context,17.3.0
,RP-98,RP-223409,3723,-,F,Clarifications on DMRS bundling for NR Coverage Enhancements,17.3.0
,RP-98,RP-223411,3729,1,F,Corrections on VIRP configuration and gapPriority description,17.3.0
,RP-98,RP-223411,3732,1,F,Miscellaneous corrections for RedCap WI,17.3.0
,RP-98,RP-223412,3736,2,F,Clarification on the detemination of NSAG with the NSAG priority,17.3.0
,RP-98,RP-223413,3741,1,F,RLM and BFD relaxation reporting configurations are missed in the field description of otherConfig while being configured for SCG,17.3.0
,RP-98,RP-223406,3751,2,F,Correction on PUSCH configuration,17.3.0
,RP-98,RP-223407,3753,-,A,Correction on frequency hopping,17.3.0
,RP-98,RP-223407,3757,-,A,Clarification on the NR HST configuration,17.3.0
,RP-98,RP-223408,3760,2,A,Clarification on inter-frequency no gap measurements in NR-DC,17.3.0
,RP-98,RP-223409,3761,1,F,Correction to support repetition on PDSCH time domain resource allocation for DCI format 1-2,17.3.0
,RP-98,RP-223413,3764,-,F,RRC correction on update of last used cell,17.3.0
,RP-98,RP-223409,3768,-,F,Correction on re-establishment procedure while T346g is running,17.3.0
,RP-98,RP-223408,3770,1,F,RRC Correction for SON MDT,17.3.0
,RP-98,RP-223411,3771,-,F,Correction for RACH partitioning with both 2-step and 4-step RA configurations,17.3.0
03/2023,RP-99,RP-230690,3777,1,F,RRC correction on epochTime,17.4.0
,RP-99,RP-230691,3780,1,F,Corrections to control plane procedures for RedCap UEs,17.4.0
,RP-99,RP-230694,3786,-,F,Corrections to on-demand SI request,17.4.0
,RP-99,RP-230690,3795,1,F,IOT bit for inter satellite measurement (38.331),17.4.0
,RP-99,RP-230691,3800,1,F,Correction on RACH configuration for RedCap,17.4.0
,RP-99,RP-230686,3805,1,A,Correction on T350 stop,17.4.0
,RP-99,RP-230692,3811,2,F,Clarification on ensuring valid version of SIB17,17.4.0
,RP-99,RP-230686,3816,1,A,Correction to usage of pusch-TimeDomainAllocation,17.4.0
,RP-99,RP-230693,3817,4,F,Corrections for SDT operation for REDCAP without CD-SSB,17.4.0
,RP-99,RP-230689,3818,1,F,CP corrections for NR operation to 71GHz,17.4.0
,RP-99,RP-230688,3819,1,F,SDT CP corrections,17.4.0
,RP-99,RP-230691,3820,-,F,Correction to RAN visible periodicity definition,17.4.0
,RP-99,RP-230690,3823,1,F,Clarification on measurement relaxation in NTN,17.4.0
,RP-99,RP-230689,3827,-,F,Channel Access Control for msg1/msgA in FR2-2,17.4.0
,RP-99,RP-230685,3830,-,A,Corrections for PUCCH SCell,17.4.0
,RP-99,RP-230685,3842,2,A,Clarification on RLC bearer re-association,17.4.0
,RP-99,RP-230688,3851,1,F,Miscellaneous correction of NR RRC support for MUSIM,17.4.0
,RP-99,RP-230686,3853,1,A,Correction on SRS for positioning,17.4.0
,RP-99,RP-230692,3854,1,F,Correction in Remote UE synchronization,17.4.0
,RP-99,RP-230691,3855,-,F,Clarification on QoE configuration for Layer-2 based UE-to-Network Relay,17.4.0
,RP-99,RP-230690,3861,-,F,Clarification on essential SIB19 for NR NTN,17.4.0
,RP-99,RP-230692,3865,1,F,Corrections on SL Relay,17.4.0
,RP-99,RP-230690,3868,-,F,Clarification on MBS neighbour cell list,17.4.0
,RP-99,RP-230691,3869,1,F,Corrections for eDRX on IDLE eDRX cycle,17.4.0
,RP-99,RP-230691,3870,-,F,Correction for hyperSFN on SI update,17.4.0
,RP-99,RP-230692,3874,-,F,"Clarification on dl-P0-PSBCH, dl-P0-PSSCH-PSCCH and dl-P0-PSFCH for OoC Remote UE",17.4.0
,RP-99,RP-230691,3880,2,F,Correction on RRC configuration for RedCap,17.4.0
,RP-99,RP-230686,3883,1,A,Conditional inclusion of SBAS ID in posSIBs,17.4.0
,RP-99,RP-230689,3887,-,F,Correction on the field descriptions of nrofDownlinkSlots/nrofUplinkSlots,17.4.0
,RP-99,RP-230687,3890,2,A,Correction on UL RRC segmentation processing delay requirements,17.4.0
,RP-99,RP-230688,3891,2,F,RRC Configuration for Positioning Measurement Gap Activation/Deactivation Request MAC CE,17.4.0
,RP-99,RP-230694,3898,2,F,Miscellaneous non-controversial corrections Set XVII,17.4.0
,RP-99,RP-230691,3909,-,F,Correction to conditional presence of parameters for SRB4,17.4.0
,RP-99,RP-230689,3913,2,F,Corrections on feMIMO,17.4.0
,RP-99,RP-230691,3917,1,F,Correction on the filed descriptions of NeedForGaps in 38.331,17.4.0
,RP-99,RP-230685,3919,-,A,Band differentiation for capability pusch-RepetitionTypeA-r16,17.4.0
,RP-99,RP-230690,3920,-,F,CR to TS 38.331 on MBS neighbour cell list,17.4.0
,RP-99,RP-230687,3926,1,F,Correction to security protection requirement for ULDedicatedMessageSegment,17.4.0
,RP-99,RP-230689,3930,-,F,Correction on BWP for CSI-RS in TCI-State,17.4.0
,RP-99,RP-230692,3931,-,F,Corrections on 38.331,17.4.0
,RP-99,RP-230692,3932,-,F,Miscellaneous correction to SL Relay,17.4.0
,RP-99,RP-230690,3933,1,F,Miscellaneous RRC corrections for MBS,17.4.0
,RP-99,RP-230687,3935,1,A,Clarification that IAB-MT follows the UE behaviour for cell barring procedure as defined in TS 38.304,17.4.0
,RP-99,RP-230694,3936,-,F,Introducing deriveSSB-IndexFromCellInter capability for non-NCSG UEs,17.4.0
,RP-99,RP-230690,3937,-,F,Correction to PDD reporting,17.4.0
,RP-99,RP-230689,3938,-,F,Clarification on BFD-RS configuration,17.4.0
,RP-99,RP-230690,3940,-,F,Corrections on satellite ephemeris indication,17.4.0
,RP-99,RP-230689,3941,-,F,Corrections on the unified TCI-state configuration for cross cell referencing,17.4.0
,RP-99,RP-230690,3942,-,B,Release-17 MBS UE capabilities based on latest R1 feature list (TS 38.331),17.4.0
,RP-99,RP-230689,3943,-,F,Rel.17 SON/MDT RRC Corrections,17.4.0
06/2023,RP-100,RP-231411,3894,4,A,SIB and PosSIB mappings to SI message,17.5.0
,RP-100,RP-231414,3946,3,F,Corrections on MBS Broadcast Configuration,17.5.0
,RP-100,RP-231414,3948,4,F,Correction to PDSCH Aggregation of MBS SPS,17.5.0
,RP-100,RP-231412,3956,2,F,Corrections on the figure of UE Positioning Assistance Information procedure,17.5.0
,RP-100,RP-231413,3961,2,F,Miscellaneous corrections for Ext71GHz,17.5.0
,RP-100,RP-231413,3964,2,F,Clarification for configured grant periodicity,17.5.0
,RP-100,RP-231414,3967,3,F,Corrections to paging for MBS,17.5.0
,RP-100,RP-231413,3968,2,F,Correction to RRC for 71 GHz on channel occupancy duration,17.5.0
,RP-100,RP-231414,3970,2,F,Correction on Need code of IE RLC-Config,17.5.0
,RP-100,RP-231415,3975,1,F,Correction on SI update for posSIB-r17,17.5.0
,RP-100,RP-231413,3977,2,F,Clarification to TS 38.331 on Enhanced BFR MAC CE for feMIMO,17.5.0
,RP-100,RP-231418,3979,3,F,Clarification on TN EUTRA capability reporting,17.5.0
,RP-100,RP-231410,3984,2,A,Clarification on RSSI measurement frequency,17.5.0
,RP-100,RP-231415,3988,2,F,Corrections on initial BWP configuration and NCD-SSB for RedCap,17.5.0
,RP-100,RP-231409,4001,3,A,Corrections on refServCellIndicator,17.5.0
,RP-100,RP-231418,4011,1,F,Correction on Event D1 for Rel-17 NTN,17.5.0
,RP-100,RP-231410,4013,2,A,Correction on the need code for secondary DRX group,17.5.0
,RP-100,RP-231414,4015,3,F,Correction to mtch-neighbourCell field description,17.5.0
,RP-100,RP-231415,4017,2,F,ResumeCause IE description correction,17.5.0
,RP-100,RP-231413,4020,3,F,Correction to timeSCGFailure,17.5.0
,RP-100,RP-231418,4021,3,F,Correction on missing referencing of the NTN spec in 38.331,17.5.0
,RP-100,RP-231418,4025,3,F,Correction on SMTC for NR NTN,17.5.0
,RP-100,RP-231414,4037,2,F,Corrections on MBS SPS configuration,17.5.0
,RP-100,RP-231418,4039,1,F,Clarification on T430 handling for target cell,17.5.0
,RP-100,RP-231418,4040,2,F,Correction on MIB configuration for NR NTN,17.5.0
,RP-100,RP-231414,4044,3,F,Miscellaneous RRC corrections for MBS,17.5.0
,RP-100,RP-231417,4050,2,F,Corrections to on-demand SI request,17.5.0
,RP-100,RP-231409,4053,2,A,Clarification on nas-SecurityParamFromNR field description,17.5.0
,RP-100,RP-231410,4060,3,A,Correction on pusch-RepetitionTypeB capability,17.5.0
,RP-100,RP-231416,4064,1,F,Miscellaneous corrections for SL relay,17.5.0
,RP-100,RP-231414,4065,4,F,Correction on Supporting MBS in SNPN,17.5.0
,RP-100,RP-231410,4068,1,A,Corrections including field description for transmission power,17.5.0
,RP-100,RP-231416,4069,1,F,Miscellaneous corrections on 38.331 for SL enhancements,17.5.0
,RP-100,RP-231415,4070,1,F,Clarification on applicability of slice-based RA,17.5.0
,RP-100,RP-231417,4071,1,F,Correction on measCyclePSCell used during SCG deactivation,17.5.0
,RP-100,RP-231413,4100,1,F,Corrections on R17 unified TCI framework,17.5.0
,RP-100,RP-231412,4101,1,F,Correction on scg-CellGroupConfig within RRC inter-node message,17.5.0
,RP-100,RP-231412,4102,-,F,Correction on PosSRS-RRC-Inactive-OutsideInitialUL-BWP,17.5.0
,RP-100,RP-231415,4107,1,F,Corrections on paging monitoring in eDRX,17.5.0
,RP-100,RP-231413,4110,-,F,Correction on timeSinceCHO-Reconfig in TS 38.331,17.5.0
,RP-100,RP-231418,4112,1,F,Different UE capability support between TN and NTN,17.5.0
,RP-100,RP-231416,4113,2,F,Sidelink discovery transmission upon reception of SIB12,17.5.0
,RP-100,RP-231415,4114,-,F,Control plane corrections for SDT,17.5.0
,RP-100,RP-231417,4117,2,F,Miscellaneous non-controversial corrections Set XVIII,17.5.0
,RP-100,RP-231418,4127,-,F,CR to 38.331 on Event D1,17.5.0
,RP-100,RP-231417,4132,2,A,Clarification on UAI for UL MIMO layers,17.5.0
,RP-100,RP-231416,4136,1,F,Corrections on deriving timer length of DRX timers for SL,17.5.0
,RP-100,RP-231416,4140,1,F,RRC corrections for SL Relay,17.5.0
,RP-100,RP-231410,4142,1,A,Correction to time domain resource assignment in NR-U,17.5.0
,RP-100,RP-231413,4144,1,F,Correction to RRC for 71GHz on scheduling and HARQ configuration for FR2-2,17.5.0
,RP-100,RP-231414,4147,1,F,Correction on gapAssociationPRS,17.5.0
,RP-100,RP-231413,4148,-,F,Correction on SCG failure scenario of MHI in TS 38.331,17.5.0
,RP-100,RP-231415,4154,-,F,Clarification on SDT configuration,17.5.0
,RP-100,RP-231411,4160,1,A,Clarification on reference cell for TCI state,17.5.0
,RP-100,RP-231414,4161,1,F,Correction for PLMN index in MCCH of SCell,17.5.0
,RP-100,RP-231418,4163,-,F,Correction on the description of kmac,17.5.0
,RP-100,RP-231415,4166,1,F,Correction on the applicable NSAG for slice based RA procedure,17.5.0
,RP-100,RP-231413,4167,-,F,Correction to the handling of RLF-Report after successful HO,17.5.0
,RP-100,RP-231417,4169,1,F,Support of releasing crossCarrierSchedulingConifig,17.5.0
,RP-100,RP-231416,4170,1,F,Clarification on remote UE reception of SIB1,17.5.0
,RP-100,RP-231416,4171,1,F,Handling of PC5 connection release during RRC re-establishment,17.5.0
,RP-100,RP-231411,4172,1,A,Correction on the release of logged measurement configuration as well as logged measurement information,17.5.0
,RP-100,RP-231411,4174,-,A,Correction to the setting of locationInfo in MeasResultSCG-Failure,17.5.0
09/2023,RP-101,RP-232570,3900,6,F,Addition of extended number range for NS value,17.6.0
,RP-101,RP-232565,3991,6,F,CSI-RS resource coordination in NR-DC,17.6.0
,RP-101,RP-232565,4158,3,A,Introduction of intra-band EN-DC contiguous capability for UL,17.6.0
,RP-101,RP-232566,4176,-,A,Correction on PUCCH resource field description and SSB transmission initiation,17.6.0
,RP-101,RP-232667,4189,2,F,Correction on Configuration of Enhanced Type 3 HARQ-ACK Codebook for PUCCH group,17.6.0
,RP-101,RP-232667,4190,2,F,Correction on PUCCH repetition for PUCCH Format 2,17.6.0
,RP-101,RP-232667,4192,2,F,Miscellaneous RRC corrections for MBS,17.6.0
,RP-101,RP-232568,4202,-,F,Corrections on the unified TCI-state configuration for 38.331,17.6.0
,RP-101,RP-232568,4206,1,F,RRC restriction on muti-TRP schemes,17.6.0
,RP-101,RP-232570,4220,1,F,Correction to RRC for 71 GHz on multi-PDSCH,17.6.0
,RP-101,RP-232667,4234,1,F,Correction on GNSS-ID for NavIC A-GNSS,17.6.0
,RP-101,RP-232565,4238,1,F,Miscellaneous non-controversial corrections Set XIX,17.6.0
,RP-101,RP-232567,4246,-,A,Clarification to the setting of locationInfo in MeasResultSCG-Failure,17.6.0
,RP-101,RP-232567,4248,2,A,Clarification on the PLMN check for the reconnectCellID in the RLF report,17.6.0
,RP-101,RP-232568,4255,-,F,Filter of SRS carrier switching capabilities,17.6.0
,RP-101,RP-232566,4260,1,A,Correction on primaryPath for fast MCG link recovery,17.6.0
,RP-101,RP-232566,4264,1,A,Correction on CHO for R17,17.6.0
,RP-101,RP-232570,4265,-,F,Miscellaneous corrections for power saving features,17.6.0
,RP-101,RP-232570,4279,-,F,Correction on 2-step RACH configuration for feature combination,17.6.0
,RP-101,RP-232568,4294,-,F,Correction for group based beam reporting configuration,17.6.0
,RP-101,RP-232567,4295,1,A,Redirection with MPS correction for resume cause,17.6.0
,RP-101,RP-232566,4298,-,A,Miscellaneous NR V2X RRC corrections,17.6.0
,RP-101,RP-232667,4299,-,F,Miscellaneous corrections for SL enhancements,17.6.0
,RP-101,RP-232667,4300,1,F,RRC corrections for SL relay,17.6.0
,RP-101,RP-232567,4302,-,A,"Correction on location configuration for WLAN, BT and sensor for SON and MDT features",17.6.0
,RP-101,RP-232568,4303,-,F,Agreed corrections for Rel-17 SONMDT (Ericsson),17.6.0
,RP-101,RP-232698,4305,1,F,Correction to SCell PRACH power scaling for UL CA,17.6.0
12/2023,RP-102,RP-233888,2867,6,B,Introduction of FR2 FBG2 CA BW classes,17.7.0
,RP-102,RP-233887,4016,5,F,Correction to RRC for 71 GHz on multi-PUSCH,17.7.0
,RP-102,RP-233887,4088,3,F,Further correction to RRC for 71 GHz on multi-PUSCH,17.7.0
,RP-102,RP-233889,4318,2,F,Correction on Type1 HARQ-ACK codebook generation,17.7.0
,RP-102,RP-233887,4327,3,F,Corrections on extension of AreaConfiguration,17.7.0
,RP-102,RP-233885,4329,1,A,Correction of SL synchronisation measurement,17.7.0
,RP-102,RP-233888,4336,2,F,Correction on LocationMeasurementIndication procedure for positioning,17.7.0
,RP-102,RP-233888,4340,2,F,Correction on RedCap initial UL/DL BWP,17.7.0
,RP-102,RP-233890,4341,1,F,Clarification on the meaning of nogap-noncsg,17.7.0
,RP-102,RP-233887,4348,1,F,Logging previousPSCellId in case of SCG addition failure,17.7.0
,RP-102,RP-233887,4349,1,F,Successful handover report is missing under ObtainCommonLocationInfo,17.7.0
,RP-102,RP-233890,4351,2,F,Notes in the RRC release procedure for NR-NTN,17.7.0
,RP-102,RP-233884,4363,2,F,Miscellaneous non-controversial corrections Set XX,17.7.0
,RP-102,RP-233890,4382,1,F,Clarification of configuration of transmissionComb in IE SRS-Resource,17.7.0
,RP-102,RP-233888,4389,1,F,RRC corrections for SL relay,17.7.0
,RP-102,RP-233888,4390,1,F,Misc RRC corrections for SL enhancements,17.7.0
,RP-102,RP-233889,4392,-,F,Corrections for SSB to CG PUSCH mapping,17.7.0
,RP-102,RP-233888,4395,-,F,Correction to support autonomous change of UE channel bandwidth during RACH,17.7.0
,RP-102,RP-233887,4404,-,F,Correction to SCell activation/deactivation,17.7.0
,RP-102,RP-233885,4410,-,A,Correction on carrier frequency for NR SL RSRP measurement,17.7.0
,RP-102,RP-233890,4413,1,F,Removal of ambiguous term 'legacy',17.7.0
,RP-102,RP-233886,4418,-,A,Correction to 38.331 on GNSS-ID,17.7.0
,RP-102,RP-233888,4423,1,F,Correction on SL-DRX reject reporting to gNB,17.7.0
,RP-102,RP-233888,4424,1,F,Correction on the SL destinaitons in SUI message,17.7.0
,RP-102,RP-233888,4429,1,F,Clarification on the search space for RedCap,17.7.0
,RP-102,RP-233888,4430,1,F,Correction for the selected band for HD-FDD capability checking by RedCap UE,17.7.0
,RP-102,RP-233886,4450,-,A,Setting the content of the RA report for the selected beam,17.7.0
,RP-102,RP-233888,4462,1,F,Missing correction for SBAS ID presence in Rel-17 SI scheduling [SI-SCHEDULING],17.7.0
,RP-102,RP-233890,4463,1,F,Corrections on description of epochTime and reference point of UTC time and t-Service,17.7.0
,RP-102,RP-233888,4466,1,F,Correction on SL relay RRC,17.7.0
,RP-102,RP-233885,4474,-,A,Correction on type-1 SL CG,17.7.0
,RP-102,RP-233888,4478,1,F,Correction on multipleCORESET for RedCap UEs,17.7.0
,RP-102,RP-233889,4485,-,F,Correction to SDT-Config handling,17.7.0
,RP-102,RP-233888,4489,2,F,Correction on transmission of SSR Assistance Data based on BDS B1C,17.7.0
,RP-102,RP-233889,4494,-,F,Correction to support higher power limit capability for inter-band UL EN-DC,17.7.0
,RP-102,RP-233887,4498,1,B,Introduction of new CA BW classes for FR2-2,17.7.0
,RP-102,RP-233888,4502,3,F,Correction on NCD-SSB time offset for RedCap UEs in TDD,17.7.0
,RP-102,RP-233888,4505,-,F,Correction on field description related to CBR-based transmission,17.7.0
,RP-102,RP-233884,4506,1,F,Simultaneous PUSCH and PUCCH transmissions of same priority on different inter-band cells [SimultaneousPUSCH-PUCCH],17.7.0
,RP-102,RP-233889,4508,-,F,Clarification on cellBarredNTN in RRC_CONNECTED,17.7.0
12/2023,RP-102,RP-233884,3971,4,C,Adding SR periodicities for 30 and 120 kHz subcarrier spacing [SR-Periods-30-120-kHz],18.0.0
,RP-102,RP-233881,4014,4,B,Introduction of 1-symbol PRS in 38.331[1symbol_PRS],18.0.0
,RP-102,RP-233915,4063,6,B,Introduction of further measurement gap enhancements,18.0.0
,RP-102,RP-233881,4066,6,C,Downlink positioning support and posSIB request for L2 UE-to-network remote UE [PosL2RemoteUE],18.0.0
,RP-102,RP-233882,4109,4,B,GNSS LOS/NLOS posSIB broadcast assistance information [GNSS LOS/NLOS],18.0.0
,RP-102,RP-233890,4123,1,B,RedCap CFR for MBS broadcast [RedCapMBS_Bcast],18.0.0
,RP-102,RP-233898,4162,5,B,Introduction of Network Controlled Repeaters in RRC spec,18.0.0
,RP-102,RP-233905,4164,5,B,Introduction of In-Device Co-existence (IDC) enhancements for NR,18.0.0
,RP-102,RP-233902,4194,3,B,Introduction of MT-SDT,18.0.0
,RP-102,RP-233911,4258,3,B,Introduction of URLLC and Timing Resiliency,18.0.0
,RP-102,RP-233882,4296,2,C,SSR Satellite PCV Residuals [Rel18PCV],18.0.0
,RP-102,RP-233893,4360,3,B,Introduction of R18 DSS,18.0.0
,RP-102,RP-233882,4375,2,F,Enhancing SCell A2 event reporting [SCell_A2_Enh],18.0.0
,RP-102,RP-233913,4380,2,B,Introduction of UE preference for multi-Rx operation in UAI,18.0.0
,RP-102,RP-233897,4391,3,B,Introduction of Rel-18 SL Evolution,18.0.0
,RP-102,RP-233917,4396,1,B,"Signaling support for intra-band non-collocated NR-CA, EN-DC",18.0.0
,RP-102,RP-233938,4398,1,B,Introduction of support for BWP operation without restriction,18.0.0
,RP-102,RP-233903,4401,2,B,Introduction of NR MUSIM enhancements,18.0.0
,RP-102,RP-233912,4405,-,B,Introduction of R18 eNPN for TS 38.331,18.0.0
,RP-102,RP-233896,4406,2,B,Introduction of MIMO Evolution,18.0.0
,RP-102,RP-233882,4414,2,B,MUSIM paging cause forwarding [MUSIMpagingCause],18.0.0
,RP-102,RP-233932,4416,1,B,Introduction of NR Support for UAV (Uncrewed Aerial Vehicles),18.0.0
,RP-102,RP-233914,4422,2,B,Introduction of FR2 SCell enhancements,18.0.0
,RP-102,RP-233895,4433,4,B,Introduction of Further NR coverage enhancements in RRC,18.0.0
,RP-102,RP-233882,4435,1,B,Introduction of RRCRelease with resume indication for SDT [SDT_ReleaseEnh],18.0.0
,RP-102,RP-233908,4436,2,B,Introduction of XR enhancements into TS 38.331,18.0.0
,RP-102,RP-233916,4437,1,B,Introduction of NR ATG in TS 38.331,18.0.0
,RP-102,RP-233882,4439,1,B,Introducing procedure for measurement sequence for intra-RAT and inter-RAT measurement [MeasSequence],18.0.0
,RP-102,RP-233904,4441,2,B,Introduction of Rel-18 SL relay enhancements,18.0.0
,RP-102,RP-233910,4446,2,B,Introduction of Enhancement on NR QoE management and optimizations for diverse services,18.0.0
,RP-102,RP-233909,4452,1,B,CR to 38331 for introducing SON/MDT features in Rel-18,18.0.0
,RP-102,RP-233900,4453,1,B,Introduction of Network energy savings for NR,18.0.0
,RP-102,RP-233901,4454,1,B,Introduction of NR Positioning Enhancements,18.0.0
,RP-102,RP-233933,4457,1,B,Introduction of mobile IAB,18.0.0
,RP-102,RP-233957,4458,3,B,Introduction of further NR mobility enhancements,18.0.0
,RP-102,RP-233886,4469,1,B,Introduction of enhancements of delay measurements upon MO updates [SONMDT-enh],18.0.0
,RP-102,RP-233882,4471,2,B,Enhancements for CG-SDT [CG-SDT-Enh],18.0.0
,RP-102,RP-233899,4480,1,B,Introduction of eRedCap UEs,18.0.0
,RP-102,RP-233937,4488,1,B,Introduction of network RRC signalling for advanced receiver,18.0.0
,RP-102,RP-233907,4490,5,B,Introduction of eMBS to RRC,18.0.0
,RP-102,RP-233882,4492,2,F,Configuration of cell individual offset in ReportConfig [CIO_in_ReportConfig],18.0.0
,RP-102,RP-233906,4501,1,B,Introduction of Rel-18 NR NTN enhancements,18.0.0
,RP-102,RP-233890,4504,-,B,PTM retransmission reception for multicast DRX with HARQ feedback disabled [PTM_ReTx_Mcast_HARQ_Disb],18.0.0
,RP-102,RP-233894,4509,-,B,Introduction of Rel-18 Multi-carrier enhancements,18.0.0
,RP-102,RP-233940,4510,-,B,Introduction of Rel-18 UE capabilities,18.0.0
03/2024,RP-103,RP-240686,4428,2,B,Introduction of Rel-18 HST FR2 RRM enhancements,18.1.0
,RP-103,RP-240667,4445,3,B,UE capability for Enhanced channel raster,18.1.0
,RP-103,RP-240703,4512,1,B,Introduction of QCL-TypeD priorities for overlapping CORESETs in M-DCI/M-TRP operation [QCL-TypeD CORESET priority for M-TRP],18.1.0
,RP-103,RP-240703,4513,1,B,Introduction of MAC CE based PL RS updates for Type-1 CG-PUSCH [PL RS Type 1 CG],18.1.0
,RP-103,RP-240668,4516,1,F,Miscellaneous corrections to CE in RRC,18.1.0
,RP-103,RP-240656,4520,1,A,Correction to PDCCH configuration of (e)RedCap-specific initial BWP,18.1.0
,RP-103,RP-240699,4521,2,F,Correction on R18 SL,18.1.0
,RP-103,RP-240662,4522,2,F,Network energy savings for NR miscellaneous RRC CR,18.1.0
,RP-103,RP-240653,4524,1,A,Introduction of maximum aggregated bandwidth for FR1 CA and for FR2 intra-band CA,18.1.0
,RP-103,RP-240666,4531,1,F,Miscellaneous corrections on TS 38.331 for BWP operation without restriction,18.1.0
,RP-103,RP-240651,4536,1,A,Misc RRC corrections for NR V2X,18.1.0
,RP-103,RP-240691,4539,2,F,Correction to MIMO Evolution,18.1.0
,RP-103,RP-240772,4540,3,B,Introduction of emergency cause value for SL relay,18.1.0
,RP-103,RP-240650,4546,1,A,Clarification on ca-ParametersNRDC capability (Understanding#2),18.1.0
,RP-103,RP-240657,4548,1,A,Misc RRC corrections for SL relay,18.1.0
,RP-103,RP-240700,4549,2,F,RRC corrections for Rel-18 SL relay enhancements,18.1.0
,RP-103,RP-240689,4550,1,F,RRC CR for Rel-18 Multi-carrier enhancements,18.1.0
,RP-103,RP-240703,4551,1,B,Introduction of Beam Failure for RA-SDT [RA-SDT_BeamFailure],18.1.0
,RP-103,RP-240694,4552,1,F,SDT corrections for ASN.1 Review issues [CG-SDT-enh],18.1.0
,RP-103,RP-240697,4555,1,F,Correction of Enhancement on NR QoE management and optimizations for diverse services,18.1.0
,RP-103,RP-240698,4557,1,A,Clarification on UE's behavior after MIB reception,18.1.0
,RP-103,RP-240654,4559,1,A,Corrections on uplink power control in unified TCI framework,18.1.0
,RP-103,RP-240701,4563,1,F,Corrections for NR Support for UAV (Uncrewed Aerial Vehicles),18.1.0
,RP-103,RP-240703,4564,2,F,Miscellaneous corrections from ASN.1 review,18.1.0
,RP-103,RP-240698,4565,2,F,Miscellaneous corrections for eRedCap,18.1.0
,RP-103,RP-240707,4572,3,B,Introduction of 2Rx XR UE [2Rx_XR_Device],18.1.0
,RP-103,RP-240655,4576,-,A,Correction on cg-UCI-Multiplexing,18.1.0
,RP-103,RP-240656,4578,1,A,Correction on FD-FDD capability checking for RedCap UE in TDD band,18.1.0
,RP-103,RP-240655,4582,2,A,Correction to 38.331 for NR NTN,18.1.0
,RP-103,RP-240670,4583,1,F,Correction on NR MUSIM enhancements,18.1.0
,RP-103,RP-240669,4585,1,F,Correction on network RRC signalling for advanced receiver,18.1.0
,RP-103,RP-240690,4586,1,F,Correction on further measurement gap enhancements,18.1.0
,RP-103,RP-240665,4587,1,F,Miscellaneous corrections to NR ATG,18.1.0
,RP-103,RP-240654,4590,1,A,Clarification on the condition of subband reporting,18.1.0
,RP-103,RP-240688,4593,2,F,MBS Rapporteur CR for RRC,18.1.0
,RP-103,RP-240703,4597,2,B,Introduction of RRC parameters for HARQ multiplexing [HARQ-ACK MUX on PUSCH],18.1.0
,RP-103,RP-240678,4598,-,F,RRC CR addressing MultiRx RIL(s),18.1.0
,RP-103,RP-240696,4599,1,F,RRC Positioning Corrections based upon RILs,18.1.0
,RP-103,RP-240693,4604,1,F,Miscellaneous corrections on Mobile IAB,18.1.0
,RP-103,RP-240692,4606,1,F,Miscellaneous corrections on further mobility enhancements in NR,18.1.0
,RP-103,RP-240703,4608,2,F,[E073][H059][B013]Clarification on cell individual offset in ReportConfig [CIO_in_ReportConfig],18.1.0
,RP-103,RP-240703,4609,-,F,[H058] Enhancing SCell A2 event reporting [SCell_A2_Enh],18.1.0
,RP-103,RP-240695,4610,1,F,Corrections to Rel-18 NR NTN enhacements,18.1.0
,RP-103,RP-240702,4611,1,F,RRC corrections for XR,18.1.0
,RP-103,RP-240650,4614,1,A,Correction on reducedCCsDL and reducedCCsUL in overheating report,18.1.0
,RP-103,RP-240698,4616,1,A,Clarification on RACH-ConfigCommon for CFRA,18.1.0
,RP-103,RP-240731,4617,1,F,Miscellaneous RRC corrections for Network-controlled repeaters,18.1.0
,RP-103,RP-240687,4621,1,F,Miscellaneous corrections for IDC,18.1.0
,RP-103,RP-240663,4622,1,F,"[H075-H077] Miscellaneous corrections on intra-band non-collocated NR-CA, EN-DC",18.1.0
,RP-103,RP-240656,4623,1,A,Correction on SL DRX for broadcast and groupcast handling missed in RRC reconfiguration,18.1.0
,RP-103,RP-240676,4624,-,F,Corrections to URLLC and Timing Resiliency,18.1.0
,RP-103,RP-240652,4627,-,A,Clarification on UE capability segmentation,18.1.0
,RP-103,RP-240692,4628,1,B,eEMR and IMR CR,18.1.0
,RP-103,RP-240703,4629,-,B,Introduction of Multiple PUSCH scheduling by single DCI for non-consecutive slots in FR1 [M-PUSCH in FR1],18.1.0
,RP-103,RP-240653,4631,-,A,RRC CR for clarification on R16 skipping UL transmission and R17 TBoMS,18.1.0
,RP-103,RP-240693,4636,2,B,Generalization of RACH-less handover [RACH-lessHO],18.1.0
,RP-103,RP-240674,4637,-,F,Corrections to 38331 for Rel-18 SONMDT,18.1.0
,RP-103,RP-240708,4638,2,B,"Corrections and Updates to UE capabilities for Rel-18 WIs, including TEI18 [HARQ-ACK MUX on PUSCH]",18.1.0
,RP-103,RP-240658,4639,2,B,Introduction of TxDiversity for 2Tx capability,18.1.0
,RP-103,RP-240489,4642,-,A,Correction to optionality of bandList-v1770,18.1.0
06/2024,RP-104,RP-241584,4525,4,B,Introduction of NR support for dedicated spectrum less than 5MHz for FR1,18.2.0
,RP-104,RP-241543,4570,4,B,Introduction of barring exemption for RedCap UEs for emergency calls [RedCap_EM_Call],18.2.0
,RP-104,RP-241543,4632,5,F,Correction on Redcap 1 Rx and 2 Rx barring,18.2.0
,RP-104,RP-241544,4645,1,F,Remove of AS condition checking of SUI for U2N Relay communication,18.2.0
,RP-104,RP-241562,4646,3,F,Correction on Release-18 SL Evolution,18.2.0
,RP-104,RP-241554,4648,3,A,CEF and RLF reporting for (e)RedCap UEs,18.2.0
,RP-104,RP-241553,4651,2,A,Correction to PDCP configuration for multicast MRB,18.2.0
,RP-104,RP-241579,4667,4,F,Corrections to URLLC and Timing Resiliency,18.2.0
,RP-104,RP-241582,4673,1,F,Correction on RRC signalling for advanced receiver,18.2.0
,RP-104,RP-241583,4679,1,F,[V994][V995] Miscellaneous corrections on TS 38.331 for BWP operation without restriction,18.2.0
,RP-104,RP-241555,4683,2,A,Miscellaneous RRC corrections for SL relay,18.2.0
,RP-104,RP-241569,4684,3,F,RRC corrections for Rel-18 SL relay enhancements,18.2.0
,RP-104,RP-241567,4687,2,F,SDT corrections for harmonizing T319a and SDT ongoing labels,18.2.0
,RP-104,RP-241572,4688,3,F,Miscellaneous corrections for eMBS,18.2.0
,RP-104,RP-241543,4689,3,F,Correction on MBS search spaces configuration for (e)Redcap [RedCapMBS_Bcast],18.2.0
,RP-104,RP-241565,4692,2,F,Network energy savings for NR miscellaneous RRC CR,18.2.0
,RP-104,RP-241571,4693,3,F,Corrections for NR Support for UAV (Uncrewed Aerial Vehicles),18.2.0
,RP-104,RP-241573,4700,3,F,RRC corrections for XR,18.2.0
,RP-104,RP-241577,4701,2,F,Miscellaneous corrections on Mobile IAB,18.2.0
,RP-104,RP-241550,4704,1,A,Dummy the rrc-TransactionIdentifier field from IABOtherInformation,18.2.0
,RP-104,RP-241574,4705,2,F,Miscellaneous corrections on further mobility enhancements in NR,18.2.0
,RP-104,RP-241577,4706,2,F,Rapporteur corrections on RRC for the generalization of RACH-less [RACH-lessHO],18.2.0
,RP-104,RP-241543,4707,2,F,Clarification on CIO configured within ReportConfig [CIO_in_ReportConfig],18.2.0
,RP-104,RP-241543,4713,3,F,Correction CR for QoE measurements and conditional handover,18.2.0
,RP-104,RP-241567,4717,2,F,Miscellaneous corrections from ASN.1 review Q2,18.2.0
,RP-104,RP-241551,4725,2,A,Correction on posSIB(s) acquisition [SI-SCHEDULING],18.2.0
,RP-104,RP-241564,4729,3,F,Miscellaneous corrections for eRedCap,18.2.0
,RP-104,RP-241555,4732,1,A,Correction on SidelinkUEInformationNR,18.2.0
,RP-104,RP-241551,4736,3,A,Introduction of Inter-node Coordination on the Aggregated Bandwidth for the NR-DC (r18),18.2.0
,RP-104,RP-241553,4746,1,A,Clarification on usage of LEO or NGSO,18.2.0
,RP-104,RP-241551,4751,4,A,Introduction of new intra-band EN-DC capabilities for inter-band EN-DC,18.2.0
,RP-104,RP-241544,4755,3,F,Correction on TRS in idle and inactive,18.2.0
,RP-104,RP-241554,4758,3,A,Correction on tx profile for SL DRX,18.2.0
,RP-104,RP-241566,4759,3,F,Miscellaneous and RRC Positioning RILs based Corrections,18.2.0
,RP-104,RP-241558,4761,4,F,Miscellaneous corrections to Rel-18 NR NTN,18.2.0
,RP-104,RP-241543,4767,1,F,[B021] Missing posSibType2-17a in list of posSIB types [PosL2RemoteUE],18.2.0
,RP-104,RP-241544,4771,2,F,Clarification RLM/BFD relaxation and short DRX,18.2.0
,RP-104,RP-241561,4775,2,F,Correction to MIMO Evolution,18.2.0
,RP-104,RP-241568,4777,1,F,Correction on NR MUSIM enhancements,18.2.0
,RP-104,RP-241551,4780,1,A,Clarification of configured grant in shared spectrum,18.2.0
,RP-104,RP-241576,4781,1,F,Correction of Enhancement on NR QoE management and optimizations for diverse services,18.2.0
,RP-104,RP-241567,4787,1,F,[S081] Clarification for order of list in PagingRecordList,18.2.0
,RP-104,RP-241550,4793,2,A,Correction to Positioning SRS Configuration,18.2.0
,RP-104,RP-241555,4795,2,A,Correction on the UL TEG report,18.2.0
,RP-104,RP-241544,4799,2,F,Miscellaneous non-controversial corrections Set XXI,18.2.0
,RP-104,RP-241543,4803,2,B,Enhancements to measurement report [meas_report_enh],18.2.0
,RP-104,RP-241564,4808,1,F,Clarification on RACH-ConfigCommon for PDCCH order based CFRA and SI request,18.2.0
,RP-104,RP-241563,4809,-,F,Miscellaneous RRC corrections for NCR,18.2.0
,RP-104,RP-241552,4812,3,A,Adding PCI and ARFCN of target cell for intra-RAT SHR,18.2.0
,RP-104,RP-241552,4814,3,A,Misclassification of RLF reports as Too Early HO failure,18.2.0
,RP-104,RP-241575,4815,2,F,Corrections to 38331 for Rel-18 SONMDT,18.2.0
,RP-104,RP-241543,4816,2,F,Correction on the configuration of Redcap CFR [RedCapMBS_Bcast],18.2.0
,RP-104,RP-241549,4820,-,A,Clarification on SIB1 reception for ETWS/CMAS,18.2.0
,RP-104,RP-241549,4827,-,A,Corrections for SL RLC mode indication,18.2.0
,RP-104,RP-241555,4831,-,A,Clarification to s-MeasConfig for L2 U2N relay case,18.2.0
,RP-104,RP-241559,4832,1,F,Rapp RRC CR for MC enhancement,18.2.0
,RP-104,RP-241560,4833,1,F,Miscellaneous RRC corrections for Coverage Enhancements,18.2.0
,RP-104,RP-241554,4835,1,A,Correction on NR SL discovery transmission,18.2.0
,RP-104,RP-241570,4838,-,F,Miscellaneous corrections for IDC,18.2.0
,RP-104,RP-241551,4840,1,A,Clarification on the RSRP measurement for SDT,18.2.0
,RP-104,RP-241598,4857,3,F,Correction of the range of DL-DataToUL-ACK for ATG,18.2.0
,RP-104,RP-241543,4858,-,F,B020 Correction of cell barred indication value for 2Rx XR [2Rx_XR_Device],18.2.0
,RP-104,RP-241553,4860,2,A,Correction on multicast DRX to support NTN,18.2.0
,RP-104,RP-241542,4861,1,B,Updates and Introduction of UE capabilities for Rel-18 WIs,18.2.0
,RP-104,RP-241542,4862,-,B,Corrections and Updates to UE capabilities for RAN1 feature group 55-6,18.2.0
09/2024,RP-105,RP-242240,4788,2,F,Paging monitoring for extended CG period [CG-SDT-Enh],18.3.0
,RP-105,RP-242240,4863,-,F,Miscellaneous correction on R18 SL Evolution,18.3.0
,RP-105,RP-242235,4865,-,A,Correction on the field of scg-State,18.3.0
,RP-105,RP-242238,4867,2,F,Correction on the capabilities on PTM retransmission [PTM_ReTx_Mcast_HARQ_Disb],18.3.0
,RP-105,RP-242233,4873,-,A,Correction on the way to include ReconfigurationWithSync in masterCellGroup in RRCReconfiguration,18.3.0
,RP-105,RP-242235,4878,1,A,Clarification on Validity Duration,18.3.0
,RP-105,RP-242237,4881,-,F,Network energy savings for NR miscellaneous RRC CR,18.3.0
,RP-105,RP-242237,4889,1,F,Corrections on SI request with Msg1 repetition,18.3.0
,RP-105,RP-242237,4892,1,F,Correction on the missing PRACH SCS configuration,18.3.0
,RP-105,RP-242240,4898,-,D,Parameter names corrections for XR,18.3.0
,RP-105,RP-242238,4903,1,F,Miscellaneous corrections for Multi-Carrier enhancements,18.3.0
,RP-105,RP-242240,4904,2,F,Miscellaneous corrections for SL relay enhancements,18.3.0
,RP-105,RP-242236,4906,1,A,Correction on T300 and T302 handling due to relay selection or cell selection,18.3.0
,RP-105,RP-242236,4908,1,A,Miscellaneous corrections on mobility history information,18.3.0
,RP-105,RP-242235,4912,2,A,Correction on featureCombination and SI-RequestConfig,18.3.0
,RP-105,RP-242235,4914,-,A,Correction on SL IUC and SL DRX configurations for SL enhancements,18.3.0
,RP-105,RP-242238,4917,1,F,Miscellaneous non-controversial corrections Set XXII,18.3.0
,RP-105,RP-242239,4922,1,F,Correction of Enhancement on NR QoE management and optimizations for diverse services,18.3.0
,RP-105,RP-242235,4927,1,A,Clarification on MBS broadcast acquisition,18.3.0
,RP-105,RP-242237,4928,1,F,Correction on absoluteFrequencySSB corresponding to CD-SSB for PCell,18.3.0
,RP-105,RP-242238,4930,1,F,Misc RRC corrections for feMob,18.3.0
,RP-105,RP-242240,4932,1,F,Misc RRC corrections for RACH-less HO [RACH-lessHO],18.3.0
,RP-105,RP-242239,4934,3,F,Miscellaneous Positioning Corrections,18.3.0
,RP-105,RP-242238,4935,1,F,Miscellaneous corrections to Rel-18 NR NTN,18.3.0
,RP-105,RP-242238,4936,1,F,Clarification on highSpeedMeasFlagFR2 for HST FR2 RRM,18.3.0
,RP-105,RP-242236,4939,1,A,RRC correction on NR SL U2N Relay UE selection and reselection procedure,18.3.0
,RP-105,RP-242237,4951,1,F,Miscellaneous corrections for further NR coverage enhancements in RRC,18.3.0
,RP-105,RP-242235,4953,1,A,Correction to indication of reserved SN-side NR-DC and aggregated BW resources,18.3.0
,RP-105,RP-242238,4955,1,F,Miscellaneous corrections on eMBS,18.3.0
,RP-105,RP-242236,4957,2,A,Corrections for SL relay measurements,18.3.0
,RP-105,RP-242240,4959,4,F,Correction to EnteringLeavingReport condition [meas_report_enh],18.3.0
,RP-105,RP-242239,4962,-,F,Clarification on parallel lists in MeasObjectNR,18.3.0
,RP-105,RP-242236,4963,1,A,Correction on power control parameters to support unified TCI state framework,18.3.0
,RP-105,RP-242239,4965,2,F,Extension of cells in Validity area,18.3.0
,RP-105,RP-242240,4966,-,F,Correction on enhancements to measurement report [meas_report_enh],18.3.0
,RP-105,RP-242240,4967,-,F,Correction on extension of ToAddModList,18.3.0
,RP-105,RP-242237,4968,1,F,Rel-18 SONMDT Corrections,18.3.0
,RP-105,RP-242239,4969,1,F,Correction on MIMOevo,18.3.0
,RP-105,RP-242237,4970,1,F,Correction on NR MUSIM enhancements,18.3.0
,RP-105,RP-242230,4971,-,B,Updates and Introduction of UE capabilities for Rel-18 WIs,18.3.0
12/2024,RP-106,RP-243233,4851,3,F,Correction for cell barring for 2Rx XR UE [2Rx_XR_Device],18.4.0
,RP-106,RP-243221,4896,3,A,Correction on IE SRS-CarrierSwitching,18.4.0
,RP-106,RP-243227,4900,3,A,Correction for CFRA configuration due to PRACH partitioning,18.4.0
,RP-106,RP-243233,4901,3,F,Correction for Paging monitoring during SDT [CG-SDT-Enh],18.4.0
,RP-106,RP-243231,4940,2,F,RRC correction on NR sidelink positioning,18.4.0
,RP-106,RP-243232,4976,1,F,Co-configuration of random/partial-sensing resource selection and Co-Ex,18.4.0
,RP-106,RP-243227,4978,2,A,Corrections on the L2 U2N Remote UE measurement,18.4.0
,RP-106,RP-243229,4986,2,F,Miscellaneous corrections for Rel-18 SON/MDT,18.4.0
,RP-106,RP-243232,4994,2,F,Miscellaneous CR for Rel-18 SL relay enhancement,18.4.0
,RP-106,RP-243224,4998,1,A,Correction to unified TCI signalling,18.4.0
,RP-106,RP-243226,5002,1,A,Misc RRC corrections for SL enhancements,18.4.0
,RP-106,RP-243229,5006,3,F,Correction to the musim-AffectedBandsList and musim-AvoidedBandsList,18.4.0
,RP-106,RP-243224,5010,1,A,Correction on UE behavior of setting failedPSCellId,18.4.0
,RP-106,RP-243228,5011,2,F,Network energy savings for NR rapporteur RRC CR,18.4.0
,RP-106,RP-243219,5013,1,B,Introduction of new capability for intra-band EN-DC channel spacing [Intra-Band_EN-DC_Channelspacing],18.4.0
,RP-106,RP-243218,5015,2,A,Correction on UE capabilities for TCI state indication,18.4.0
,RP-106,RP-243228,5016,2,F,Clarification of MeasurementTimingConfiguration use,18.4.0
,RP-106,RP-243225,5025,2,A,Corrections on measurement gap configuration,18.4.0
,RP-106,RP-243231,5030,2,F,Correction of Enhancement on NR QoE management and optimizations for diverse services,18.4.0
,RP-106,RP-243224,5045,2,A,Correction on IE perRAInfoList for SCGFailureInformation,18.4.0
,RP-106,RP-243232,5048,2,F,RRC correction on NR SL U2U relay operation,18.4.0
,RP-106,RP-243222,5060,3,A,RRC correction on sl-X-Overhead field description of SL-ResourcePool,18.4.0
,RP-106,RP-243231,5061,2,F,Miscellaneous RRC Positioning Correction,18.4.0
,RP-106,RP-243229,5062,2,F,Correction on the idc-TDM-AssistanceConfig,18.4.0
,RP-106,RP-243233,5065,1,F,Supporting R17 early implementation of R18 measurement gap enhancements,18.4.0
,RP-106,RP-243224,5069,3,A,Correction on PHR for mTRP PUSCH repetition,18.4.0
,RP-106,RP-243225,5076,2,A,Corrections to NR NTN (R18),18.4.0
,RP-106,RP-243230,5077,2,F,Correction on applicable BWP for multi-cell scheduling,18.4.0
,RP-106,RP-243232,5081,1,F,Clarification for ul-DataSplitThreshold setting in multi-path relay,18.4.0
,RP-106,RP-243230,5083,2,F,Miscellaneous non-controversial corrections Set XXIII,18.4.0
,RP-106,RP-243227,5087,1,A,Miscellaneous CR for Rel-17 SL relay,18.4.0
,RP-106,RP-243222,5091,1,A,Correction to missing NR-DC parameters branches,18.4.0
,RP-106,RP-243225,5093,1,A,Clarification on determining about to start sessions,18.4.0
,RP-106,RP-243219,5095,3,F,Correction on UE capability for multi-carrier enhancements,18.4.0
,RP-106,RP-243230,5096,3,F,Misc RRC corrections for feMob,18.4.0
,RP-106,RP-243229,5097,1,F,Paging clarification for MBS,18.4.0
,RP-106,RP-243226,5102,1,A,Correction on spatial relation info in SRS configuration (R18),18.4.0
,RP-106,RP-243229,5105,1,F,Correction on logging PSCell identity,18.4.0
,RP-106,RP-243231,5106,1,F,Correction for UE indicating its preference TX/RX frequencies for sidelink positioning in SUI,18.4.0
,RP-106,RP-243227,5108,1,A,Correction of maxSI messages [SI-SCHEDULING],18.4.0
,RP-106,RP-243230,5112,1,F,Clarifications on cell barring behaviour [2Rx_XR_Device] [EM_Call_Exemption],18.4.0
,RP-106,RP-243227,5113,1,A,Introduction of network signalling of maximum number of UL segments [Max-RRC-SegUL],18.4.0
,RP-106,RP-243230,5120,2,F,Miscellaneous updates for Rel-18 WIs,18.4.0
,RP-106,RP-243232,5125,2,F,Corrections on RRC SRAP configuration for L2 U2U,18.4.0
,RP-106,RP-243229,5126,1,F,NR-U related RA information in SCGFailureInformation,18.4.0
,RP-106,RP-243229,5134,1,F,Clarification on group paging procedure,18.4.0
,RP-106,RP-243229,5135,-,F,Correction on SPR content determination,18.4.0
,RP-106,RP-243229,5138,1,F,Correction on logging RSSI measurements in RLF report and SHR,18.4.0
,RP-106,RP-243226,5140,-,A,Correction on SL DRX parameters,18.4.0
,RP-106,RP-243224,5145,1,A,Correction for RA resource information in RA-report,18.4.0
,RP-106,RP-243228,5146,2,F,Miscellaneous corrections for NES,18.4.0
,RP-106,RP-243233,5149,2,F,Correction on Band Selection and Cell Barring for Aerial UEs,18.4.0
,RP-106,RP-243231,5150,2,F,Correction for positioning SRS CA in RRC_INACTIVE,18.4.0
,RP-106,RP-243233,5152,1,F,Correction to RRC for CG-SDT enhancement [CG-SDTenh],18.4.0
,RP-106,RP-243229,5153,3,F,Multicast reception after reselection to cell with MCCH,18.4.0
,RP-106,RP-243221,5158,1,A,Corrections to smtc configuration,18.4.0
,RP-106,RP-243233,5161,1,F,Miscellaneous corrections on NTN in FR2 bands,18.4.0
,RP-106,RP-243218,5162,2,A,Guidelines on implementing FRx/xDD differentiation in per UE capability,18.4.0
,RP-106,RP-243231,5165,1,F,Sidelink RRC Positioning Correction,18.4.0
,RP-106,RP-243233,5170,2,F,Correction on deprioritisationTimer,18.4.0
,RP-106,RP-243231,5174,1,F,RRC correction on NR sidelink positioning,18.4.0
,RP-106,RP-243232,5175,1,F,Corrections for U2U relay measurements,18.4.0
,RP-106,RP-243231,5179,1,F,Miscellaneous correction on QoE measurement,18.4.0
,RP-106,RP-243229,5187,1,F,Correction on the Less than 5M Bandwidth,18.4.0
,RP-106,RP-243224,5188,1,A,Correction on PSCell mobility history information,18.4.0
,RP-106,RP-243228,5189,2,F,Clarification on the unit of offsetThresholdTA-r18 for ATG,18.4.0
,RP-106,RP-243229,5190,1,F,Rapporteur correction on multicast MCCH,18.4.0
,RP-106,RP-243229,5191,-,F,Correction on multicast reception in RRC_INACTIVE upon paging,18.4.0
,RP-106,RP-243229,5194,1,F,Correction on Group Paging Handling,18.4.0
,RP-106,RP-243232,5197,1,F,Corrections on the Terminology of Peer UE,18.4.0
,RP-106,RP-243230,5198,-,F,Scope of interFreqL1-MeasConfig-r18,18.4.0
03/2025,RP-107,RP-250658,5110,1,A,Clarification for IDC solutions of logged MDT (Rel-18),18.5.0
,RP-107,RP-250661,5199,1,F,Introduction of RRC parameters for 8-port CG-PUSCH,18.5.0
,RP-107,RP-250661,5200,1,F,Correction to applied TCI state for mTRP PDCCH reception,18.5.0
,RP-107,RP-250662,5201,1,F,RRC Sidelink Positioning Correction,18.5.0
,RP-107,RP-250661,5202,1,F,Clarification on the terminology of new cell,18.5.0
,RP-107,RP-250660,5203,1,F,Corrections on SPR determination,18.5.0
,RP-107,RP-250662,5205,2,F,Corrections on activation of non-preconfigured SRS with the type of semi-persistent,18.5.0
,RP-107,RP-250663,5208,1,F,Correction to SidelinkUEInformationNR setting,18.5.0
,RP-107,RP-250658,5218,1,A,Correction to smtc2,18.5.0
,RP-107,RP-250661,5219,2,F,Correction on TDD UL/DL Configuration for Two TA,18.5.0
,RP-107,RP-250658,5224,2,A,Corrections to NTN SMTC configuration,18.5.0
,RP-107,RP-250662,5225,1,F,Miscellaneous corrections for QoE report,18.5.0
,RP-107,RP-250662,5230,1,F,Correction to sidelinkUEInformation for SL-PRS shared resource pool,18.5.0
,RP-107,RP-250662,5232,1,F,Corrections on QoE,18.5.0
,RP-107,RP-250661,5233,2,F,Clarification on determining the cell in which Multicast was configured in RRC_CONNECTED,18.5.0
,RP-107,RP-250660,5234,2,F,Miscellaneous corrections for SON/MDT,18.5.0
,RP-107,RP-250661,5236,1,F,Miscellaneous non-controversial corrections Set XXIV,18.5.0
,RP-107,RP-250662,5238,3,A,Corrections to ntn-PolarizationUL,18.5.0
,RP-107,RP-250663,5242,1,F,Corrections for Rel-18 SL relay,18.5.0
,RP-107,RP-250658,5246,-,A,Correction on UE capability check when logging last HO type,18.5.0
,RP-107,RP-250658,5248,3,A,Clarification on Inclination value description,18.5.0
,RP-107,RP-250661,5251,1,A,Configuration of UL power control in unified TCI framework,18.5.0
,RP-107,RP-250660,5253,1,F,Correction on SIB22 broadcasting status,18.5.0
,RP-107,RP-250662,5255,-,F,SL-Carrierfailure indication correction,18.5.0
,RP-107,RP-250661,5260,-,F,Correction on pusch-DMRS8Tx-r18,18.5.0
,RP-107,RP-250658,5262,1,A,UE Capability for SCell activation with TCI activation configuration,18.5.0
,RP-107,RP-250662,5264,1,F,Clarification to UL RRC segmentation,18.5.0
,RP-107,RP-250660,5268,1,F,Correction on the Less than 5M Configuration,18.5.0
,RP-107,RP-250660,5269,-,F,Correction to the MUSIM Timer Processing for the Reconfiguration with Sync Case,18.5.0
,RP-107,RP-250663,5270,1,F,Correction to PC5 RLC channel handling,18.5.0
,RP-107,RP-250660,5271,1,F,Corrections on MUSIM gap,18.5.0
,RP-107,RP-250661,5274,1,F,Addition of missing need code in NZP-CSI-RS-Resource,18.5.0
,RP-107,RP-250659,5275,-,A,Corrections on SRB4,18.5.0
,RP-107,RP-250659,5278,3,A,Clarification on rrc-MaxCapaSegAllowed [Max-RRC-SegUL],18.5.0
,RP-107,RP-250661,5279,-,F,Miscellaneous RRC corrections for feMob,18.5.0
,RP-107,RP-250661,5280,-,F,Dummy the capability bit nonDRB-NCR-r18,18.5.0
,RP-107,RP-250655,5281,-,B,Capability updates for RAN1 feature list,18.5.0
,RP-107,RP-250662,5282,2,F,Correction to VSAT UE capability report,18.5.0
,RP-107,,,,,Added ASN.1 colouring,18.5.1
06/2025,RP-108,RP-251694,5104,3,F,Correction on NW restriction for dedicated SL-PRS resource pool,18.6.0
,RP-108,RP-251693,5213,2,A,Correction on SCS and CP configuration in RedCap-specific initial BWP,18.6.0
,RP-108,RP-251695,5284,2,F,Correction for cell barring for NES CellDTX-DRX UEs,18.6.0
,RP-108,RP-251694,5285,2,F,Handling of the default SRB configuration upon LTM execution,18.6.0
,RP-108,RP-251692,5287,2,A,Usage of msg3-transmitPrecoder,18.6.0
,RP-108,RP-251695,5291,1,F,Corrections on simultaneousU-TCI-UpdateListx and RACH-ConfigTwoTA,18.6.0
,RP-108,RP-251695,5292,2,F,Correction to PC5 RLC Channel Release,18.6.0
,RP-108,RP-251696,5294,2,F,Adding enabledDefaultBeamForMultiCellScheduling,18.6.0
,RP-108,RP-251690,5297,1,A,Correction to nrofCandidates-CI for DCI format 2_4,18.6.0
,RP-108,RP-251689,5301,2,A,Correction on number of NZP CSI-RS resources,18.6.0
,RP-108,RP-251694,5302,4,F,Correction on the maximum number of SSB rsources for L1 measurement without gaps in LTM,18.6.0
,RP-108,RP-251697,5304,2,F,Correction on timeSinceSHR in SHR report,18.6.0
,RP-108,RP-251688,5305,4,F,Capability coordination for LTM,18.6.0
,RP-108,RP-251696,5310,3,F,Miscellaneous non-controversial corrections Set XXV,18.6.0
,RP-108,RP-251694,5313,2,F,RRC Sidelink Positioning Correction,18.6.0
,RP-108,RP-251695,5314,2,F,Correction to Rel-18 NR NTN CHO with only location/time-based trigger,18.6.0
,RP-108,RP-251694,5321,3,F,Correction on sl-PRS-ResourcePoolID for SL-PRS CG,18.6.0
,RP-108,RP-251697,5322,1,F,Correction on logging intendedSIBs,18.6.0
,RP-108,RP-251688,5327,3,F,Correction on SRS capability reporting,18.6.0
,RP-108,RP-251692,5329,2,A,Slot aggregation configuration with multi-PUSCH,18.6.0
,RP-108,RP-251695,5330,2,F,Correction on sidelink RRC specification,18.6.0
,RP-108,RP-251695,5331,2,F,Correction on sidelink relay RRC specification,18.6.0
,RP-108,RP-251694,5332,3,F,Handling of PUCCH resources for L1 LTM reports at TAT expiry,18.6.0
,RP-108,RP-251694,5334,3,F,Corrections on eEMR/IMR and LTM L2 Reset/UE-based TA measurement,18.6.0
,RP-108,RP-251695,5335,2,F,Clarification on ssb-TimeOffset,18.6.0
,RP-108,RP-251694,5336,-,F,Correction on condition-based IUC for shared SL-PRS resource pool,18.6.0
,RP-108,RP-251694,5338,1,F,Corrections on RRC connection resume procedure initiated by activation or configuration of positioning SRS,18.6.0
,RP-108,RP-251697,5339,-,F,Corrections on SPR configuration,18.6.0
,RP-108,RP-251692,5341,1,A,Correction on SHR determination procedure,18.6.0
,RP-108,RP-251695,5348,-,F,Correction to RRC spec for retx-less CG,18.6.0
,RP-108,RP-251694,5353,1,F,Correction on SL positioning DCI format,18.6.0
,RP-108,RP-251696,5355,1,F,Corrections for MUSIM gap,18.6.0
,RP-108,RP-251688,5359,1,F,Correction on SL positioning UE capability,18.6.0
,RP-108,RP-251696,5364,1,F,Type clarification for UE requirements associated with nonCollocatedTypeMRDC and nonCollocatedTypeNR-CA,18.6.0
,RP-108,RP-251695,5368,1,F,Correction to epre-Ratio field description,18.6.0
,RP-108,RP-251697,5369,1,F,Correction on ra-InformationCommon logging in RLF-Report,18.6.0
,RP-108,RP-251697,5370,-,F,Corrections on PCell information in SPR,18.6.0
,RP-108,RP-251695,5375,1,F,Correction on terminology of local ID pair list,18.6.0
,RP-108,RP-251697,5381,-,F,Correction on areaConfiguration,18.6.0
,RP-108,RP-251694,5383,-,F,Handling of radio and RLC bearers at LTM cell switch execution in NR-DC,18.6.0
,RP-108,RP-251695,5386,1,F,(R18)Introduction of additionalSpectrumEmission in SL,18.6.0
,RP-108,RP-251692,5388,1,A,Correction to rsrp-ThresholdSSB threshold,18.6.0
,RP-108,RP-251689,5394,2,A,Correction on servingCellMO configuration for SSB-less SCell,18.6.0
09/2025,RP-109,RP-252769,5366,5,F,Corrections on eventD1/D2 and condEventD1/D2/T1,18.7.0
,RP-109,RP-252769,5372,2,F,Clarification on reference point for hard satellite switch with resynchronization,18.7.0
,RP-109,RP-252768,5398,-,F,Correction on NR Sidelink measurements based on SL-PRS,18.7.0
,RP-109,RP-252769,5401,1,F,Correction on the configuration of the joint TCI for multi-cell scheduling,18.7.0
,RP-109,RP-252768,5409,4,F,Correction to delivery of posSIB segments by dedicated signalling in RRC_CONNECTED,18.7.0
,RP-109,RP-252769,5413,2,F,Correction on field description of sl-CapabilityInformationSidelink for U2U Relay,18.7.0
,RP-109,RP-252768,5425,1,F,Miscellaneous corrections on NR positioning enhancements,18.7.0
,RP-109,RP-252769,5436,2,F,Clarification on RRC procedure delay for BWP switching,18.7.0
,RP-109,RP-252769,5438,2,F,Correction on uplink power control for Type-1 CG-PUSCH [PL RS Type 1 CG],18.7.0
,RP-109,RP-252767,5440,1,A,Correction on configured grant power control in unified TCI framework,18.7.0
,RP-109,RP-252769,5447,1,F,Clarification to musim-AffectedBandsList,18.7.0
,RP-109,RP-252769,5449,1,F,Correction to multi-Rx preference reporting,18.7.0
,RP-109,RP-252766,5453,1,A,Correction on previousPCellId in RLF report,18.7.0
,RP-109,RP-252768,5454,-,F,Correction on procedual text for successPSCell-Config,18.7.0
,RP-109,RP-252768,5456,-,F,Correction to startPreambleForThisPartition and numberOfPreamblesPerSSB-ForThisPartition in RA-report,18.7.0
,RP-109,RP-252768,5462,-,F,Correction to reportQuantity,18.7.0
,RP-109,RP-252768,5464,1,F,Corrections on the startSFN of the UTW,18.7.0
,RP-109,RP-252832,5466,1,F,Correction on the dlRSRPAboveThreshold in RA-report,18.7.0
,RP-109,RP-252768,5467,1,F,Correction on SP Positioning SRS frequency hopping,18.7.0
,RP-109,RP-252768,5468,1,F,UE capability for support of event A4 based CHO for ATG,18.7.0
,RP-109,RP-252767,5473,-,A,Correction on Presence condition of ssbFrequency in servingCellMO for SSB-less SCell,18.7.0
09/2025,RP-109,RP-252796,5209,1,B,ProSe support in NPN [ProSe_NPN],19.0.0
,RP-109,RP-252791,5249,3,B,SSB position restrictions for less-than-5MHz SCells,19.0.0
,RP-109,RP-252797,5290,3,B,Introduction on the SRS frequency hopping for non-RedCap UE in 38331 [Pos_SRSHop],19.0.0
,RP-109,RP-252924,5308,4,B,Introduction of 7MHz channel bandwidth,19.0.0
,RP-109,RP-252796,5318,7,B,Introduction of ANR reporting of HSDN cells [ANR_HSDN],19.0.0
,RP-109,RP-252797,5373,2,B,Introduction of Multi-path Relay Enhancement [N3C_M_Relay],19.0.0
,RP-109,RP-252788,5389,2,B,Introduction of less than 5MHz in NTN,19.0.0
,RP-109,RP-252779,5395,2,B,Introduction of R19 XR enhancements for RRC spec,19.0.0
,RP-109,RP-252797,5396,1,B,SR triggered SSSG switching [SRTrig_SSSGSwitch],19.0.0
,RP-109,RP-252798,5399,1,B,Introduction of UAV mobility enhancements [UAV_Mobility],19.0.0
,RP-109,RP-252775,5400,1,B,Introduction of Rel-19 Multi-carrier enhancements,19.0.0
,RP-109,RP-252764,5403,2,B,"Introduction of Rel-19 UE capability, including [TN32HARQ], [Pos_SRSHop], [SRTrig_SSSGSwitch], [SRSCS_ULTxSwitch], [SimCSI_count], [SimCSI_countNES], [TxSwitch_R19]",19.0.0
,RP-109,RP-252798,5406,3,B,Introduction of control parameters for on-demand posSIB request [OdPosSIB_Req],19.0.0
,RP-109,RP-252798,5410,1,B,Introduction of 32 HARQ processes to TN [TN32HARQ],19.0.0
,RP-109,RP-252798,5411,2,B,Introduction of 3Tx UL switching [TxSwitch_R19],19.0.0
,RP-109,RP-252771,5414,2,B,Introduction of Rel-19 Evolution of NR duplex operation (SBFD),19.0.0
,RP-109,RP-252773,5416,2,B,Introduction of LP-WUS/WUR in RRC,19.0.0
,RP-109,RP-252796,5417,-,B,Introduction of band specific capability for paging [Per_Band_Paging_Cap],19.0.0
,RP-109,RP-252785,5419,1,B,Introduction of CSSF optimization for NR RRM Ph5,19.0.0
,RP-109,RP-252789,5421,3,B,Introduction of low NR band carrier aggregation via switching,19.0.0
,RP-109,RP-252774,5428,1,B,Introduction of enhancements for network energy efficiency,19.0.0
,RP-109,RP-252780,5429,3,B,Introduction of NR sidelink multi-hop relay,19.0.0
,RP-109,RP-252772,5437,3,B,Introduction of AIML for NR air interface,19.0.0
,RP-109,RP-252770,5441,2,B,Introduction of MIMO Phase 5,19.0.0
,RP-109,RP-252777,5443,2,B,Introduction of RRC changes for mobility enhancements phase 4,19.0.0
,RP-109,RP-252783,5446,4,B,Introduction of SONMDT features,19.0.0
,RP-109,RP-252797,5469,2,B,Introduction of redirection from NR TN to NR NTN to 38.331 [NR_TN_NTN_redir],19.0.0
,RP-109,RP-252798,5474,2,B,Introduction of UE assistance information for cell DTX/DRX [UAI_cellDTRX],19.0.0
,RP-109,RP-252808,5476,-,B,Introduction of UE capability on 6 DL MIMO layers,19.0.0
,RP-109,RP-252787,5477,1,B,Introduction of Secondary Cell Measurement Skipping for NR ATG,19.0.0
,RP-109,RP-252786,5479,-,B,Introduction of signaling support for intra-band non-collocated EN-DC/NR-CA deployment Phase 2: new receiver type(s),19.0.0
,RP-109,RP-252778,5481,-,B,Introduction of NTN Phase 3 enhancements,19.0.0
,RP-109,RP-252784,5482,-,B,Introduction of extension ratio configuration for MPR reduction,19.0.0
12/2025,RP-110,RP-253717,5484,1,A,Correction on nrPreviousCell logging in RLF report,19.1.0
,RP-110,RP-253720,5495,2,A,Correction on AdditionalSpectrumEmission in SL positioning,19.1.0
,RP-110,RP-253724,5499,3,F,Corrections to WI SBFD,19.1.0
,RP-110,RP-253716,5502,2,A,Correction on subcarrierSpacing values in IE SCS-SpecificCarrier,19.1.0
,RP-110,RP-253725,5503,4,F,Miscellaneous corrections on RRC for Rel-19 LP-WUS WUR,19.1.0
,RP-110,RP-253730,5504,4,F,Correction to RRC spec for R19 XR,19.1.0
,RP-110,RP-253741,5510,3,F,Correction on PC5 Relay RLC channel configuration,19.1.0
,RP-110,RP-253716,5517,1,A,Correction on UL Tx switching MIMO coherence capabilities,19.1.0
,RP-110,RP-253740,5530,2,B,Introducing SR resources in LTM cell switch MAC CE [LTM_enh_SR],19.1.0
,RP-110,RP-253731,5537,4,F,Corrections to WI SLRelay,19.1.0
,RP-110,RP-253717,5539,2,A,Correction to CPAC MRO,19.1.0
,RP-110,RP-253718,5541,2,A,Miscellaneous corrections on mobility enhancements,19.1.0
,RP-110,RP-253718,5544,2,A,Correction on dependency of group-based beam reporting,19.1.0
,RP-110,RP-253723,5548,3,F,Corrections for MIMO Phase 5,19.1.0
,RP-110,RP-253716,5557,1,A,Correction on setting timeSinceCHO-Reconfig when the failure is due to RLF,19.1.0
,RP-110,RP-253718,5558,3,A,Correction on the execution of SCG LTM,19.1.0
,RP-110,RP-253726,5559,3,F,Corrections for Network Energy Saving,19.1.0
,RP-110,RP-253733,5560,2,F,Corrections on SONMDT features,19.1.0
,RP-110,RP-253722,5561,4,F,Corrections to AIML for NR air interface,19.1.0
,RP-110,RP-253720,5563,2,A,Correction to SI reception by remote UE for multi path,19.1.0
,RP-110,RP-253718,5564,1,A,Corrections on validation of reported idle/inactive and reselection measurements,19.1.0
,RP-110,RP-253734,5566,-,B,Introduction of Rx BSF optimization for NR RRM Ph5,19.1.0
,RP-110,RP-253720,5568,1,A,Correction on UE capability for UTW in positioning SRS frequency hopping in 38331-r19,19.1.0
,RP-110,RP-253716,5573,1,A,Correction on previousPSCellId in SCGFailureInformation,19.1.0
,RP-110,RP-253740,5574,2,F,[S058][B002] Correction to TN to NTN redirection [NR_TN_NTN_redir],19.1.0
,RP-110,RP-253716,5583,-,A,Correction on uac-BarringFactorForAI3 absence case [MINT],19.1.0
,RP-110,RP-253719,5585,2,A,Correction on NCD-SSB based RACH-less HO [RACH-lessHO],19.1.0
,RP-110,RP-253719,5586,1,A,Correction on pdcp-Config for SRB4 and SRB5,19.1.0
,RP-110,RP-253740,5587,1,B,Introduction of early CSI acquisition for L3 handover [EarlyCSI_L3HO],19.1.0
,RP-110,RP-253744,5590,2,B,"Updates of Rel-19 UE capability, including [Simul_SRSCS], [Common_PDCCH_rep_TN], [Pos_SRSHop]",19.1.0
,RP-110,RP-253718,5592,1,A,Misc corrections for LTM and SCPAC,19.1.0
,RP-110,RP-253728,5593,2,F,Corrections on RRC for mobility enhancements Phase 4,19.1.0
,RP-110,RP-253741,5594,3,F,Clarification of SSB-less SCell,19.1.0
,RP-110,RP-253741,5597,1,F,Miscellaneous non-controversial corrections Set XXVI,19.1.0
,RP-110,RP-253717,5599,1,A,Correction on SPR triggering threshold,19.1.0
,RP-110,RP-253716,5602,1,A,Clarification on TA report in NR NTN,19.1.0
,RP-110,RP-253740,5604,2,B,NR-NTN to NB-IoT NTN Cell Selection [IoT_NR_NTN_CellSelect],19.1.0
,RP-110,RP-253721,5606,-,A,Correction on uplink power control for Type-1 CG-PUSCH [PL RS Type 1 CG],19.1.0
,RP-110,RP-253716,5609,2,A,Clarification on Epoch time of neighbour cells,19.1.0
,RP-110,RP-253720,5612,1,A,Correction on measurement results in indirect path failure information,19.1.0
,RP-110,RP-253740,5615,-,B,Adding Mobility State in RRC_CONNECTED [SpeedStatePars],19.1.0
,RP-110,RP-253744,5618,2,F,Corrections on eventD2 (Rel-19),19.1.0
,RP-110,RP-253719,5619,1,A,Correction on QoE reporting,19.1.0
,RP-110,RP-253719,5622,-,A,Clarification of supported band pairs for UL TX switching,19.1.0
,RP-110,RP-253729,5627,2,F,Further corrections to NR NTN Phase 3,19.1.0
03/2026,RP-111,RP-260666,5623,3,A,Correction on NCR-RNTI configuration,19.2.0
,RP-111,RP-260668,5630,-,F,Corrections to WI SBFD,19.2.0
,RP-111,RP-260664,5633,2,A,Corrections on EphemerisInfo orbital parameters in NR NTN,19.2.0
,RP-111,RP-260667,5635,1,F,Rapporteur CR for RRC spec in R19 XR,19.2.0
,RP-111,RP-260667,5636,1,F,Miscellaneous corrections on RRC for Rel-19 LP-WUS WUR,19.2.0
,RP-111,RP-260666,5640,1,A,Correction on the description of ssb-Ncell,19.2.0
,RP-111,RP-260668,5642,1,F,Corrections for Multihop SLRelay,19.2.0
,RP-111,RP-260665,5646,1,A,Correction on the release of RAN visible QoE configuration,19.2.0
,RP-111,RP-260668,5652,-,B,Introduction of FR1-NTN terminology,19.2.0
,RP-111,RP-260666,5656,1,A,Correction on the bandwidth of positioning SRS frequency hopping,19.2.0
,RP-111,RP-260674,5659,1,F,Corrections on UE capabilities for R1/4 features,19.2.0
,RP-111,RP-260668,5662,1,F,Miscellaneous and non-controversial changes for SON-MDT,19.2.0
,RP-111,RP-260667,5663,1,F,RRC Rapporteur corrections for mobility,19.2.0
,RP-111,RP-260666,5666,2,A,Miscellaneous non-controversial corrections Set XXVII,19.2.0
,RP-111,RP-260668,5672,1,F,Corrections for Network Energy Saving,19.2.0
,RP-111,RP-260665,5675,1,A,Correction for UL full power control,19.2.0
,RP-111,RP-260667,5678,1,F,RRC Rapporteur Corrections to AI/ML for NR air interface,19.2.0
,RP-111,RP-260667,5682,1,F,Miscellaneous correction for NR NTN Phase 3,19.2.0
,RP-111,RP-260663,5685,1,A,Correction on disaster roaming access barring check for emergency call [MINT],19.2.0
,RP-111,RP-260668,5686,-,F,Corrections for MIMO Phase 5,19.2.0
,RP-111,RP-260670,5688,1,F,Correction to NTN-NTN redirection [NR_TN_NTN_redir],19.2.0
