E-UTRA CA configuration / Bandwidth combination set,,,,,,,,,,
E-UTRA CA Configuration,Uplink CA configurations (NOTE 5),E-UTRA Bands,1.4MHz,3MHz,5MHz,10MHz,15MHz,20MHz,Maximum aggregated bandwidth[MHz],Bandwidth combination set
CA_1A-3A-5A,CA_1A-3ACA_1A-5A6CA_3A-5A,1,,,Yes,Yes,Yes,Yes,50,0
,,3,,,Yes,Yes,Yes,Yes,,
,,5,,,Yes,Yes,,,,
,,1,,,Yes,Yes,,,40,1
,,3,,,Yes,Yes,Yes,Yes,,
,,5,,,Yes,Yes,,,,
CA_1A-1A-3A-5A,-,1,See CA_1A-1A Bandwidth Combination Set 0 in Table 5.6A.1-3,,,,,,70,0
,,3,,,Yes,Yes,Yes,Yes,,
,,5,,,Yes,Yes,,,,
CA_1A-1A-3C-5A,CA_1A-3ACA_1A-5ACA_3A-5A,1,See CA_1A-1A Bandwidth Combination Set 0 in Table 5.6A.1-3,,,,,,90,0
,,3,See CA_3C Bandwidth combination set 0 in table 5.6A.1-1,,,,,,,
,,5,,,Yes,Yes,,,,
CA_1A-3A-3A-5A,-,1,,,Yes,Yes,Yes,,65,0
,,3,See CA_3A-3A Bandwidth Combination Set 0 in Table 5.6A.1-3,,,,,,,
,,5,,,Yes,Yes,,,,
CA_1C-3A-5A,-,1,See CA_1C Bandwidth combination set 0 in Table 5.6A.1-1,,,,,,70,0
,,3,,,Yes,Yes,Yes,Yes,,
,,5,,,Yes,Yes,,,,
CA_1A-3A-3A-7A-7A,CA_1A-3ACA_1A-7ACA_3A-7A,1,,,Yes,Yes,Yes,Yes,100,0
,,3,See the CA_3A-3A Bandwidth combination set 0 in Table below,,,,,,,
,,7,See the CA_7A-7A Bandwidth combination set 1 in Table below,,,,,,,
CA_1A-3C-5A,-,1,,,Yes,Yes,Yes,Yes,70,0
,,3,See CA_3C Bandwidth combination set 0 in Table 5.6A.1-1,,,,,,,
,,5,,,Yes,Yes,,,,
CA_1A-3A-7A,CA_1A-3ACA_1A-7ACA_3A-7A,1,,,Yes,Yes,Yes,Yes,60,0
,,3,,,Yes,Yes,Yes,Yes,,
,,7,,,,Yes,Yes,Yes,,
,,1,,,Yes,Yes,Yes,Yes,60,1
,,3,,,Yes,Yes,Yes,Yes,,
,,7,,,Yes,Yes,Yes,Yes,,
CA_1A-1A-3A-7A,CA_1A-3ACA_1A-7ACA_3A-7A,1,See CA_1A-1A Bandwidth Combination Set 0 in Table 5.6A.1-3,,,,,,80,0
,,3,,,Yes,Yes,Yes,Yes,,
,,7,,,Yes,Yes,Yes,Yes,,
CA_1A-1A-3A-3A-7A,CA_1A-3ACA_1A-7ACA_3A-7A,1,See the CA_1A-1A Bandwidth combination set 0 in the Table 5.6A.1-3,,,,,,100,0
,,3,See the CA_3A-3A Bandwidth combination set 0 in the Table 5.6A.1-3,,,,,,,
,,7,,,Yes,Yes,Yes,Yes,,
CA_1A-1A-3A-7A-7A,CA_1A-3ACA_1A-7ACA_3A-7A,1,See CA_1A-1A Bandwidth Combination Set 0 in Table 5.6A.1-3,,,,,,100,0
,,3,,,Yes,Yes,Yes,Yes,,
,,7,See CA_7A-7A Bandwidth Combination Set 1 in Table 5.6A.1-3,,,,,,,
CA_1A-3A-3A-7A,CA_1A-3ACA_1A-7ACA_3A-7A,1,,,Yes,Yes,Yes,Yes,80,0
,,3,See the CA_3A-3A Bandwidth combination set 0 in the Table 5.6A.1-3,,,,,,,
,,7,,,Yes,Yes,Yes,Yes,,
CA_1A-1A-3A-3A-7C,CA_7C,1,See CA_1A-1A Bandwidth Combination Set 0 in Table 5.6A.1-3,,,,,,120,0
,,3,See CA_3A-3A Bandwidth Combination Set 0 in Table 5.6A.1-3,,,,,,,
,,7,See CA_7C Bandwidth combination set 2 in Table 5.6A.1-1 of 36.101,,,,,,,
CA_1A-3A-3A-7C,CA_7C,1,,,Yes,Yes,Yes,Yes,100,0
,,3,See CA_3A-3A Bandwidth Combination Set 0 in Table 5.6A.1-3,,,,,,,
,,7,See CA_7C Bandwidth combination set 2 in Table 5.6A.1-1,,,,,,,
CA_1A-3A-7A-7A,CA_1A-3ACA_1A-7ACA_3A-7A,1,,,Yes,Yes,Yes,Yes,80,0
,,3,,,Yes,Yes,Yes,Yes,,
,,7,See CA_7A-7A Bandwidth Combination Set 3 in Table 5.6A.1-3,,,,,,,
,,1,,,Yes,Yes,Yes,Yes,80,1
,,3,,,Yes,Yes,Yes,Yes,,
,,7,See CA_7A-7A Bandwidth Combination Set 1 in Table 5.6A.1-3,,,,,,,
CA_1A-3A-7C,CA_1A-3A CA_1A-7A CA_3A-7A CA_7C,1,,,Yes,Yes,Yes,Yes,80,0
,,3,,,,Yes,Yes,Yes,,
,,7,See CA_7C Bandwidth Combination Set 2 in Table 5.6A.1-1,,,,,,,
,,1,,,Yes,Yes,Yes,Yes,80,1
,,3,,,Yes,Yes,Yes,Yes,,
,,7,See CA_7C Bandwidth Combination Set 1 in Table 5.6A.1-1,,,,,,,
CA_1A-1A-3A-7C,CA_7C,1,See CA_1A-1A Bandwidth Combination Set 0 in Table 5.6A.1-3,,,,,,100,0
,,3,,,Yes,Yes,Yes,Yes,,
,,7,See CA_7C Bandwidth combination set 2 in Table 5.6A.1-1 of 36.101,,,,,,,
CA_1A-1A-3C-7A,CA_3C,1,See CA_1A-1A Bandwidth Combination Set 0 in Table 5.6A.1-3,,,,,,100,0
,,3,See CA_3C Bandwidth combination set 0 in Table 5.6A.1-1 of 36.101,,,,,,,
,,7,,,Yes,Yes,Yes,Yes,,
CA_1A-1A-3C-7C,CA_3CCA_7C,1,See CA_1A-1A Bandwidth Combination Set 0 in Table 5.6A.1-3,,,,,,120,0
,,3,See CA_3C Bandwidth combination set 0 in Table 5.6A.1-1 of 36.101,,,,,,,
,,7,See CA_7C Bandwidth combination set 2 in Table 5.6A.1-1 of 36.101,,,,,,,
CA_1A-3C-7A,CA_1A-3A CA_1A-7A CA_3A-7A CA_3C,1,,,Yes,Yes,Yes,Yes,80,0
,,3,See CA_3C Bandwidth Combination Set 0 in Table 5.6A.1-1,,,,,,,
,,7,,,,Yes,Yes,Yes,,
,,1,,,Yes,Yes,Yes,Yes,80,1
,,3,See CA_3C Bandwidth Combination Set 0 in Table 5.6A.1-1,,,,,,,
,,7,,,Yes,Yes,Yes,Yes,,
CA_1A-3C-7C,CA_1A-3A CA_1A-7A CA_3A-7A CA_3C CA_7C,1,,,Yes,Yes,Yes,Yes,100,0
,,3,See CA_3C Bandwidth Combination Set 0 in Table 5.6A.1-1,,,,,,,
,,7,See CA_7C Bandwidth Combination Set 1 in Table 5.6A.1-1,,,,,,,
CA_1A-3A-8A,CA_1A-3ACA_1A-8ACA_3A-8A,1,,,Yes,Yes,Yes,Yes,50,0
,,3,,,Yes,Yes,Yes,Yes,,
,,8,,Yes,Yes,Yes,,,,
,,1,,,Yes,Yes,,,40,1
,,3,,,Yes,Yes,Yes,Yes,,
,,8,,Yes,Yes,Yes,,,,
,,1,,,Yes,Yes,Yes,,40,2
,,3,,,Yes,Yes,Yes,,,
,,8,,Yes,Yes,Yes,,,,
,,1,,,Yes,Yes,Yes,Yes,50,3
,,3,,,Yes,Yes,Yes,Yes,,
,,8,,,Yes,Yes,,,,
CA_1A-3A-3A-8A,CA_1A-3ACA_1A-8ACA_3A-8A,1,,,Yes,Yes,Yes,Yes,70,0
,,3,See CA_3A-3A Bandwidth Combination Set 0 in Table 5.6A.1-3,,,,,,,
,,8,,,Yes,Yes,,,,
CA_1A-3C-8A,CA_1A-3ACA_1A-8ACA_3A-8ACA_3C,1,,,Yes,Yes,Yes,Yes,70,0
,,3,See CA_3C Bandwidth Combination Set 0 in Table 5.6A.1-1,,,,,,,
,,8,,Yes,Yes,Yes,,,,
CA_1A-3A-8B,CA_1A-3ACA_1A-8ACA_1A-8BCA_3A-8ACA_3A-8BCA_8B,1,,,Yes,Yes,Yes,Yes,60,0
,,3,,,Yes,Yes,Yes,Yes,,
,,8,See CA_8B Bandwidth Combination Set 0 in Table 5.6A.1-1,,,,,,,
CA_1A-3A-3A-8B,CA_1A-3ACA_1A-8ACA_1A-8BCA_3A-8ACA_3A-8BCA_8B,1,,,Yes,Yes,Yes,Yes,80,0
,,3,See CA_3A-3A Bandwidth Combination Set 0 in Table 5.6A.1-3,,,,,,,
,,8,See CA_8B Bandwidth Combination Set 0 in Table 5.6A.1-1,,,,,,,
CA_1A-3A-3A-42C,CA_1A-3A CA_1A-42A CA_3A-42A,1,,,Yes,Yes,Yes,Yes,100,0
,,3,See CA_3A-3A Bandwidth Combination Set 0 in Table 5.6A.1-3,,,,,,,
,,42,See CA_42C Bandwidth Combination Set 0 in Table 5.6A.1-1,,,,,,,
CA_1A-3A-11A,-,1,,,Yes,Yes,Yes,Yes,50,0
,,3,,,Yes,Yes,Yes,Yes,,
,,11,,,Yes,Yes,,,,
CA_1A-3A-18A,CA_1A-3A CA_1A-18A6 CA_3A-18A,1,,,Yes,Yes,Yes,Yes,55,0
,,3,,,Yes,Yes,Yes,Yes,,
,,18,,,Yes,Yes,Yes,,,
CA_1A-3A-19A,CA_1A-3ACA_1A-19A6CA_3A-19A,1,,,Yes,Yes,Yes,Yes,55,0
,,3,,,Yes,Yes,Yes,Yes,,
,,19,,,Yes,Yes,Yes,,,
CA_1A-3A-3A-19A,CA_1A-3ACA_1A-19A6CA_3A-19A,1,,,Yes,Yes,Yes,Yes,75,0
,,3,See CA_3A-3A Bandwidth Combination Set 0 in Table 5.6A.1-3,,,,,,,
,,19,,,Yes,Yes,Yes,,,
CA_1A-3A-20A,CA_1A-3ACA_3A-20A CA_1A-20A,1,,,Yes,Yes,Yes,Yes,60,0
,,3,,,Yes,Yes,Yes,Yes,,
,,20,,,Yes,Yes,Yes,Yes,,
CA_1A-1A-3A-20A,CA_1A-3ACA_3A-20A CA_1A-20A,1,See CA_1A-1A Bandwidth Combination Set 0 in Table 5.6A.1-3,,,,,,80,0
,,3,,,Yes,Yes,Yes,Yes,,
,,20,,,Yes,Yes,Yes,Yes,,
CA_1A-3A-3A-20A,CA_1A-3ACA_3A-20A CA_1A-20A,1,,,Yes,Yes,Yes,Yes,80,0
,,3,See CA_3A-3A Bandwidth combination set 0 in Table 5.6A.1-3,,,,,,,
,,20,,,Yes,Yes,Yes,Yes,,
CA_1A-1A-3A-3A-20A,CA_1A-3ACA_3A-20ACA_1A-20A,1,See CA_1A-1A Bandwidth Combination Set 0 in Table 5.6A.1-3,,,,,,100,0
,,3,See CA_3A-3A Bandwidth combination set 0 in Table 5.6A.1-3,,,,,,,
,,20,,,Yes,Yes,Yes,Yes,,
CA_1A-3C-20A,CA_3CCA_1A-3A,1,,,Yes,Yes,Yes,Yes,80,0
,,3,See CA_3C Bandwidth combination set 0 in Table 5.6A.1-1,,,,,,,
,,20,,,Yes,Yes,Yes,Yes,,
CA_1A-3A-21A,CA_1A-3A CA_1A-21A CA_3A-21A,1,,,Yes,Yes,Yes,Yes,55,0
,,3,,,Yes,Yes,Yes,Yes,,
,,21,,,Yes,Yes,Yes,,,
CA_1A-3A-3A-21A,CA_1A-3ACA_1A-21ACA_3A-21A,1,,,Yes,Yes,Yes,Yes,75,0
,,3,See CA_3A-3A Bandwidth Combination Set 0 in Table 5.6A.1-3,,,,,,,
,,21,,,Yes,Yes,Yes,,,
CA_1A-3A-26A,CA_1A-3ACA_1A-26ACA_3A-26A,1,,,Yes,Yes,Yes,Yes,50,0
,,3,,,Yes,Yes,Yes,Yes,,
,,26,,,Yes,Yes,,,,
,,1,,,Yes,Yes,Yes,Yes,55,1
,,3,,,Yes,Yes,Yes,Yes,,
,,26,,,Yes,Yes,Yes,,,
CA_1A-3C-26A,CA_1A-3ACA_1A-26ACA_3A-26ACA_3C,1,,,Yes,Yes,Yes,Yes,75,0
,,3,See CA_3C Bandwidth combination set 0 in Table 5.6A.1-1,,,,,,,
,,26,,,Yes,Yes,Yes,,,
CA_1A-3A-28A,CA_1A-3A CA_1A-28A CA_3A-28A6,1,,,Yes,Yes,Yes,Yes,60,0
,,3,,,Yes,Yes,Yes,Yes,,
,,28,,,Yes,Yes,Yes,Yes,,
CA_1A-3A-28C,-,1,,,Yes,Yes,Yes,Yes,70,0
,,3,,,Yes,Yes,Yes,Yes,,
,,28,See CA_28C Bandwidth combination set 0 in Table 5.6A.1-1,,,,,,,
CA_1A-1A-3A-28A,CA_1A-3ACA_1A-28ACA_3A-28A,1,See CA_1A-1A Bandwidth Combination Set 0 in Table 5.6A.1-3,,,,,,80,0
,,3,,,Yes,Yes,Yes,Yes,,
,,28,,,Yes,Yes,Yes,Yes,,
CA_1A-1A-3A-3A-28A,-,1,See CA_1A-1A Bandwidth Combination Set 0 in Table 5.6A.1-3,,,,,,100,0
,,3,See CA_3A-3A Bandwidth Combination Set 0 in Table 5.6A.1-3,,,,,,,
,,28,,,Yes,Yes,Yes,Yes,,
CA_1A-3A-3A-28A,-,1,,,Yes,Yes,Yes,Yes,80,0
,,3,See CA_3A-3A Bandwidth combination set 0 in Table 5.6A.1-3,,,,,,,
,,28,,,Yes,Yes,Yes,Yes,,
CA_1A-3C-28A,CA_3CCA_1A-3ACA_1A-28ACA_3A-28A,1,,,Yes,Yes,Yes,Yes,80,0
,,3,See CA_3C Bandwidth combination set 0 in Table 5.6A.1-1,,,,,,,
,,28,,,Yes,Yes,Yes,Yes,,
CA_1A-3C-28C,-,1,,,Yes,Yes,Yes,Yes,90,0
,,3,See CA_3C Bandwidth combination set 0 in Table 5.6A.1-1,,,,,,,
,,28,See CA_28C Bandwidth combination set 0 in Table 5.6A.1-1,,,,,,,
CA_1A-1A-3C-28A,CA_3CCA_1A-3ACA_1A-28ACA_3A-28A,1,See CA_1A-1A Bandwidth Combination Set 0 in Table 5.6A.1-3,,,,,,100,0
,,3,See CA_3C Bandwidth combination set 0 in Table 5.6A.1-1,,,,,,,
,,28,,,Yes,Yes,Yes,Yes,,
CA_1A-3A-32A,CA_1A-3A,1,,,Yes,Yes,Yes,Yes,60,0
,,3,,,Yes,Yes,Yes,Yes,,
,,32,,,Yes,Yes,Yes,Yes,,
,,1,,,Yes,Yes,Yes,Yes,,
CA_1A-3C-32A,CA_3C CA_1A-3A,3,See CA_3C Bandwidth combination set 0 in Table 5.6A.1-1,,,,,,80,0
,,32,,,Yes,Yes,Yes,Yes,,
CA_1A-3A-38A,CA_1A-3A,1,,,Yes,Yes,Yes,Yes,60,0
,,3,,,Yes,Yes,Yes,Yes,,
,,38,,,Yes,Yes,Yes,Yes,,
CA_1A-3C-38A,CA_3CCA_1A-3A,1,,,Yes,Yes,Yes,Yes,80,0
,,3,See CA_3C Bandwidth combination set 0 in Table 5.6A.1-1,,,,,,,
,,38,,,Yes,Yes,Yes,Yes,,
CA_1A-1A-3A-38A,-,1,See CA_1A-1A Bandwidth combination set 0 in Table 5.6A.1-3,,,,,,80,0
,,3,,,Yes,Yes,Yes,Yes,,
,,38,,,Yes,Yes,Yes,Yes,,
CA_1A-1A-3C-38A,-,1,See CA_1A-1A Bandwidth Combination Set 0 in Table 5.6A.1-3,,,,,,100,0
,,3,See CA_3C Bandwidth combination set 0 in table 5.6A.1-1,,,,,,,
,,38,,,Yes,Yes,Yes,Yes,,
CA_1A-3A-3A-38A,,1,,,Yes,Yes,Yes,Yes,80,0
,-,3,See CA_3A-3A Bandwidth combination set 0 in Table 5.6A.1-3,,,,,,,
,,38,,,Yes,Yes,Yes,Yes,,
CA_1A-3A-40A,CA_1A-3ACA_1A-40ACA_3A-40A,1,,,Yes,Yes,Yes,Yes,60,0
,,3,,,Yes,Yes,Yes,Yes,,
,,40,,,Yes,Yes,Yes,Yes,,
CA_1A-3A-40A-40A,CA_1A-3ACA_1A-40ACA_3A-40A,1,,,Yes,Yes,Yes,Yes,80,0
,,3,,,Yes,Yes,Yes,Yes,,
,,40,See CA_40A-40A Bandwidth Combination Set 1 in Table 5.6A.1-3,,,,,,,
CA_1A-3A-40C,CA_1A-40ACA_3A-40A,1,,,Yes,Yes,Yes,Yes,80,0
,,3,,,Yes,Yes,Yes,Yes,,
,,40,See CA_40C Bandwidth Combination Set 1 in Table 5.6A.1-1,,,,,,,
CA_1A-3A-40D,CA_1A-40ACA_3A-40A,1,,,Yes,Yes,Yes,Yes,100,0
,,3,,,Yes,Yes,Yes,Yes,,
,,40,See CA_40D Bandwidth Combination Set 0 in Table 5.6A.1-1,,,,,,,
CA_1A-3C-40A,-,1,,,Yes,Yes,Yes,Yes,80,0
,,3,See CA_3C Bandwidth Combination Set 0 in Table 5.6A.1-1,,,,,,,
,,40,,,Yes,Yes,Yes,Yes,,
CA_1A-3C-40C,-,1,,,Yes,Yes,Yes,Yes,100,0
,,3,See CA_3C Bandwidth combination set 0 in Table 5.6A.1-1,,,,,,,
,,40,See CA_40C Bandwidth combination set 1 in Table 5.6A.1-1,,,,,,,
CA_1A-3A-41A9,CA_1A-3A,1,,,Yes,Yes,Yes,Yes,60,0
,,3,,,Yes,Yes,Yes,Yes,,
,,41,,,Yes,Yes,Yes,Yes,,
CA_1A-3A-3A-41A,-,1,,,Yes,Yes,Yes,Yes,,
,,3,See CA_3A-3A Bandwidth Combination Set 0 in Table 5.6A.1-3,,,,,,80,0
,,41,,,Yes,Yes,Yes,Yes,,
CA_1A-3A-3A-41C,-,1,,,Yes,Yes,Yes,Yes,,
,,3,See CA_3A-3A Bandwidth Combination Set 0 in Table 5.6A.1-3,,,,,,80,0
,,41,See CA_41C Bandwidth Combination Set 0 in Table 5.6A.1-1,,,,,,,
CA_1A-3A-41A-41A,CA_1A-3ACA_1A-41ACA_3A-41A,1,,,Yes,Yes,Yes,Yes,80,0
,,3,,,Yes,Yes,Yes,Yes,,
,,41,See CA_41A-41A Bandwidth combination set 0 in Table 5.6A.1-3,,,,,,,
CA_1A-3A-41C9,CA_1A-3A,1,,,Yes,Yes,Yes,Yes,80,0
,,3,,,Yes,Yes,Yes,Yes,,
,,41,See CA_41C Bandwidth Combination Set 0 in Table 5.6A.1-1,,,,,,,
CA_1A-3A-41D9,CA_1A-3A,1,,,Yes,Yes,Yes,Yes,100,0
,,3,,,Yes,Yes,Yes,Yes,,
,,41,See CA_41D Bandwidth Combination Set 0 in Table 5.6A.1-1,,,,,,,
CA_1A-3A-42A,CA_1A-3A CA_1A-42A CA_3A-42A,1,,,Yes,Yes,Yes,Yes,60,0
,,3,,,Yes,Yes,Yes,Yes,,
,,42,,,Yes,Yes,Yes,Yes,,
CA_1A-3A-3A-42A,CA_1A-3A CA_1A-42A CA_3A-42A,1,,,Yes,Yes,Yes,Yes,80,0
,,3,See CA_3A-3A Bandwidth Combination Set 0 in Table 5.6A.1-3,,,,,,,
,,42,,,Yes,Yes,Yes,Yes,,
CA_1A-3A-42A-42A,-,1,,,Yes,Yes,Yes,Yes,80,0
,,3,,,Yes,Yes,Yes,Yes,,
,,42,See CA_42A-42A Bandwidth Combination Set 0 in Table 5.6A.1-3,,,,,,,
CA_1A-3A-42A-42C,-,1,,,Yes,Yes,Yes,Yes,100,0
,,3,,,Yes,Yes,Yes,Yes,,
,,42,See CA_42A-42C Bandwidth Combination Set 0 in Table 5.6A.1-3,,,,,,,
CA_1A-3A-42C,CA_1A-3A CA_1A-42ACA_1A-42CCA_3A-42ACA_3A-42CCA_42C,1,,,Yes,Yes,Yes,Yes,80,0
,,3,,,Yes,Yes,Yes,Yes,,
,,42,See CA_42C Bandwidth combination set 0 in Table 5.6A.1-1,,,,,,,
CA_1A-3A-42C-42C,-,1,,,Yes,Yes,Yes,Yes,120,0
,,3,,,Yes,Yes,Yes,Yes,,
,,42,See CA_42C-42C Bandwidth Combination Set 0 in Table 5.6A.1-3,,,,,,,
CA_1A-3A-42D,CA_1A-3ACA_1A-42ACA_3A-42ACA_1A-42CCA_3A-42C,1,,,Yes,Yes,Yes,Yes,100,0
,,3,,,Yes,Yes,Yes,Yes,,
,,42,See CA_42D Bandwidth combination set 0 in Table 5.6A.1-1,,,,,,,
CA_1A-3A-43A,-,1,,,Yes,Yes,Yes,,50,0
,,3,,,Yes,Yes,Yes,,,
,,43,,,Yes,Yes,Yes,Yes,,
CA_1A-3A-46A,-,1,,,Yes,Yes,Yes,Yes,60,0
,,3,,,Yes,Yes,Yes,Yes,,
,,46,,,,Yes,,Yes,,
,-,1,,,Yes,Yes,Yes,Yes,60,1
,,3,,,Yes,Yes,Yes,Yes,,
,,46,,,,,,Yes,,
CA_1A-3A-46C,-,1,,,Yes,Yes,Yes,Yes,80,0
,,3,,,Yes,Yes,Yes,Yes,,
,,46,See CA_46C Bandwidth Combination Set 1 in Table 5.6A.1-1,,,,,,,
,-,1,,,Yes,Yes,Yes,Yes,80,1
,,3,,,Yes,Yes,Yes,Yes,,
,,46,See CA_46C in Table 5.6A.1-1 of TS 36.101 Bandwidth Combination Set 0,,,,,,,
CA_1A-3A-46D,-,1,,,Yes,Yes,Yes,Yes,100,0
,,3,,,Yes,Yes,Yes,Yes,,
,,46,See CA_46D in Table 5.6A.1-1 of TS 36.101 Bandwidth Combination Set 0,,,,,,,
CA_1A-3A-46E,-,1,,,Yes,Yes,Yes,Yes,120,0
,,3,,,Yes,Yes,Yes,Yes,,
,,46,See CA_46E in Table 5.6A.1-1 of TS 36.101 Bandwidth Combination Set 0,,,,,,,
CA_1A-3A-71A,-,1,,,Yes,Yes,Yes,Yes,60,0
,,3,,,Yes,Yes,Yes,Yes,,
,,71,,,Yes,Yes,Yes,Yes,,
CA_1A-3C-71A,-,1,,,Yes,Yes,Yes,Yes,80,0
,,3,See CA_3C Bandwidth Combination Set 0 in Table 5.6A.1-1,,,,,,,
,,71,,,Yes,Yes,Yes,Yes,,
CA_1A-5A-40A,CA_1A-5A6,1,,,Yes,Yes,Yes,Yes,50,0
,,5,,,Yes,Yes,,,,
,,40,,,,Yes,Yes,Yes,,
CA_1A-5A-41A11,-,1,,,Yes,Yes,Yes,Yes,50,0
,,5,,,Yes,Yes,,,,
,,41,,,,,,Yes,,
CA_1A-5A-46A,CA_1A-5A6,1,,,Yes,Yes,Yes,Yes,50,0
,,5,,,Yes,Yes,,,,
,,46,,,,,,Yes,,
CA_1A-1A-5A-7A,-,1,See CA_1A-1A Bandwidth Combination Set 0 in Table 5.6A.1-3,,,,,,70,0
,,5,,,Yes,Yes,,,,
,,7,,,,Yes,Yes,Yes,,
CA_1A-5A-7A,CA_1A-5A6CA_1A-7ACA_5A-7A,1,,,Yes,Yes,,,40,0
,,5,,,Yes,Yes,,,,
,,7,,,,Yes,Yes,Yes,,
,,1,,,Yes,Yes,Yes,Yes,50,1
,,5,,,Yes,Yes,,,,
,,7,,,,Yes,Yes,Yes,,
CA_1A-5A-7A-7A,CA_1A-5A6CA_1A-7ACA_5A-7A,1,,,Yes,Yes,Yes,Yes,70,0
,,5,,,Yes,Yes,,,,
,,7,See CA_7A-7A Bandwidth Combination Set 3 in Table 5.6A.1-3,,,,,,,
CA_1A-5A-28A,-,1,,,Yes,Yes,Yes,,45,0
,,5,,,Yes,Yes,,,,
,,28,,,Yes,Yes,Yes,Yes,,
CA_1A-5A-46C,CA_1A-5A6,1,,,Yes,Yes,Yes,Yes,70,0
,,5,,,Yes,Yes,,,,
,,46,See CA_46C Bandwidth combination set 0 in Table 5.6A.1-1,,,,,,,
CA_1A-5A-46D,-,1,,,Yes,Yes,Yes,Yes,90,0
,,5,,,Yes,Yes,,,,
,,46,See CA_46D Bandwidth combination set 0 in Table 5.6A.1-1,,,,,,,
CA_1A-7A-8A,CA_1A-7A CA_1A-8ACA_7A-8A,1,,,Yes,Yes,Yes,Yes,50,0
,,7,,,,Yes,Yes,Yes,,
,,8,,,Yes,Yes,,,,
,,1,,,Yes,Yes,Yes,Yes,50,1
,,7,,,Yes,Yes,Yes,Yes,,
,,8,,,Yes,Yes,,,,
CA_1A-7A-8B,CA_1A-7ACA_1A-8ACA_1A-8BCA_7A-8ACA_7A-8BCA_8B,1,,,Yes,Yes,Yes,Yes,60,0
,,7,,,Yes,Yes,Yes,Yes,,
,,8,See CA_8B Bandwidth Combination Set 0 in Table 5.6A.1-1,,,,,,,
CA_1A-7A-7A-8A,CA_1A-7ACA_1A-8ACA_7A-8A,1,,,Yes,Yes,Yes,Yes,70,0
,,7,See CA_7A-7A Bandwidth combination set 1 in Table 5.6A.1-3,,,,,,,
,,8,,,Yes,Yes,,,,
CA_1A-7A-7A-8B,CA_1A-7ACA_1A-8ACA_1A-8BCA_7A-8ACA_7A-8BCA_8B,1,,,Yes,Yes,Yes,Yes,80,0
,,7,See CA_7A-7A Bandwidth combination set 1 in Table 5.6A.1-3,,,,,,,
,,8,See CA_8B Bandwidth Combination Set 0 in Table 5.6A.1-1,,,,,,,
CA_1A-7A-20A,CA_1A-7ACA_1A-20ACA_7A-20A,1,,,Yes,Yes,Yes,Yes,50,0
,,7,,,,Yes,Yes,Yes,,
,,20,,,Yes,Yes,,,,
,,1,,,Yes,Yes,Yes,Yes,60,1
,,7,,,,Yes,Yes,Yes,,
,,20,,,Yes,Yes,Yes,Yes,,
,,1,,,Yes,Yes,Yes,Yes,60,2
,,7,,,Yes,Yes,Yes,Yes,,
,,20,,,Yes,Yes,Yes,Yes,,
CA_1A-1A-7A-20A,CA_1A-7ACA_1A-20ACA_7A-20A,1,See CA_1A-1A Bandwidth Combination Set 0 in Table 5.6A.1-3,,,,,,80,0
,,7,,,Yes,Yes,Yes,Yes,,
,,20,,,Yes,Yes,Yes,Yes,,
CA_1A-7A-7A-20A,CA_1A-7ACA_1A-20ACA_7A-20A,1,,,Yes,Yes,Yes,Yes,80,0
,,7,See CA_7A-7A Bandwidth Combination Set 3 in Table 5.6A.1-3,,,,,,,
,,20,,,Yes,Yes,Yes,Yes,,
CA_1A-1A-7A-7A-20A,CA_1A-7ACA_1A-20ACA_7A-20A,1,See CA_1A-1A Bandwidth Combination Set 0 in Table 5.6A.1-3,,,,,,100,0
,,7,See CA_7A-7A Bandwidth Combination Set 1 in Table 5.6A.1-3,,,,,,,
,,20,,,Yes,Yes,Yes,Yes,,
CA_1A-7C-20A,CA_7C,1,,,Yes,Yes,Yes,Yes,80,0
,,7,See CA_7C Bandwidth combination set 1 in Table 5.6A.1-1,,,,,,,
,,20,,,Yes,Yes,Yes,Yes,,
CA_1A-7A-26A,CA_1A-7ACA_1A-26ACA_7A-26A,1,,,Yes,Yes,Yes,Yes,55,0
,,7,,,Yes,Yes,Yes,Yes,,
,,26,,,Yes,Yes,Yes,,,
CA_1A-7A-7A-26A,CA_1A-7A CA_1A-26A CA_7A-26A,1,,,Yes,Yes,Yes,Yes,75,0
,,7,See CA_7A-7A Bandwidth Combination Set 3 in Table 5.6A.1-3,,,,,,,
,,26,,,Yes,Yes,Yes,,,
CA_1A-7C-26A,CA_1A-7A CA_1A-26A CA_7A-26ACA_7C,1,,,Yes,Yes,Yes,Yes,75,0
,,7,See CA_7C Bandwidth combination set 2 in Table 5.6A.1-1,,,,,,,
,,26,,,Yes,Yes,Yes,,,
CA_1A-7A-28A,CA_1A-7A CA_1A-28A CA_7A-28A,1,,,Yes,Yes,Yes,Yes,55,0
,,7,,,,Yes,Yes,Yes,,
,,28,,,Yes,Yes,Yes,,,
,,1,,,Yes,Yes,Yes,Yes,60,1
,,7,,,,Yes,Yes,Yes,,
,,28,,,,Yes,Yes,Yes,,
,,1,,,Yes,Yes,Yes,Yes,60,2
,,7,,,,Yes,Yes,Yes,,
,,28,,,Yes,Yes,Yes,Yes,,
CA_1A-1A-7A-28A,-,1,See CA_1A-1A Bandwidth Combination Set 0 in Table 5.6A.1-3,,,,,,80,0
,,7,,,Yes,Yes,Yes,Yes,,
,,28,,,Yes,Yes,Yes,Yes,,
CA_1A-1A-7C-28A,CA_7C,1,See CA_1A-1A Bandwidth Combination Set 0 in Table 5.6A.1-3,,,,,,100,0
,,7,See CA_7C Bandwidth combination set 2 in Table 5.6A.1-1,,,,,,,
,,28,,,Yes,Yes,Yes,Yes,,
CA_1A-7A-7A-28A,-,1,,,Yes,Yes,Yes,Yes,80,0
,,7,See CA_7A-7A Bandwidth combination set 3 in Table 5.6A.1-3,,,,,,,
,,28,,,,Yes,Yes,Yes,,
CA_1A-7C-28A,CA_1A-7A CA_1A-28A CA_7A-28A CA_7C,1,,,Yes,Yes,Yes,Yes,80,0
,,7,See CA_7C Bandwidth Combination Set 2 in Table 5.6A.1-1,,,,,,,
,,28,,,,Yes,Yes,Yes,,
CA_1A-7A-32A,CA_1A-7A,1,,,Yes,Yes,Yes,Yes,60,0
,,7,,,,Yes,Yes,Yes,,
,,32,,,Yes,Yes,Yes,Yes,,
CA_1A-7C-32A,CA_7CCA_1A-7A,1,,,Yes,Yes,Yes,Yes,80,0
,,7,See CA_7C Bandwidth Combination Set 1 in Table 5.6A.1-1,,,,,,,
,,32,,,Yes,Yes,Yes,Yes,,
CA_1A-7A-38A16,-,1,,,Yes,Yes,Yes,Yes,60,0
,,7,,,Yes,Yes,Yes,Yes,,
,,38,,,Yes,Yes,Yes,Yes,,
CA_1A-7C-38A16,-,1,,,Yes,Yes,Yes,Yes,80,0
,,7,See CA_7C Bandwidth Combination Set 1 in Table 5.6A.1-1,,,,,,,
,,38,,,Yes,Yes,Yes,Yes,,
CA_1A-1A-7A-38A16,-,1,See CA_1A-1A Bandwidth Combination Set 0 in Table 5.6A.1-3,,,,,,80,0
,,7,,,,Yes,Yes,Yes,,
,,38,,,Yes,Yes,Yes,Yes,,
CA_1A-7A-40A,CA_1A-7ACA_1A-40ACA_7A-40A,1,,,Yes,Yes,Yes,Yes,60,0
,,7,,,,Yes,Yes,Yes,,
,,40,,,Yes,Yes,Yes,Yes,,
CA_1A-7A-40A-40A,CA_1A-7ACA_1A-40ACA_7A-40A,1,,,Yes,Yes,Yes,Yes,80,0
,,7,,,Yes,Yes,Yes,Yes,,
,,40,See CA_40A-40A Bandwidth Combination Set 1 in Table 5.6A.1-3,,,,,,,
CA_1A-7A-40C,CA_1A-7ACA_1A-40ACA_7A-40A,1,,,Yes,Yes,Yes,Yes,80,0
,,7,,,,Yes,Yes,Yes,,
,,40,See CA_40C Bandwidth combination set 1 in Table 5.6A.1-1,,,,,,,
CA_1A-7A-40D,CA_1A-7ACA_1A-40ACA_7A-40A,1,,,Yes,Yes,Yes,Yes,100,0
,,7,,,Yes,Yes,Yes,Yes,,
,,40,See CA_40D Bandwidth Combination Set 0 in Table 5.6A.1-1,,,,,,,
CA_1A-7A-42A,-,1,,,Yes,Yes,Yes,Yes,60,0
,,7,,,,Yes,Yes,Yes,,
,,42,,,Yes,Yes,Yes,Yes,,
CA_1A-7A-46A,CA_1A-7A,1,,,Yes,Yes,Yes,Yes,60,0
,,7,,,,Yes,Yes,Yes,,
,,46,,,,,,Yes,,
,,1,,,Yes,Yes,Yes,Yes,60,1
,,7,,,Yes,Yes,Yes,Yes,,
,,46,,,,,,Yes,,
CA_1A-7A-46C,CA_1A-7A,1,,,Yes,Yes,Yes,Yes,80,0
,,7,,,,Yes,Yes,Yes,,
,,46,See CA_46C Bandwidth combination set 0 in Table 5.6A.1-1,,,,,,,
,,1,,,Yes,Yes,Yes,Yes,80,1
,,7,,,Yes,Yes,Yes,Yes,,
,,46,See CA_46C in Table 5.6A.1-1 of TS 36.101 Bandwidth Combination Set 0,,,,,,,
CA_1A-7A-46D,-,1,,,Yes,Yes,Yes,Yes,100,0
,,7,,,,Yes,Yes,Yes,,
,,46,See CA_46D Bandwidth Combination Set 0 in Table 5.6A.1-1,,,,,,,
,,1,,,Yes,Yes,Yes,Yes,100,1
,,7,,,Yes,Yes,Yes,Yes,,
,,46,See CA_46D in Table 5.6A.1-1 of TS 36.101 Bandwidth Combination Set 0,,,,,,,
CA_1A-7A-46E,-,1,,,Yes,Yes,Yes,Yes,120,0
,,7,,,Yes,Yes,Yes,Yes,,
,,46,See CA_46E in Table 5.6A.1-1 of TS 36.101 Bandwidth Combination Set 0,,,,,,,
CA_1A-8A-11A,CA_1A-8ACA_1A-11ACA_8A-11A,1,,,Yes,Yes,Yes,Yes,40,0
,,8,,,Yes,Yes,,,,
,,11,,,Yes,Yes,,,,
CA_1A-8B-11A,CA_1A-8ACA_1A-11ACA_8A-11A,1,,,Yes,Yes,Yes,Yes,50,0
,,8,See the CA_8B Bandwidth combination set 0 in Table 5.6A.1-1,,,,,,,
,,11,,,Yes,Yes,,,,
CA_1A-8A-20A,CA_1A-8A,1,,,Yes,Yes,Yes,Yes,50,0
,,8,,,Yes,Yes,,,,
,,20,,,Yes,Yes,Yes,Yes,,
CA_1A-8A-28A,-,1,,,Yes,Yes,Yes,Yes,50,0
,,8,,Yes,Yes,Yes,,,,
,,28,,,Yes,Yes,Yes,Yes,,
CA_1A-8A-28C,-,1,,,Yes,Yes,Yes,Yes,60,0
,,8,,Yes,Yes,Yes,,,,
,,28,See the CA_28C Bandwidth combination set 0 in Table 5.6A.1-1,,,,,,,
CA_1A-8A-32A,-,1,,,Yes,Yes,Yes,Yes,50,0
,,8,Yes,Yes,Yes,Yes,,,,
,,32,,,Yes,Yes,Yes,Yes,,
CA_1A-8A-38A,CA_1A-8A,1,,,Yes,Yes,Yes,Yes,50,0
,,8,,,Yes,Yes,,,,
,,38,,,Yes,Yes,Yes,Yes,,
CA_1A-8A-40A,CA_1A-8A,1,,,Yes,Yes,Yes,Yes,50,0
,,8,,Yes,Yes,Yes,,,,
,,40,,,Yes,Yes,Yes,Yes,,
CA_1A-8A-40C,-,1,,,Yes,Yes,Yes,Yes,70,0
,,8,,,Yes,Yes,,,,
,,40,See CA_40C Bandwidth combination set 1 in Table 5.6A.1-1,,,,,,,
CA_1A-8A-41A,CA_1A-8ACA_1A-41ACA_8A-41A,1,,,Yes,Yes,Yes,Yes,50,0
,,8,Yes,Yes,Yes,Yes,,,,
,,41,,,Yes,Yes,Yes,Yes,,
CA_1A-8A-41C,-,1,,,Yes,Yes,Yes,Yes,70,0
,,8,,,Yes,Yes,,,,
,,41,See CA_41C Bandwidth Combination Set 0 in Table 5.6A.1-1,,,,,,,
CA_1A-8A-41A-41A,CA_1A-8ACA_1A-41ACA_8A-41A,1,,,Yes,Yes,Yes,Yes,70,0
,,8,,,Yes,Yes,,,,
,,41,See CA_41A-41A Bandwidth combination set 0 in Table 5.6A.1-3,,,,,,,
CA_1A-8A-42A,-,1,,,Yes,Yes,Yes,Yes,50,0
,,8,,,Yes,Yes,,,,
,,42,,,Yes,Yes,Yes,Yes,,
CA_1A-8A-42C,-,1,,,Yes,Yes,Yes,Yes,70,0
,,8,,,Yes,Yes,,,,
,,42,See CA_42C Bandwidth Combination Set 0 in Table 5.6A.1-1,,,,,,,
CA_1A-8A-71A,-,1,,,Yes,Yes,Yes,Yes,60,0
,,8,,,Yes,Yes,Yes,Yes,,
,,71,,,Yes,Yes,Yes,Yes,,
CA_1A-11A-18A,-,1,,,Yes,Yes,Yes,Yes,45,0
,,11,,,Yes,Yes,,,,
,,18,,,Yes,Yes,Yes,,,
,,1,,,Yes,Yes,Yes,Yes,40,1
,,11,,,Yes,Yes,,,,
,,18,,,Yes,Yes,,,,
CA_1A-11A-28A,-,1,,,Yes,Yes,Yes,Yes,50,0
,,11,,,Yes,Yes,,,,
,,28,,,Yes,Yes,Yes,Yes,,
CA_1A-11A-42A,-,1,,,Yes,Yes,Yes,Yes,50,0
,,11,,,Yes,Yes,,,,
,,42,,,Yes,Yes,Yes,Yes,,
CA_1A-11A-42C,-,1,,,Yes,Yes,Yes,Yes,70,0
,,11,,,Yes,Yes,,,,
,,42,See CA_42C Bandwidth Combination Set 0 in Table 5.6A.1-1,,,,,,,
CA_1A-18A-28A,CA_1A-18A6CA_1A-28ACA_18A-28A,1,,,Yes,Yes,Yes,Yes,45,0
,,18,,,Yes,Yes,Yes,,,
,,28,,,Yes,Yes,,,,
,,1,,,Yes,Yes,Yes,Yes,40,1
,,18,,,Yes,Yes,,,,
,,28,,,Yes,Yes,,,,
CA_1A-18A-41A,CA_1A-18ACA_1A-41ACA_18A-41A,1,,,Yes,Yes,Yes,Yes,55,0
,,18,,,Yes,Yes,Yes,,,
,,41,,,Yes,Yes,Yes,Yes,,
CA_1A-18A-41C,CA_1A-18ACA_1A-41ACA_1A-41CCA_18A-41ACA_18A-41CCA_41C,1,,,Yes,Yes,Yes,Yes,75,0
,,18,,,Yes,Yes,Yes,,,
,,41,See CA_41C Bandwidth combination set 1 in Table 5.6A.1-1 in TS36.101,,,,,,,
CA_1A-18A-42A,-,1,,,Yes,Yes,Yes,Yes,55,0
,,18,,,Yes,Yes,Yes,,,
,,42,,,Yes,Yes,Yes,Yes,,
CA_1A-18A-42C,-,1,,,Yes,Yes,Yes,Yes,75,0
,,18,,,Yes,Yes,Yes,,,
,,42,See CA_42C Bandwidth Combination Set 0 in Table 5.6A.1-1,,,,,,,
CA_1A-19A-21A,CA_1A-19A6CA_1A-21ACA_19A-21A,1,,,Yes,Yes,Yes,Yes,50,0
,,19,,,Yes,Yes,Yes,,,
,,21,,,Yes,Yes,Yes,,,
CA_1A-19A-28A,-,1,,,Yes,Yes,Yes,Yes,45,0
,,19,,,Yes,Yes,Yes,,,
,,28,,,Yes,Yes,,,,
CA_1A-19A-42A,CA_1A-19A6 CA_1A-42A CA_19A-42A6,1,,,Yes,Yes,Yes,Yes,55,0
,,19,,,Yes,Yes,Yes,,,
,,42,,,Yes,Yes,Yes,Yes,,
CA_1A-19A-42C,CA_1A-19A6CA_1A-42ACA_19A-42A6,1,,,Yes,Yes,Yes,Yes,75,0
,,19,,,Yes,Yes,Yes,,,
,,42,See CA_42C Bandwidth combination set 0 in Table 5.6A.1-1,,,,,,,
CA_1A-20A-28A12,-,1,,,Yes,Yes,Yes,Yes,60,0
,,20,,,,Yes,Yes,Yes,,
,,28,,,Yes,Yes,Yes,Yes,,
CA_1A-1A-20A-28A12,-,1,See CA_1A-1A Bandwidth combination set 0 in in Table 5.6A.1-3,,,,,,80,0
,,20,,,Yes,Yes,Yes,Yes,,
,,28,,Yes,Yes,Yes,Yes,Yes,,
CA_1A-20A-32A,-,1,,,Yes,Yes,Yes,Yes,50,0
,,20,,,Yes,Yes,,,,
,,32,,,Yes,Yes,Yes,Yes,,
CA_1A-20A-38A,CA_1A-20A,1,,,Yes,Yes,Yes,Yes,60,0
,,20,,,Yes,Yes,Yes,Yes,,
,,38,,,Yes,Yes,Yes,Yes,,
CA_1A-20A-40A,-,1,,,Yes,Yes,Yes,Yes,60,0
,,20,,,Yes,Yes,Yes,Yes,,
,,40,,,Yes,Yes,Yes,Yes,,
CA_1A-20A-40C,-,1,,,Yes,Yes,Yes,Yes,80,0
,,20,,,Yes,Yes,Yes,Yes,,
,,40,See CA_40C Bandwidth combination set 0 in Table 5.6A.1-1,,,,,,,
CA_1A-20A-41A,-,1,,,Yes,Yes,Yes,Yes,60,0
,,20,,,Yes,Yes,Yes,Yes,,
,,41,,,Yes,Yes,Yes,Yes,,
CA_1A-20A-41C,-,1,,,Yes,Yes,Yes,Yes,80,0
,,20,,,Yes,Yes,Yes,Yes,,
,,41,See CA_41C Bandwidth Combination Set 0 in Table 5.6A.1-1,,,,,,,
CA_1A-20A-42A,-,1,,,Yes,Yes,Yes,Yes,60,0
,,20,,,Yes,Yes,Yes,Yes,,
,,42,,,Yes,Yes,Yes,Yes,,
CA_1A-20A-43A,-,1,,,Yes,Yes,Yes,,40,0
,,20,,,Yes,,,,,
,,43,,,Yes,Yes,Yes,Yes,,
CA_1A-21A-28A,CA_1A-21A CA_1A-28A CA_21A-28A,1,,,Yes,Yes,Yes,Yes,45,0
,,21,,,Yes,Yes,Yes,,,
,,28,,,Yes,Yes,,,,
CA_1A-21A-42A,CA_1A-21A CA_1A-42A CA_21A-42A,1,,,Yes,Yes,Yes,Yes,55,0
,,21,,,Yes,Yes,Yes,,,
,,42,,,Yes,Yes,Yes,Yes,,
CA_1A-21A-42C,CA_1A-21ACA_1A-42ACA_21A-42A,1,,,Yes,Yes,Yes,Yes,75,0
,,21,,,Yes,Yes,Yes,,,
,,42,See CA_42C Bandwidth combination set 0 in Table 5.6A.1-1,,,,,,,
CA_1A-21A-42D,-,1,,,Yes,Yes,Yes,Yes,95,0
,,21,,,Yes,Yes,Yes,,,
,,42,See CA_42D Bandwidth combination set 0 in Table 5.6A.1-1,,,,,,,
CA_1A-28A-32A,CA_1A-28A,1,,,Yes,Yes,Yes,Yes,60,0
,,28,,,Yes,Yes,Yes,Yes,,
,,32,,,Yes,Yes,Yes,Yes,,
,,1,,,Yes,Yes,Yes,Yes,,
CA_1A-28A-38A,-,28,,,Yes,Yes,Yes,Yes,60,0
,,38,,,Yes,Yes,Yes,Yes,,
CA_1A-28A-40A,CA_1A-28ACA_1A-40ACA_28A-40A,1,,,Yes,Yes,Yes,Yes,60,0
,,28,,,Yes,Yes,Yes,Yes,,
,,40,,,Yes,Yes,Yes,Yes,,
CA_1A-28A-40A-40A,CA_1A-28ACA_1A-40ACA_28A-40A,1,,,Yes,Yes,Yes,Yes,80,0
,,28,,,Yes,Yes,Yes,Yes,,
,,40,See CA_40A-40A Bandwidth Combination Set 1 in Table 5.6A.1-3,,,,,,,
CA_1A-28A-40C,CA_1A-28ACA_1A-40ACA_28A-40A,1,,,Yes,Yes,Yes,Yes,80,0
,,28,,,Yes,Yes,Yes,Yes,,
,,40,See CA_40C Bandwidth combination set 0 in Table 5.6A.1-1,,,,,,,
CA_1A-28A-40D,CA_1A-28ACA_1A-40ACA_28A-40A,1,,,Yes,Yes,Yes,Yes,100,0
,,28,,,Yes,Yes,Yes,Yes,,
,,40,See CA_40D Bandwidth Combination Set 0 in Table 5.6A.1-1,,,,,,,
CA_1A-28A-42A,CA_1A-28A CA_1A-42A CA_28A-42A,1,,,Yes,Yes,Yes,Yes,50,0
,,28,,,Yes,Yes,,,,
,,42,,,Yes,Yes,Yes,Yes,,
CA_1A-28A-42C,CA_1A-28A CA_1A-42A CA_28A-42A,1,,,Yes,Yes,Yes,Yes,70,0
,,28,,,Yes,Yes,,,,
,,42,See CA_42C Bandwidth combination set 0 in Table 5.6A.1-1,,,,,,,
CA_1A-28A-71A,-,1,,,Yes,Yes,Yes,Yes,60,0
,,28,,,Yes,Yes,Yes,Yes,,
,,71,,,Yes,Yes,Yes,Yes,,
,,1,,,Yes,Yes,Yes,Yes,,
CA_1A-32A-38A,-,32,,,Yes,Yes,Yes,Yes,60,0
,,38,,,Yes,Yes,Yes,Yes,,
CA_1A-32A-42A,-,1,,,Yes,Yes,Yes,,55,0
,,32,,,Yes,Yes,Yes,Yes,,
,,42,,,Yes,Yes,Yes,Yes,,
CA_1A-32A-43A,-,1,,,Yes,Yes,Yes,,55,0
,,32,,,Yes,Yes,Yes,Yes,,
,,43,,,Yes,Yes,Yes,Yes,,
CA_1A-40A-41A,-,1,,,Yes,Yes,Yes,Yes,60,0
,,40,,,Yes,Yes,Yes,Yes,,
,,41,,,Yes,Yes,Yes,Yes,,
CA_1A-41A-42A10,CA_1A-42A,1,,,Yes,Yes,Yes,Yes,60,0
,,41,,,,Yes,Yes,Yes,,
,,42,,,,Yes,Yes,Yes,,
CA_1A-41A-42C10,CA_1A-42A CA_42C CA_1A-42C,1,,,Yes,Yes,Yes,Yes,80,0
,,41,,,,Yes,Yes,Yes,,
,,42,See CA_42C Bandwidth combination Set 1 in Table 5.6A.1-1,,,,,,,
CA_1A-41C-42A10,CA_1A-42A,1,,,Yes,Yes,Yes,Yes,80,0
,,41,See CA_41C Bandwidth combination Set 0 in Table 5.6A.1-1,,,,,,,
,,42,,,,Yes,Yes,Yes,,
CA_1A-41C-42C10,CA_1A-42A CA_42C CA_1A-42C,1,,,Yes,Yes,Yes,Yes,100,0
,,41,See CA_41C Bandwidth combination set 0 in Table 5.6A.1-1,,,,,,,
,,42,See CA_42C Bandwidth combination set 1 in Table 5.6A.1-1,,,,,,,
CA_1A-42A-43A,-,1,,,Yes,Yes,Yes,,55,0
,,42,,,Yes,Yes,Yes,Yes,,
,,43,,,Yes,Yes,Yes,Yes,,
CA_2A-4A-5A,CA_2A-4ACA_2A-5ACA_4A-5A,2,,,Yes,Yes,Yes,Yes,50,0
,,4,,,Yes,Yes,Yes,Yes,,
,,5,,,Yes,Yes,,,,
CA_2A-2A-4A-5A,CA_2A-5ACA_4A-5A,2,See CA_2A-2A Bandwidth Combination Set 0 in Table 5.6A.1-3,,,,,,70,0
,,4,,,Yes,Yes,Yes,Yes,,
,,5,,,Yes,Yes,,,,
CA_2A-2A-12A-66A-66A,-,2,See CA_2A-2A Bandwidth Combination Set 0 in Table 5.6A.1-3,,,,,,90,0
,,12,,,Yes,Yes,,,,
,,66,See CA_66A-66A Bandwidth Combination Set 0 in Table 5.6A.1-3,,,,,,,
CA_2A-2A-14A-66A-66A,CA_2A-14ACA_14A-66A,2,See CA_2A-2A Bandwidth Combination Set 0 in Table 5.6A.1-3,,,,,,90,0
,,14,,,Yes,Yes,,,,
,,66,See CA_66A-66A Bandwidth Combination Set 0 in Table 5.6A.1-3,,,,,,,
CA_2A-4A-5B,-,2,,,Yes,Yes,Yes,Yes,60,0
,,4,,,Yes,Yes,Yes,Yes,,
,,5,See CA_5B Bandwidth Combination Set 0 in Table 5.6A.1-1,,,,,,,
CA_2A-4A-7A,CA_2A-4A,2,,,Yes,Yes,Yes,Yes,60,0
,,4,,,Yes,Yes,Yes,Yes,,
,,7,,,Yes,Yes,Yes,Yes,,
CA_2A-4A-7A-7A,CA_2A-4A,2,,,Yes,Yes,Yes,Yes,80,0
,,4,,,Yes,Yes,Yes,Yes,,
,,7,See the CA_7A-7A Bandwidth combination set 1 in Table 5.6A.1-3,,,,,,,
CA_2A-4A-7C,-,2,,,Yes,Yes,Yes,Yes,80,0
,,4,,,Yes,Yes,Yes,Yes,,
,,7,See CA_7C Bandwidth Combination Set 1 in Table 5.6A.1-1,,,,,,,
CA_2A-4A-4A-5A,-,2,,,Yes,Yes,Yes,Yes,70,0
,,4,See CA_4A-4A Bandwidth Combination Set 0 in Table 5.6A.1-3,,,,,,,
,,5,,,Yes,Yes,,,,
CA_2A-4A-12A,CA_2A-4ACA_4A-12A,2,,,Yes,Yes,Yes,Yes,50,0
,,4,,,Yes,Yes,Yes,Yes,,
,,12,,,Yes,Yes,,,,
CA_2A-4A-12A-12A,-,2,,,Yes,Yes,Yes,Yes,50,0
,,4,,,Yes,Yes,Yes,Yes,,
,,12,See CA_12A-12A Bandwidth Combination Set 0 in Table 5.6A.1-3,,,,,,,
CA_2A-4A-12B,-,2,,,Yes,Yes,Yes,Yes,55,0
,,4,,,Yes,Yes,Yes,Yes,,
,,12,See CA_12B Bandwidth Combination Set 0 in Table 5.6A.1-1,,,,,,,
CA_2A-2A-4A-12A,-,2,See CA_2A-2A Bandwidth Combination Set 0 in Table 5.6A.1-3,,,,,,70,0
,,4,,,Yes,Yes,Yes,Yes,,
,,12,,,Yes,Yes,,,,
CA_2A-4A-4A-12A,-,2,,,Yes,Yes,Yes,Yes,70,0
,,4,See CA_4A-4A Bandwidth Combination Set 0 in Table 5.6A.1-3,,,,,,,
,,12,,,Yes,Yes,,,,
CA_2A-4A-13A,CA_2A-13ACA_4A-13A,2,,,Yes,Yes,Yes,Yes,50,0
,,4,,,Yes,Yes,Yes,Yes,,
,,13,,,,Yes,,,,
CA_2A-4A-28A,CA_2A-4ACA_2A-28ACA_4A-28A,2,,,Yes,Yes,Yes,Yes,60,0
,,4,,,Yes,Yes,Yes,Yes,,
,,28,,,Yes,Yes,Yes,Yes,,
CA_2C-4A-28A,CA_2A-4ACA_2A-28ACA_2C-28ACA_4A-28A,2,See CA_2C Bandwidth Combination Set 0 in table 5.6A.1-1,,,,,,80,0
,,4,,,Yes,Yes,Yes,Yes,,
,,28,,,Yes,Yes,Yes,Yes,,
CA_2A-4A-29A,CA_2A-4A,2,,,Yes,Yes,Yes,Yes,50,0
,,4,,,Yes,Yes,Yes,Yes,,
,,29,,,Yes,Yes,,,,
CA_2A-4A-30A,-,2,,,Yes,Yes,Yes,Yes,50,0
,,4,,,Yes,Yes,Yes,Yes,,
,,30,,,Yes,Yes,,,,
CA_2A-4A-71A,-,2,,,Yes,Yes,Yes,Yes,60,0
,,4,,,Yes,Yes,Yes,Yes,,
,,71,,,Yes,Yes,Yes,Yes,,
CA_2A-2A-4A-71A,-,2,See CA_2A-2A Bandwidth Combination Set 0 in Table 5.6A.1-3,,,,,,80,0
,,4,,,Yes,Yes,Yes,Yes,,
,,71,,,Yes,Yes,Yes,Yes,,
CA_2A-5A-7A,-,2,,,Yes,Yes,Yes,Yes,50,0
,,5,,,Yes,Yes,,,,
,,7,,,,Yes,Yes,Yes,,
CA_2A-2A-5A-7A,-,2,See CA_2A-2A Bandwidth Combination Set 0 in Table 5.6A.1-3,,,,,,70,0
,,5,,,Yes,Yes,,,,
,,7,,,Yes,Yes,Yes,Yes,,
CA_2A-5A-7A-7A,-,2,,,Yes,Yes,Yes,Yes,70,0
,,5,,,Yes,Yes,,,,
,,7,See CA_7A-7A Bandwidth Combination Set 1 in Table 5.6A.1-3,,,,,,,
CA_2A-5A-7C,-,2,,,Yes,Yes,Yes,Yes,70,0
,,5,,,Yes,Yes,,,,
,,7,See CA_7C Bandwidth Combination Set 1 in Table 5.6A.1-3,,,,,,,
CA_2A-5A-12A,-,2,,,Yes,Yes,Yes,Yes,40,0
,,5,,,Yes,Yes,,,,
,,12,,,Yes,Yes,,,,
CA_2A-2A-5A-12A,-,2,See CA_2A-2A Bandwidth Combination Set 0 in Table 5.6A.1-3,,,,,,60,0
,,5,,,Yes,Yes,,,,
,,12,,,Yes,Yes,,,,
CA_2A-5A-12A-12A,-,2,,,Yes,Yes,Yes,Yes,40,0
,,5,,,Yes,Yes,,,,
,,12,See CA_12A-12A Bandwidth Combination Set 0 in Table 5.6A.1-3,,,,,,,
CA_2A-5A-46C,-,2,,,Yes,Yes,Yes,Yes,70,0
,,5,,,Yes,Yes,,,,
,,46,See CA_46C Bandwidth Combination Set 0 in Table 5.6A.1-1,,,,,,,
CA_2A-2A-5A-66A,CA_2A-5ACA_5A-66A,2,See CA_2A-2A Bandwidth Combination Set 0 in Table 5.6A.1-3,,,,,,70,0
,,5,,,Yes,Yes,,,,
,,66,,,Yes,Yes,Yes,Yes,,
CA_2A-2A-5A-66A-66A,CA_2A-5ACA_5A-66A,2,See CA_2A-2A Bandwidth Combination Set 0 in Table 5.6A.1-3,,,,,,90,0
,,5,,,Yes,Yes,,,,
,,66,See CA_66A-66A Bandwidth Combination Set 0 in Table 5.6A.1-3,,,,,,,
CA_2A-2A-5A-66B,CA_2A-5ACA_5A-66A,2,See CA_2A-2A Bandwidth Combination Set 0 in Table 5.6A.1-3,,,,,,70,0
,,5,,,Yes,Yes,,,,
,,66,See CA_66B Bandwidth combination set 0 in Table 5.6A.1-1,,,,,,,
CA_2A-2A-5A-66C,CA_2A-5ACA_5A-66A,2,See CA_2A-2A Bandwidth Combination Set 0 in Table 5.6A.1-3,,,,,,90,0
,,5,,,Yes,Yes,,,,
,,66,See CA_66C Bandwidth combination set 0 in Table 5.6A.1-1,,,,,,,
CA_2A-2A-7A-12A,-,2,See CA_2A-2A Bandwidth combination set 0 in Table 5.6A.1-3,,,,,,70,0
,,7,,,Yes,Yes,Yes,Yes,,
,,12,,,Yes,Yes,,,,
CA_2A-2A-7A-66A,-,2,See CA_2A-2A Bandwidth Combination Set 0 in Table 5.6A.1-3,,,,,,80,0
,,7,,,Yes,Yes,Yes,Yes,,
,,66,,,Yes,Yes,Yes,Yes,,
CA_2A-2A-7A-66A-66A,-,2,See CA_2A-2A Bandwidth Combination Set 0 in Table 5.6A.1-3,,,,,,100,0
,,7,,,Yes,Yes,Yes,Yes,,
,,66,See CA_66A-66A Bandwidth Combination Set 0 in Table 5.6A.1-3,,,,,,,
CA_2A-2A-12B-66A,-,2,See CA_2A-2A Bandwidth Combination Set 0 in Table 5.6A.1-3,,,,,,75,0
,,12,See CA_12B Bandwidth Combination Set 0 in Table 5.6A.1-1,,,,,,,
,,66,,,Yes,Yes,Yes,Yes,,
CA_2A-2A-13A-66A,CA_2A-13ACA_13A-66A,2,See CA_2A-2A Bandwidth Combination Set 0 in Table 5.6A.1-3,,,,,,70,0
,,13,,,Yes,Yes,,,,
,,66,,,Yes,Yes,Yes,Yes,,
CA_2A-5A-12B,-,2,,,Yes,Yes,Yes,Yes,45,0
,,5,,,Yes,Yes,,,,
,,12,See CA_12B Bandwidth Combination Set 0 in Table 5.6A.1-1,,,,,,,
CA_2A-5A-13A,CA_2A-13A6,2,,,Yes,Yes,Yes,Yes,40,0
,,5,,,Yes,Yes,,,,
,,13,,,,Yes,,,,
CA_2A-5A-28A,-,2,,,Yes,Yes,Yes,Yes,50,0
,,5,,,Yes,Yes,,,,
,,28,,,Yes,Yes,Yes,Yes,,
CA_2A-5A-29A,-,2,,,Yes,Yes,Yes,Yes,40,0
,,5,,,Yes,Yes,,,,
,,29,,,Yes,Yes,,,,
CA_2A-5A-30A,-,2,,,Yes,Yes,Yes,Yes,40,0
,,5,,,Yes,Yes,,,,
,,30,,,Yes,Yes,,,,
CA_2A-2A-5A-30A,-,2,See CA_2A-2A Bandwidth Combination Set 0 in Table 5.6A.1-3,,,,,,60,0
,,5,,,Yes,Yes,,,,
,,30,,,Yes,Yes,,,,
CA_2C-5A-30A,-,2,See CA_2C Bandwidth combination set 0 in Table 5.6A.1-1,,,,,,60,0
,,5,,,Yes,Yes,,,,
,,30,,,Yes,Yes,,,,
CA_2A-5B-30A,-,2,,,Yes,Yes,Yes,Yes,50,0
,,5,See CA_5B Bandwidth Combination Set 0 in Table 5.6A.1-1,,,,,,,
,,30,,,Yes,Yes,,,,
CA_2C-5B-30A,-,2,See CA_2C Bandwidth combination set 0 in Table 5.6A.1-1,,,,,,70,0
,,5,See CA_5B Bandwidth combination set 0 in Table 5.6A.1-1,,,,,,,
,,30,,,Yes,Yes,,,,
CA_2A-5A-46A,-,2,,,Yes,Yes,Yes,Yes,50,0
,,5,,,Yes,Yes,,,,
,,46,,,,,,Yes,,
CA_2A-5A-46D,CA_2A-5A,2,,,Yes,Yes,Yes,Yes,90,0
,,5,,,Yes,Yes,,,,
,,46,See CA_46D Bandwidth Combination Set 0 in Table 5.6A.1-1,,,,,,,
CA_2A-5A-46E,-,2,,,Yes,Yes,Yes,Yes,110,0
,,5,,,Yes,Yes,,,,
,,46,See CA_46E Bandwidth combination set 0 in Table 5.6A.1-1,,,,,,,
CA_2A-5A-48A,CA_2A-5ACA_2A-48ACA_5A-48A,2,Yes,Yes,Yes,Yes,Yes,Yes,50,0
,,5,,,Yes,Yes,,,,
,,48,,,Yes,Yes,Yes,Yes,,
CA_2A-5A-48C,CA_2A-48ACA_5A-48ACA_2A-5A,2,Yes,Yes,Yes,Yes,Yes,Yes,70,0
,,5,,,Yes,Yes,,,,
,,48,See CA_48C Bandwidth combination set 0 in Table 5.6A.1-1,,,,,,,
CA_2A-5A-48D,CA_2A-5ACA_5A-48ACA_2A-48A,2,Yes,Yes,Yes,Yes,Yes,Yes,90,0
,,5,,,Yes,Yes,,,,
,,48,See CA_48D Bandwidth combination set 0 in Table 5.6A.1-1,,,,,,,
CA_2A-5A-66A,CA_2A-5ACA_5A-66ACA_2A-66A,2,,,Yes,Yes,Yes,Yes,50,0
,,5,,,Yes,Yes,,,,
,,66,,,Yes,Yes,Yes,Yes,,
CA_2A-5A-66A-66A,CA_2A-5ACA_5A-66ACA_2A-66A,2,,,Yes,Yes,Yes,Yes,70,0
,,5,,,Yes,Yes,,,,
,,66,See CA_66A-66A Bandwidth Combination Set 0 in Table 5.6A.1-3,,,,,,,
CA_2A-5A-5A-66A,-,2,,,Yes,Yes,Yes,Yes,60,0
,,5,See CA_5A-5A Bandwidth Combination Set 0 in Table 5.6A.1-3,,,,,,,
,,66,,,Yes,Yes,Yes,Yes,,
CA_2A-5A-5A-66A-66A,-,2,,,Yes,Yes,Yes,Yes,80,0
,,5,See CA_5A-5A Bandwidth Combination Set 0 in Table 5.6A.1-3,,,,,,,
,,66,See CA_66A-66A Bandwidth Combination Set 0 in Table 5.6A.1-3,,,,,,,
CA_2A-5B-66A-66A,CA_2A-5ACA_5A-66A,2,,,Yes,Yes,Yes,Yes,80,0
,,5,See CA_5B Bandwidth Combination Set 0 in Table 5.6A.1-1,,,,,,,
,,66,See CA_66A-66A Bandwidth Combination Set 0 in Table 5.6A.1-3,,,,,,,
CA_2A-5A-66B,CA_2A-5ACA_5A-66A,2,,,Yes,Yes,Yes,Yes,50,0
,,5,,,Yes,Yes,,,,
,,66,See CA_66B Bandwidth combination set 0 in Table 5.6A.1-1,,,,,,,
CA_2A-5A-66C,CA_2A-5ACA_5A-66A,2,,,Yes,Yes,Yes,Yes,70,0
,,5,,,Yes,Yes,,,,
,,66,See CA_66C Bandwidth combination set 0 in Table 5.6A.1-1,,,,,,,
CA_2A-5A-66D,-,2,,,Yes,Yes,Yes,Yes,90,0
,,5,,,Yes,Yes,,,,
,,66,See CA_66D Bandwidth combination set 0 in Table 5.6A.1-1,,,,,,,
CA_2A-5B-66A,CA_2A-5ACA_5A-66A,2,,,Yes,Yes,Yes,Yes,60,0
,,5,See CA_5B Bandwidth Combination Set 0 in Table 5.6A.1-1,,,,,,,
,,66,,,Yes,Yes,Yes,Yes,,
CA_2A-5B-66B,CA_2A-5ACA_5A-66A,2,,,Yes,Yes,Yes,Yes,60,0
,,5,See CA_5B Bandwidth Combination Set 0 in Table 5.6A.1-1,,,,,,,
,,66,See CA_66B Bandwidth combination set 0 in Table 5.6A.1-1,,,,,,,
CA_2A-5B-66C,CA_2A-5ACA_5A-66A,2,,,Yes,Yes,Yes,Yes,80,0
,,5,See CA_5B Bandwidth Combination Set 0 in Table 5.6A.1-1,,,,,,,
,,66,See CA_66C Bandwidth combination set 0 in Table 5.6A.1-1,,,,,,,
CA_2A-2A-5B-66A,-,2,See CA_2A-2A Bandwidth Combination Set 0 in Table 5.6A.1-3,,,,,,80,0
,,5,See CA_5B Bandwidth Combination Set 0 in Table 5.6A.1-1,,,,,,,
,,66,,,Yes,Yes,Yes,Yes,,
CA_2A-7A-12A,-,2,,,Yes,Yes,Yes,Yes,50,0
,,7,,,Yes,Yes,Yes,Yes,,
,,12,,,Yes,Yes,,,,
CA_2A-7A-12B,-,2,,,Yes,Yes,Yes,Yes,55,0
,,7,,,Yes,Yes,Yes,Yes,,
,,12,See CA_12B Bandwidth combination set 0 in Table 5.6A.1-1,,,,,,,
CA_2A-7A-13A,-,2,,,Yes,Yes,Yes,Yes,50,0
,,7,,,Yes,Yes,Yes,Yes,,
,,13,,,Yes,Yes,,,,
CA_2A-2A-7A-13A,-,2,See CA_2A-2A Bandwidth combination set 0 in Table 5.6A.1-3,,,,,,70,0
,,7,,,Yes,Yes,Yes,Yes,,
,,13,,,Yes,Yes,,,,
CA_2A-7C-13A,-,2,,,Yes,Yes,Yes,Yes,70,0
,,7,See CA_7C Bandwidth combination set 1 in Table 5.6A.1-1,,,,,,,
,,13,,,Yes,Yes,,,,
CA_2A-7A-7A-13A,-,2,,,Yes,Yes,Yes,Yes,70,0
,,7,See CA_7A-7A Bandwidth combination set 1 in Table 5.6A.1-3,,,,,,,
,,13,,,Yes,Yes,,,,
CA_2A-2A-7C-13A,-,2,See CA_2A-2A Bandwidth combination set 0 in Table 5.6A.1-3,,,,,,90,0
,,7,See CA_7C Bandwidth combination set 1 in Table 5.6A.1-1,,,,,,,
,,13,,,Yes,Yes,,,,
CA_2A-2A-7A-7A-13A,-,2,See CA_2A-2A Bandwidth combination set 0 in Table 5.6A.1-3,,,,,,90,0
,,7,See CA_7A-7A Bandwidth combination set 1 in Table 5.6A.1-3,,,,,,,
,,13,,,Yes,Yes,,,,
CA_2A-7A-26A,-,2,,Yes,Yes,Yes,Yes,Yes,55,0
,,7,,,Yes,Yes,Yes,Yes,,
,,26,,Yes,Yes,Yes,Yes,,,
CA_2A-7A-28A,-,2,,,Yes,Yes,Yes,Yes,60,0
,,7,,,Yes,Yes,Yes,Yes,,
,,28,,,Yes,Yes,Yes,Yes,,
CA_2A-7C-28A,-,2,,,Yes,Yes,Yes,Yes,80,0
,,7,See CA_7C Bandwidth Combination Set 1 in Table 5.6A.1-1,,,,,,,
,,28,,,Yes,Yes,Yes,Yes,,
CA_2A-7A-29A,-,2,,,Yes,Yes,Yes,Yes,50,0
,,7,,,,Yes,Yes,Yes,,
,,29,,,Yes,Yes,,,,
CA_2A-7C-29A,-,2,,,Yes,Yes,Yes,Yes,70,0
,,7,See CA_7C Bandwidth combination set 1 in Table 5.6A.1-1,,,,,,,
,,29,,,Yes,Yes,,,,
CA_2A-7A-7A-29A,-,2,,,Yes,Yes,Yes,Yes,70,0
,,7,See CA_7A-7A Bandwidth combination set 1 in Table 5.6A.1-3,,,,,,,
,,29,,,Yes,Yes,,,,
CA_2A-7A-30A,-,2,,,Yes,Yes,Yes,Yes,50,0
,,7,,,Yes,Yes,Yes,Yes,,
,,30,,,Yes,Yes,,,,
CA_2A-7A-38A17,-,2,,,Yes,Yes,Yes,Yes,60,0
,,7,,,Yes,Yes,Yes,Yes,,
,,38,,,Yes,Yes,Yes,Yes,,
CA_2A-7C-38A17,-,2,,,Yes,Yes,Yes,Yes,80,0
,,7,See CA_7C Bandwidth Combination Set 1 in Table 5.6A.1-1,,,,,,,
,,38,,,Yes,Yes,Yes,Yes,,
CA_2A-7A-46A,-,2,,,Yes,Yes,Yes,Yes,60,0
,,7,,,Yes,Yes,Yes,Yes,,
,,46,,,,Yes,,Yes,,
CA_2A-7A-7A-46A,-,2,,,Yes,Yes,Yes,Yes,80,0
,,7,See CA_7A-7A Bandwidth combination set 1 in table 5.6A.1-3,,,,,,,
,,46,,,,,,Yes,,
CA_2A-7A-46C,-,2,,,Yes,Yes,Yes,Yes,80,0
,,7,,,Yes,Yes,Yes,Yes,,
,,46,See CA_46C Bandwidth combination set 0 in Table 5.6A.1-1,,,,,,,
CA_2A-7A-7A-46C,-,2,,,Yes,Yes,Yes,Yes,100,0
,,7,See CA_7A-7A Bandwidth combination set 1 in table 5.6A.1-3,,,,,,,
,,46,See CA_46C Bandwidth combination set 0 in Table 5.6A.1-1,,,,,,,
CA_2A-7A-46D,-,2,,,Yes,Yes,Yes,Yes,100,0
,,7,,,Yes,Yes,Yes,Yes,,
,,46,See CA_46D Bandwidth Combination Set 0 in the Table 5.6A.1-1,,,,,,,
CA_2A-7A-7A-46D,-,2,,,Yes,Yes,Yes,Yes,120,0
,,7,See CA_7A-7A Bandwidth combination set 1 in table 5.6A.1-3,,,,,,,
,,46,See CA_46D Bandwidth Combination Set 0 in the Table 5.6A.1-1,,,,,,,
CA_2A-7A-46E,-,2,,,Yes,Yes,Yes,Yes,120,0
,,7,,,Yes,Yes,Yes,Yes,,
,,46,See the CA_46E Bandwidth combination set 0 in Table 5.6A.1-1,,,,,,,
CA_2A-7A-7A-46E,-,2,,,Yes,Yes,Yes,Yes,140,0
,,7,See CA_7A-7A Bandwidth combination set 1 in table 5.6A.1-3,,,,,,,
,,46,See the CA_46E Bandwidth combination set 0 in Table 5.6A.1-1,,,,,,,
CA_2A-7A-66A,-,2,,,Yes,Yes,Yes,Yes,60,0
,,7,,,Yes,Yes,Yes,Yes,,
,,66,,,Yes,Yes,Yes,Yes,,
CA_2A-7A-7A-66A,-,2,,,Yes,Yes,Yes,Yes,80,0
,,7,See CA_7A-7A Bandwidth combination set 1 in Table 5.6A.1-3,,,,,,,
,,66,,,Yes,Yes,Yes,Yes,,
CA_2A-7A-7A-66A-66A,-,2,,,Yes,Yes,Yes,Yes,100,0
,,7,See CA_7A-7A Bandwidth combination set 1 in Table 5.6A.1-3,,,,,,,
,,66,See CA_66A-66A Bandwidth Combination Set 0 in Table 5.6A.1-3,,,,,,,
CA_2A-7C-66A,-,2,,,Yes,Yes,Yes,Yes,80,0
,,7,See CA_7C Bandwidth combination set 1 in Table 5.6A.1-1,,,,,,,
,,66,,,Yes,Yes,Yes,Yes,,
CA_2A-7C-66A-66A,-,2,,,Yes,Yes,Yes,Yes,100,0
,,7,See CA_7C Bandwidth combination set 2 in table 5.6A.1-1,,,,,,,
,,66,See CA_66A-66A Bandwidth Combination Set 0 in Table 5.6A.1-3,,,,,,,
CA_2A-7A-66A-66A,-,2,,,Yes,Yes,Yes,Yes,80,0
,,7,,,Yes,Yes,Yes,Yes,,
,,66,See CA_66A-66A Bandwidth combination set 0 in Table 5.6A.1-3,,,,,,,
CA_2A-7A-71A,-,2,,,Yes,Yes,Yes,Yes,60,0
,,7,,,Yes,Yes,Yes,Yes,,
,,71,,,Yes,Yes,Yes,Yes,,
CA_2A-2A-7A-71A,-,2,See CA_2A-2A Bandwidth combination set 0 in Table 5.6A.1-3,,,,,,80,0
,,7,,,Yes,Yes,Yes,Yes,,
,,71,,,Yes,Yes,Yes,Yes,,
CA_2A-12A-30A,CA_2A-12A6,2,,,Yes,Yes,Yes,Yes,40,0
,,12,,,Yes,Yes,,,,
,,30,,,Yes,Yes,,,,
CA_2A-2A-12A-30A,-,2,See CA_2A-2A Bandwidth combination set 0 in Table 5.6A.1-3,,,,,,60,0
,,12,,,Yes,Yes,,,,
,,30,,,Yes,Yes,,,,
CA_2C-12A-30A,-,2,See CA_2C Bandwidth combination set 0 in Table 5.6A.1-1,,,,,,60,0
,,12,,,Yes,Yes,,,,
,,30,,,Yes,Yes,,,,
CA_2A-12A-48A,-,2,,,Yes,Yes,Yes,Yes,50,0
,,12,,,Yes,Yes,,,,
,,48,,,Yes,Yes,Yes,Yes,,
CA_2A-12A-66A,CA_2A-12ACA_2A-66ACA_12A-66A,2,,,Yes,Yes,Yes,Yes,50,0
,,12,,,Yes,Yes,,,,
,,66,,,Yes,Yes,Yes,Yes,,
,,2,,,Yes,Yes,,,40,1
,,12,,,Yes,Yes,,,,
,,66,,,Yes,Yes,Yes,Yes,,
CA_2A-2A-12A-66A,-,2,See CA_2A-2A Bandwidth Combination Set 0 in Table 5.6A.1-3,,,,,,70,0
,,12,,,Yes,Yes,,,,
,,66,,,Yes,Yes,Yes,Yes,,
CA_2A-12A-66A-66A,-,2,,,Yes,Yes,Yes,Yes,70,0
,,12,,,Yes,Yes,,,,
,,66,See CA_66A-66A Bandwidth Combination Set 0 in Table 5.6A.1-3,,,,,,,
CA_2A-12A-66C,-,2,,,Yes,Yes,Yes,Yes,70,0
,,12,,,Yes,Yes,,,,
,,66,See CA_66C Bandwidth Combination Set 0 in Table 5.6A.1-1,,,,,,,
CA_2A-12B-66A,-,2,,,Yes,Yes,Yes,Yes,55,0
,,12,See CA_12B Bandwidth Combination Set 0 in Table 5.6A.1-1,,,,,,,
,,66,,,Yes,Yes,Yes,Yes,,
CA_2A-12B-66A-66A,-,2,,,Yes,Yes,Yes,Yes,75,0
,,12,See CA_12B Bandwidth Combination Set 0 in Table 5.6A.1-1,,,,,,,
,,66,See CA_66A-66A Bandwidth Combination Set 0 in Table 5.6A.1-3,,,,,,,
CA_2A-13A-46A,CA_2A-13A,2,,,Yes,Yes,Yes,Yes,50,0
,,13,,,Yes,Yes,,,,
,,46,,,,,,Yes,,
CA_2A-13A-46C,CA_2A-13A,2,,,Yes,Yes,Yes,Yes,70,0
,,13,,,Yes,Yes,,,,
,,46,See CA_46C Bandwidth Combination Set 0 in Table 5.6A.1-1,,,,,,,
CA_2A-13A-46D,CA_2A-13A,2,,,Yes,Yes,Yes,Yes,90,0
,,13,,,Yes,Yes,,,,
,,46,See CA_46D Bandwidth Combination Set 0 in Table 5.6A.1-1,,,,,,,
CA_2A-13A-46E,CA_2A-13A,2,,,Yes,Yes,Yes,Yes,110,0
,,13,,,Yes,Yes,,,,
,,46,See CA_46E Bandwidth Combination Set 0 in Table 5.6A.1-1,,,,,,,
CA_2A-13A-46A-46D,CA_2A-13A,2,Yes,Yes,Yes,Yes,Yes,Yes,110,0
,,13,,,Yes,Yes,,,,
,,46,See CA_46A-46D Bandwidth Combination Set 0 in Table 5.6A.1-3,,,,,,,
CA_2A-13A-46A-46C,CA_2A-13A,2,Yes,Yes,Yes,Yes,Yes,Yes,90,0
,,13,,,Yes,Yes,,,,
,,46,See CA_46A-46C Bandwidth Combination Set 0 in the Table 5.6A.1-3,,,,,,,
CA_2A-13A-46A-46A,CA_2A-13A,2,Yes,Yes,Yes,Yes,Yes,Yes,70,0
,,13,,,Yes,Yes,,,,
,,46,See CA_46A-46A Bandwidth combination set 0 in Table 5.6A.1-3,,,,,,,
CA_2A-13A-48A,CA_2A-48ACA_13A-48ACA_2A-13A,2,,,Yes,Yes,Yes,Yes,50,0
,,13,,,Yes,Yes,,,,
,,48,,,Yes,Yes,Yes,Yes,,
CA_2A-13A-48A-48A,-,2,,,Yes,Yes,Yes,Yes,70,0
,,13,,,Yes,Yes,,,,
,,48,See CA_48A-48A Bandwidth combination set 0 in Table 5.6A.1-3,,,,,,,
CA_2A-13A-48C,CA_2A-48ACA_13A-48ACA_2A-13A,2,,,Yes,Yes,Yes,Yes,70,0
,,13,,,Yes,Yes,,,,
,,48,See CA_48C Bandwidth Combination Set 0 in Table 5.6A.1-1,,,,,,,
CA_2A-13A-48D,CA_2A-48ACA_13A-48A,2,,,Yes,Yes,Yes,Yes,90,0
,,13,,,Yes,Yes,,,,
,,48,See CA_48D Bandwidth combination set 0 in the Table 5.6A.1-1,,,,,,,
CA_2A-13A-48A-48C,CA_2A-13A,2,,,Yes,Yes,Yes,Yes,90,0
,,13,,,Yes,Yes,,,,
,,48,See CA_48A-48C Bandwidth combination set 0 in the Table 5.6A.1-3,,,,,,,
CA_2A-13A-66A,CA_2A-13ACA_13A-66ACA_2A-66A,2,,,Yes,Yes,Yes,Yes,50,0
,,13,,,Yes,Yes,,,,
,,66,,,Yes,Yes,Yes,Yes,,
CA_2A-13A-66D,-,2,,,Yes,Yes,Yes,Yes,90,0
,,13,,,Yes,Yes,,,,
,,66,See CA_66D Bandwidth combination set 0 in Table 5.6A.1-1,,,,,,,
CA_2A-13A-66A-66A,CA_2A-13ACA_13A-66ACA_2A-66A,2,,,Yes,Yes,Yes,Yes,70,0
,,13,,,Yes,Yes,,,,
,,66,See CA_66A-66A Bandwidth Combination Set 0 in Table 5.6A.1-3,,,,,,,
CA_2A-13A-66A-66B,CA_2A-13ACA_13A-66A,2,,,Yes,Yes,Yes,Yes,70,0
,,13,,,Yes,Yes,,,,
,,66,See CA_66A-66B Bandwidth Combination Set 0 in Table 5.6A.1-3,,,,,,,
CA_2A-13A-66A-66C,CA_2A-13ACA_13A-66A,2,,,Yes,Yes,Yes,Yes,90,0
,,13,,,Yes,Yes,,,,
,,66,See CA_66A-66C Bandwidth Combination Set 0 in Table 5.6A.1-3,,,,,,,
CA_2A-13A-66B,CA_2A-13ACA_13A-66A,2,,,Yes,Yes,Yes,Yes,50,0
,,13,,,Yes,Yes,,,,
,,66,See CA_66B Bandwidth combination set 0 in Table 5.6A.1-1,,,,,,,
CA_2A-13A-66C,CA_2A-13ACA_13A-66A,2,,,Yes,Yes,Yes,Yes,70,0
,,13,,,Yes,Yes,,,,
,,66,See CA_66C Bandwidth combination set 0 in Table 5.6A.1-1,,,,,,,
CA_2A-2A-13A-66B,-,2,See CA_2A-2A Bandwidth Combination Set 0 in Table 5.6A.1-3,,,,,,70,0
,,13,,,Yes,Yes,,,,
,,66,See CA_66B Bandwidth combination set 0 in Table 5.6A.1-1,,,,,,,
CA_2A-2A-13A-66A-66A,-,2,See CA_2A-2A Bandwidth Combination Set 0 in Table 5.6A.1-3,,,,,,90,0
,,13,,,Yes,Yes,,,,
,,66,See CA_66A-66A Bandwidth Combination Set 0 in Table 5.6A.1-3,,,,,,,
CA_2A-14A-30A,CA_2A-14ACA_14A-30A,2,,,Yes,Yes,Yes,Yes,40,0
,,14,,,Yes,Yes,,,,
,,30,,,Yes,Yes,,,,
CA_2A-2A-14A-30A,CA_2A-14ACA_14A-30A,2,See CA_2A-2A Bandwidth Combination Set 0 in Table 5.6A.1-3,,,,,,60,0
,,14,,,Yes,Yes,,,,
,,30,,,Yes,Yes,,,,
CA_2A-14A-66A,CA_2A-14ACA_14A-66A,2,,,Yes,Yes,Yes,Yes,50,0
,,14,,,Yes,Yes,,,,
,,66,,,Yes,Yes,Yes,Yes,,
CA_2A-2A-14A-66A,CA_2A-14ACA_14A-66A,2,See CA_2A-2A Bandwidth Combination Set 0 in Table 5.6A.1-3,,,,,,70,0
,,14,,,Yes,Yes,,,,
,,66,,,Yes,Yes,Yes,Yes,,
CA_2A-14A-66A-66A,CA_2A-14ACA_14A-66A,2,,,Yes,Yes,Yes,Yes,70,0
,,14,,,Yes,Yes,,,,
,,66,See CA_66A-66A Bandwidth combination set 0 in Table 5.6A.1-3,,,,,,,
CA_2A-14A-66A-66A-66A,CA_2A-14ACA_14A-66A,2,,,Yes,Yes,Yes,Yes,90,0
,,14,,,Yes,Yes,,,,
,,66,See CA_66A-66A-66A Bandwidth Combination Set 0 in Table 5.6A.1-4,,,,,,,
CA_2A-26A-66A,-,2,,Yes,Yes,Yes,Yes,Yes,55,0
,,26,,Yes,Yes,Yes,Yes,,,
,,66,,Yes,Yes,Yes,Yes,Yes,,
CA_2A-28A-66A,-,2,,,Yes,Yes,Yes,Yes,60,0
,,28,,,Yes,Yes,Yes,Yes,,
,,66,,,Yes,Yes,Yes,Yes,,
CA_2A-29A-30A,-,2,,,Yes,Yes,Yes,Yes,40,0
,,29,,,Yes,Yes,,,,
,,30,,,Yes,Yes,,,,
CA_2A-2A-29A-30A,-,2,See CA_2A-2A Bandwidth Combination Set 0 in Table 5.6A.1-3,,,,,,60,0
,,29,,,Yes,Yes,,,,
,,30,,,Yes,Yes,,,,
CA_2C-29A-30A,-,2,See CA_2C Bandwidth Combination set 0 in Table 5.6A.1-1,,,,,,60,0
,,29,,,Yes,Yes,,,,
,,30,,,Yes,Yes,,,,
CA_2A-29A-66A,-,2,,,Yes,Yes,Yes,Yes,50,0
,,29,,,Yes,Yes,,,,
,,66,,,Yes,Yes,Yes,Yes,,
CA_2A-2A-29A-66A,-,2,See CA_2A-2A Bandwidth Combination Set 0 in Table 5.6A.1-3,,,,,,70,0
,,29,,,Yes,Yes,,,,
,,66,,,Yes,Yes,Yes,Yes,,
CA_2A-29A-66A-66A,-,2,,,Yes,Yes,Yes,Yes,70,0
,,29,,,Yes,Yes,,,,
,,66,See CA_66A-66A Bandwidth Combination Set 0 in Table 5.6A.1-3,,,,,,,
CA_2A-2A-29A-66A-66A,-,2,See CA_2A-2A Bandwidth Combination Set 0 in Table 5.6A.1-3,,,,,,90,0
,,29,,,Yes,Yes,,,,
,,66,See CA_66A-66A Bandwidth Combination Set 0 in Table 5.6A.1-3,,,,,,,
CA_2A-2A-30A-66A,-,2,See CA_2A-2A Bandwidth Combination Set 0 in Table 5.6A.1-3,,,,,,70,0
,,30,,,Yes,Yes,,,,
,,66,,,Yes,Yes,Yes,Yes,,
CA_2A-30A-66A-66A,-,2,,,Yes,Yes,Yes,Yes,70,0
,,30,,,Yes,Yes,,,,
,,66,See CA_66A-66A Bandwidth Combination Set 0 in Table 5.6A.1-3,,,,,,,
CA_2A-30A-66A,-,2,,,Yes,Yes,Yes,Yes,50,0
,,30,,,Yes,Yes,,,,
,,66,,,Yes,Yes,Yes,Yes,,
CA_2A-46A-48A,CA_2A-48A,2,,,Yes,Yes,Yes,Yes,60,0
,,46,,,,,,Yes,,
,,48,,,Yes,Yes,Yes,Yes,,
CA_2A-46A-48C,CA_2A-48A,2,,,Yes,Yes,Yes,Yes,80,0
,,46,,,,,,Yes,,
,,48,See the CA_48C Bandwidth combination set 0 in Table 5.6A.1-1,,,,,,,
CA_2A-46A-48D,-,2,,,Yes,Yes,Yes,Yes,100,0
,,46,,,,,,Yes,,
,,48,See CA_48D Bandwidth combination set 0 in Table 5.6A.1-1,,,,,,,
CA_2A-46A-48E,-,2,,,Yes,Yes,Yes,Yes,120,0
,,46,,,,,,Yes,,
,,48,See the CA_48E Bandwidth combination set 0 in Table 5.6A.1-1,,,,,,,
CA_2A-46C-48A,CA_2A-48A,2,,,Yes,Yes,Yes,Yes,80,0
,,46,See the CA_46C Bandwidth combination set 0 in Table 5.6A.1-1,,,,,,,
,,48,,,Yes,Yes,Yes,Yes,,
CA_2A-46C-48C,CA_2A-48A,2,,,Yes,Yes,Yes,Yes,100,0
,,46,See CA_46C Bandwidth combination set 0 in Table 5.6A.1-1,,,,,,,
,,48,See CA_48C Bandwidth combination set 0 in Table 5.6A.1-1,,,,,,,
CA_2A-46D-48A,CA_2A-48A,2,,,Yes,Yes,Yes,Yes,100,0
,,46,See CA_46D Bandwidth combination set 0 in Table 5.6A.1-1,,,,,,,
,,48,,,Yes,Yes,Yes,Yes,,
CA_2A-46A-66A,CA_2A-66A,2,,,Yes,Yes,Yes,Yes,60,0
,,46,,,,,,Yes,,
,,66,,,Yes,Yes,Yes,Yes,,
CA_2A-46A-46A-66A,-,2,,,Yes,Yes,Yes,Yes,80,0
,,46,See CA_46A-46A Bandwidth combination set 0 in Table 5.6A.1-3,,,,,,,
,,66,,,Yes,Yes,Yes,Yes,,
CA_2A-46C-48D,-,2,,,Yes,Yes,Yes,Yes,120,0
,,46,See the CA_46C Bandwidth combination set 0 in Table 5.6A.1-1,,,,,,,
,,48,See the CA_48D Bandwidth combination set 0 in Table 5.6A.1-1,,,,,,,
CA_2A-46C-48E,-,2,,,Yes,Yes,Yes,Yes,140,0
,,46,See the CA_46C Bandwidth combination set 0 in Table 5.6A.1-1,,,,,,,
,,48,See the CA_48E Bandwidth combination set 0 in Table 5.6A.1-1,,,,,,,
CA_2A-46C-66A,CA_2A-66A,2,,,Yes,Yes,Yes,Yes,80,0
,,46,See CA_46C Bandwidth combination set 0 in Table 5.6A.1-1,,,,,,,
,,66,,,Yes,Yes,Yes,Yes,,
CA_2A-46A-66A-66A,-,2,,,Yes,Yes,Yes,Yes,80,0
,,46,,,,,,Yes,,
,,66,See the CA_66A-66A Bandwidth combination set 0 in the Table 5.6A.1-3,,,,,,,
CA_2A-46C-66A-66A,-,2,,,Yes,Yes,Yes,Yes,100,0
,,46,See the CA_46C Bandwidth combination set 0 in the Table 5.6A.1-1,,,,,,,
,,66,See the CA_66A-66A Bandwidth combination set 0 in the Table 5.6A.1-3,,,,,,,
CA_2A-46D-66A-66A,-,2,,,Yes,Yes,Yes,Yes,120,0
,,46,See the CA_46D Bandwidth combination set 0 in the Table 5.6A.1-1,,,,,,,
,,66,See the CA_66A-66A Bandwidth combination set 0 in the Table 5.6A.1-3,,,,,,,
CA_2A-46E-66A-66A,-,2,,,Yes,Yes,Yes,Yes,140,0
,,46,See the CA_46E Bandwidth combination set 0 in the Table 5.6A.1-1,,,,,,,
,,66,See the CA_66A-66A Bandwidth combination set 0 in the Table 5.6A.1-3,,,,,,,
CA_2A-46A-46C-66A,-,2,,,Yes,Yes,Yes,Yes,100,0
,,46,See CA_46A-46C Bandwidth Combination Set 0 in the Table 5.6A.1-3,,,,,,,
,,66,,,Yes,Yes,Yes,Yes,,
CA_2A-46D-66A,CA_2A-66A,2,,,Yes,Yes,Yes,Yes,100,0
,,46,See CA_46D Bandwidth Combination Set 0 in the Table 5.6A.1-1,,,,,,,
,,66,,,Yes,Yes,Yes,Yes,,
CA_2A-46D-48C,CA_2A-48A,2,,,Yes,Yes,Yes,Yes,120,0
,,46,See the CA_46D Bandwidth combination set 0 in Table 5.6A.1-1,,,,,,,
,,48,See the CA_48C Bandwidth combination set 0 in Table 5.6A.1-1,,,,,,,
CA_2A-46E-48A,CA_2A-48A,2,,,Yes,Yes,Yes,Yes,120,0
,,46,See the CA_46E Bandwidth combination set 0 in Table 5.6A.1-1,,,,,,,
,,48,,,Yes,Yes,Yes,Yes,,
CA_2A-46E-66A,CA_2A-66A,2,,,Yes,Yes,Yes,Yes,120,0
,,46,See CA_46E Bandwidth Combination Set 0 in the Table 5.6A.1-1,,,,,,,
,,66,,,Yes,Yes,Yes,Yes,,
CA_2A-46E-48C,,2,,,Yes,Yes,Yes,Yes,140,0
,,46,See the CA_46E Bandwidth combination set 0 in Table 5.6A.1-1,,,,,,,
,,48,See the CA_48C Bandwidth combination set 0 in Table 5.6A.1-1,,,,,,,
CA_2A-48A-66A,CA_2A-48ACA_48A-66ACA_2A-66A,2,,,Yes,Yes,Yes,Yes,60,0
,,48,,,Yes,Yes,Yes,Yes,,
,,66,,,Yes,Yes,Yes,Yes,,
CA_2A-48C-66A,CA_2A-48ACA_48A-66A,2,,,Yes,Yes,Yes,Yes,80,0
,,48,See CA_48C Bandwidth combination set 0 in Table 5.6A.1-1,,,,,,,
,,66,,,Yes,Yes,Yes,Yes,,
CA_2A-48C-66A-66A,CA_48A-66ACA_2A-66ACA_2A-48A,2,Yes,Yes,Yes,Yes,Yes,Yes,100,0
,,48,See CA_48C Bandwidth combination set 0 in the Table 5.6A.1-1,,,,,,,
,,66,See CA_66A-66A Bandwidth combination set 0 in the Table 5.6A.1-3,,,,,,,
CA_2A-48D-66A,CA_48A-66ACA_2A-48ACA_2A-66A,2,,,Yes,Yes,Yes,Yes,100,0
,,48,See CA_48D Bandwidth combination set 0 in the Table 5.6A.1-1,,,,,,,
,,66,,,Yes,Yes,Yes,Yes,,
CA_2A-48D-66A-66A,CA_48A-66ACA_2A-66ACA_2A-48A,2,Yes,Yes,Yes,Yes,Yes,Yes,120,0
,,48,See CA_48D Bandwidth combination set 0 in the Table 5.6A.1-1,,,,,,,
,,66,See CA_66A-66A Bandwidth combination set 0 in the Table 5.6A.1-3,,,,,,,
CA_2A-48E-66A,CA_48A-66ACA_2A-66ACA_2A-48A,2,,,Yes,Yes,Yes,Yes,120,0
,,48,See CA_48E Bandwidth combination set 0 in Table 5.6A.1-1,,,,,,,
,,66,,,Yes,Yes,Yes,Yes,,
CA_2A-48E-66A-66A,CA_48A-66ACA_2A-66ACA_2A-48A,2,Yes,Yes,Yes,Yes,Yes,Yes,140,0
,,48,See CA_48E Bandwidth combination set 0 in the Table 5.6A.1-1,,,,,,,
,,66,See CA_66A-66A Bandwidth combination set 0 in the Table 5.6A.1-3,,,,,,,
CA_2A-48A-48A-66A,-,2,,,Yes,Yes,Yes,Yes,80,0
,,48,See CA_48A-48A Bandwidth combination set 0 in Table 5.6A.1-3,,,,,,,
,,66,,,Yes,Yes,Yes,Yes,,
CA_2A-48A-48C-66A,-,2,,,Yes,Yes,Yes,Yes,100,0
,,48,See CA_48A-48C Bandwidth combination set 0 in the Table 5.6A.1-3,,,,,,,
,,66,,,Yes,Yes,Yes,Yes,,
CA_2A-48A-66A-66A,CA_48A-66ACA_2A-48ACA_2A-66A,2,,,Yes,Yes,Yes,Yes,80,0
,,48,,,Yes,Yes,Yes,Yes,,
,,66,See CA_66A-66A Bandwidth combination set 0 in the Table 5.6A.1-3,,,,,,,
CA_2A-66A-71A,-,2,,,Yes,Yes,Yes,Yes,60,0
,,66,,,Yes,Yes,Yes,Yes,,
,,71,,,Yes,Yes,Yes,Yes,,
CA_2A-2A-66A-71A,-,2,See CA_2A-2A Bandwidth Combination Set 0 in Table 5.6A.1-3,,,,,,80,0
,,66,,,Yes,Yes,Yes,Yes,,
,,71,,,Yes,Yes,Yes,Yes,,
CA_2A-66A-66A-71A,-,2,,,Yes,Yes,Yes,Yes,80,0
,,66,See CA_66A-66A Bandwidth Combination Set 0 in Table 5.6A.1-3,,,,,,,
,,71,,,Yes,Yes,Yes,Yes,,
CA_2A-66C-71A,-,2,,,Yes,Yes,Yes,Yes,80,0
,,66,See CA_66C Bandwidth Combination Set 0 in Table 5.6A.1-1,,,,,,,
,,71,,,Yes,Yes,Yes,Yes,,
CA_3A-5A-7A,CA_3A-5ACA_3A-7ACA_5A-7A,3,,,,Yes,Yes,Yes,50,0
,,5,,,Yes,Yes,,,,
,,7,,,,Yes,Yes,Yes,,
,,3,,,Yes,Yes,Yes,Yes,50,1
,,5,,,Yes,Yes,,,,
,,7,,,,Yes,Yes,Yes,,
CA_3A-3A-5A-7A,-,3,See CA_3A-3A Bandwidth Combination Set 0 in Table 5.6A.1-3,,,,,,70,0
,,5,,,Yes,Yes,,,,
,,7,,,,Yes,Yes,Yes,,
CA_3A-5A-7A-7A,CA_3A-5A CA_3A-7A CA_5A-7A,3,,,,Yes,Yes,Yes,70,0
,,5,,,Yes,Yes,,,,
,,7,See CA_7A-7A Bandwidth Combination Set 3 in Table 5.6A.1-3,,,,,,,
CA_3A-5A-7C,-,3,,,Yes,Yes,Yes,Yes,70,0
,,5,,,Yes,Yes,,,,
,,7,See CA_7C Bandwidth Combination Set 1 in Table 5.6A.1-1,,,,,,,
CA_3C-5A-7A,-,3,See CA_3C Bandwidth Combination Set 0 in Table 5.6A.1-1,,,,,,70,0
,,5,,,Yes,Yes,,,,
,,7,,,,Yes,Yes,Yes,,
CA_3A-5A-28A,-,3,,,Yes,Yes,Yes,Yes,50,0
,,5,,,Yes,Yes,,,,
,,28,,,,Yes,Yes,Yes,,
CA_3A-3A-5A-28A,-,3,See CA_3A-3A Bandwidth Combination Set 0 in Table 5.6A.1-3,,,,,,70,0
,,5,,,Yes,Yes,,,,
,,28,,,Yes,Yes,Yes,Yes,,
CA_3A-5A-40A,CA_3A-5A,3,,,Yes,Yes,Yes,Yes,50,0
,,5,,,Yes,Yes,,,,
,,40,,,,Yes,Yes,Yes,,
,,3,,Yes,Yes,Yes,,,40,1
,,5,,Yes,Yes,Yes,,,,
,,40,,,,,,Yes,,
CA_3A-5A-40A-40A,-,3,,,Yes,Yes,,,60,0
,,5,,,Yes,Yes,,,,
,,40,See CA_40A-40A Bandwidth Combination Set 0 in Table 5.6A.1-3,,,,,,,
CA_3A-5A-41A,-,3,,,Yes,Yes,Yes,Yes,50,0
,,5,,,Yes,Yes,,,,
,,41,,,,,,Yes,,
CA_3C-7A-8A,CA_3CCA_3A-8A,3,See CA_3C Bandwidth combination set 0 in Table 5.6A.1-1,,,,,,70,0
,,7,,,Yes,Yes,Yes,Yes,,
,,8,,,Yes,Yes,,,,
CA_3A-3A-7A-8A,CA_3A-7A CA_3A-8A CA_7A-8A,3,See CA_3A-3A Bandwidth Combination Set 0 in Table 5.6A.1-3,,,,,,70,0
,,7,,,Yes,Yes,Yes,Yes,,
,,8,,,Yes,Yes,,,,
,,3,See CA_3A-3A Bandwidth Combination Set 1 in Table 5.6A.1-3,,,,,,60,1
,,7,,,Yes,Yes,Yes,Yes,,
,,8,,,Yes,Yes,,,,
CA_3A-3A-7A-8B,CA_3A-7ACA_3A-8ACA_3A-8BCA_7A-8ACA_7A-8BCA_8B,3,See CA_3A-3A Bandwidth Combination Set 0 in Table 5.6A.1-3,,,,,,80,0
,,7,,,Yes,Yes,Yes,Yes,,
,,8,See CA_8B Bandwidth Combination Set 0 in Table 5.6A.1-1,,,,,,,
CA_3A-3A-7A-7A-8A,CA_3A-7A CA_3A-8A CA_7A-8A,3,See CA_3A-3A Bandwidth Combination Set 0 in table 5.6A.1-3,,,,,,90,0
,,7,See CA_7A-7A Bandwidth Combination Set 1 in table 5.6A.1-3,,,,,,,
,,8,,,Yes,Yes,,,,
,,3,See CA_3A-3A Bandwidth Combination Set 1 in table 5.6A.1-3,,,,,,70,1
,,7,See CA_7A-7A Bandwidth Combination Set 2 in table 5.6A.1-3,,,,,,,
,,8,,,Yes,Yes,,,,
,,3,See CA_3A-3A Bandwidth Combination Set 0 in Table 5.6A.1-3,,,,,,,
CA_3A-3A-7A-7A-8B,CA_3A-7ACA_3A-8ACA_3A-8BCA_7A-8ACA_7A-8BCA_8B,7,See CA_7A-7A Bandwidth Combination Set 1 in Table 5.6A.1-3,,,,,,100,0
,,8,See CA_8B Bandwidth Combination Set 0 in Table 5.6A.1-1,,,,,,,
CA_3A-7A-7A-8A,CA_3A-7A CA_3A-8A CA_7A-8A,3,,,Yes,Yes,Yes,Yes,70,0
,,7,See CA_7A-7A Bandwidth Combination Set 1 in Table 5.6A.1-3,,,,,,,
,,8,,,Yes,Yes,,,,
,,3,,,Yes,Yes,Yes,Yes,60,1
,,7,See CA_7A-7A Bandwidth Combination Set 2 in Table 5.6A.1-3,,,,,,,
,,8,,,Yes,Yes,,,,
,,3,,,Yes,Yes,Yes,Yes,,
CA_3A-7A-7A-8B,CA_3A-7ACA_3A-8ACA_3A-8BCA_7A-8ACA_7A-8BCA_8B,7,See CA_7A-7A Bandwidth Combination Set 1 in Table 5.6A.1-3,,,,,,80,0
,,8,See CA_8B Bandwidth Combination Set 0 in Table 5.6A.1-1,,,,,,,
CA_3A-7A-8A,CA_3A-7A CA_3A-8A CA_7A-8A,3,,,Yes,Yes,Yes,,40,0
,,7,,,,Yes,Yes,,,
,,8,,,Yes,Yes,,,,
,,3,,,Yes,Yes,Yes,Yes,50,1
,,7,,,,Yes,Yes,Yes,,
,,8,,,Yes,Yes,,,,
,,3,,,Yes,Yes,Yes,Yes,50,2
,,7,,,Yes,Yes,Yes,Yes,,
,,8,,,Yes,Yes,,,,
,,3,,,Yes,Yes,Yes,Yes,,
CA_3A-7A-8B,CA_3A-7ACA_3A-8ACA_3A-8BCA_7A-8ACA_7A-8BCA_8B,7,,,Yes,Yes,Yes,Yes,60,0
,,8,See CA_8B Bandwidth Combination Set 0 in Table 5.6A.1-1,,,,,,,
CA_3A-7A-20A,CA_3A-7ACA_3A-20A CA_7A-20A,3,,,Yes,Yes,Yes,Yes,60,0
,,7,,,,Yes,Yes,Yes,,
,,20,,,Yes,Yes,Yes,Yes,,
,,3,,,Yes,Yes,Yes,Yes,60,1
,,7,,,Yes,Yes,Yes,Yes,,
,,20,,,Yes,Yes,Yes,Yes,,
CA_3A-7A-7A-20A,CA_3A-7ACA_3A-20A CA_7A-20A,3,,,Yes,Yes,Yes,Yes,80,0
,,7,See CA_7A-7A Bandwidth Combination Set 3 in Table 5.6A.1-3,,,,,,,
,,20,,,Yes,Yes,Yes,Yes,,
CA_3A-3A-7A-20A,-,3,See CA_3A-3A Bandwidth combination set 0 in Table 5.6A.1-3,,,,,,80,0
,,7,,,Yes,Yes,Yes,Yes,,
,,20,,,Yes,Yes,Yes,Yes,,
CA_3A-3A-7A-7A-20A,CA_3A-7ACA_3A-20A CA_7A-20A,3,See CA_3A-3A Bandwidth combination set 0 in Table 5.6A.1-3,,,,,,100,0
,,7,See CA_7A-7A Bandwidth Combination Set 1 in Table 5.6A.1-3,,,,,,,
,,20,,,Yes,Yes,Yes,Yes,,
CA_3C-7A-20A,-,3,See CA_3C Bandwidth combination set 0 in Table 5.6A.1-1,,,,,,80,0
,,7,,,,Yes,Yes,Yes,,
,,20,,,Yes,Yes,Yes,Yes,,
,,3,See CA_3C Bandwidth combination set 0 in Table 5.6A.1-1,,,,,,80,1
,,7,,,Yes,Yes,Yes,Yes,,
,,20,,,Yes,Yes,Yes,Yes,,
CA_3C-7C-20A,-,3,See CA_3C Bandwidth combination set 0 in Table 5.6A.1-1,,,,,,100,0
,,7,See CA_7C Bandwidth combination set 1 in Table 5.6A.1-1,,,,,,,
,,20,,,Yes,Yes,Yes,Yes,,
CA_3A-7C-20A,CA_7C,3,,,Yes,Yes,Yes,Yes,80,0
,,7,See CA_7C Bandwidth combination set 1 in Table 5.6A.1-1,,,,,,,
,,20,,,Yes,Yes,Yes,Yes,,
CA_3A-7A-26A,CA_3A-7ACA_3A-26ACA_7A-26A,3,,,Yes,Yes,Yes,Yes,55,0
,,7,,,Yes,Yes,Yes,Yes,,
,,26,,,Yes,Yes,Yes,,,
CA_3A-7A-7A-26A,CA_3A-7ACA_3A-26A CA_7A-26A,3,,,Yes,Yes,Yes,Yes,75,0
,,7,See CA_7A-7A Bandwidth Combination Set 3 in Table 5.6A.1-3,,,,,,,
,,26,,,Yes,Yes,Yes,,,
CA_3A-7C-26A²,CA_3A-7ACA_3A-26A CA_7A-26ACA_7C,3,Yes,Yes,Yes,Yes,Yes,Yes,75,0
,,7,See CA_7C Bandwidth combination set 2 in Table 5.6A.1-1,,,,,,,
,,26,,,Yes,Yes,Yes,,,
CA_3C-7A-26A,CA_3A-7ACA_3A-26A CA_7A-26ACA_3C,3,See CA_3C Bandwidth combination set 0 in Table 5.6A.1-1,,,,,,75,0
,,7,,,,Yes,Yes,Yes,,
,,26,,,Yes,Yes,Yes,,,
CA_3C-7C-26A,CA_3A-7ACA_3A-26A CA_7A-26ACA_3CCA_7C,3,See CA_3C Bandwidth combination set 0 in Table 5.6A.1-1,,,,,,95,0
,,7,See CA_7C Bandwidth combination set 2 in Table 5.6A.1-1,,,,,,,
,,26,,,Yes,Yes,Yes,,,
CA_3A-7A-28A,CA_3A-7ACA_3A-28A6CA_7A-28A,3,,,Yes,Yes,Yes,Yes,60,0
,,7,,,Yes,Yes,Yes,Yes,,
,,28,,,Yes,Yes,Yes,Yes,,
CA_3A-3A-7A-28A,-,3,See CA_3A-3A Bandwidth Combination Set 0 in Table 5.6A.1-3,,,,,,80,0
,,7,,,Yes,Yes,Yes,Yes,,
,,28,,,Yes,Yes,Yes,Yes,,
CA_3A-3A-7C-28A,CA_7C,3,See CA_3A-3A Bandwidth Combination Set 0 in Table 5.6A.1-3,,,,,,100,0
,,7,See CA_7C Bandwidth Combination Set 2 in Table 5.6A.1-1,,,,,,,
,,28,,,Yes,Yes,Yes,Yes,,
CA_3A-7A-7A-28A,-,3,,,Yes,Yes,Yes,Yes,80,0
,,7,See CA_7A-7A Bandwidth combination set 3 in Table 5.6A.1-3,,,,,,,
,,28,,,,Yes,Yes,Yes,,
CA_3A-7C-28A,CA_3A-7ACA_3A-28ACA_7CCA_7A-28A,3,,,,Yes,Yes,Yes,80,0
,,7,See CA_7C Bandwidth Combination Set 2 in Table 5.6A.1-1,,,,,,,
,,28,,,,Yes,Yes,Yes,,
,,3,,,,Yes,Yes,Yes,80,1
,,7,See CA_7C Bandwidth Combination Set 1 in Table 5.6A.1-1,,,,,,,
,,28,,,,Yes,Yes,Yes,,
CA_3C-7A-28A,CA_3C,3,See CA_3C Bandwidth Combination Set 0 in Table 5.6A.1-1,,,,,,80,0
,,7,,,,Yes,Yes,Yes,,
,,28,,,,Yes,Yes,Yes,,
CA_3C-7C-28A,CA_3CCA_7C,3,See CA_3C Bandwidth Combination Set 0 in Table 5.6A.1-1,,,,,,100,0
,,7,See CA_7C Bandwidth Combination Set 2 in Table 5.6A.1-1,,,,,,,
,,28,,,,Yes,Yes,Yes,,
CA_3A-7A-32A,CA_3A-7A,3,,,Yes,Yes,Yes,Yes,60,0
,,7,,,,Yes,Yes,Yes,,
,,32,,,Yes,Yes,Yes,Yes,,
CA_3C-7A-32A,CA_3C CA_3A-7A,3,See CA_3C Bandwidth combination set 0 in Table 5.6A.1-1,,,,,,80,0
,,7,,,,Yes,Yes,Yes,,
,,32,,,Yes,Yes,Yes,Yes,,
CA_3A-7C-32A,CA_7CCA_3A-7A,3,,,Yes,Yes,Yes,Yes,80,0
,,7,See CA_7C Bandwidth Combination Set 1 in Table 5.6A.1-1,,,,,,,
,,32,,,Yes,Yes,Yes,Yes,,
CA_3A-7A-38A7,-,3,,,Yes,Yes,Yes,Yes,60,0
,,7,,,,Yes,Yes,Yes,,
,,38,,,Yes,Yes,Yes,Yes,,
CA_3A-7C-38A7,,3,,,,Yes,Yes,Yes,80,0
,,7,See CA_7C Bandwidth Combination Set 1 in Table 5.6A.1-1,,,,,,,
,,38,,,Yes,Yes,Yes,Yes,,
CA_3A-3A-7A-38A7,-,3,See CA_3A-3A Bandwidth Combination Set 0 in Table 5.6A.1-3,,,,,,80,0
,,7,,,,Yes,Yes,Yes,,
,,38,,,Yes,Yes,Yes,Yes,,
CA_3C-7A-38A7,-,3,See CA_3C Bandwidth combination set 0 in Table 5.6A.1-1,,,,,,80,0
,,7,,,,Yes,Yes,Yes,,
,,38,,,Yes,Yes,Yes,Yes,,
CA_3A-7A-40A,CA_3A-7ACA_3A-40ACA_7A-40A,3,,,Yes,Yes,Yes,Yes,60,0
,,7,,,Yes,Yes,Yes,Yes,,
,,40,,,Yes,Yes,Yes,Yes,,
CA_3A-7A-40A-40A,CA_3A-7ACA_3A-40ACA_7A-40A,3,,,Yes,Yes,Yes,Yes,80,0
,,7,,,Yes,Yes,Yes,Yes,,
,,40,See CA_40A-40A Bandwidth Combination Set 1 in Table 5.6A.1-3,,,,,,,
CA_3A-7A-40C,CA_3A-7ACA_3A-40ACA_7A-40A,3,,,Yes,Yes,Yes,Yes,80,0
,,7,,,Yes,Yes,Yes,Yes,,
,,40,See CA_40C Bandwidth combination set 1 in Table 5.6A.1-1,,,,,,,
CA_3A-7A-40D,CA_3A-7ACA_3A-40ACA_7A-40A,3,,,Yes,Yes,Yes,Yes,100,0
,,7,,,Yes,Yes,Yes,Yes,,
,,40,See CA_40D Bandwidth Combination Set 0 in Table 5.6A.1-1,,,,,,,
CA_3A-7A-42A,-,3,,,Yes,Yes,Yes,Yes,60,0
,,7,,,,Yes,Yes,Yes,,
,,42,,,Yes,Yes,Yes,Yes,,
CA_3A-7A-46A,-,3,,,Yes,Yes,Yes,Yes,60,0
,,7,,,Yes,Yes,Yes,Yes,,
,,46,,,,,,Yes,,
CA_3A-7C-46A,-,3,,,Yes,Yes,Yes,Yes,80,0
,,7,See CA_7C Bandwidth Combination Set 2 in Table 5.6A.1-1,,,,,,,
,,46,,,,,,Yes,,
CA_3A-7C-46C,-,3,,,Yes,Yes,Yes,Yes,100,0
,,7,See CA_7C Bandwidth Combination Set 2 in Table 5.6A.1-1,,,,,,,
,,46,See CA_46C Bandwidth Combination Set 0 in Table 5.6A.1-1,,,,,,,
CA_3A-7C-46D,-,3,,,Yes,Yes,Yes,Yes,120,0
,,7,See CA_7C Bandwidth Combination Set 2 in Table 5.6A.1-1,,,,,,,
,,46,See CA_46D Bandwidth Combination Set 0 in Table 5.6A.1-1,,,,,,,
CA_3A-7C-46E,-,3,,,Yes,Yes,Yes,Yes,140,0
,,7,See CA_7C Bandwidth Combination Set 2 in Table 5.6A.1-1,,,,,,,
,,46,See CA_46E Bandwidth Combination Set 0 in Table 5.6A.1-1,,,,,,,
CA_3A-7A-46C,-,3,,,Yes,Yes,Yes,Yes,80,0
,,7,,,Yes,Yes,Yes,Yes,,
,,46,See CA_46C Bandwidth Combination Set 0 in Table 5.6A.1-1,,,,,,,
CA_3A-7A-46D,-,3,,,Yes,Yes,Yes,Yes,100,0
,,7,,,Yes,Yes,Yes,Yes,,
,,46,See CA_46D Bandwidth Combination Set 0 in Table 5.6A.1-1,,,,,,,
CA_3A-7A-46E,-,3,,,Yes,Yes,Yes,Yes,120,0
,,7,,,Yes,Yes,Yes,Yes,,
,,46,See CA_46E Bandwidth Combination Set 0 in Table 5.6A.1-1,,,,,,,
CA_3A-8A-11A,CA_3A-8ACA_3A-11ACA_8A-11A,3,,,Yes,Yes,Yes,Yes,40,0
,,8,,,Yes,Yes,,,,
,,11,,,Yes,Yes,,,,
CA_3A-8B-11A,CA_3A-8ACA_3A-11ACA_8A-11A,3,,,Yes,Yes,Yes,Yes,50,0
,,8,See CA_8B Bandwidth Combination Set 0 in Table 5.6A.1-1,,,,,,,
,,11,,,Yes,Yes,,,,
CA_3A-8A-20A,CA_3A-8A,3,,,Yes,Yes,Yes,Yes,40,0
,,8,,,Yes,Yes,,,,
,,20,,,Yes,Yes,,,,
CA_3C-8A-20A,CA_3CCA_3A-8A,3,See CA_3C Bandwidth combination set 0 in Table 5.6A.1-1,,,,,,60,0
,,8,,,Yes,Yes,,,,
,,20,,,Yes,Yes,,,,
CA_3A-8A-28A,-,3,,,Yes,Yes,Yes,Yes,50,0
,,8,,Yes,Yes,Yes,,,,
,,28,,,Yes,Yes,Yes,Yes,,
CA_3A-8A-28C,-,3,,,Yes,Yes,Yes,Yes,60,0
,,8,,Yes,Yes,Yes,,,,
,,28,See CA_28C Bandwidth combination set 0 in Table 5.6A.1-1,,,,,,,
CA_3C-8A-28A,-,3,See CA_3C Bandwidth combination set 0 in Table 5.6A.1-1,,,,,,70,0
,,8,,Yes,Yes,Yes,,,,
,,28,,,Yes,Yes,Yes,Yes,,
CA_3C-8A-28C,-,3,See CA_3C Bandwidth combination set 0 in Table 5.6A.1-1,,,,,,80,0
,,8,,Yes,Yes,Yes,,,,
,,28,See CA_28C Bandwidth combination set 0 in Table 5.6A.1-1,,,,,,,
CA_3A-8A-32A,-,3,,,Yes,Yes,Yes,Yes,50,0
,,8,,Yes,Yes,Yes,,,,
,,32,,,Yes,Yes,Yes,Yes,,
CA_3C-8A-32A,-,3,See CA_3C Bandwidth combination set 0 in Table 5.6A.1-1,,,,,,70,0
,,8,,Yes,Yes,Yes,,,,
,,32,,,Yes,Yes,Yes,Yes,,
CA_3A-8A-38A,CA_3A-8A,3,,,Yes,Yes,Yes,Yes,50,0
,,8,,,Yes,Yes,,,,
,,38,,,Yes,Yes,Yes,Yes,,
CA_3C-8A-38A,CA_3CCA_3A-8A,3,See CA_3C Bandwidth combination set 0 in Table 5.6A.1-1,,,,,,70,0
,,8,,,Yes,Yes,,,,
,,38,,,Yes,Yes,Yes,Yes,,
,,3,See CA_3A-3A Bandwidth combination set 0 in Table 5.6A.1-3,,,,,,,
CA_3A-3A-8A-38A,-,8,,,Yes,Yes,,,70,0
,,38,,,Yes,Yes,Yes,Yes,,
CA_3A-8A-40A,CA_3A-8A,3,,,Yes,Yes,Yes,Yes,50,0
,,8,,Yes,Yes,Yes,,,,
,,40,,,Yes,Yes,Yes,Yes,,
CA_3A-8A-40C,-,3,,,Yes,Yes,Yes,Yes,70,0
,,8,,,Yes,Yes,,,,
,,40,See CA_40C Bandwidth combination set 1 in Table 5.6A.1-1,,,,,,,
CA_3A-8A-41A,CA_3A-8ACA_3A-41ACA_8A-41A,3,,Yes,Yes,Yes,Yes,Yes,50,0
,,8,Yes,Yes,Yes,Yes,,,,
,,41,,,Yes,Yes,Yes,Yes,,
CA_3A-8A-41C,-,3,Yes,Yes,Yes,Yes,Yes,Yes,70,0
,,8,Yes,Yes,Yes,Yes,,,,
,,41,See CA_41C Bandwidth combination set 0 in Table 5.6A.1-1,,,,,,,
CA_3A-3A-8A-41A,-,3,See CA_3A-3A Bandwidth Combination Set 0 in Table 5.6A.1-3,,,,,,70,0
,,8,Yes,Yes,Yes,Yes,,,,
,,41,,,Yes,Yes,Yes,Yes,,
CA_3A-3A-8A-41C,-,3,See CA_3A-3A Bandwidth Combination Set 0 in Table 5.6A.1-3,,,,,,90,0
,,8,Yes,Yes,Yes,Yes,,,,
,,41,See CA_41C Bandwidth combination set 0 in Table 5.6A.1-1,,,,,,,
CA_3A-8A-41A-41A,CA_3A-8ACA_3A-41ACA_8A-41A,3,,Yes,Yes,Yes,Yes,Yes,70,0
,,8,Yes,Yes,Yes,Yes,,,,
,,41,See CA_41A-41A Bandwidth combination set 0 in Table 5.6A.1-3,,,,,,,
CA_3A-8A-42A,-,3,,,Yes,Yes,Yes,Yes,50,0
,,8,,,Yes,Yes,,,,
,,42,,,Yes,Yes,Yes,Yes,,
CA_3A-8A-42C,-,3,,,Yes,Yes,Yes,Yes,70,0
,,8,,,Yes,Yes,,,,
,,42,See CA_42C Bandwidth Combination Set 0 in Table 5.6A.1-1,,,,,,,
CA_3A-8A-71A,-,3,,,Yes,Yes,Yes,Yes,60,0
,,8,,,Yes,Yes,Yes,Yes,,
,,71,,,Yes,Yes,Yes,Yes,,
CA_3C-8A-71A,-,3,See CA_3C Bandwidth Combination Set 0 in Table 5.6A.1-1,,,,,,80,0
,,8,,,Yes,Yes,Yes,Yes,,
,,71,,,Yes,Yes,Yes,Yes,,
CA_3A-11A-18A,CA_3A-11A CA_3A-18ACA_11A-18A,3,,,Yes,Yes,Yes,Yes,45,0
,,11,,,Yes,Yes,,,,
,,18,,,Yes,Yes,Yes,,,
CA_3A-11A-26A,CA_3A-11A CA_3A-26A CA_11A-26A,3,,,Yes,Yes,Yes,Yes,45,0
,,11,,,Yes,Yes,,,,
,,26,,,Yes,Yes,Yes,,,
CA_3A-11A-28A,-,3,,,Yes,Yes,Yes,Yes,50,0
,,11,,,Yes,Yes,,,,
,,28,,,Yes,Yes,Yes,Yes,,
CA_3A-18A-42A,-,3,,,Yes,Yes,Yes,Yes,55,0
,,18,,,Yes,Yes,Yes,,,
,,42,,,Yes,Yes,Yes,Yes,,
CA_3A-18A-42C,-,3,,,Yes,Yes,Yes,Yes,75,0
,,18,,,Yes,Yes,Yes,,,
,,42,See CA_42C Bandwidth Combination Set 0 in Table 5.6A.1-1,,,,,,,
CA_3A-19A-21A,CA_3A-19A CA_3A-21A CA_19A-21A,3,,,Yes,Yes,Yes,Yes,50,0
,,19,,,Yes,Yes,Yes,,,
,,21,,,Yes,Yes,Yes,,,
CA_3A-3A-19A-21A,CA_3A-19A CA_3A-21A CA_19A-21A,3,See CA_3A-3A Bandwidth Combination Set 0 in Table 5.6A.1-3,,,,,,70,0
,,19,,,Yes,Yes,Yes,,,
,,21,,,Yes,Yes,Yes,,,
CA_3A-19A-42A,CA_3A-19A CA_3A-42A CA_19A-42A6,3,,,Yes,Yes,Yes,Yes,55,0
,,19,,,Yes,Yes,Yes,,,
,,42,,,Yes,Yes,Yes,Yes,,
CA_3A-19A-42C,CA_3A-19ACA_3A-42ACA_19A-42A6,3,,,Yes,Yes,Yes,Yes,75,0
,,19,,,Yes,Yes,Yes,,,
,,42,See CA_42C Bandwidth combination set 0 in Table 5.6A.1-1,,,,,,,
CA_3A-19A-42D,-,3,,,Yes,Yes,Yes,Yes,95,0
,,19,,,Yes,Yes,Yes,,,
,,42,See CA_42D Bandwidth combination set 0 in Table 5.6A.1-1,,,,,,,
CA_3A-20A-28A12,-,3,,,Yes,Yes,Yes,Yes,60,0
,,20,,,,Yes,Yes,Yes,,
,,28,,,Yes,Yes,Yes,Yes,,
CA_3A-3A-20A-28A12,-,3,See CA_3A-3A Bandwidth combination set 0 in Table 5.6A.1-3,,,,,,80,0
,,20,,,,Yes,Yes,Yes,,
,,28,,,Yes,Yes,Yes,Yes,,
CA_3C-20A-28A12,-,3,See CA_3C Bandwidth Combination Set 0 in Table 5.6A.1-1,,,,,,80,0
,,20,,,,Yes,Yes,Yes,,
,,28,,,Yes,Yes,Yes,Yes,,
CA_3A-20A-32A,CA_3A-20A,3,,,Yes,Yes,Yes,Yes,60,0
,,20,,,Yes,Yes,Yes,Yes,,
,,32,,,Yes,Yes,Yes,Yes,,
,,3,See CA_3C Bandwidth Combination Set 0 in Table 5.6A.1-1,,,,,,,
CA_3C-20A-32A,-,20,,,Yes,Yes,Yes,Yes,80,0
,,32,,,Yes,Yes,Yes,Yes,,
CA_3A-20A-38A,CA_3A-20A,3,Yes,Yes,Yes,Yes,Yes,Yes,60,0
,,20,,,Yes,Yes,Yes,Yes,,
,,38,,,Yes,Yes,Yes,Yes,,
CA_3C-20A-38A,CA_3C,3,See CA_3C Bandwidth combination set 0 in Table 5.6A.1-1,,,,,,80,0
,,20,,,Yes,Yes,Yes,Yes,,
,,38,,,Yes,Yes,Yes,Yes,,
CA_3A-20A-40A,-,3,Yes,Yes,Yes,Yes,Yes,Yes,60,0
,,20,,,Yes,Yes,Yes,Yes,,
,,40,,,Yes,Yes,Yes,Yes,,
CA_3A-20A-40C,-,3,Yes,Yes,Yes,Yes,Yes,Yes,80,0
,,20,,,Yes,Yes,Yes,Yes,,
,,40,See CA_40C Bandwidth combination set 0 in Table 5.6A.1-1,,,,,,,
CA_3A-20A-41A,-,3,Yes,Yes,Yes,Yes,Yes,Yes,60,0
,,20,,,Yes,Yes,Yes,Yes,,
,,41,,,Yes,Yes,Yes,Yes,,
CA_3A-20A-41C,-,3,Yes,Yes,Yes,Yes,Yes,Yes,80,0
,,20,,,Yes,Yes,Yes,Yes,,
,,41,See CA_41C Bandwidth combination set 0 in Table 5.6A.1-1,,,,,,,
CA_3A-3A-20A-41A,-,3,See CA_3A-3A Bandwidth Combination Set 0 in Table 5.6A.1-3,,,,,,80,0
,,20,,,,Yes,Yes,Yes,,
,,41,,,,Yes,Yes,Yes,,
CA_3A-3A-20A-41C,-,3,See CA_3A-3A Bandwidth Combination Set 0 in Table 5.6A.1-3,,,,,,100,0
,,20,,,,Yes,Yes,Yes,,
,,41,See CA_41C Bandwidth combination set 0 in Table 5.6A.1-1,,,,,,,
CA_3A-20A-42A,-,3,,,Yes,Yes,Yes,Yes,60,0
,,20,,,Yes,Yes,Yes,Yes,,
,,42,,,Yes,Yes,Yes,Yes,,
CA_3A-20A-43A,-,3,,,Yes,Yes,Yes,,40,0
,,20,,,Yes,,,,,
,,43,,,Yes,Yes,Yes,Yes,,
CA_3A-20A-67A,CA_3A-20A,3,,,Yes,Yes,Yes,Yes,60,0
,,20,,,Yes,Yes,Yes,Yes,,
,,67,,,Yes,Yes,Yes,Yes,,
CA_3C-20A-67A,CA_3CCA_3A-20A,3,See CA_3C Bandwidth Combination Set 0 in Table 5.6A.1-1,,,,,,80,0
,,20,,,Yes,Yes,Yes,Yes,,
,,3,,,Yes,Yes,Yes,Yes,,
CA_3A-21A-28A,CA_3A-21A CA_3A-28A6 CA_21A-28A,3,,,Yes,Yes,Yes,Yes,45,0
,,21,,,Yes,Yes,Yes,,,
,,28,,,Yes,Yes,,,,
CA_3A-21A-42A,CA_3A-21A CA_3A-42A CA_21A-42A,3,,,Yes,Yes,Yes,Yes,55,0
,,21,,,Yes,Yes,Yes,,,
,,42,,,Yes,Yes,Yes,Yes,,
CA_3A-21A-42C,CA_3A-21A CA_3A-42A CA_21A-42A,3,,,Yes,Yes,Yes,Yes,75,0
,,21,,,Yes,Yes,Yes,,,
,,42,See CA_42C Bandwidth combination set 0 in Table 5.6A.1-1,,,,,,,
CA_3A-21A-42D,-,3,,,Yes,Yes,Yes,Yes,95,0
,,21,,,Yes,Yes,Yes,,,
,,42,See CA_42D Bandwidth combination set 0 in Table 5.6A.1-1,,,,,,,
,,3,,,Yes,Yes,Yes,Yes,,
CA_3A-28A-32A,-,28,,,Yes,Yes,Yes,Yes,60,0
,,32,,,Yes,Yes,Yes,Yes,,
CA_3A-28A-38A,-,3,,,Yes,Yes,Yes,Yes,60,0
,,28,,,Yes,Yes,Yes,Yes,,
,,38,,,Yes,Yes,Yes,Yes,,
CA_3C-28A-38A,-,3,See CA_3C Bandwidth combination set 0 in Table 5.6A.1-1,,,,,,80,0
,,28,,,Yes,Yes,Yes,Yes,,
,,38,,,Yes,Yes,Yes,Yes,,
CA_3A-28A-40A,CA_3A-28A6CA_3A-40ACA_28A-40A,3,,,Yes,Yes,Yes,Yes,60,0
,,28,,,Yes,Yes,Yes,Yes,,
,,40,,,Yes,Yes,Yes,Yes,,
CA_3A-28A-40A-40A,CA_3A-28A6CA_3A-40ACA_28A-40A,3,,,Yes,Yes,Yes,Yes,80,0
,,28,,,Yes,Yes,Yes,Yes,,
,,40,See CA_40A-40A Bandwidth Combination Set 1 in Table 5.6A.1-3,,,,,,,
CA_3A-28A-40C,CA_3A-28A6,3,,,Yes,Yes,Yes,Yes,80,0
,,28,,,Yes,Yes,Yes,Yes,,
,,40,See CA_40C Bandwidth combination set 1 in Table 5.6A.1-1,,,,,,,
CA_3A-28A-40D,-,3,,,Yes,Yes,Yes,Yes,100,0
,,28,,,Yes,Yes,Yes,Yes,,
,,40,See CA_40D Bandwidth Combination Set 0 in Table 5.6A.1-1,,,,,,,
CA_3A-28A-41A,CA_3A-41A,3,,,Yes,Yes,Yes,Yes,60,0
,,28,,,Yes,Yes,Yes,Yes,,
,,41,,,Yes,Yes,Yes,Yes,,
CA_3A-28A-41C,CA_3A-41A,3,,,Yes,Yes,Yes,Yes,80,0
,,28,,,Yes,Yes,Yes,Yes,,
,,41,See CA_41C Bandwidth combination set 0 in Table 5.6A.1-1,,,,,,,
CA_3A-28A-42A,CA_3A-28A6 CA_3A-42A CA_28A-42A,3,,,Yes,Yes,Yes,Yes,50,0
,,28,,,Yes,Yes,,,,
,,42,,,Yes,Yes,Yes,Yes,,
CA_3A-28A-42A-42A,-,3,,,Yes,Yes,Yes,Yes,70,0
,,28,,,Yes,Yes,,,,
,,42,See CA_42A-42A Bandwidth combination set 0 in Table 5.6A.1-3,,,,,,,
CA_3A-28A-42C,CA_3A-28A6 CA_3A-42A CA_28A-42A CA_42C,3,,,Yes,Yes,Yes,Yes,70,0
,,28,,,Yes,Yes,,,,
,,42,See CA_42C Bandwidth combination set 0 in Table 5.6A.1-1,,,,,,,
CA_3A-28A-42A-42C,CA_42C,3,,,Yes,Yes,Yes,Yes,90,0
,,28,,,Yes,Yes,,,,
,,42,See CA_42A-42C Bandwidth combination set 0 in Table 5.6A.1-3,,,,,,,
CA_3A-28A-42C-42C,CA_42C,3,,,Yes,Yes,Yes,Yes,110,0
,,28,,,Yes,Yes,,,,
,,42,See CA_42C-42C Bandwidth combination set 0 in Table 5.6A.1-3,,,,,,,
CA_3A-28A-42D,-,3,,,Yes,Yes,Yes,Yes,90,0
,,28,,,Yes,Yes,,,,
,,42,See CA_42D Bandwidth Combination Set 0 in Table 5.6A.1-1,,,,,,,
CA_3A-28A-71A,-,3,,,Yes,Yes,Yes,Yes,60,0
,,28,,,Yes,Yes,Yes,Yes,,
,,71,,,Yes,Yes,Yes,Yes,,
CA_3C-28A-71A,-,3,See CA_3C Bandwidth Combination Set 0 in Table 5.6A.1-1,,,,,,80,0
,,28,,,Yes,Yes,Yes,Yes,,
,,71,,,Yes,Yes,Yes,Yes,,
CA_3A-32A-38A,-,3,,,Yes,Yes,Yes,Yes,60,0
,,32,,,Yes,Yes,Yes,Yes,,
,,38,,,Yes,Yes,Yes,Yes,,
CA_3C-32A-38A,-,3,See CA_3C Bandwidth combination set 0 in Table 5.6A.1-1,,,,,,80,0
,,32,,,Yes,Yes,Yes,Yes,,
,,38,,,Yes,Yes,Yes,Yes,,
CA_3A-32A-42A,-,3,,,Yes,Yes,Yes,,55,0
,,32,,,Yes,Yes,Yes,Yes,,
,,42,,,Yes,Yes,Yes,Yes,,
CA_3A-32A-43A,-,3,,,Yes,Yes,Yes,,55,0
,,32,,,Yes,Yes,Yes,Yes,,
,,43,,,Yes,Yes,Yes,Yes,,
CA_3A-32A-46A,-,3,,,Yes,Yes,Yes,Yes,60,0
,,32,,,Yes,Yes,Yes,Yes,,
,,46,,,,,,Yes,,
CA_3A-32A-46C,-,3,,,Yes,Yes,Yes,Yes,80,0
,,32,,,Yes,Yes,Yes,Yes,,
,,46,See CA_46C in Table 5.6A.1-1 of TS 36.101 Bandwidth Combination Set 0,,,,,,,
CA_3A-32A-46D,-,3,,,Yes,Yes,Yes,Yes,100,0
,,32,,,Yes,Yes,Yes,Yes,,
,,46,See CA_46D in Table 5.6A.1-1 of TS 36.101 Bandwidth Combination Set 0,,,,,,,
CA_3A-32A-46E,-,3,,,Yes,Yes,Yes,Yes,120,0
,,32,,,Yes,Yes,Yes,Yes,,
,,46,See CA_46E in Table 5.6A.1-1 of TS 36.101 Bandwidth Combination Set 0,,,,,,,
CA_3A-38A-40A,-,3,,,Yes,Yes,Yes,Yes,60,0
,,38,,,Yes,Yes,Yes,Yes,,
,,40,,,Yes,Yes,Yes,Yes,,
CA_3A-40A-41A,-,3,Yes,Yes,Yes,Yes,Yes,Yes,60,0
,,40,,,Yes,Yes,Yes,Yes,,
,,41,,,Yes,Yes,Yes,Yes,,
CA_3A-41A-42A,CA_3A-41A CA_41A-42A CA_3A-42A,3,,,Yes,Yes,Yes,Yes,60,0
,,41,,,,Yes,Yes,Yes,,
,,42,,,,Yes,Yes,Yes,,
CA_3A-41A-42A-42A,-,3,,,Yes,Yes,Yes,Yes,80,0
,,41,,,,Yes,Yes,Yes,,
,,42,See CA_42A-42A Bandwidth combination set 1 in Table 5.6A.1-3,,,,,,,
CA_3A-41A-42C,CA_3A-41A CA_3A-42C CA_3A-42A CA_41A-42A CA_41A-42C CA_42C,3,,,Yes,Yes,Yes,Yes,80,0
,,41,,,,Yes,Yes,Yes,,
,,42,See CA_42C Bandwidth combination set 1 in Table 5.6A.1-1,,,,,,,
CA_3A-41A-42A-42C,CA_42C,3,,,Yes,Yes,Yes,Yes,100,0
,,41,,,,Yes,Yes,Yes,,
,,42,See CA_42A-42C Bandwidth combination set 1 in Table 5.6A.1-3,,,,,,,
CA_3A-41A-42C-42C,CA_42C,3,,,Yes,Yes,Yes,Yes,120,0
,,41,,,,Yes,Yes,Yes,,
,,42,See CA_42C-42C Bandwidth combination set 1 in Table 5.6A.1-3,,,,,,,
CA_3A-41C-42A,CA_3A-41A CA_3A-41C CA_3A-42A CA_41A-42A CA_41C CA_41C-42A,3,,,Yes,Yes,Yes,Yes,80,0
,,41,See CA_41C Bandwidth combination set 0 in Table 5.6A.1-1,,,,,,,
,,42,,,,Yes,Yes,Yes,,
CA_3A-41C-42C,CA_3A-41A CA_3A-41C CA_3A-42A CA_3A-42C CA_41A-42A CA_41A-42C CA_41C CA_41C-42A CA_42C,3,,,Yes,Yes,Yes,Yes,100,0
,,41,See CA_41C Bandwidth combination set 0 in Table 5.6A.1-1,,,,,,,
,,42,See CA_42C Bandwidth combination set 1 in Table 5.6A.1-1,,,,,,,
CA_3A-42A-43A,-,3,,,Yes,Yes,Yes,,55,0
,,42,,,Yes,Yes,Yes,Yes,,
,,43,,,Yes,Yes,Yes,Yes,,
CA_4A-5A-12A,-,4,,,Yes,Yes,Yes,Yes,40,0
,,5,,,Yes,Yes,,,,
,,12,,,Yes,Yes,,,,
CA_4A-5A-12A-12A,-,4,,,Yes,Yes,Yes,Yes,40,0
,,5,,,Yes,Yes,,,,
,,12,See CA_12A-12A Bandwidth Combination Set 0 in Table 5.6A.1-3,,,,,,,
CA_4A-5A-12B,-,4,,,Yes,Yes,Yes,Yes,45,0
,,5,,,Yes,Yes,,,,
,,12,See CA_12B Bandwidth Combination Set 0 in Table 5.6A.1-1,,,,,,,
CA_4A-4A-5A-12A,-,4,See CA_4A-4A Bandwidth Combination Set 0 in Table 5.6A.1-3,,,,,,60,0
,,5,,,Yes,Yes,,,,
,,12,,,Yes,Yes,,,,
CA_4A-5A-13A,CA_4A-13A6,4,,,Yes,Yes,Yes,Yes,40,0
,,5,,,Yes,Yes,,,,
,,13,,,,Yes,,,,
CA_4A-5A-29A,-,4,,,Yes,Yes,Yes,Yes,40,0
,,5,,,Yes,Yes,,,,
,,29,,,Yes,Yes,,,,
CA_4A-5A-30A,-,4,,,Yes,Yes,Yes,Yes,40,0
,,5,,,Yes,Yes,,,,
,,30,,,Yes,Yes,,,,
CA_4A-4A-5A-30A,-,4,See CA_4A-4A Bandwidth Combination Set 0 in Table 5.6A.1-3,,,,,,60,0
,,5,,,Yes,Yes,,,,
,,30,,,Yes,Yes,,,,
CA_4A-4A-5B-30A,-,4,See CA_4A-4A Bandwidth Combination Set 0 in Table 5.6A.1-3,,,,,,70,0
,,5,See CA_5B Bandwidth Combination Set 0 in Table 5.6A.1-1,,,,,,,
,,30,,,Yes,Yes,,,,
CA_4A-5B-30A,-,4,,,Yes,Yes,Yes,Yes,50,0
,,5,See CA_5B Bandwidth Combination Set 0 in Table 5.6A.1-1,,,,,,,
,,30,,,Yes,Yes,,,,
CA_4A-7A-12A,-,4,,,Yes,Yes,,,40,0
,,7,,,Yes,Yes,Yes,Yes,,
,,12,,,Yes,Yes,,,,
,,4,,,Yes,Yes,Yes,Yes,50,1
,,7,,,Yes,Yes,Yes,Yes,,
,,12,,,Yes,Yes,,,,
CA_4A-7A-28A,-,4,,,Yes,Yes,Yes,Yes,60,0
,,7,,,Yes,Yes,Yes,Yes,,
,,28,,,Yes,Yes,Yes,Yes,,
CA_4A-12A-30A,CA_4A-12A,4,,,Yes,Yes,Yes,Yes,40,0
,,12,,,Yes,Yes,,,,
,,30,,,Yes,Yes,,,,
CA_4A-4A-12A-30A,-,4,See CA_4A-4A Bandwidth Combination Set 0 in Table 5.6A.1-3,,,,,,60,0
,,12,,,Yes,Yes,,,,
,,30,,,Yes,Yes,,,,
CA_4A-29A-30A,-,4,,,Yes,Yes,Yes,Yes,40,0
,,29,,,Yes,Yes,,,,
,,30,,,Yes,Yes,,,,
CA_4A-4A-29A-30A,-,4,See CA_4A-4A Bandwidth combination set 0 in Table 5.6A.1-3,,,,,,60,0
,,29,,,Yes,Yes,,,,
,,30,,,Yes,Yes,,,,
CA_5A-7A-28A,-,5,,,Yes,Yes,,,50,0
,,7,,,,Yes,Yes,Yes,,
,,28,,,Yes,Yes,Yes,Yes,,
CA_5A-7A-7A-28A,-,5,Yes,Yes,Yes,Yes,,,70,0
,,7,See CA_7A-7A Bandwidth Combination Set 1 in Table 5.6A.1-3,,,,,,,
,,28,,Yes,Yes,Yes,Yes,Yes,,
CA_5A-7C-28A,-,5,,,Yes,Yes,,,70,0
,,7,See CA_7C Bandwidth Combination Set 1 in Table 5.6A.1-1,,,,,,,
,,28,,,Yes,Yes,Yes,Yes,,
CA_5A-7A-46A,CA_5A-7A,5,,,Yes,Yes,,,50,0
,,7,,,,Yes,Yes,Yes,,
,,46,,,,,,Yes,,
CA_5A-7A-46C,CA_5A-7A,5,,,Yes,Yes,,,70,0
,,7,,,,Yes,Yes,Yes,,
,,46,See CA_46C Bandwidth combination set 0 in the Table 5.6A.1-1,,,,,,,
CA_5A-7A-46D,-,5,,,Yes,Yes,,,90,0
,,7,,,,Yes,Yes,Yes,,
,,46,See CA_46D Bandwidth combination set 0 in Table 5.6A.1-1,,,,,,,
CA_5A-7A-66A,-,5,,,Yes,Yes,,,50,0
,,7,,,,Yes,Yes,Yes,,
,,66,,,Yes,Yes,Yes,Yes,,
CA_5A-7A-7A-66A,-,5,,,Yes,Yes,,,70,0
,,7,See CA_7A-7A Bandwidth Combination Set 1 in Table 5.6A.1-3,,,,,,,
,,66,,,Yes,Yes,Yes,Yes,,
CA_5A-7A-66A-66A,-,5,,,Yes,Yes,,,70,0
,,7,,,,Yes,Yes,Yes,,
,,66,See CA_66A-66A Bandwidth Combination Set 0 in Table 5.6A.1-3,,,,,,,
CA_5A-7C-66A,-,5,,,Yes,Yes,,,70,0
,,7,See CA_7C Bandwidth Combination Set 1 in Table 5.6A.1-1,,,,,,,
,,66,,,Yes,Yes,Yes,Yes,,
CA_5A-7C-66A-66A,-,5,,,Yes,Yes,,,90,0
,,7,See CA_7C Bandwidth Combination Set 1 in Table 5.6A.1-1,,,,,,,
,,66,See CA_66A-66A Bandwidth Combination Set 0 in Table 5.6A.1-3,,,,,,,
CA_5A-12A-46A,-,5,,,Yes,Yes,,,40,0
,,12,,,Yes,Yes,,,,
,,46,,,,,,Yes,,
CA_5A-12A-46C,-,5,,,Yes,Yes,,,60,0
,,12,,,Yes,Yes,,,,
,,46,See CA_46C Bandwidth Combination Set 0 in Table 5.6A.1-1,,,,,,,
CA_5A-12A-46D,-,5,,,Yes,Yes,,,80,0
,,12,,,Yes,Yes,,,,
,,46,See CA_46D Bandwidth Combination Set 0 in Table 5.6A.1-1,,,,,,,
CA_5A-12A-48A,-,5,,,Yes,Yes,,,40,0
,,12,,,Yes,Yes,,,,
,,48,,,Yes,Yes,Yes,Yes,,
CA_5A-12A-48C,-,5,,,Yes,Yes,,,60,0
,,12,,,Yes,Yes,,,,
,,48,See CA_48C Bandwidth combination set 0 in the Table 5.6A.1-1,,,,,,,
CA_5A-12A-48D,-,5,,,Yes,Yes,,,80,0
,,12,,,Yes,Yes,,,,
,,48,See the CA_48D Bandwidth combination set 0 in the Table 5.6A.1-1,,,,,,,
CA_5A-30A-66A,-,5,,,Yes,Yes,,,40,0
,,30,,,Yes,Yes,,,,
,,66,,,Yes,Yes,Yes,Yes,,
CA_5A-30A-66A-66A,-,5,,,Yes,Yes,,,60,0
,,30,,,Yes,Yes,,,,
,,66,See CA_66A-66A Bandwidth Combination Set 0 in Table 5.6A.1-3,,,,,,,
CA_5B-30A-66A,-,5,See CA_5B Bandwidth Combination Set 0 in Table 5.6A.1-1,,,,,,50,0
,,30,,,Yes,Yes,,,,
,,66,,,Yes,Yes,Yes,Yes,,
CA_5B-30A-66A-66A,-,5,See CA_5B Bandwidth Combination Set 0 in Table 5.6A.1-1,,,,,,70,0
,,30,,,Yes,Yes,,,,
,,66,See CA_66A-66A Bandwidth Combination Set 0 in Table 5.6A.1-3,,,,,,,
CA_5A-46A-66A,-,5,,,Yes,Yes,,,50,0
,,46,,,,,,Yes,,
,,66,,,Yes,Yes,Yes,Yes,,
CA_5A-46E-66A,-,5,,,Yes,Yes,,,110,0
,,46,See CA_46E Bandwidth combination set 0 in Table 5.6A.1-1,,,,,,,
,,66,,,Yes,Yes,Yes,Yes,,
CA_5A-46A-66A-66A,-,5,,,Yes,Yes,,,70,0
,,46,,,,,,Yes,,
,,66,See CA_66A-66A Bandwidth combination set 0 in Table 5.6A.1-3,,,,,,,
CA_5A-46C-66A-66A,-,5,,,Yes,Yes,,,90,0
,,46,See CA_46C Bandwidth combination set 0 in Table 5.6A.1-1,,,,,,,
,,66,See CA_66A-66A Bandwidth combination set 0 in Table 5.6A.1-3,,,,,,,
CA_5A-46D-66A-66A,-,5,,,Yes,Yes,,,110,0
,,46,See CA_46D Bandwidth combination set 0 in Table 5.6A.1-1,,,,,,,
,,66,See CA_66A-66A Bandwidth combination set 0 in Table 5.6A.1-3,,,,,,,
CA_5A-46E-66A-66A,-,5,,,Yes,Yes,,,130,0
,,46,See CA_46E Bandwidth combination set 0 in Table 5.6A.1-1,,,,,,,
,,66,See CA_66A-66A Bandwidth combination set 0 in Table 5.6A.1-3,,,,,,,
CA_7A-8A-20A,-,7,,,,Yes,Yes,Yes,40,0
,,8,,Yes,Yes,Yes,,,,
,,20,,,Yes,Yes,,,,
CA_7A-8A-32A,-,7,,,Yes,Yes,Yes,Yes,50,0
,,8,Yes,Yes,Yes,Yes,,,,
,,32,,,Yes,Yes,Yes,Yes,,
CA_7A-8A-38A13,-,7,,,,Yes,Yes,Yes,50,0
,,8,,,Yes,Yes,,,,
,,38,,,Yes,Yes,Yes,Yes,,
CA_7A-8A-40A,-,7,,,Yes,Yes,Yes,Yes,50,0
,,8,,,Yes,Yes,,,,
,,40,,,Yes,Yes,Yes,Yes,,
CA_5A-12A-66A,-,5,,,Yes,Yes,,,40,0
,,12,,,Yes,Yes,,,,
,,66,,,Yes,Yes,Yes,Yes,,
CA_5A-40A-41A,-,5,,,Yes,Yes,,,50,0
,,40,,,,Yes,,Yes,,
,,41,,,,,,Yes,,
CA_5A-46C-66A,-,5,,,Yes,Yes,,,70,0
,,46,See CA_46C Bandwidth Combination Set 0 in Table 5.6A.1-1,,,,,,,
,,66,,,Yes,Yes,Yes,Yes,,
CA_5A-46D-66A,CA_5A-46ACA_5A-66A,5,,,Yes,Yes,,,90,0
,,46,See CA_46D Bandwidth Combination Set 0 in Table 5.6A.1-1,,,,,,,
,,66,,,Yes,Yes,Yes,Yes,,
CA_5A-48A-66A,CA_48A-66ACA_5A-66ACA_5A-48A,5,,,Yes,Yes,,,50,0
,,48,,,Yes,Yes,Yes,Yes,,
,,66,,,Yes,Yes,Yes,Yes,,
CA_5A-48A-66A-66A,CA_48A-66ACA_5A-66ACA_5A-48A,5,,,Yes,Yes,,,70,0
,,48,,,Yes,Yes,Yes,Yes,,
,,66,See CA_66A-66A Bandwidth Combination Set 0 in Table 5.6A.1-3,,,,,,,
CA_5A-48C-66A,CA_48A-66ACA_5A-66ACA_5A-48A,5,,,Yes,Yes,,,70,0
,,48,See CA_48C Bandwidth combination set 0 in Table 1.6A.1-1,,,,,,,
,,66,Yes,Yes,Yes,Yes,Yes,Yes,,
CA_5A-48C-66A-66A,CA_48A-66ACA_5A-66ACA_5A-48A,5,,,Yes,Yes,,,90,0
,,48,See CA_48C Bandwidth combination set 0 in Table 5.6A.1-1,,,,,,,
,,66,See CA_66A-66A Bandwidth Combination Set 0 in Table 5.6A.1-3,,,,,,,
CA_5A-48D-66A,CA_48A-66ACA_5A-48A,5,,,Yes,Yes,,,90,0
,,48,See CA_48D Bandwidth combination set 0 in Table 5.6A.1-1,,,,,,,
,,66,Yes,Yes,Yes,Yes,Yes,Yes,,
CA_5A-48D-66A-66A,CA_48A-66ACA_5A-66ACA_5A-48A,5,,,Yes,Yes,,,110,0
,,48,See CA_48D Bandwidth combination set 0 in Table 5.6A.1-1,,,,,,,
,,66,See CA_66A-66A Bandwidth Combination Set 0 in Table 5.6A.1-3,,,,,,,
CA_7A-8A-28A,-,7,,,Yes,Yes,Yes,Yes,50,0
,,8,Yes,Yes,Yes,Yes,,,,
,,28,,Yes,Yes,Yes,Yes,Yes,,
CA_7A-8A-40C,-,7,,,Yes,Yes,Yes,Yes,70,0
,,8,,,Yes,Yes,,,,
,,40,See CA_40C Bandwidth combination set 1 in Table 5.6A.1-1,,,,,,,
CA_7A-12A-66A,-,7,,,Yes,Yes,Yes,Yes,50,0
,,12,,,Yes,Yes,,,,
,,66,,,Yes,Yes,Yes,Yes,,
CA_7A-12A-66A-66A,-,7,,,Yes,Yes,Yes,Yes,70,0
,,12,,,Yes,Yes,,,,
,,66,See CA_66A-66A Bandwidth Combination Set 0 in Table 5.6A.1-3,,,,,,,
CA_7A-12B-66A,-,7,,,Yes,Yes,Yes,Yes,55,0
,,12,See CA_12B Bandwidth combination set 0 in Table 5.6A.1-1,,,,,,,
,,66,,,Yes,Yes,Yes,Yes,,
CA_7A-12A-71A,-,7,,,Yes,Yes,Yes,Yes,40,0
,,12,,,Yes,Yes,,,,
,,71,,,Yes,Yes,,,,
CA_7A-13A-66A,-,7,,,Yes,Yes,Yes,Yes,50,0
,,13,,,Yes,Yes,,,,
,,66,,,Yes,Yes,Yes,Yes,,
CA_7A-7A-13A-66A,-,7,See CA_7A-7A Bandwidth Combination Set 1 in Table 5.6A.1-3,,,,,,70,0
,,13,,,Yes,Yes,,,,
,,66,,,Yes,Yes,Yes,Yes,,
CA_7C-13A-66A,-,7,See CA_7C Bandwidth combination set 1 in Table 5.6A.1-1,,,,,,70,0
,,13,,,Yes,Yes,,,,
,,66,,,Yes,Yes,Yes,Yes,,
CA_7A-20A-28A12,-,7,,,Yes,Yes,Yes,Yes,60,0
,,20,,,,Yes,Yes,Yes,,
,,28,,,Yes,Yes,Yes,Yes,,
CA_7C-20A-28A12,-,7,See CA_7C Bandwidth Combination Set 1 in Table 5.6A.1-1,,,,,,80,0
,,20,,,,Yes,Yes,Yes,,
,,28,,,Yes,Yes,Yes,Yes,,
CA_7A-20A-32A,CA_7A-20A,7,,,,Yes,Yes,Yes,60,0
,,20,,,Yes,Yes,Yes,Yes,,
,,32,,,Yes,Yes,Yes,Yes,,
CA_7C-20A-32A,CA_7CCA_7A-20A,7,See CA_7C Bandwidth Combination Set 1 in Table 5.6A.1-1,,,,,,80,0
,,20,,,Yes,Yes,Yes,Yes,,
,,32,,,Yes,Yes,Yes,Yes,,
CA_7A-20A-38A8,-,7,,,,Yes,Yes,Yes,60,0
,,20,,,Yes,Yes,Yes,Yes,,
,,38,,,Yes,Yes,Yes,Yes,,
CA_7C-20A-38A8,-,7,See CA_7C Bandwidth Combination Set 1 in Table 5.6A.1-1,,,,,,80,0
,,20,,,Yes,Yes,Yes,Yes,,
,,38,,,Yes,Yes,Yes,Yes,,
CA_7A-25A-66A,-,7,,,Yes,Yes,Yes,Yes,60,0
,,25,Yes,Yes,Yes,Yes,Yes,Yes,,
,,66,Yes,Yes,Yes,Yes,Yes,Yes,,
CA_7A-7A-25A-66A,-,7,See CA_7A-7A Bandwidth Combination Set 1 in Table 5.6A.1-3,,,,,,80,0
,,25,Yes,Yes,Yes,Yes,Yes,Yes,,
,,66,Yes,Yes,Yes,Yes,Yes,Yes,,
CA_7C-25A-66A,-,7,See CA_7C Bandwidth Combination Set 1 in Table 5.6A.1-1,,,,,,80,0
,,25,Yes,Yes,Yes,Yes,Yes,Yes,,
,,66,Yes,Yes,Yes,Yes,Yes,Yes,,
CA_7A-25A-25A-66A,-,7,,,Yes,Yes,Yes,Yes,80,0
,,25,See CA_25A-25A Bandwidth Combination Set 1 in Table 5.6A.1-3,,,,,,,
,,66,Yes,Yes,Yes,Yes,Yes,Yes,,
CA_7A-7A-25A-25A-66A,-,7,See CA_7A-7A Bandwidth Combination Set 1 in Table 5.6A.1-3,,,,,,100,0
,,25,See CA_25A-25A Bandwidth Combination Set 1 in Table 5.6A.1-3,,,,,,,
,,66,Yes,Yes,Yes,Yes,Yes,Yes,,
CA_7C-25A-25A-66A,-,7,See CA_7C Bandwidth Combination Set 1 in Table 5.6A.1-1,,,,,,100,0
,,25,See CA_25A-25A Bandwidth Combination Set 1 in Table 5.6A.1-3,,,,,,,
,,66,Yes,Yes,Yes,Yes,Yes,Yes,,
CA_7A-26A-66A,-,7,,,Yes,Yes,Yes,Yes,55,0
,,26,,Yes,Yes,Yes,Yes,,,
,,66,,Yes,Yes,Yes,Yes,Yes,,
CA_7A-28A-32A,CA_7A-28A,7,,,Yes,Yes,Yes,Yes,60,0
,,28,,Yes,Yes,Yes,Yes,Yes,,
,,32,,,Yes,Yes,Yes,Yes,,
CA_7C-28A-32A,-,7,See CA_7C Bandwidth Combination Set 1 in Table 5.6A.1-1,,,,,,80,0
,,28,,Yes,Yes,Yes,Yes,Yes,,
,,32,,,Yes,Yes,Yes,Yes,,
CA_7A-28A-40A,CA_7A-28ACA_7A-40ACA_28A-40A,7,,,Yes,Yes,Yes,Yes,60,0
,,28,,,Yes,Yes,Yes,Yes,,
,,40,,,Yes,Yes,Yes,Yes,,
CA_7A-28A-40A-40A,CA_7A-28ACA_7A-40ACA_28A-40A,7,,,Yes,Yes,Yes,Yes,80,0
,,28,,,Yes,Yes,Yes,Yes,,
,,40,See CA_40A-40A Bandwidth Combination Set 1 in Table 5.6A.1-3,,,,,,,
CA_7A-28A-40C,CA_7A-28ACA_7A-40ACA_28A-40A,7,,,Yes,Yes,Yes,Yes,80,0
,,28,,,Yes,Yes,Yes,Yes,,
,,40,See CA_40C Bandwidth combination set 0 in Table 5.6A.1-1,,,,,,,
CA_7A-28A-40D,CA_7A-28ACA_7A-40ACA_28A-40A,7,,,Yes,Yes,Yes,Yes,100,0
,,28,,,Yes,Yes,Yes,Yes,,
,,40,See CA_40D Bandwidth Combination Set 0 in Table 5.6A.1-1,,,,,,,
CA_7A-20A-42A,-,7,,,,Yes,Yes,Yes,60,0
,,20,,,Yes,Yes,Yes,Yes,,
,,42,,,Yes,Yes,Yes,Yes,,
CA_7A-28A-38A14,-,7,,,,Yes,Yes,Yes,60,0
,,28,,,Yes,Yes,Yes,Yes,,
,,38,,,Yes,Yes,Yes,Yes,,
CA_7C-28A-38A14,-,7,See CA_7C Bandwidth Combination Set 1 in Table 5.6A.1-1,,,,,,80,0
,,28,,,Yes,Yes,Yes,Yes,,
,,38,,,Yes,Yes,Yes,Yes,,
CA_7A-28A-66A,-,7,,,Yes,Yes,Yes,Yes,60,0
,,28,,,Yes,Yes,Yes,Yes,,
,,66,,,Yes,Yes,Yes,Yes,,
CA_7C-28A-66A,-,7,See CA_7C Bandwidth Combination Set 1 in Table 5.6A.1-1,,,,,,80,0
,,28,,,Yes,Yes,Yes,Yes,,
,,66,,,Yes,Yes,Yes,Yes,,
CA_7A-29A-66A,-,7,,,Yes,Yes,Yes,Yes,50,0
,,29,,,Yes,Yes,,,,
,,66,,,Yes,Yes,Yes,Yes,,
CA_7A-7A-29A-66A,-,7,See CA_7A-7A Bandwidth combination set 1 in table 5.6A.1-3,,,,,,70,0
,,29,,,Yes,Yes,,,,
,,66,,,Yes,Yes,Yes,Yes,,
CA_7C-29A-66A,-,7,See CA_7C Bandwidth combination set 2 in table 5.6A.1-1,,,,,,70,0
,,29,,,Yes,Yes,,,,
,,66,,,Yes,Yes,Yes,Yes,,
CA_7A-30A-66A,-,7,,,Yes,Yes,Yes,Yes,50,0
,,30,,,Yes,Yes,,,,
,,66,,,Yes,Yes,Yes,Yes,,
CA_7A-32A-46A,-,7,,,,Yes,Yes,Yes,60,0
,,32,,,Yes,Yes,Yes,Yes,,
,,46,,,,,,Yes,,
CA_7A-32A-46C,-,7,,,,Yes,Yes,Yes,80,0
,,32,,,Yes,Yes,Yes,Yes,,
,,46,See CA_46C in Table 5.6A.1-1 of TS 36.101 Bandwidth Combination Set 0,,,,,,,
CA_7A-32A-46D,-,7,,,,Yes,Yes,Yes,100,0
,,32,,,Yes,Yes,Yes,Yes,,
,,46,See CA_46D in Table 5.6A.1-1 of TS 36.101 Bandwidth Combination Set 0,,,,,,,
CA_7A-32A-46E,-,7,,,,Yes,Yes,Yes,120,0
,,32,,,Yes,Yes,Yes,Yes,,
,,46,See CA_46E in Table 5.6A.1-1 of TS 36.101 Bandwidth Combination Set 0,,,,,,,
CA_7A-38A-66A17,-,7,,,Yes,Yes,Yes,Yes,60,0
,,38,,,Yes,Yes,Yes,Yes,,
,,66,,,Yes,Yes,Yes,Yes,,
,,7,,,Yes,Yes,Yes,Yes,,
CA_7A-38C-66A17,-,38,See CA_38C Bandwidth Combination Set 0 in Table 5.6A.1-1,,,,,,80,0
,,66,,,Yes,Yes,Yes,Yes,,
CA_7A-46A-66A,-,7,,,Yes,Yes,Yes,Yes,60,0
,,46,,,,Yes,,Yes,,
,,66,,,Yes,Yes,Yes,Yes,,
CA_7A-66A-71A,-,7,,,Yes,Yes,Yes,Yes,60,0
,,66,,,Yes,Yes,Yes,Yes,,
,,71,,,Yes,Yes,Yes,Yes,,
CA_8A-11A-28A,-,8,,,Yes,Yes,,,40,0
,,11,,,Yes,Yes,,,,
,,28,,,Yes,Yes,Yes,Yes,,
CA_8A-11A-42A,-,8,,,Yes,Yes,,,40,0
,,11,,,Yes,Yes,,,,
,,42,,,Yes,Yes,Yes,Yes,,
CA_8A-11A-42C,-,8,,,Yes,Yes,,,60,0
,,11,,,Yes,Yes,,,,
,,42,See CA_42C Bandwidth Combination Set 0 in Table 5.6A.1-1,,,,,,,
CA_8A-20A-28A15,-,8,,,Yes,Yes,,,50,0
,,20,,,,Yes,Yes,Yes,,
,,28,,,Yes,Yes,Yes,Yes,,
CA_8A-20A-32A,-,8,Yes,Yes,Yes,Yes,,,50,0
,,20,,,Yes,Yes,Yes,Yes,,
,,32,,,Yes,Yes,Yes,Yes,,
CA_8A-20A-38A,-,8,,,Yes,Yes,,,50,0
,,20,,,Yes,Yes,Yes,Yes,,
,,38,,,Yes,Yes,Yes,Yes,,
CA_8A-20A-40A,-,8,Yes,Yes,Yes,Yes,,,50,0
,,20,,,Yes,Yes,Yes,Yes,,
,,40,,,Yes,Yes,Yes,Yes,,
CA_8A-28A-32A,-,8,Yes,Yes,Yes,Yes,,,50,0
,,28,,Yes,Yes,Yes,Yes,Yes,,
,,32,,,Yes,Yes,Yes,Yes,,
CA_8A-28A-38A,-,8,Yes,Yes,Yes,Yes,,,50,0
,,28,,Yes,Yes,Yes,Yes,Yes,,
,,38,,,Yes,Yes,Yes,Yes,,
CA_8A-28A-40A,-,8,Yes,Yes,Yes,Yes,,,50,0
,,28,,Yes,Yes,Yes,Yes,Yes,,
,,40,,,Yes,Yes,Yes,Yes,,
CA_8A-28A-41A,-,8,,,Yes,Yes,,,50,0
,,28,,,Yes,Yes,Yes,Yes,,
,,41,,,Yes,Yes,Yes,Yes,,
,,8,,Yes,Yes,Yes,,,,
CA_8A-28A-71A,-,8,,,Yes,Yes,,,50,0
,,28,,,Yes,Yes,Yes,Yes,,
,,71,,,Yes,Yes,Yes,Yes,,
CA_8A-32A-38A,-,8,,,Yes,Yes,,,50,0
,,32,,,Yes,Yes,Yes,Yes,,
,,38,,,Yes,Yes,Yes,Yes,,
CA_8A-38A-40A,-,8,,,Yes,Yes,,,50,0
,,38,,,Yes,Yes,Yes,Yes,,
,,40,,,Yes,Yes,Yes,Yes,,
CA_8A-39A-41A,-,8,,,Yes,Yes,,,50,0
,,39,,,,Yes,Yes,Yes,,
,,41,,,,,,Yes,,
CA_8A-40A-41A,-,8,Yes,Yes,Yes,Yes,,,50,0
,,40,,,Yes,Yes,Yes,Yes,,
,,41,,,Yes,Yes,Yes,Yes,,
CA_12A-30A-66A,-,12,,,Yes,Yes,,,40,0
,,30,,,Yes,Yes,,,,
,,66,,,Yes,Yes,Yes,Yes,,
CA_12A-30A-66A-66A,-,12,,,Yes,Yes,,,60,0
,,30,,,Yes,Yes,,,,
,,66,See CA_66A-66A Bandwidth Combination Set 0 in Table 5.6A.1-3,,,,,,,
CA_12A-48A-66A,-,12,,,Yes,Yes,,,50,0
,,48,,,Yes,Yes,Yes,Yes,,
,,66,,,Yes,Yes,Yes,Yes,,
CA_13A-46A-66A,-,13,,,Yes,Yes,,,50,0
,,46,,,,,,Yes,,
,,66,,,Yes,Yes,Yes,Yes,,
CA_13A-46A-66A-66A,-,13,,,Yes,Yes,,,70,0
,,46,,,,,,Yes,,
,,66,See CA_66A-66A Bandwidth Combination Set 0 in Table 5.6A.1-3,,,,,,,
CA_13A-46C-66A,-,13,,,Yes,Yes,,,70,0
,,46,See CA_46C Bandwidth Combination Set 0 in Table 5.6A.1-1,,,,,,,
,,66,,,Yes,Yes,Yes,Yes,,
CA_13A-46C-66A-66A,-,13,,,Yes,Yes,,,90,0
,,46,See CA_46C Bandwidth Combination Set 0 in Table 5.6A.1-1,,,,,,,
,,66,See CA_66A-66A Bandwidth Combination Set 0 in Table 5.6A.1-3,,,,,,,
CA_13A-46D-66A,CA_13A-66A,13,,,Yes,Yes,,,90,0
,,46,See CA_46D Bandwidth Combination Set 0 in Table 5.6A.1-1,,,,,,,
,,66,,,Yes,Yes,Yes,Yes,,
CA_13A-46D-66A-66A,-,13,,,Yes,Yes,,,110,0
,,46,See CA_46D Bandwidth Combination Set 0 in Table 5.6A.1-1,,,,,,,
,,66,See CA_66A-66A Bandwidth Combination Set 0 in Table 5.6A.1-3,,,,,,,
CA_13A-46E-66A,-,13,,,Yes,Yes,,,110,0
,,46,See CA_46E Bandwidth Combination Set 0 in Table 5.6A.1-1,,,,,,,
,,66,,,Yes,Yes,Yes,Yes,,
CA_13A-48A-66A,CA_13A-48ACA_13A-66ACA_48A-66A,13,,,Yes,Yes,,,50,0
,,48,,,Yes,Yes,Yes,Yes,,
,,66,,,Yes,Yes,Yes,Yes,,
CA_13A-48A-48A-66A,CA_13A-48ACA_13A-66ACA_48A-66A,13,,,Yes,Yes,,,70,0
,,48,See CA_48A-48A Bandwidth Combination Set 0 in Table 5.6A.1-3,,,,,,,
,,66,,,Yes,Yes,Yes,Yes,,
CA_13A-48C-66A,CA_48A-66ACA_13A-66ACA_13A-48A,13,,,Yes,Yes,,,70,0
,,48,See CA_48C Bandwidth Combination Set 0 in Table 5.6A.1-1,,,,,,,
,,66,,,Yes,Yes,Yes,Yes,,
CA_13A-48C-66A-66A,CA_48A-66ACA_13A-66ACA_13A-48A,13,,,Yes,Yes,,,90,0
,,48,See CA_48C Bandwidth Combination Set 0 in Table 5.6A.1-1,,,,,,,
,,66,See CA_66A-66A Bandwidth Combination Set 0 in Table 5.6A.1-3,,,,,,,
CA_13A-48D-66A,CA_48A-66ACA_13A-48A,13,,,Yes,Yes,,,90,0
,,48,See CA_48D Bandwidth Combination Set 0 in Table 5.6A.1-1,,,,,,,
,,66,,,Yes,Yes,Yes,Yes,,
CA_13A-48D-66A-66A,CA_48A-66ACA_13A-66ACA_13A-48A,13,,,Yes,Yes,,,110,0
,,48,See CA_48D Bandwidth Combination Set 0 in Table 5.6A.1-1,,,,,,,
,,66,See CA_66A-66A Bandwidth Combination Set 0 in Table 5.6A.1-3,,,,,,,
CA_13A-48E-66A,-,13,,,Yes,Yes,,,110,0
,,48,See CA_48E Bandwidth combination set 0 in Table 5.6A.1-1,,,,,,,
,,66,,,Yes,Yes,Yes,Yes,,
CA_13A-48A-48C-66A,-,13,,,Yes,Yes,,,90,0
,,48,See CA_48A-48C Bandwidth Combination Set 0 in Table 5.6A.1-3,,,,,,,
,,66,,,Yes,Yes,Yes,Yes,,
CA_13A-48A-66A-66A,CA_48A-66ACA_13A-66ACA_13A-48A,13,,,Yes,Yes,,,70,0
,,48,,,Yes,Yes,Yes,Yes,,
,,66,See CA_66A-66A Bandwidth Combination Set 0 in Table 5.6A.1-3,,,,,,,
CA_13A-48A-66B,-,13,,,Yes,Yes,,,50,0
,,48,,,Yes,Yes,Yes,Yes,,
,,66,See CA_66B Bandwidth combination set 0 in Table 5.6A.1-1,,,,,,,
CA_13A-48A-66C,-,13,,,Yes,Yes,,,70,0
,,48,,,Yes,Yes,Yes,Yes,,
,,66,See CA_66C Bandwidth combination set 0 in Table 5.6A.1-1,,,,,,,
CA_14A-30A-66A,CA_14A-30ACA_14A-66A,14,,,Yes,Yes,,,40,0
,,30,,,Yes,Yes,,,,
,,66,,,Yes,Yes,Yes,Yes,,
CA_14A-30A-66A-66A,CA_14A-30ACA_14A-66A,14,,,Yes,Yes,,,60,0
,,30,,,Yes,Yes,,,,
,,66,See CA_66A-66A Bandwidth combination set 0 in Table 5.6A.1-3,,,,,,,
CA_19A-21A-42A,CA_19A-21A CA_19A-42A6 CA_21A-42A,19,,,Yes,Yes,Yes,,50,0
,,21,,,Yes,Yes,Yes,,,
,,42,,,Yes,Yes,Yes,Yes,,
CA_19A-21A-42C,CA_19A-21A CA_19A-42A6 CA_21A-42A,19,,,Yes,Yes,Yes,,70,0
,,21,,,Yes,Yes,Yes,,,
,,42,See CA_42C Bandwidth combination set 0 in Table 5.6A.1-1,,,,,,,
CA_19A-28A-42A,-,19,,,Yes,Yes,Yes,,55,0
,,28,,,Yes,Yes,Yes,Yes,,
,,42,,,Yes,Yes,Yes,Yes,,
CA_19A-28A-42C,-,19,,,Yes,Yes,Yes,,75,0
,,28,,,Yes,Yes,Yes,Yes,,
,,42,See CA_42C Bandwidth combination set 0 in Table 5.6A.1-1,,,,,,,
CA_20A-28A-32A,-,20,,,Yes,Yes,Yes,Yes,60,0
,,28,,,Yes,Yes,Yes,Yes,,
,,32,,,Yes,Yes,Yes,Yes,,
,,20,,,,Yes,Yes,Yes,,
CA_20A-28A-38A12,-,28,,,Yes,Yes,Yes,Yes,60,0
,,38,,,Yes,Yes,Yes,Yes,,
,,20,,,Yes,Yes,Yes,Yes,,
CA_20A-28A-40A,-,20,,,Yes,Yes,Yes,Yes,60,0
,,28,,Yes,Yes,Yes,Yes,Yes,,
,,40,,,Yes,Yes,Yes,Yes,,
CA_20A-32A-38A,-,32,,,Yes,Yes,Yes,Yes,60,0
,,38,,,Yes,Yes,Yes,Yes,,
CA_20A-32A-42A,-,20,,,Yes,,,,45,0
,,32,,,Yes,Yes,Yes,Yes,,
,,42,,,Yes,Yes,Yes,Yes,,
CA_20A-32A-43A,-,20,,,Yes,,,,45,0
,,32,,,Yes,Yes,Yes,Yes,,
,,43,,,Yes,Yes,Yes,Yes,,
CA_20A-38A-40A,,20,,,Yes,Yes,Yes,,55,0
,,38,,,,Yes,Yes,Yes,,
,,40,,,,Yes,Yes,Yes,,
CA_20A-38A-40A-40A,-,20,,,Yes,Yes,Yes,,75,0
,,38,,,,Yes,Yes,Yes,,
,,40,See CA_40A-40A Bandwidth Combination Set 1 in Table 5.6A.1-3,,,,,,,
CA_20A-38A-40C,-,20,,,Yes,Yes,Yes,,75,0
,,38,,,,Yes,Yes,Yes,,
,,40,See CA_40C Bandwidth Combination Set 1 in Table 5.6A.1-1,,,,,,,
CA_20A-38A-40D,-,20,,,Yes,Yes,Yes,,95,0
,,38,,,,Yes,Yes,Yes,,
,,40,See CA_40D Bandwidth Combination Set 1 in Table 5.6A.1-1,,,,,,,
CA_21A-28A-42A,CA_21A-28A CA_21A-42A CA_28A-42A,21,,,Yes,Yes,Yes,,45,0
,,28,,,Yes,Yes,,,,
,,42,,,Yes,Yes,Yes,Yes,,
CA_21A-28A-42C,CA_21A-28A CA_21A-42A CA_28A-42A,21,,,Yes,Yes,Yes,,65,0
,,28,,,Yes,Yes,,,,
,,42,See CA_42C Bandwidth combination set 0 in Table 5.6A.1-1,,,,,,,
CA_25A-26A-41A,-,25,,Yes,Yes,Yes,Yes,Yes,55,0
,,26,Yes,Yes,Yes,Yes,Yes,,,
,,41,,,Yes,Yes,Yes,Yes,,
CA_25A-25A-26A-41A,-,25,See CA_25A-25A Bandwidth Combination Set 1 in Table 5.6A.1-3,,,,,,65,0
,,26,,Yes,Yes,,,,,
,,41,,,Yes,Yes,Yes,Yes,,
CA_25A-25A-26A-41C,-,25,See CA_25A-25A Bandwidth Combination Set 1 in Table 5.6A.1-3,,,,,,85,0
,,26,,Yes,Yes,,,,,
,,41,See CA_41C Bandwidth Combination Set 1 in Table 5.6A.1-1,,,,,,,
CA_25A-26A-41C,-,25,,Yes,Yes,Yes,Yes,Yes,75,0
,,26,Yes,Yes,Yes,Yes,Yes,,,
,,41,See CA_41C Bandwidth Combination Set 0 in Table 5.6A.1-1,,,,,,,
CA_25A-26A-41D,-,25,,Yes,Yes,Yes,Yes,Yes,95,0
,,26,Yes,Yes,Yes,Yes,Yes,,,
,,41,See CA_41D Bandwidth Combination Set 0 in Table 5.6A.1-1,,,,,,,
CA_25A-26A-41E,-,25,,Yes,Yes,Yes,Yes,Yes,115,0
,,26,Yes,Yes,Yes,Yes,Yes,,,
,,41,See CA_41E Bandwidth Combination Set 0 in Table 5.6A.1-1,,,,,,,
CA_25A-26A-41F,-,25,,Yes,Yes,Yes,Yes,Yes,135,0
,,26,Yes,Yes,Yes,Yes,Yes,,,
,,41,See CA_41F Bandwidth Combination Set 0 in Table 5.6A.1-1,,,,,,,
CA_25A-25A-26A-41D,-,25,See CA_25A-25A Bandwidth Combination Set 1 in Table 5.6A.1-3,,,,,,105,0
,,26,,Yes,Yes,,,,,
,,41,See CA_41D Bandwidth combination set 0 in Table 5.6A.1-1,,,,,,,
CA_25A-25A-26A-41E,-,25,See CA_25A-25A Bandwidth Combination Set 1 in Table 5.6A.1-3,,,,,,125,0
,,26,,Yes,Yes,,,,,
,,41,See CA_41E Bandwidth combination set 0 in Table 5.6A.1-1,,,,,,,
CA_25A-25A-26A-41F,-,25,See CA_25A-25A Bandwidth Combination Set 1 in Table 5.6A.1-3,,,,,,145,0
,,26,,Yes,Yes,,,,,
,,41,See CA_41F Bandwidth combination set 0 in Table 5.6A.1-1,,,,,,,
CA_28A-32A-38A,-,28,,,Yes,Yes,,,50,0
,,32,,,Yes,Yes,Yes,Yes,,
,,38,,,Yes,Yes,Yes,Yes,,
CA_28A-41A-42A,CA_41A-42A,28,,,Yes,Yes,,,50,0
,,41,,,,Yes,Yes,Yes,,
,,42,,,,Yes,Yes,Yes,,
CA_28A-41A-42A-42A,-,28,,,Yes,Yes,,,70,0
,,41,,,,Yes,Yes,Yes,,
,,42,See CA_42A-42A Bandwidth Combination Set 1 in Table 5.6A.1-3,,,,,,,
CA_28A-41A-42C,CA_41A-42A CA_42C,28,,,Yes,Yes,,,70,0
,,41,,,,Yes,Yes,Yes,,
,,42,See CA_42C Bandwidth Combination Set 1 in Table 5.6A.1-1,,,,,,,
CA_28A-41A-42A-42C,CA_42C,28,,,Yes,Yes,,,90,0
,,41,,,,Yes,Yes,Yes,,
,,42,See CA_42A-42C Bandwidth Combination Set 1 in Table 5.6A.1-3,,,,,,,
CA_28A-41A-42C-42C,CA_42C,28,,,Yes,Yes,,,110,0
,,41,,,,Yes,Yes,Yes,,
,,42,See CA_42C-42C Bandwidth Combination Set 1 in Table 5.6A.1-3,,,,,,,
CA_28A-41C-42A,CA_41A-42A,28,,,Yes,Yes,,,70,0
,,41,See CA_41C Bandwidth Combination Set 0 in Table 5.6A.1-1,,,,,,,
,,42,,,,Yes,Yes,Yes,,
CA_28A-41C-42C,CA_42C,28,,,Yes,Yes,,,90,0
,,41,See CA_41C Bandwidth combination set 0 in Table 5.6A.1-1,,,,,,,
,,42,See CA_42C Bandwidth combination set 1 in Table 5.6A.1-1,,,,,,,
CA_29A-30A-66A,-,29,,,Yes,Yes,,,40,0
,,30,,,Yes,Yes,,,,
,,66,,,Yes,Yes,Yes,Yes,,
CA_29A-30A-66A-66A,-,29,,,Yes,Yes,,,60,0
,,30,,,Yes,Yes,,,,
,,66,See CA_66A-66A Bandwidth combination set 0 in Table 5.6A.1-3,,,,,,,
CA_29A-46A-66A,-,29,,,Yes,Yes,,,50,0
,,46,,,,,,Yes,,
,,66,,,Yes,Yes,Yes,Yes,,
CA_29A-66A-70A,-,29,,,Yes,Yes,,,45,0
,,66,,,Yes,Yes,Yes,Yes,,
,,70,,,Yes,Yes,Yes,,,
CA_29A-66A-66A-70A,-,29,,,Yes,Yes,,,65,0
,,66,See CA_66A-66A Bandwidth combination set 0 in Table 5.6A.1-3,,,,,,,
,,70,,,Yes,Yes,Yes,,,
CA_29A-66A-70C,-,29,,,Yes,Yes,,,55,0
,,66,,,Yes,Yes,Yes,Yes,,
,,70,See CA_70C Bandwidth combination set 0 in Table 5.6A.1-1,,,,,,,
CA_29A-66A-66A-70C,-,29,,,Yes,Yes,,,75,0
,,66,See the CA_66A-66A Bandwidth combination set 0 in Table 5.6A.1-3,,,,,,,
,,70,See the CA_70C Bandwidth combination set 0 in Table 5.6A.1-1,,,,,,,
CA_29A-66C-70A,-,29,,,Yes,Yes,,,65,0
,,66,See CA_66C Bandwidth combination set 0 in Table 5.6A.1-1,,,,,,,
,,70,,,Yes,Yes,Yes,,,
CA_29A-66C-70C,-,29,,,Yes,Yes,,,75,0
,,66,See the CA_66C Bandwidth combination set 0 in Table 5.6A.1-1,,,,,,,
,,70,See the CA_70C Bandwidth combination set 0 in Table 5.6A.1-1,,,,,,,
CA_32A-42A-43A,-,32,,,Yes,Yes,Yes,Yes,60,0
,,42,,,Yes,Yes,Yes,Yes,,
,,43,,,Yes,Yes,Yes,Yes,,
CA_46A-48A-66A,CA_48A-66A,46,,,,,,Yes,60,0
,,48,,,Yes,Yes,Yes,Yes,,
,,66,,,Yes,Yes,Yes,Yes,,
CA_46A-48A-71A,-,46,,,,,,Yes,60,0
,,48,,,Yes,Yes,Yes,Yes,,
,,71,,,Yes,Yes,Yes,Yes,,
CA_46C-48A-48A-71A,-,46,See CA_46C Bandwidth combination set 0 in Table 5.6A.1-1,,,,,,100,0
,,48,See CA_48A-48A Bandwidth combination set 0 in Table 5.6A.1-3,,,,,,,
,,71,,,Yes,Yes,Yes,Yes,,
CA_46A-48C-66A,CA_48A-66A,46,,,,,,Yes,80,0
,,48,See the CA_48C Bandwidth combination set 0 in Table 5.6A.1-1,,,,,,,
,,66,,,Yes,Yes,Yes,Yes,,
CA_46A-48D-66A,-,46,,,,,,Yes,100,0
,,48,See the CA_48D Bandwidth combination set 0 in Table 5.6A.1-1,,,,,,,
,,66,,,Yes,Yes,Yes,Yes,,
CA_46A-48E-66A,-,46,,,,,,Yes,120,0
,,48,See the CA_48E Bandwidth combination set 0 in Table 5.6A.1-1,,,,,,,
,,66,,,Yes,Yes,Yes,Yes,,
CA_46C-48A-66A,CA_48A-66A,46,See the CA_46C Bandwidth combination set 0 in Table 5.6A.1-1,,,,,,80,0
,,48,,,Yes,Yes,Yes,Yes,,
,,66,,,Yes,Yes,Yes,Yes,,
CA_46C-48C-66A,CA_48A-66A,46,See the CA_46C Bandwidth combination set 0 in Table 5.6A.1-1,,,,,,100,0
,,48,See the CA_48C Bandwidth combination set 0 in Table 5.6A.1-1,,,,,,,
,,66,,,Yes,Yes,Yes,Yes,,
CA_46C-48D-66A,-,46,See the CA_46C Bandwidth combination set 0 in Table 5.6A.1-1,,,,,,120,0
,,48,See the CA_48D Bandwidth combination set 0 in Table 5.6A.1-1,,,,,,,
,,66,,,Yes,Yes,Yes,Yes,,
CA_46C-48E-66A,-,46,See the CA_46C Bandwidth combination set 0 in Table 5.6A.1-1,,,,,,140,0
,,48,See the CA_48E Bandwidth combination set 0 in Table 5.6A.1-1,,,,,,,
,,66,,,Yes,Yes,Yes,Yes,,
CA_46D-48A-66A,CA_48A-66A,46,See the CA_46D Bandwidth combination set 0 in Table 5.6A.1-1,,,,,,100,0
,,48,,,Yes,Yes,Yes,Yes,,
,,66,,,Yes,Yes,Yes,Yes,,
CA_46D-48C-66A,CA_48A-66A,46,See the CA_46D Bandwidth combination set 0 in Table 5.6A.1-1,,,,,,120,0
,,48,See the CA_48C Bandwidth combination set 0 in Table 5.6A.1-1,,,,,,,
,,66,,,Yes,Yes,Yes,Yes,,
CA_46E-48A-66A,-,46,See the CA_46E Bandwidth combination set 0 in Table 5.6A.1-1,,,,,,120,0
,,48,,,Yes,Yes,Yes,Yes,,
,,66,,,Yes,Yes,Yes,Yes,,
CA_46E-48C-66A,-,46,See the CA_46E Bandwidth combination set 0 in Table 5.6A.1-1,,,,,,140,0
,,48,See the CA_48C Bandwidth combination set 0 in Table 5.6A.1-1,,,,,,,
,,66,,,Yes,Yes,Yes,Yes,,
CA_46A-48A-48A-71A,-,46,,,,,,Yes,80,0
,,48,See CA_48A-48A Bandwidth combination set 0 in Table 5.6A.1-3,,,,,,,
,,71,,,Yes,Yes,Yes,Yes,,
CA_46A-48C-71A,-,46,,,,,,Yes,80,0
,,48,See CA_48C Bandwidth combination set 0 in Table 5.6A.1-1,,,,,,,
,,71,,,Yes,Yes,Yes,Yes,,
CA_46C-48A-71A,-,46,See CA_46C Bandwidth combination set 0 in Table 5.6A.1-1,,,,,,80,0
,,48,,,Yes,Yes,Yes,Yes,,
,,71,,,Yes,Yes,Yes,Yes,,
CA_46C-48C-71A,-,46,See CA_46C Bandwidth combination set 0 in Table 5.6A.1-1,,,,,,100,0
,,48,See CA_48C Bandwidth combination set 0 in Table 5.6A.1-1,,,,,,,
,,71,,,Yes,Yes,Yes,Yes,,
CA_66A-70A-71A,-,66,,,Yes,Yes,Yes,Yes,55,0
,,70,,,Yes,Yes,Yes,,,
,,71,,,Yes,Yes,Yes,Yes,,
CA_66C-70A-71A,-,66,See the CA_66C Bandwidth combination set 0 in Table 5.6A.1-1,,,,,,75,0
,,70,,,Yes,Yes,Yes,,,
,,71,,,Yes,Yes,Yes,Yes,,
CA_66A-70C-71A,-,66,,,Yes,Yes,Yes,Yes,65,0
,,70,See the CA_70C Bandwidth combination set 0 in Table 5.6A.1-1,,,,,,,
,,71,,,Yes,Yes,Yes,Yes,,
CA_66A-66A-70A-71A,-,66,See the CA_66A-66A Bandwidth combination set 0 in Table 5.6A.1-3,,,,,,75,0
,,70,,,Yes,Yes,Yes,,,
,,71,,,Yes,Yes,Yes,Yes,,
CA_66A-66A-70C-71A,-,66,See the CA_66A-66A Bandwidth combination set 0 in Table 5.6A.1-3,,,,,,85,0
,,70,See the CA_70C Bandwidth combination set 0 in Table 5.6A.1-1,,,,,,,
,,71,,,Yes,Yes,Yes,Yes,,
CA_66C-70C-71A,-,66,See the CA_66C Bandwidth combination set 0 in Table 5.6A.1-1,,,,,,85,0
,,70,See the CA_70C Bandwidth combination set 0 in Table 5.6A.1-1,,,,,,,
,,71,,,,Yes,Yes,Yes,,
"NOTE 1:The CA Configuration refers to a combination of an operating band and a CA bandwidth class specified in Table 5.6A-1 (the indexing letter). Absence of a CA bandwidth class for an operating band implies support of all classes.NOTE 2:For each band combination, all combinations of indicated bandwidths belong to the set.NOTE 3:For the supported CC bandwidth combinations, the CC downlink and uplink bandwidths are equal.NOTE 4:A terminal which supports a DL CA configuration shall support all the lower order fallback DL CA combinations and it shall support at least one bandwidth combination set for each of the constituent lower order DL combinations containing all the bandwidths specified within each specific combination set of the upper order DL combination.NOTE 5: Uplink CA configurations are the configurations supported by the present release of specifications.NOTE 6: If the UE supports any uplink CA configuration for corresponding downlink CA configuration it shall support this uplink CA configuration.NOTE 7:UL carrier shall be supported in Band 3 only. Power imbalance between downlink carriers on Band 7 and Band 38 is assumed to be within 6dB.NOTE 8:UL carrier shall be supported in Band 20 only. Power imbalance between downlink carriers on Band 7 and Band 38 is assumed to be within 6dB.NOTE 9:UL carrier is only supported on Band 1 or Band 3 not Band 41 because the fall back mode 1UL/2DL CA_1A-41A has the limitation that UL carrier is only supported on Band 1.NOTE 10:UL carrier is only supported on Band 1 or Band 42 not Band 41 because the fall back mode 1UL/2DL CA_1A-41A has the limitation that UL carrier is only supported on Band 1.NOTE 11:UL carrier is only supported on Band 1 or Band 5 not Band 41 because the fall back mode 1UL/2DL CA_1A-41A has the limitation that UL carrier is only supported on Band 1.NOTE 12:Power imbalance between downlink carriers on Band 20 and Band 28 is assumed to be within 6dB.NOTE 13:UL carrier shall be supported in Band 8 only. Power imbalance between downlink carriers on Band 7 and Band 38 is assumed to be within 6dB.NOTE 14:UL carrier shall be supported in Band 28 only. Power imbalance between downlink carriers on Band 7 and Band 38 is assumed to be within 6dB.NOTE 15:Power imbalance between downlink carriers on Band 20 and Band 28 is assumed to be within 6dB.NOTE 16:UL carrier shall be supported in Band 1 only. Power imbalance between downlink carriers on Band 7 and Band 38 is assumed to be within 6dB.NOTE 17:UL carrier shall be supported in Band 2 only. Power imbalance between downlink carriers on Band 7 and Band 38 is assumed to be within 6dB.",,,,,,,,,,
