NR CA configuration,Uplink CA configurationor single uplink carrier6,NR Band,Channel bandwidth (MHz) (NOTE 3),Bandwidth combination set
CA_n1A-n3A-n5A,CA_n1A-n3ACA_n1A-n5ACA_n3A-n5A,n1,"5, 10, 15, 20, 25, 30, 40, 50",0
,,n3,"5, 10, 15, 20, 25, 30, 40, 50",
,,n5,"5, 10, 15, 20",
CA_n1A-n3A-n7A,n37n77CA_n1A-n3A7CA_n1A-n7A7CA_n3A-n7A7,n1,"5, 10, 15, 20",0
,,n3,"5, 10, 15, 20, 25, 30",
,,n7,"5, 10, 15, 20, 25, 30, 40, 50",
,,n1,"5, 10, 15, 20, 25, 30, 40, 50",1
,,n3,"5, 10, 15, 20, 25, 30, 40",
,,n7,"5, 10, 15, 20, 25, 30, 40, 50",
,,n1,"5, 10, 15, 20",2
,,n3,"5, 10, 15, 20, 25, 30, 40",
,,n7,"5, 10, 15, 20, 25, 30, 40, 50",
,,n1,n1 channel bandwidths in Table 5.3.5-1,4 and 5
,,n3,n3 channel bandwidths in Table 5.3.5-1,
,,n7,n7 channel bandwidths in Table 5.3.5-1,
CA_n1A-n3A-n7B,n77,n1,"5, 10, 15, 20",0
,,n3,"5, 10, 15, 20, 25, 30",
,,n7,CA_n7B_BCS0,
,n77CA_n1A-n3ACA_n1A-n7ACA_n3A-n7ACA_n7B,n1,"5, 10, 15, 20, 25, 30, 40, 50",1
,,n3,"5, 10, 15, 20, 25, 30, 40, 50",
,,n7,CA_n7B_BCS0,
CA_n1A-n3A-n7(2A),CA_n1A-n3ACA_n1A-n7ACA_n3A-n7A,n1,"5, 10, 15, 20",0
,,n3,"5, 10, 15, 20, 25, 30",
,,n7,CA_n7(2A)_BCS0,
CA_n1A-n3(2A)-n7A,CA_n1A-n3ACA_n1A-n7ACA_n3A-n7A,n1,"5, 10, 15, 20, 25, 30, 40, 50",0
,,n3,CA_n3(2A)_BCS1,
,,n7,"5, 10, 15, 20, 25, 30, 40, 50",
CA_n1A-n3(2A)-n7(2A),CA_n1A-n3ACA_n1A-n7ACA_n3A-n7A,n1,"5, 10, 15, 20",0
,,n3,CA_n3(2A)_BCS0,
,,n7,CA_n7(2A)_BCS0,
CA_n1(2A)-n3A-n7A,-,n1,CA_n1(2A)_BCS0,0
,,n3,"5, 10, 15, 20, 25, 30, 40, 50",
,,n7,"5, 10, 15, 20, 25, 30, 40, 50",
CA_n1A-n3B-n7A,n77CA_n1A-n3ACA_n1A-n7ACA_n3A-n7A,n1,"5, 10, 15, 20, 25, 30, 40, 50",0
,,n3,CA_n3B_BCS0,
,,n7,"5, 10, 15, 20, 25, 30, 40, 50",
,n77CA_n3B,n1,"5, 10, 15, 20, 25, 30, 40, 45, 50",1
,,n3,CA_n3B_BCS1,
,,n7,"5, 10, 15, 20, 25, 30, 35, 40, 50",
CA_n1(2A)-n3B-n7A,-,n1,CA_n1(2A)_BCS0,0
,,n3,CA_n3B_BCS0,
,,n7,"5, 10, 15, 20, 25, 30, 40, 50",
CA_n1(2A)-n3(2A)-n7A,-,n1,CA_n1(2A)_BCS0,0
,,n3,CA_n3(2A)_BCS1,
,,n7,"5, 10, 15, 20, 25, 30, 40, 50",
CA_n1A-n3B-n7B,n77CA_n1A-n3ACA_n1A-n7ACA_n3A-n7ACA_n7B,n1,"5, 10, 15, 20, 25, 30, 40, 45, 50",0
,,n3,CA_n3B_BCS0,
,,n7,CA_n7B_BCS0,
,n77CA_n3B,n1,"5, 10, 15, 20, 25, 30, 40, 45, 50",1
,,n3,CA_n3B_BCS1,
,,n7,CA_n7B_BCS0,
CA_n1A-n3A-n8A,CA_n1A-n3ACA_n1A-n8ACA_n3A-n8A,n1,"5, 10, 15, 20",0
,,n3,"5, 10, 15, 20, 25, 30",
,,n8,"5, 10, 15, 20",
,,n1,"5, 10, 15, 20, 25, 30, 40, 45, 50",1
,,n3,"5, 10, 15, 20, 25, 30, 35, 40, 45, 50",
,,n8,"5, 10, 15, 20",
,,n1,n1 channel bandwidths in Table 5.3.5-1,4 and 5
,,n3,n3 channel bandwidths in Table 5.3.5-1,
,,n8,n8 channel bandwidths in Table 5.3.5-1,
CA_n1A-n3(2A)-n8A,CA_n1A-n3ACA_n1A-n8ACA_n3A-n8A,n1,"5, 10, 15, 20",0
,,n3,CA_n3(2A)_BCS0,
,,n8,"5, 10, 15, 20",
,,n1,"5, 10, 15, 20, 25, 30, 40, 45, 50",1
,,n3,CA_n3(2A)_BCS 4 and 5,
,,n8,"5, 10, 15, 20",
CA_n1A-n3A-n18A,CA_n1A-n3ACA_n1A-n18ACA_n3A-n18A,n1,"5, 10, 15, 20, 25, 30, 40, 50",0
,,n3,"5, 10, 15, 20, 25, 30, 40",
,,n18,"5, 10, 15",
CA_n1A-n3A-n20A,n37CA_n1A-n3A7CA_n1A-n20ACA_n3A-n20A7,n1,"5, 10, 15, 20, 25, 30, 40, 50",0
,,n3,"5, 10, 15, 20, 25, 30, 40",
,,n20,"5, 10, 15, 20",
,,n1,n1 channel bandwidths in Table 5.3.5-1,4 and 5
,,n3,n3 channel bandwidths in Table 5.3.5-1,
,,n20,n20 channel bandwidths in Table 5.3.5-1,
CA_n1A-n3A-n26A,n267CA_n1A-n3ACA_n1A-n26ACA_n3A-n26A,n1,"5, 10, 15, 20",0
,,n3,"5, 10, 15, 20, 25, 30, 40",
,,n26,"5, 10, 15, 20",
CA_n1A-n3A-n26(2A),n267CA_n26(2A)CA_n1A-n3ACA_n1A-n26ACA_n3A-n26A,n1,"5, 10, 15, 20, 25, 30, 40, 45, 50",0
,,n3,"5, 10, 15, 20, 25, 30, 35, 40, 45, 50",
,,n26,CA_n26(2A)_BCS0,
CA_n1A-n3B-n26A,n267CA_n1A-n3ACA_n1A-n26ACA_n3A-n26A,n1,"5, 10, 15, 20, 25, 30, 40, 45, 50",0
,,n3,CA_n3B_BCS0,
,,n26,"5, 10, 15, 20, 25, 30",
,n267CA_n3B,n1,"5, 10, 15, 20, 25, 30, 40, 45, 50",1
,,n3,CA_n3B_BCS1,
,,n26,"5, 10, 15, 20, 25, 30",
CA_n1A-n3B-n26(2A),n267CA_n26(2A)CA_n1A-n3ACA_n1A-n26ACA_n3A-n26A,n1,"5, 10, 15, 20, 25, 30, 40, 45, 50",0
,,n3,CA_n3B_BCS0,
,,n26,CA_n26(2A)_BCS0,
,CA_n3B,n1,"5, 10, 15, 20, 25, 30, 40, 45, 50",1
,,n3,CA_n3B_BCS1,
,,n26,CA_n26(2A)_BCS0,
CA_n1A-n3A-n28A,n37,n1,"5, 10, 15, 20",0
,,n3,"5, 10, 15, 20, 25, 30",
,,n28,"5, 10, 15, 202",
,n37CA_n1A-n3A7CA_n1A-n28ACA_n3A-n28A7,n1,"5, 10, 15, 20",1
,,n3,"5, 10, 15, 20, 25, 30, 40",
,,n28,"5, 10, 15, 20",
,,n1,"5, 10, 15, 20, 25, 30, 40, 50",2
,,n3,"5, 10, 15, 20, 25, 30, 40, 50",
,,n28,"5, 10, 15, 201, 301",
,,n1,n1 channel bandwidths in Table 5.3.5-1,4 and 5
,,n3,n3 channel bandwidths in Table 5.3.5-1,
,,n28,n28 channel bandwidths in Table 5.3.5-1,
CA_n1A-n3B-n28A,CA_n1A-n3ACA_n1A-n28ACA_n3A-n28A,n1,"5, 10, 15, 20",0
,,n3,CA_n3B_BCS0,
,,n28,"5, 10, 15, 20",
,CA_n3B,n1,"5, 10, 15, 20, 25, 30, 40, 45, 50",1
,,n3,CA_n3B_BCS1,
,,n28,"5, 10, 15, 20, 25, 30",
CA_n1A-n3A-n38A,-,n1,"5, 10, 15, 20, 25, 30, 40, 50",0
,,n3,"5, 10, 15, 20, 25, 30, 40, 50",
,,n38,"5, 10, 15, 20, 25, 30, 40",
CA_n1A-n3B-n38A,-,n1,"5, 10, 15, 20, 25, 30, 40, 50",0
,,n3,CA_n3B_BCS0,
,,n38,"5, 10, 15, 20, 25, 30, 40",
CA_n1(2A)-n3A-n38A,-,n1,CA_n1(2A)_BCS0,0
,,n3,"5, 10, 15, 20, 25, 30, 40, 50",
,,n38,"5, 10, 15, 20, 25, 30, 40",
CA_n1(2A)-n3B-n38A,-,n1,CA_n1(2A)_BCS0,0
,,n3,CA_n3B_BCS0,
,,n38,"5, 10, 15, 20, 25, 30, 40",
CA_n1A-n3(2A)-n38A,-,n1,"5, 10, 15, 20, 25, 30, 40, 50",0
,,n3,CA_n3(2A)_BCS1,
,,n38,"5, 10, 15, 20, 25, 30, 40",
CA_n1(2A)-n3(2A)-n38A,-,n1,CA_n1(2A)_BCS0,0
,,n3,CA_n3(2A)_BCS1,
,,n38,"5, 10, 15, 20, 25, 30, 40",
CA_n1A-n3A-n40A,CA_n1A-n3ACA_n1A-n40ACA_n3A-n40A,n1,"5, 10, 15, 20, 30, 40, 45, 50",0
,,n3,"5, 10, 15, 20, 30, 35, 40, 45, 50",
,,n40,"10, 15, 20, 25, 30, 40, 50, 60, 70, 80, 90, 100",
,,n1,n1 channel bandwidths in Table 5.3.5-1,4 and 5
,,n3,n3 channel bandwidths in Table 5.3.5-1,
,,n40,n40 channel bandwidths in Table 5.3.5-1,
CA_n1A-n3A-n41A,"n417,9CA_n1A-n3ACA_n1A-n41A7CA_n3A-n41A7",n1,"5, 10, 15, 20",0
,,n3,"5, 10, 15, 20, 25, 30",
,,n41,"10, 15, 20, 30, 40, 50, 60, 80, 90, 100",
,,n1,n1 channel bandwidths in Table 5.3.5-1,4 and 5
,,n3,n3 channel bandwidths in Table 5.3.5-1,
,,n41,n41 channel bandwidths in Table 5.3.5-1,
CA_n1A-n3(2A)-n41A,CA_n1A-n3ACA_n1A-n41ACA_n3A-n41A,n1,"5, 10, 15, 20",0
,,n3,CA_n3(2A)_BCS0,
,,n41,"10, 15, 20, 30, 40, 50, 60, 80, 90, 100",
CA_n1A-n3A-n67A,CA_n1A-n3A,n1,"5, 10, 15, 20, 25, 30, 40, 50",0
,,n3,"5, 10, 15, 20, 25, 30, 40",
,,n67,"5, 10, 15, 20",
,,n1,n1 channel bandwidths in Table 5.3.5-1,4 and 5
,,n3,n3 channel bandwidths in Table 5.3.5-1,
,,n67,n67 channel bandwidths in Table 5.3.5-1,
CA_n1A-n3A-n71A,CA_n1A-n3ACA_n1A-n71ACA_n3A-n71A,n1,"5,10,15,20,25,30,40,45,50",0
,,n3,"5,10,15,20,25,30,35,40,45,50",
,,n71,"5,10,15,20",
CA_n1A-n3(2A)-n71A,CA_n1A-n3ACA_n1A-n71ACA_n3A-n71A,n1,"5,10,15,20,25,30,40,45,50",0
,,n3,CA_n3(2A)_BCS 4 and 5,
,,n71,"5,10,15,20",
CA_n1A-n3A-n75A,CA_n1A-n3A,n1,n1 channel bandwidths in Table 5.3.5-1,4 and 5
,,n3,n3 channel bandwidths in Table 5.3.5-1,
,,n75,n75 channel bandwidths in Table 5.3.5-1,
CA_n1A-n3A-n77A,"n777,9CA_n1A-n3ACA_n1A-n77A7,9CA_n3A-n77A7,9",n1,"5, 10, 15, 20",0
,,n3,"5, 10, 15, 20, 25, 30",
,,n77,"10, 15, 20, 40, 50, 60, 80, 90, 100",
,,n1,"5, 10, 15, 20, 25, 30, 40, 50",1
,,n3,"5, 10, 15, 20, 25, 30, 40",
,,n77,"10, 15, 20, 40, 50, 60, 80, 90, 100",
,,n1,"5, 10, 15, 20",2
,,n3,"5, 10, 15, 20, 25, 30, 35,40",
,,n77,"10, 15, 20, 25, 30, 40, 50, 60, 70, 80, 90, 100",
,,n1,n1 channel bandwidths in Table 5.3.5-1,4 and 5
,,n3,n3 channel bandwidths in Table 5.3.5-1,
,,n77,n77 channel bandwidths in Table 5.3.5-1,
CA_n1A-n3A-n77(2A),"n777,9CA_n1A-n3ACA_n1A-n77A7CA_n3A-n77A7CA_n77(2A)7",n1,"5, 10, 15, 20",0
,,n3,"5, 10, 15, 20, 25, 30",
,,n77,CA_n77(2A)_BCS1,
,,n1,n1 channel bandwidths in Table 5.3.5-1,4 and 5
,,n3,n3 channel bandwidths in Table 5.3.5-1,
,,n77,CA_n77(2A)_BCS4 and 5,
CA_n1A-n3A-n77(3A),"n777,9CA_n1A-n3ACA_n1A-n77A7CA_n3A-n77A7CA_n77(2A)7",n1,"5, 10, 15, 20",0
,,n3,"5, 10, 15, 20, 25, 30",
,,n77,CA_n77(3A)_BCS1,
,,n1,n1 channel bandwidths in Table 5.3.5-1,4 and 5
,,n3,n3 channel bandwidths in Table 5.3.5-1,
,,n77,CA_n77(3A)_BCS4 and 5,
CA_n1A-n3A-n78A,"n37n787,9CA_n1A-n3A7CA_n1A-n78A7,13, 14CA_n3A-n78A7,13, 14",n1,"5, 10, 15, 20",0
,,n3,"5, 10, 15, 20, 25, 30",
,,n78,"10, 15, 20, 40, 50, 60, 80, 90, 100",
,,n1,"5, 10, 15, 20, 25, 30, 40, 50",1
,,n3,"5, 10, 15, 20, 25, 30, 40",
,,n78,"10, 15, 20, 40, 50, 60, 70, 80, 90, 100",
,,n1,"5, 10, 15, 20",2
,,n3,"5, 10, 15, 20, 25, 30, 40",
,,n78,"10, 15, 20, 25, 30, 40, 50, 60, 70, 80, 90, 100",
,,n1,n1 channel bandwidths in Table 5.3.5-1,4 and 5
,,n3,n3 channel bandwidths in Table 5.3.5-1,
,,n78,n78 channel bandwidths in Table 5.3.5-1,
CA_n1A-n3A-n78C,"n787,9CA_n1A-n3ACA_n1A-n78A7,13,14CA_n3A-n78A7,13,14CA_n78C",n1,"5, 10, 15, 20, 25, 30, 40, 45, 50",0
,,n3,"5, 10, 15, 20, 25, 30, 40",
,,n78,CA_n78C_BCS1,
,"CA_n1A-n3ACA_n1A-n78A7,13,14CA_n1A-n78CCA_n3A-n78A7,13,14CA_n3A-n78CCA_n78C",n1,"5, 10, 15, 20, 25, 30, 40, 50",4 and 5
,,n3,"5, 10, 15, 20, 25, 30, 40",
,,n78,CA_n78C_BCS4 and 5,
CA_n1A-n3(2A)-n78A,"n787,9CA_n1A-n3ACA_n1A-n78A7CA_n3A-n78A7",n1,"5, 10, 15, 20",0
,,n3,CA_n3(2A)_BCS0,
,,n78,"10, 15, 20, 25, 30, 40, 50, 60, 70, 80, 90, 100",
,CA_n1A-n3ACA_n1A-n78ACA_n3A-n78A,n1,"5, 10, 15, 20, 25, 30, 40, 50",4 and 5
,,n3,CA_n3(2A)_BCS0,
,,n78,"10, 15, 20, 25, 30, 40, 50, 60, 70, 80, 90, 100",
CA_n1A-n3(2A)-n78C,CA_n1A-n3ACA_n1A-n78ACA_n1A-n78CCA_n3A-n78ACA_n3A-n78CCA_n78C,n1,"5, 10, 15, 20, 25, 30, 40, 50",4 and 5
,,n3,CA_n3(2A)_BCS0,
,,n78,CA_n78C_BCS4 and 5,
CA_n1A-n3A-n78(2A),"n37n787,9CA_n1A-n3A7CA_n1A-n78A7,13, 14CA_n3A-n78A7,13, 14CA_n78(2A)7",n1,"5, 10, 15, 20",0
,,n3,"5, 10, 15, 20, 25, 30, 40",
,,n78,CA_n78(2A)_BCS2,
,,n1,n1 channel bandwidths in Table 5.3.5-1,4 and 5
,,n3,n3 channel bandwidths in Table 5.3.5-1,
,,n78,CA_n78(2A)_BCS4 and 5,
CA_n1A-n3A-n78(A-C),"n787,9CA_n1A-n3ACA_n1A-n78A7CA_n3A-n78A7CA_n78C7",n1,"5, 10, 15, 20, 25, 30, 40, 45, 50",0
,,n3,"5, 10, 15, 20, 25, 30, 35, 40, 45, 50",
,,n78,CA_n78(A-C)_BCS1,
CA_n1A-n3B-n78A,"CA_n1A-n3ACA_n1A-n78A7,13,14CA_n3A-n78A7,13,14",n1,"5, 10, 15, 20, 25, 30, 40, 45, 50",0
,,n3,CA_n3B_BCS0,
,,n78,"10, 15, 20, 25, 30, 40, 50, 60, 70, 80, 90, 100",
,"CA_n3BCA_n1A-n78A7,13,14CA_n3A-n78A7,13,14",n1,"5, 10, 15, 20, 25, 30, 40, 45, 50",1
,,n3,CA_n3B_BCS1,
,,n78,"10, 15, 20, 25, 30, 40, 50, 60, 70, 80, 90, 100",
CA_n1A-n3B-n78(2A),"n787,9CA_n1A-n3ACA_n1A-n78A7,13,14CA_n3A-n78A7,13,14",n1,"5, 10, 15, 20, 25, 30, 40, 45, 50",0
,,n3,CA_n3B_BCS0,
,,n78,CA_n78(2A)_BCS0,
,"CA_n3BCA_n1A-n78A7,13,14CA_n3A-n78A7,13,14",n1,"5, 10, 15, 20, 25, 30, 40, 45, 50",1
,,n3,CA_n3B_BCS1,
,,n78,CA_n78(2A)_BCS2,
,"CA_n78(2A)CA_n1A-n78A7,13,14CA_n3A-n78A7,13,14",n1,n1 channel bandwidths in Table 5.3.5-1,4 and 5
,,n3,CA_n3B_BCS4 and 5,
,,n78,CA_n78(2A)_BCS4 and 5,
CA_n1A-n3B-n78C,"CA_n78CCA_n1A-n3ACA_n1A-n78A7,13,14CA_n3A-n78A7,13,14",n1,"5, 10, 15, 20, 25, 30, 40, 45, 50",0
,,n3,CA_n3B_BCS0,
,,n78,CA_n78C_BCS0,
,"CA_n3BCA_n1A-n78A7,13,14CA_n3A-n78A7,13,14",n1,"5, 10, 15, 20, 25, 30, 40, 45, 50",1
,,n3,CA_n3B_BCS1,
,,n78,CA_n78C_BCS1,
CA_n1A-n3A-n79A,"n797,9CA_n1A-n3ACA_n1A-n79A7CA_n3A-n79A7",n1,"5, 10, 15, 20",0
,,n3,"5, 10, 15, 20, 25, 30",
,,n79,"40, 50, 60, 80, 100",
,,n1,"5, 10, 15, 20, 25, 30, 40, 50",1
,,n3,"5, 10, 15, 20, 25, 30, 40, 50",
,,n79,"40, 50, 60, 80, 100",
,CA_n1A-n3ACA_n1A-n79ACA_n3A-n79A,n1,n1 channel bandwidths in Table 5.3.5-1,4 and 5
,,n3,n3 channel bandwidths in Table 5.3.5-1,
,,n79,"40, 50, 60, 80, 100",
CA_n1(2A)-n3A-n79A,-,n1,CA_n1(2A)_BCS0,0
,,n3,"5, 10, 15, 20, 25, 30, 40, 50",
,,n79,"40, 50, 60, 80, 100",
CA_n1A-n3A-n79C,-,n1,"5, 10, 15, 20, 25, 30, 40, 50",0
,,n3,"5, 10, 15, 20, 25, 30, 40, 50",
,,n79,CA_n79C_BCS0,
CA_n1(2A)-n3A-n79C,-,n1,CA_n1(2A)_BCS0,0
,,n3,"5, 10, 15, 20, 25, 30, 40, 50",
,,n79,CA_n79C_BCS0,
CA_n1A-n3B-n79A,-,n1,"5, 10, 15, 20, 25, 30, 40, 50",0
,,n3,CA_n3B_BCS0,
,,n79,"40, 50, 60, 80, 100",
CA_n1A-n3B-n79C,-,n1,"5, 10, 15, 20, 25, 30, 40, 50",0
,,n3,CA_n3B_BCS0,
,,n79,CA_n79C_BCS0,
CA_n1(2A)-n3B-n79A,-,n1,CA_n1(2A)_BCS0,0
,,n3,CA_n3B_BCS0,
,,n79,"40, 50, 60, 80, 100",
CA_n1(2A)-n3B-n79C,-,n1,CA_n1(2A)_BCS0,0
,,n3,CA_n3B_BCS0,
,,n79,CA_n79C_BCS0,
CA_n1A-n3(2A)-n79A,-,n1,"5, 10, 15, 20, 25, 30, 40, 50",0
,,n3,CA_n3(2A)_BCS1,
,,n79,"40, 50, 60, 80, 100",
CA_n1A-n3(2A)-n79C,-,n1,"5, 10, 15, 20, 25, 30, 40, 50",0
,,n3,CA_n3(2A)_BCS1,
,,n79,CA_n79C_BCS0,
CA_n1(2A)-n3(2A)-n79A,-,n1,CA_n1(2A)_BCS0,0
,,n3,CA_n3(2A)_BCS1,
,,n79,"40, 50, 60, 80, 100",
CA_n1(2A)-n3(2A)-n79C,-,n1,CA_n1(2A)_BCS0,0
,,n3,CA_n3(2A)_BCS1,
,,n79,CA_n79C_BCS0,
CA_n1A-n3A-n105A,CA_n1A-n3ACA_n1A-n105A,n1,"5, 10, 15, 20, 25, 30, 40, 50",0
,CA_n3A-n105A,n3,"5, 10, 15, 20, 25, 30, 40, 50",
,,n105,"5, 10, 15, 20, 25, 30, 35",
CA_n1A-n5A-n7A,CA_n1A-n5ACA_n1A-n7ACA_n5A-n7A,n1,"5, 10, 15, 20, 25, 30, 40, 50",0
,,n5,"5, 10, 15, 20",
,,n7,"5, 10, 15, 20, 25, 30, 40, 50",
CA_n1A-n5A-n7B,CA_n1A-n5ACA_n1A-n7ACA_n5A-n7ACA_n7B,n1,"5, 10, 15, 20, 25, 30, 40, 50",0
,,n5,"5, 10, 15, 20",
,,n7,CA_n7B_BCS0,
CA_n1A-n5A-n8A,-,n1,"5, 10, 15, 20, 25, 30, 40, 50",0
,,n5,"5, 10, 15, 20",
,,n8,"5, 10, 15, 20",
CA_n1A-n5A-n28A,-,n1,"5, 10, 15, 20, 25, 30, 40, 50",0
,,n5,"5, 10, 15, 20",
,,n28,"5, 10, 15, 20, 30",
,CA_n1A-n5ACA_n1A-n28ACA_n5A-n28A,n1,See n1 channel bandwidths in Table 5.3.5-1,4 and 5
,,n5,See n5 channel bandwidths in Table 5.3.5-1,
,,n28,See n28 channel bandwidths in Table 5.3.5-1,
CA_n1A-n5A-n40A,CA_n1A-n5ACA_n1A-n40ACA_n5A-n40A,n1,"5, 10, 15, 20",0
,,n5,"5, 10, 15, 20",
,,n40,"5, 10, 15, 20, 25, 30, 40, 50, 60, 70, 80, 90, 100",
,,n1,"5, 10, 15, 20, 25, 30, 40, 45, 50",1
,,n5,"5, 10, 15, 20, 25",
,,n40,"5, 10, 15, 20, 25, 30, 40, 50",
CA_n1A-n5A-n78A,CA_n1A-n5ACA_n1A-n78ACA_n5A-n78A,n1,"5, 10, 15, 20, 25, 30, 40, 50",0
,,n5,"5, 10, 15, 20",
,,n78,"10, 15, 20, 25, 30, 40, 50, 60, 704, 80, 90, 100",
,,n1,See n1 channel bandwidths in Table 5.3.5-1,4 and 5
,,n5,See n5 channel bandwidths in Table 5.3.5-1,
,,n78,See n78 channel bandwidths in Table 5.3.5-1,
CA_n1A-n5A-n78(2A),CA_n1A-n5ACA_n1A-n78ACA_n5A-n78A,n1,"5, 10, 15, 20, 25, 30, 40, 45, 50",0
,,n5,"5, 10, 15, 20, 25",
,,n78,CA_n78(2A)_BCS2,
CA_n1A-n5A-n78(A-C),CA_n78CCA_n1A-n5ACA_n1A-n78ACA_n5A-n78A,n1,"5, 10, 15, 20, 25, 30, 40, 45, 50",0
,,n5,"5, 10, 15, 20, 25",
,,n78,CA_n78(A-C)_BCS1,
CA_n1A-n5A-n78C,CA_n78CCA_n1A-n5ACA_n1A-n78ACA_n5A-n78A,n1,See n1 channel bandwidths in Table 5.3.5-1,4 and 5
,,n5,See n5 channel bandwidths in Table 5.3.5-1,
,,n78,CA_n78C_BCS4 and 5,
CA_n1A-n5A-n79A,CA_n1A-n5ACA_n1A-n79ACA_n5A-n79A,n1,See n1 channel bandwidths in Table 5.3.5-1,4 and 5
,,n5,See n5 channel bandwidths in Table 5.3.5-1,
,,n79,See n79 channel bandwidths in Table 5.3.5-1,
CA_n1A-n5A-n105A,CA_n1A-n5ACA_n1A-n105ACA_n5A-n105A,n1,"5, 10, 15, 20, 25, 30, 40, 45, 50",0
,,n5,"5, 10, 15, 20, 25",
,,n105,"5, 10, 15, 20, 25, 30, 35",
CA_n1A-n7A-n8A,CA_n1A-n7ACA_n1A-n8ACA_n7A-n8A,n1,"5, 10, 15, 20, 25, 30, 40",0
,,n7,"5, 10, 15, 20, 25, 30, 40, 50",
,,n8,"5, 10, 15, 20",
CA_n1A-n7(2A)-n8A,CA_n1A-n7ACA_n1A-n8ACA_n7A-n8A,n1,"5, 10, 15, 20",0
,,n7,CA_n7(2A)_BCS0,
,,n8,"5, 10, 15, 20",
CA_n1A-n7A-n20A,n77CA_n1A-n7A7CA_n1A-n20ACA_n7A-n20A7,n1,n1 channel bandwidths in Table 5.3.5-1,4 and 5
,,n7,n7 channel bandwidths in Table 5.3.5-1,
,,n20,n20 channel bandwidths in Table 5.3.5-1,
CA_n1A-n7A-n26A,n77n267CA_n1A-n26ACA_n1A-n7ACA_n7A-n26A,n1,"5, 10, 15, 20",0
,,n7,"5, 10, 15, 20, 25, 30, 40, 50",
,,n26,"5, 10, 15, 20",
CA_n1A-n7A-n26(2A),n77n267CA_n26(2A)CA_n1A-n26ACA_n1A-n7ACA_n7A-n26A,n1,"5, 10, 15, 20, 25, 30, 40, 45, 50",0
,,n7,"5, 10, 15, 20, 25, 30, 35, 40, 50",
,,n26,CA_n26(2A)_BCS0,
CA_n1A-n7B-n26A,n77n267CA_n1A-n26ACA_n1A-n7ACA_n7A-n26ACA_n7B,n1,"5, 10, 15, 20",0
,,n7,CA_n7B_BCS0,
,,n26,"5, 10, 15, 20",
CA_n1A-n7B-n26(2A),n77n267CA_n1A-n26ACA_n1A-n7ACA_n7A-n26ACA_n7BCA_n26(2A),n1,"5, 10, 15, 20, 25, 30, 40, 45, 50",0
,,n7,CA_n7B_BCS0,
,,n26,CA_n26(2A)_BCS0,
CA_n1A-n7A-n28A,n77CA_n1A-n7A7CA_n1A-n28ACA_n7A-n28A7,n1,"5, 10, 15, 20",0
,,n7,"5, 10, 15, 20, 25, 30, 40, 50",
,,n28,"5, 10, 15, 20",
,,n1,See n1 channel bandwidths in Table 5.3.5-1,4 and 5
,,n7,See n7 channel bandwidths in Table 5.3.5-1,
,,n28,See n28 channel bandwidths in Table 5.3.5-1,
CA_n1A-n7B-n28A,n77CA_n1A-n28ACA_n1A-n7ACA_n7A-n28ACA_n7B,n1,"5, 10, 15, 20",0
,,n7,CA_n7B_BCS0,
,,n28,"5, 10, 15, 20",
CA_n1A-n7A-n38A10,-,n1,"5, 10, 15, 20, 25, 30, 40, 50",0
,,n7,"5, 10, 15, 20, 25, 30, 40, 50",
,,n38,"5, 10, 15, 20, 25, 30, 40",
CA_n1(2A)-n7A-n38A10,-,n1,CA_n1(2A)_BCS0,0
,,n7,"5, 10, 15, 20, 25, 30, 40, 50",
,,n38,"5, 10, 15, 20, 25, 30, 40",
CA_n1A-n7A-n40A,CA_n1A-n7ACA_n1A-n40ACA_n7A-n40A,n1,"5, 10, 15, 20, 25, 30, 40, 50",0
,,n7,"5, 10, 15, 20, 25, 30, 40, 50",
,,n40,"5, 10, 15, 20, 25, 30, 40, 50, 60, 80",
,,n1,n1 channel bandwidths in Table 5.3.5-1,4 and 5
,,n7,n7 channel bandwidths in Table 5.3.5-1,
,,n40,n40 channel bandwidths in Table 5.3.5-1,
CA_n1A-n7A-n67A,CA_n1A-n7A,n1,"5, 10, 15, 20, 30, 40, 45, 50",0
,,n7,"5, 10, 15, 20, 25, 30, 35, 40, 50",
,,n67,"5, 10, 15, 20",
,,n1,n1 channel bandwidths in Table 5.3.5-1,4 and 5
,,n7,n7 channel bandwidths in Table 5.3.5-1,
,,n67,n67 channel bandwidths in Table 5.3.5-1,
CA_n1A-n7A-n75A,CA_n1A-n7A,n1,n1 channel bandwidths in Table 5.3.5-1,4 and 5
,,n7,n7 channel bandwidths in Table 5.3.5-1,
,,n75,n75 channel bandwidths in Table 5.3.5-1,
CA_n1A-n7A-n77A,CA_n1A-n7ACA_n1A-n77ACA_n7A-n77A,n1,n1 channel bandwidths in Table 5.3.5-1,4 and 5
,,n7,n7 channel bandwidths in Table 5.3.5-1,
,,n77,n77 channel bandwidths in Table 5.3.5-1,
CA_n1A-n7A-n77(2A),CA_n77(2A)CA_n1A-n7ACA_n1A-n77ACA_n7A-n77A,n1,n1 channel bandwidths in Table 5.3.5-1,4 and 5
,,n7,n7 channel bandwidths in Table 5.3.5-1,
,,n77,CA_n77(2A)_BCS4 and 5,
CA_n1A-n7A-n78A,"n77n787,9CA_n1A-n7A7CA_n1A-n78A7,13, 14CA_n7A-n78A7,13, 14",n1,"5, 10, 15, 20",0
,,n7,"5, 10, 15, 20, 25, 30, 40, 50",
,,n78,"10, 15, 20, 40, 50, 60, 80, 901, 100",
,,n1,"5, 10, 15, 20",1
,,n7,"5, 10, 15, 20, 25, 30, 40, 50",
,,n78,"10, 15, 20, 25, 30, 40, 50, 60, 70, 80, 901, 100",
,,n1,n1 channel bandwidths in Table 5.3.5-1,4 and 5
,,n7,n7 channel bandwidths in Table 5.3.5-1,
,,n78,n78 channel bandwidths in Table 5.3.5-1,
CA_n1A-n7A-n78(A-C),CA_n78CCA_n1A-n7ACA_n1A-n78ACA_n7A-n78A,n1,"5, 10, 15, 20, 25, 30, 40, 45, 50",0
,,n7,"5, 10, 15, 20, 25, 30, 35, 40, 50",
,,n78,CA_n78(A-C)_BCS1,
CA_n1A-n7B-n78A,"n77n787,9CA_n1A-n78A7,13,14CA_n1A-n7ACA_n7A-n78A7,13,14CA_n7B",n1,"5, 10, 15, 20",0
,,n7,CA_n7B_BCS0,
,,n78,"10, 15, 20, 25, 30, 40, 50, 60, 704, 80, 90, 100",
CA_n1A-n7B-n78(2A),"n77n787,9CA_n1A-n78A7,13,14CA_n1A-n7ACA_n7A-n78A7,13,14CA_n7BCA_n78(2A)7",n1,"5, 10, 15, 20, 25, 30, 40, 45, 50",0
,,n7,CA_n7B_BCS0,
,,n78,CA_n78(2A)_BCS0,
,n77CA_n78(2A),n1,n1 channel bandwidths in Table 5.3.5-1,4 and 5
,"CA_n1A-n78A7,13,14CA_n7A-n78A7,13,14",n7,CA_n7B_BCS4 and 5,
,,n78,CA_n78(2A)_BCS4 and 5,
CA_n1A-n7A-n78(2A),"n77n787,9CA_n1A-n7A7CA_n1A-n78A7,13, 14CA_n7A-n78A7,13, 14",n1,"5, 10, 15, 20",0
,,n7,"5, 10, 15, 20, 25, 30, 40, 50",
,,n78,CA_n78(2A)_BCS0,
,"n77n787,9CA_n78(2A)7CA_n1A-n7A7CA_n1A-n78A7,13,14CA_n7A-n78A7,13,14",n1,"5, 10, 15, 20",1
,,n7,"5, 10, 15, 20, 25, 30, 40, 50",
,,n78,CA_n78(2A)_BCS2,
,,n1,n1 channel bandwidths in Table 5.3.5-1,4 and 5
,,n7,n7 channel bandwidths in Table 5.3.5-1,
,,n78,CA_n78(2A)_BCS4 and 5,
CA_n1A-n7A-n78C,"n77n787,9CA_n78C7CA_n1A-n7ACA_n1A-n78A7,13,14CA_n7A-n78A7,13,14",n1,"5, 10, 15, 20, 25, 30, 40, 50",0
,,n7,"5, 10, 15, 20, 25, 30, 40, 50",
,,n78,CA_n78C_BCS1,
CA_n1A-n7B-n78C,"n77n787,9CA_n7BCA_n1A-n7ACA_n1A-n78A7,13,14CA_n7A-n78A7,13,14CA_n78C7",n1,"5, 10, 15, 20, 25, 30, 40, 50",0
,,n7,CA_n7B_BCS0,
,,n78,CA_n78C_BCS1,
CA_n1A-n7(2A)-n78A,CA_n1A-n7ACA_n1A-n78ACA_n7A-n78A,n1,"5, 10, 15, 20",0
,,n7,CA_n7(2A)_BCS0,
,,n78,"10, 15, 20, 25, 30, 40, 50, 60, 70, 80, 90, 100",
CA_n1A-n7A-n79A,CA_n1A-n7ACA_n1A-n79ACA_n7A-n79A,n1,"5, 10, 15, 20, 25, 30, 40, 50",0
,,n7,"5, 10, 15, 20, 25, 30, 40, 50",
,,n79,"40, 50, 60, 80, 100",
CA_n1A-n7A-n79C,-,n1,"5, 10, 15, 20, 25, 30, 40, 50",0
,,n7,"5, 10, 15, 20, 25, 30, 40, 50",
,,n79,CA_n79C_BCS0,
CA_n1(2A)-n7A-n79A,-,n1,CA_n1(2A)_BCS0,0
,,n7,"5, 10, 15, 20, 25, 30, 40, 50",
,,n79,"40, 50, 60, 80, 100",
CA_n1(2A)-n7A-n79C,-,n1,CA_n1(2A)_BCS0,0
,,n7,"5, 10, 15, 20, 25, 30, 40, 50",
,,n79,CA_n79C_BCS0,
CA_n1A-n7A-n105A,CA_n1A-n7ACA_n1A-n105A,n1,"5, 10, 15, 20, 25, 30, 40, 50",0
,CA_n7A-n105A,n7,"5, 10, 15, 20, 25, 30, 40, 50",
,,n105,"5, 10, 15, 20, 25, 30, 35",
CA_n1A-n8A-n28A,CA_n1A-n8ACA_n1A-n28ACA_n8A-n28A,n1,"5, 10, 15, 20, 25, 30, 40, 50",0
,,n8,"5, 10, 15, 20",
,,n28,"10, 15, 20",
CA_n1A-n8A-n40A,CA_n1A-n8ACA_n1A-n40ACA_n8A-n40A,n1,"5, 10, 15, 20, 25, 30, 40, 50",0
,,n8,"5, 10, 15, 20",
,,n40,"5, 10, 15, 20, 25, 30, 40, 50, 60, 80",
,,n1,n1 channel bandwidths in Table 5.3.5-1,4 and 5
,,n8,n8 channel bandwidths in Table 5.3.5-1,
,,n40,n40 channel bandwidths in Table 5.3.5-1,
CA_n1A-n8A-n41A,CA_n1A-n8ACA_n1A-n41ACA_n8A-n41A,n1,"5, 10, 15, 20, 25, 30, 40, 50",0
,,n8,"5, 10, 15, 20",
,,n41,"10, 15, 20, 40, 50, 60, 80, 100",
,,n1,n1 channel bandwidths in Table 5.3.5-1,4 and 5
,,n8,n8 channel bandwidths in Table 5.3.5-1,
,,n41,n41 channel bandwidths in Table 5.3.5-1,
CA_n1A-n8A-n77A,-,n1,"5, 10, 15, 20",0
,,n8,"5, 10, 15, 20",
,,n77,"10, 15, 20, 40, 50, 60, 80, 90, 100",
CA_n1A-n8A-n77(2A),-,n1,"5, 10, 15, 20",0
,,n8,"5, 10, 15, 20",
,,n77,CA_n77(2A)_BCS1,
CA_n1A-n8A-n78A,CA_n1A-n8ACA_n1A-n78ACA_n8A-n78A,n1,"5, 10, 15, 20",0
,,n8,"5, 10, 15, 20",
,,n78,"10, 15, 20, 40, 50, 60, 80, 90, 100",
,-,n1,"5, 10, 15, 20",1
,,n8,"5, 10, 15, 20",
,,n78,"10, 15, 20, 25, 30, 40, 50, 60, 80, 90, 100",
,CA_n1A-n8ACA_n1A-n78ACA_n8A-n78A,n1,See n1 channel bandwidths in Table 5.3.5-1,4 and 5
,,n8,See n8 channel bandwidths in Table 5.3.5-1,
,,n78,See n78 channel bandwidths in Table 5.3.5-1,
CA_n1A-n8A-n78C,CA_n78CCA_n1A-n8ACA_n1A-n78ACA_n1A-n78CCA_n8A-n78ACA_n8A-n78C,n1,See n1 channel bandwidths in Table 5.3.5-1,4 and 5
,,n8,See n8 channel bandwidths in Table 5.3.5-1,
,,n78,CA_n78C_BCS4 and 5,
CA_n1A-n8A-n78(2A),-,n1,"5, 10, 15, 20",0
,,n8,"5, 10, 15, 20",
,,n78,CA_n78(2A)_BCS1,
,CA_n1A-n8ACA_n1A-n78ACA_n8A-n78A,n1,n1 channel bandwidths in Table 5.3.5-1,4 and 5
,,n8,n8 channel bandwidths in Table 5.3.5-1,
,,n78,CA_n78(2A)_BCS 4 and 5,
CA_n1A-n8A-n79A,CA_n1A-n8ACA_n1A-n79ACA_n8A-n79A,n1,"5, 10, 15, 20",0
,,n8,"5, 10, 15, 20",
,,n79,"40, 50, 60, 80, 100",
CA_n1A-n18A-n28A,CA_n1A-n18ACA_n1A-n28ACA_n18A-n28A,n1,"5, 10, 15, 20, 25, 30, 40, 50",0
,,n18,"5, 10, 15",
,,n28,"5, 10",
CA_n1A-n18A-n41A,"n417,9CA_n1A-n18ACA_n1A-n41A7CA_n18A-n41A7",n1,"5, 10, 15, 20, 25, 30, 40, 50",0
,,n18,"5, 10, 15",
,,n41,"10, 15, 20, 30, 40, 50, 60, 80, 90, 100",
CA_n1A-n18A-n77A,"n777,9CA_n1A-n18ACA_n1A-n77A7,9CA_n18A-n77A7,9",n1,"5, 10, 15, 20, 25, 30, 40, 50",0
,,n18,"5, 10, 15",
,,n77,"10, 15, 20, 40, 50, 60, 80, 90, 100",
CA_n1A-n18A-n77(2A),"n777,9CA_n1A-n18ACA_n1A-n77A7,9CA_n18A-n77A7,9CA_n77(2A)",n1,"5, 10, 15, 20",0
,,n18,"5, 10, 15",
,,n77,CA_n77(2A)_BCS1,
CA_n1A-n18A-n77(3A),"n777,9CA_n1A-n18ACA_n1A-n77A7CA_n18A-n77A7CA_n77(2A)",n1,"5, 10, 15, 20",0
,,n18,"5, 10, 15",
,,n77,CA_n77(3A)_BCS1,
CA_n1A-n20A-n28A17,CA_n1A-n20ACA_n1A-n28ACA_n20A-n28A,n1,n1 channel bandwidths in Table 5.3.5-1,4 and 5
,,n20,n20 channel bandwidths in Table 5.3.5-1,
,,n28,n28 channel bandwidths in Table 5.3.5-1,
CA_n1A-n20A-n41A,CA_n1A-n20ACA_n1A-n41ACA_n20A-n41A,n1,"5, 10, 15, 20, 25, 30, 40, 45, 50",0
,,n20,"5, 10, 15, 20",
,,n41,"10, 15, 20, 25, 30, 35, 40, 45, 50, 60, 70, 80, 90, 100",
,,n1,n1 channel bandwidths in Table 5.3.5-1,4 and 5
,,n20,n20 channel bandwidths in Table 5.3.5-1,
,,n41,n41 channel bandwidths in Table 5.3.5-1,
CA_n1A-n20A-n67A,CA_n1A-n20A,n1,"5, 10, 15, 20, 25, 30, 40, 50",0
,,n20,"5, 10, 15, 20",
,,n67,"5, 10, 15, 20",
,,n1,n1 channel bandwidths in Table 5.3.5-1,4 and 5
,,n20,n20 channel bandwidths in Table 5.3.5-1,
,,n67,n67 channel bandwidths in Table 5.3.5-1,
CA_n1A-n20A-n71A,CA_n1A-n20ACA_n1A-n71ACA_n20A-n71A,n1,"5, 10, 15, 20, 25, 30, 40, 45, 50",0
,,n20,"5, 10, 15, 20",
,,n71,"5, 10, 15, 20",
CA_n1A-n20A-n75A,CA_n1A-n20A,n1,n1 channel bandwidths in Table 5.3.5-1,4 and 5
,,n20,n20 channel bandwidths in Table 5.3.5-1,
,,n75,n75 channel bandwidths in Table 5.3.5-1,
CA_n1A-n20A-n77A,CA_n1A-n20ACA_n1A-n77ACA_n20A-n77A,n1,"5,10,15,20,25,30,40,45,50",4 and 5
,,n20,"5,10,15,20",
,,n77,"10, 15, 20, 25, 30, 40, 50, 60, 70, 80, 90, 100",
CA_n1A-n20A-n77(2A),CA_n1A-n20ACA_n1A-n77ACA_n20A-n77A,n1,"5,10,15,20,25,30,40,45,50",4 and 5
,,n20,"5,10,15,20",
,,n77,CA_n77(2A)_BCS4 and 5,
CA_n1A-n20A-n78A,-,n1,"5, 10, 15, 20, 25, 30, 40, 50",0
,,n20,"5, 10, 15, 20",
,,n78,"10, 15, 20, 25, 30, 40, 50, 60, 70, 80, 90, 100",
,CA_n1A-n20ACA_n1A-n78ACA_n20A-n78A,n1,"5, 10, 15, 20, 25, 30, 40, 45, 50",1
,,n20,"5, 10, 15, 20",
,,n78,"10, 15, 20, 25, 30, 40, 50, 60, 70, 80, 90, 100",
,,n1,n1 channel bandwidths in Table 5.3.5-1,4 and 5
,,n20,n20 channel bandwidths in Table 5.3.5-1,
,,n78,n78 channel bandwidths in Table 5.3.5-1,
CA_n1A-n20A-n78(2A),CA_n1A-n20ACA_n1A-n78ACA_n20A-n78ACA_n78(2A),n1,n1 channel bandwidths in Table 5.3.5-1,4 and 5
,,n20,n20 channel bandwidths in Table 5.3.5-1,
,,n78,CA_n78(2A)_BCS4 and 5,
CA_n1A-n26A-n78A,"n267n787,9CA_n1A-n26ACA_n1A-n78A7,13,14CA_n26A-n78A7,13,14",n1,"5, 10, 15, 20",0
,,n26,"5, 10, 15, 20",
,,n78,"10, 15, 20, 25, 30, 40, 50, 60, 70, 80, 90, 100",
CA_n1A-n26A-n78C,"n267n787,9CA_n78C7CA_n1A-n26ACA_n1A-n78A7,13,14CA_n26A-n78A7,13,14",n1,"5, 10, 15, 20",0
,,n26,"5, 10, 15, 20",
,,n78,CA_n78C_BCS0,
CA_n1A-n26A-n78(A-C),CA_n78CCA_n1A-n26ACA_n1A-n78ACA_n26A-n78A,n1,"5, 10, 15, 20, 25, 30, 40, 45, 50",0
,,n26,"5, 10, 15, 20, 25, 30",
,,n78,CA_n78(A-C)_BCS1,
CA_n1A-n26(2A)-n78A,"n267n787,9CA_n1A-n26ACA_n1A-n78A7,13,14CA_n26A-n78A7,13,14CA_n26(2A)",n1,"5, 10, 15, 20, 25, 30, 40, 45, 50",0
,,n26,CA_n26(2A)_BCS0,
,,n78,"10, 15, 20, 25, 30, 40, 50, 60, 70, 80, 90, 100",
CA_n1A-n26A-n78(2A),"n267n787,9CA_n1A-n26ACA_n1A-n78A7,13,14CA_n26A-n78A7,13,14CA_n78(2A)7",n1,"5, 10, 15, 20, 25, 30, 40, 45, 50",0
,,n26,"5, 10, 15, 20, 25, 30",
,,n78,CA_n78(2A)_BCS0,
,n267CA_n78(2A),n1,n1 channel bandwidths in Table 5.3.5-1,4 and 5
,"CA_n1A-n78A7,13,14CA_n26A-n78A7,13,14",n26,n26 channel bandwidths in Table 5.3.5-1,
,,n78,CA_n78(2A)_BCS4 and 5,
CA_n1A-n26(2A)-n78(2A),"n267n787,9CA_n1A-n26ACA_n1A-n78A7,13,14CA_n26A-n78A7,13,14CA_n26(2A)CA_n78(2A)7",n1,"5, 10, 15, 20, 25, 30, 40, 45, 50",0
,,n26,CA_n26(2A)_BCS0,
,,n78,CA_n78(2A)_BCS0,
CA_n1A-n26(2A)-n78C,"n267n787,9CA_n26(2A)CA_n78C7CA_n1A-n26ACA_n1A-n78A7,13,14CA_n26A-n78A7,13,14",n1,"5, 10, 15, 20, 25, 30, 40, 45, 50",0
,,n26,CA_n26(2A)_BCS0,
,,n78,CA_n78C_BCS0,
CA_n1A-n28A-n38A,-,n1,"5, 10, 15, 20, 25, 30, 40, 50",0
,,n28,"5, 10, 15, 20, 30",
,,n38,"5, 10, 15, 20, 25, 30, 40",
CA_n1A-n28A-n40A,CA_n1A-n28ACA_n1A-n40ACA_n28A-n40A,n1,"5, 10, 15, 20",0
,,n28,"5, 10, 15, 20",
,,n40,"5, 10, 15, 20, 25, 30, 40, 50, 60, 80",
,,n1,"5, 10, 15, 20",1
,,n28,"5, 10, 15, 20, 25, 30",
,,n40,"10, 15, 20, 25, 30, 40, 50, 60, 70, 80, 90, 100",
,,n1,n1 channel bandwidths in Table 5.3.5-1,4 and 5
,,n28,n28 channel bandwidths in Table 5.3.5-1,
,,n40,n40 channel bandwidths in Table 5.3.5-1,
CA_n1A-n28A-n40B,CA_n1A-n28ACA_n1A-n40ACA_n28A-n40A,n1,"5, 10, 15, 20",0
,,n28,"5, 10, 15, 20",
,,n40,CA_n40B_BCS0,
,,n1,n1 channel bandwidths in Table 5.3.5-1,4 and 5
,,n28,n28 channel bandwidths in Table 5.3.5-1,
,,n40,CA_n40B_BCS4 and 5,
CA_n1A-n28A-n41A,"n417,9CA_n1A-n28ACA_n1A-n41A7CA_n28A-n41A7",n1,"5, 10, 15, 20",0
,,n28,"5, 10, 15, 20",
,,n41,"10, 15, 20, 30, 40, 50, 60, 80, 90, 100",
,,n1,n1 channel bandwidths in Table 5.3.5-1,4 and 5
,,n28,n28 channel bandwidths in Table 5.3.5-1,
,,n41,n41 channel bandwidths in Table 5.3.5-1,
CA_n1A-n28A-n46A,CA_n1A-n28ACA_n1A-n46ACA_n28A-n46A,n1,"5, 10, 15, 20, 25, 30, 40, 50",0
,,n28,"5, 10, 15, 20",
,,n46,"10, 20, 40, 60, 80",
CA_n1A-n28A-n46C,CA_n1A-n28ACA_n1A-n46ACA_n28A-n46A,n1,"5, 10, 15, 20, 25, 30, 40, 50",0
,,n28,"5, 10, 15, 20",
,,n46,CA_n46C_BCS0,
CA_n1A-n28A-n46D,CA_n1A-n28ACA_n1A-n46ACA_n28A-n46A,n1,"5, 10, 15, 20, 25, 30, 40, 50",0
,,n28,"5, 10, 15, 20",
,,n46,CA_n46D_BCS0,
CA_n1A-n28A-n46(2A),CA_n1A-n28ACA_n1A-n46ACA_n28A-n46A,n1,"5, 10, 15, 20, 25, 30, 40, 50",0
,,n28,"5, 10, 15, 20",
,,n46,CA_n46(2A)_BCS0,
CA_n1A-n28A-n75A,-,n1,"5, 10, 15, 20",0
,,n28,"5, 10, 15, 20",
,,n75,"5, 10, 15, 20, 25, 30, 40, 50",
,CA_n1A-n28A,n1,n1 channel bandwidths in Table 5.3.5-1,4 and 5
,,n28,n28 channel bandwidths in Table 5.3.5-1,
,,n75,n75 channel bandwidths in Table 5.3.5-1,
CA_n1A-n28A-n77A,"n777,9CA_n1A-n28ACA_n1A-n77A7,9CA_n28A-n77A7,9",n1,"5, 10, 15, 20",0
,,n28,"5, 10, 15, 20",
,,n77,"10, 15, 20, 40, 50, 60, 80, 90, 100",
,,n1,"5, 10, 15, 20",1
,,n28,"5, 10, 15, 20, 25, 30",
,,n77,"10, 15, 20, 25, 30, 40, 50, 60, 70, 80, 90, 100",
,,n1,n1 channel bandwidths in Table 5.3.5-1,4 and 5
,,n28,n28 channel bandwidths in Table 5.3.5-1,
,,n77,n77 channel bandwidths in Table 5.3.5-1,
CA_n1A-n28A-n77(2A),"n777,9CA_n1A-n28ACA_n1A-n77A7,9CA_n28A-n77A7,9CA_n77(2A)7",n1,"5, 10, 15, 20",0
,,n28,"5, 10, 15, 20",
,,n77,CA_n77(2A)_BCS0,
,,n1,"5, 10, 15, 20",1
,,n28,"5, 10",
,,n77,CA_n77(2A)_BCS1,
,,n1,n1 channel bandwidths in Table 5.3.5-1,4 and 5
,,n28,n28 channel bandwidths in Table 5.3.5-1,
,,n77,CA_n77(2A)_BCS4 and 5,
CA_n1A-n28A-n77(3A),"n777,9CA_n1A-n28ACA_n1A-n77A7,9CA_n28A-n77A7,9CA_n77(2A)7",n1,"5, 10, 15, 20",0
,,n28,"5, 10, 15, 20",
,,n77,CA_n77(3A)_BCS0,
,,n1,n1 channel bandwidths in Table 5.3.5-1,4 and 5
,,n28,n28 channel bandwidths in Table 5.3.5-1,
,,n77,CA_n77(3A)_BCS4 and 5,
CA_n1A-n28A-n78A,"n787,9CA_n1A-n28ACA_n1A-n78A7,13, 14CA_n28A-n78A7,13, 14",n1,"5, 10, 15, 20",0
,,n28,"5, 10, 15, 202",
,,n78,"10, 15, 20, 40, 50, 60, 80, 90, 100",
,,n1,"5, 10, 15, 20",1
,,n28,"5, 10, 15, 20",
,,n78,"10, 15, 20, 25, 30, 40, 50, 60, 70, 80, 90, 100",
,,n1,"5, 10, 15, 20, 25, 30, 40, 50",2
,,n28,"5, 10, 15, 20, 30",
,,n78,"10, 15, 20, 25, 30, 40, 50, 60, 70, 80, 90, 100",
,,n1,n1 channel bandwidths in Table 5.3.5-1,4 and 5
,,n28,n28 channel bandwidths in Table 5.3.5-1,
,,n78,n78 channel bandwidths in Table 5.3.5-1,
CA_n1A-n28A-n78(2A),"n787,9CA_n1A-n28ACA_n1A-n78A7,13, 14CA_n28A-n78A7,13, 14CA_n78(2A)7",n1,"5, 10, 15, 20",0
,,n28,"5, 10, 15, 20",
,,n78,CA_n78(2A)_BCS2,
,,n1,n1 channel bandwidths in Table 5.3.5-1,4 and 5
,,n28,n28 channel bandwidths in Table 5.3.5-1,
,,n78,CA_n78(2A)_BCS4 and 5,
CA_n1A-n28A-n78C,"n787,9CA_n1A-n28ACA_n1A-n78A7,13,14CA_n28A-n78A7,13,14",n1,"5, 10, 15, 20, 25, 30, 40, 50",0
,CA_n78C7,n28,"5, 10, 15, 20",
,,n78,CA_n78C_BCS1,
CA_n1A-n28A-n78(A-C),CA_n78CCA_n1A-n28ACA_n1A-n78ACA_n28A-n78A,n1,"5, 10, 15, 20, 25, 30, 40, 45, 50",0
,,n28,"5, 10, 15, 20, 25, 30",
,,n78,CA_n78(A-C)_BCS1,
CA_n1A-n28A-n79A,"n797,9CA_n1A-n28ACA_n1A-n79A7CA_n28A-n79A7",n1,"5, 10, 15, 20",0
,,n28,"5, 10, 15, 20",
,,n79,"40, 50, 60, 80, 100",
,CA_n1A-n28ACA_n1A-n79ACA_n28A-n79A,n1,n1 channel bandwidths in Table 5.3.5.1,4 and 5
,,n28,n28 channel bandwidths in Table 5.3.5.1,
,,n79,"40, 50, 60, 80, 100",
CA_n1A-n28A-n102A,CA_n1A-n28ACA_n1A-n102ACA_n28A-n102A,n1,"5, 10, 15, 20, 25, 30, 40, 50",0
,,n28,"5, 10, 15, 20, 30",
,,n102,"20, 40, 60, 80, 100",
CA_n1A-n28A-n102B,CA_n1A-n28ACA_n1A-n102ACA_n1A-n102BCA_n28A-n102ACA_n28A-n102B,n1,"5, 10, 15, 20, 25, 30, 40, 50",0
,,n28,"5, 10, 15, 20, 30",
,,n102,CA_n102B_BCS0,
CA_n1A-n28A-n102C,CA_n1A-n28ACA_n1A-n102ACA_n1A-n102CCA_n28A-n102ACA_n28A-n102C,n1,"5, 10, 15, 20, 25, 30, 40, 50",0
,,n28,"5, 10, 15, 20, 30",
,,n102,CA_n102C_BCS0,
CA_n1A-n28A-n102D,CA_n1A-n28ACA_n1A-n102ACA_n28A-n102A,n1,"5, 10, 15, 20, 25, 30, 40, 50",0
,,n28,"5, 10, 15, 20, 30",
,,n102,CA_n102D_BCS0,
CA_n1A-n28A-n102E,CA_n1A-n28ACA_n1A-n102ACA_n28A-n102A,n1,"5, 10, 15, 20, 25, 30, 40, 50",0
,,n28,"5, 10, 15, 20, 30",
,,n102,CA_n102E_BCS0,
CA_n1A-n28A-n102(2A),CA_n1A-n28ACA_n1A-n102ACA_n28A-n102A,n1,"5, 10, 15, 20, 25, 30, 40, 50",0
,,n28,"5, 10, 15, 20, 30",
,,n102,CA_n102(2A)_BCS0,
CA_n1A-n38A-n78A,-,n1,"5, 10, 15, 20, 25, 30, 40, 50",0
,,n38,"5, 10, 15, 20, 25, 30, 40",
,,n78,"10, 15, 20, 25, 30, 40, 50, 60, 70, 80, 90, 100",
CA_n1A-n40A-n41A,CA_n1A-n40ACA_n1A-n41ACA_n40A-n41A,n1,n1 channel bandwidths in Table 5.3.5-1,4 and 5
,,n40,n40 channel bandwidths in Table 5.3.5-1,
,,n41,n41 channel bandwidths in Table 5.3.5-1,
CA_n1A-n40A-n75A,-,n1,n1 channel bandwidths in Table 5.3.5-1,4 and 5
,,n40,n40 channel bandwidths in Table 5.3.5-1,
,,n75,n75 channel bandwidths in Table 5.3.5-1,
CA_n1A-n40A-n77A,CA_n1A-n40ACA_n1A-n77ACA_n40A-n77A,n1,"5, 10, 15, 20, 30, 40, 45, 50",0
,,n40,"10, 15, 20, 25, 30, 40, 50, 60, 70, 80, 90, 100",
,,n77,"10, 15, 20, 25, 30, 40, 50, 60, 70, 80, 90, 100",
CA_n1A-n40A-n77(2A),CA_n1A-n40ACA_n1A-n77ACA_n40A-n77A,n1,"5, 10, 15, 20, 30, 40, 45, 50",0
,,n40,"10, 15, 20, 25, 30, 40, 50, 60, 70, 80, 90, 100",
,,n77,CA_n77(2A)_BCS1,
CA_n1A-n40A-n78A,CA_n1A-n40ACA_n1A-n78ACA_n40A-n78A,n1,"5, 10, 15, 20",0
,,n40,"5, 10, 15, 20, 25, 30, 40, 50",
,,n78,"10, 15, 20, 40, 50, 60, 80, 90, 100",
,,n1,"5, 10, 15, 20",1
,,n40,"5, 10, 15, 20, 25, 30, 40, 50, 60, 80",
,,n78,"10, 15, 20, 40, 50, 60, 80, 90, 100",
,,n1,"5, 10, 15, 20",2
,,n40,"5, 10, 15, 20, 25, 30, 40, 50, 60, 70, 80, 90, 100",
,,n78,"10, 15, 20, 25, 30, 40, 50, 60, 70, 80, 90, 100",
,,n1,n1 channel bandwidths in Table 5.3.5-1,4 and 5
,,n40,n40 channel bandwidths in Table 5.3.5-1,
,,n78,n78 channel bandwidths in Table 5.3.5-1,
CA_n1A-n40B-n78A,CA_n1A-n40ACA_n1A-n78ACA_n40A-n78A,n1,"5, 10, 15, 20",0
,,n40,CA_n40B_BCS0,
,,n78,"10, 15, 20, 40, 50, 60, 80, 90, 100",
,,n1,n1 channel bandwidths in Table 5.3.5-1,4 and 5
,,n40,CA_n40B_BCS 4 and 5,
,,n78,n78 channel bandwidths in Table 5.3.5-1,
CA_n1A-n40A-n79A,CA_n1A-n40ACA_n1A-n79ACA_n40A-n79A,n1,n1 channel bandwidths in Table 5.3.5-1,4 and 5
,,n40,n40 channel bandwidths in Table 5.3.5-1,
,,n79,n79 channel bandwidths in Table 5.3.5-1,
CA_n1A-n40A-n105A,CA_n1A-n40ACA_n1A-n105ACA_n40A-n105A,n1,"5, 10, 15, 20, 25, 30, 40, 50",0
,,n40,"10, 15, 20, 25, 30, 40, 50, 60, 70, 80, 90, 100",
,,n105,"5, 10, 15, 20, 25, 30, 35",
CA_n1A-n41A-n71A,CA_n1A-n41ACA_n1A-n71ACA_n41A-n71A,n1,"5,10,15,20,25,30,40,45,50",0
,,n41,"5,10,15,20,25,30,35,40,45,50,60,70,80,90,100",
,,n71,"5,10,15,20",
CA_n1A-n41A-n75A,-,n1,n1 channel bandwidths in Table 5.3.5-1,4 and 5
,,n41,n41 channel bandwidths in Table 5.3.5-1,
,,n75,n75 channel bandwidths in Table 5.3.5-1,
CA_n1A-n41A-n77A,"n417,9n777,9CA_n1A-n41A7CA_n1A-n77A7CA_n41A-n77A7",n1,"5, 10, 15, 20",0
,,n41,"10, 15, 20, 30, 40, 50, 60, 80, 90, 100",
,,n77,"10, 15, 20, 40, 50, 60, 80, 90, 100",
CA_n1A-n41A-n77(2A),"n417,9n777,9CA_n1A-n41A7CA_n1A-n77A7CA_n41A-n77A7CA_n77(2A)",n1,"5, 10, 15, 20",0
,,n41,"10, 15, 20, 30, 40, 50, 60, 80, 90, 100",
,,n77,CA_n77(2A)_BCS1,
CA_n1A-n41A-n77(3A),CA_n1A-n41ACA_n1A-n77ACA_n41A-n77ACA_n77(2A),n1,"5, 10, 15, 20",0
,,n41,"10, 15, 20, 30, 40, 50, 60, 80, 90, 100",
,,n77,CA_n77(3A)_BCS1,
CA_n1A-n41A-n78A,CA_n1A-n41ACA_n1A-n78ACA_n41A-n78A,n1,"5, 10, 15, 20, 25, 30, 40, 50",0
,,n41,"10, 15, 20, 40, 50, 60, 80, 100",
,,n78,"10, 15, 20, 40, 50, 60, 80, 90, 100",
CA_n1A-n41A-n78C,CA_n78CCA_n1A-n41ACA_n1A-n78ACA_n1A-n78CCA_n41A-n78ACA_n41A-n78C,n1,"5,10,15,20,25,30,40,45,50",0
,,n41,"5,10,15,20,25,30,35,40,45,50,60,70,80,90,100",
,,n78,CA_n78C_BCS4 and 5,
CA_n1A-n41A-n79A,CA_n1A-n41ACA_n1A-n79ACA_n41A-n79A,n1,"5, 10, 15, 20",0
,,n41,"10, 15, 20, 30, 40, 50, 60, 80, 90, 100",
,,n79,"40, 50, 60, 80, 100",
CA_n1A-n46A-n78A,CA_n1A-n46ACA_n1A-n78ACA_n46A-n78A,n1,"5, 10, 15, 20, 25, 30, 40, 50",0
,,n46,"10, 20, 40, 60, 80",
,,n78,"10, 15, 20, 25, 30, 40, 50, 60, 70, 80, 90, 100",
CA_n1A-n46C-n78A,CA_n1A-n46ACA_n1A-n78ACA_n46A-n78A,n1,"5, 10, 15, 20, 25, 30, 40, 50",0
,,n46,CA_n46C_BCS0,
,,n78,"10, 15, 20, 25, 30, 40, 50, 60, 70, 80, 90, 100",
CA_n1A-n46D-n78A,CA_n1A-n46ACA_n1A-n78ACA_n46A-n78A,n1,"5, 10, 15, 20, 25, 30, 40, 50",0
,,n46,CA_n46D_BCS0,
,,n78,"10, 15, 20, 25, 30, 40, 50, 60, 70, 80, 90, 100",
CA_n1A-n46(2A)-n78A,CA_n1A-n46ACA_n1A-n78ACA_n46A-n78A,n1,"5, 10, 15, 20, 25, 30, 40, 50",0
,,n46,CA_n46(2A)_BCS0,
,,n78,"10, 15, 20, 25, 30, 40, 50, 60, 70, 80, 90, 100",
CA_n1A-n46A-n78(2A),CA_n1A-n46ACA_n1A-n78ACA_n46A-n78ACA_n78(2A),n1,"5, 10, 15, 20, 25, 30, 40, 50",0
,,n46,"10, 20, 40, 60, 80",
,,n78,CA_n78(2A)_BCS2,
CA_n1A-n46C-n78(2A),CA_n1A-n46ACA_n1A-n78ACA_n46A-n78ACA_n78(2A),n1,"5, 10, 15, 20, 25, 30, 40, 50",0
,,n46,CA_n46C_BCS0,
,,n78,CA_n78(2A)_BCS2,
CA_n1A-n46D-n78(2A),CA_n1A-n46ACA_n1A-n78ACA_n46A-n78ACA_n78(2A),n1,"5, 10, 15, 20, 25, 30, 40, 50",0
,,n46,CA_n46D_BCS0,
,,n78,CA_n78(2A)_BCS2,
CA_n1A-n46(2A)-n78(2A),CA_n1A-n46ACA_n1A-n78ACA_n46A-n78ACA_n78(2A),n1,"5, 10, 15, 20, 25, 30, 40, 50",0
,,n46,CA_n46(2A)_BCS0,
,,n78,CA_n78(2A)_BCS2,
CA_n1A-n67A-n78A,CA_n1A-n78A,n1,"5, 10, 15, 20, 30, 40, 45, 50",0
,,n67,"5, 10, 15, 20",
,,n78,"10, 15, 20, 25, 30, 40, 50, 60, 70, 80, 90, 100",
,,n1,n1 channel bandwidths in Table 5.3.5-1,4 and 5
,,n67,n67 channel bandwidths in Table 5.3.5-1,
,,n78,n78 channel bandwidths in Table 5.3.5-1,
CA_n1A-n67A-n78(2A),CA_n1A-n78ACA_n78(2A),n1,"5, 10, 15, 20, 30, 40, 45, 50",0
,,n67,"5, 10, 15, 20",
,,n78,CA_n78(2A)_BCS2,
,,n1,n1 channel bandwidths in Table 5.3.5-1,4 and 5
,,n67,n67 channel bandwidths in Table 5.3.5-1,
,,n78,CA_n78(2A)_BCS4 and 5,
CA_n1A-n71A-n77A,CA_n1A-n71ACA_n1A-n77ACA_n71A-n77A,n1,"5,10,15,20,25,30,40,45,50",0
,,n71,"5,10,15,20",
,,n77,"10,15,20,25,30,40,50,60,70,80,90,100",
CA_n1A-n71A-n77(2A),CA_n1A-n71ACA_n1A-n77ACA_n71A-n77A,n1,"5,10,15,20,25,30,40,45,50",0
,,n71,"5,10,15,20",
,,n77,CA_n77(2A)_BCS 4 and 5,
CA_n1A-n71A-n78A,CA_n1A-n71ACA_n1A-n78ACA_n71A-n78A,n1,"5,10,15,20,25,30,40,45,50",0
,,n71,"5,10,15,20",
,,n78,"10,15,20,25,30,40,50,60,70,80,90,100",
CA_n1A-n71A-n78C,CA_n78CCA_n1A-n71ACA_n1A-n78ACA_n1A-n78CCA_n71A-n78ACA_n71A-n78C,n1,"5,10,15,20,25,30,40,45,50",0
,,n71,"5,10,15,20",
,,n78,CA_n78C_BCS 4 and 5,
CA_n1A-n75A-n78A,CA_n1A-n78A,n1,n1 channel bandwidths in Table 5.3.5-1,4 and 5
,,n75,n75 channel bandwidths in Table 5.3.5-1,
,,n78,n78 channel bandwidths in Table 5.3.5-1,
CA_n1A-n75A-n78(2A),CA_n78(2A)CA_n1A-n78A,n1,n1 channel bandwidths in Table 5.3.5-1,4 and 5
,,n75,n75 channel bandwidths in Table 5.3.5-1,
,,n78,CA_n78(2A)_BCS 4 and 5,
CA_n1A-n77A-n79A4,"n777,9n797,9CA_n1A-n77A7CA_n1A-n79A7CA_n77A-n79A7",n1,"5, 10, 15, 20",0
,,n77,"10, 15, 20, 40, 50, 60, 80, 90, 100",
,,n79,"40, 50, 60, 80, 100",
,,n1,n1 channel bandwidths in Table 5.3.5-1,4 and 5
,,n77,n77 channel bandwidths in Table 5.3.5-1,
,,n79,n79 channel bandwidths in Table 5.3.5-1,
CA_n1A-n77(2A)-n79A4,"n777,9n797,9CA_n1A-n77A7CA_n1A-n79A7CA_n77A-n79A7CA_n77(2A)7",n1,"5, 10, 15, 20",0
,,n77,CA_n77(2A)_BCS0,
,,n79,"40, 50, 60, 80, 100",
,,n1,n1 channel bandwidths in Table 5.3.5-1,4 and 5
,,n77,CA_n77(2A)_BCS4 and 5,
,,n79,n79 channel bandwidths in Table 5.3.5-1,
CA_n1A-n77(3A)-n79A4,"n777,9n797,9CA_n1A-n77A7CA_n1A-n79A7CA_n77A-n79ACA_n77(2A)7",n1,"5, 10, 15, 20",0
,,n77,CA_n77(3A)_BCS0,
,,n79,"40, 50, 60, 80, 100",
,,n1,n1 channel bandwidths in Table 5.3.5-1,4 and 5
,,n77,CA_n77(3A)_BCS4 and 5,
,,n79,n79 channel bandwidths in Table 5.3.5-1,
CA_n1A-n78A-n79A5,"n787,9n797,9CA_n1A-n78A7CA_n1A-n79A7CA_n78A-n79A7",n1,"5, 10, 15, 20",0
,,n78,"10, 15, 20, 40, 50, 60, 80, 90, 100",
,,n79,"40, 50, 60, 80, 100",
,,n1,"5, 10, 15, 20",1
,,n78,"10, 15, 20, 25, 30, 40, 50, 60, 80, 90, 100",
,,n79,"40, 50, 60, 80, 100",
,,n1,n1 channel bandwidths in Table 5.3.5-1,4 and 5
,,n78,n78 channel bandwidths in Table 5.3.5-1,
,,n79,n79 channel bandwidths in Table 5.3.5-1,
CA_n1A-n78(2A)-n79A,"n787,9n797,9CA_n1A-n78ACA_n1A-n79ACA_n78A-n79A",n1,"5, 10, 15, 20",0
,,n78,CA_n78(2A)_BCS1,
,,n79,"40, 50, 60, 80, 100",
CA_n1A-n78A-n102A,CA_n1A-n78ACA_n1A-n102ACA_n78A-n102A,n1,"5, 10, 15, 20, 25, 30, 40, 50",0
,,n78,"10, 15, 20, 25, 30, 40, 50, 60, 70, 80, 90, 100",
,,n102,"20, 40, 60, 80, 100",
CA_n1A-n78A-n102B,CA_n1A-n78ACA_n1A-n102ACA_n1A-n102BCA_n78A-n102ACA_n78A-n102B,n1,"5, 10, 15, 20, 25, 30, 40, 50",0
,,n78,"10, 15, 20, 25, 30, 40, 50, 60, 70, 80, 90, 100",
,,n102,CA_n102B_BCS0,
CA_n1A-n78A-n102C,CA_n1A-n78ACA_n1A-n102ACA_n1A-n102CCA_n78A-n102ACA_n78A-n102C,n1,"5, 10, 15, 20, 25, 30, 40, 50",0
,,n78,"10, 15, 20, 25, 30, 40, 50, 60, 70, 80, 90, 100",
,,n102,CA_n102C_BCS0,
CA_n1A-n78A-n102D,CA_n1A-n78ACA_n1A-n102ACA_n78A-n102A,n1,"5, 10, 15, 20, 25, 30, 40, 50",0
,,n78,"10, 15, 20, 25, 30, 40, 50, 60, 70, 80, 90, 100",
,,n102,CA_n102D_BCS0,
CA_n1A-n78A-n102E,CA_n1A-n78ACA_n1A-n102ACA_n78A-n102A,n1,"5, 10, 15, 20, 25, 30, 40, 50",0
,,n78,"10, 15, 20, 25, 30, 40, 50, 60, 70, 80, 90, 100",
,,n102,CA_n102E_BCS0,
CA_n1A-n78A-n102(2A),CA_n1A-n78ACA_n1A-n102ACA_n78A-n102A,n1,"5, 10, 15, 20, 25, 30, 40, 50",0
,,n78,"10, 15, 20, 25, 30, 40, 50, 60, 70, 80, 90, 100",
,,n102,CA_n102(2A)_BCS0,
CA_n1A-n78(2A)-n102A,CA_n1A-n78ACA_n1A-n102ACA_n78A-n102ACA_n78(2A),n1,"5, 10, 15, 20",0
,,n78,CA_n78(2A)_BCS2,
,,n102,"20, 40, 60, 80, 100",
CA_n1A-n78(2A)-n102B,CA_n1A-n78ACA_n1A-n102ACA_n1A-n102BCA_n78A-n102ACA_n78A-n102BCA_n78(2A),n1,"5, 10, 15, 20",0
,,n78,CA_n78(2A)_BCS2,
,,n102,CA_n102B_BCS0,
CA_n1A-n78(2A)-n102C,CA_n1A-n78ACA_n1A-n102ACA_n1A-n102CCA_n78A-n102ACA_n78A-n102CCA_n78(2A),n1,"5, 10, 15, 20",0
,,n78,CA_n78(2A)_BCS2,
,,n102,CA_n102C_BCS0,
CA_n1A-n78(2A)-n102D,CA_n1A-n78ACA_n1A-n102ACA_n78A-n102ACA_n78(2A),n1,"5, 10, 15, 20",0
,,n78,CA_n78(2A)_BCS2,
,,n102,CA_n102D_BCS0,
CA_n1A-n78(2A)-n102E,CA_n1A-n78ACA_n1A-n102ACA_n78A-n102ACA_n78(2A),n1,"5, 10, 15, 20",0
,,n78,CA_n78(2A)_BCS2,
,,n102,CA_n102E_BCS0,
CA_n1A-n78(2A)-n102(2A),CA_n1A-n78ACA_n1A-n102ACA_n78A-n102ACA_n78(2A),n1,"5, 10, 15, 20",0
,,n78,CA_n78(2A)_BCS2,
,,n102,CA_n102(2A)_BCS0,
CA_n1A-n78A-n105A,CA_n1A-n78ACA_n1A-n105ACA_n78A-n105A,n1,"5, 10, 15, 20, 25, 30, 40, 50",0
,,n78,"10, 15, 20, 25, 30, 40, 50, 60, 70, 80, 90, 100",
,,n105,"5, 10, 15, 20, 25, 30, 35",
CA_n2A-n5A-n30A,CA_n2A-n5ACA_n2A-n30ACA_n5A-n30A,n2,"5, 10, 15, 20",0
,,n5,"5, 10, 15, 20",
,,n30,"5, 10",
,,n2,n2 channel bandwidths in Table 5.3.5-1,4 and 5
,,n5,n5 channel bandwidths in Table 5.3.5-1,
,,n30,n30 channel bandwidths in Table 5.3.5-1,
CA_n2(2A)-n5A-n30A,CA_n2A-n5ACA_n2A-n30ACA_n5A-n30A,n2,CA_n2(2A)_BCS0,0
,,n5,"5, 10, 15, 20",
,,n30,"5, 10",
,,n2,CA_n2(2A)_BCS4 and 5,4 and 5
,,n5,n5 channel bandwidths in Table 5.3.5-1,
,,n30,n30 channel bandwidths in Table 5.3.5-1,
CA_n2A-n5A-n41A,CA_n2A-n5ACA_n2A-n41ACA_n5A-n41A,n2,"5, 10, 15, 20, 25, 30, 35, 40",0
,,n5,"5, 10, 15, 20, 25",
,,n41,"10, 15, 20, 30, 40, 50, 60, 80, 90, 100",
CA_n2A-n5A-n48A,CA_n2A-n5ACA_n2A-n48ACA_n5A-n48A,n2,"5, 10, 15, 20",0
,,n5,"5, 10, 15, 20",
,,n48,"5, 10, 15, 20, 30, 40, 5012, 6012, 7012, 8012, 9012, 10012",
,,n2,n2 channel bandwidths in Table 5.3.5-1,4 and 5
,,n5,n5 channel bandwidths in Table 5.3.5-1,
,,n48,n48 channel bandwidths in Table 5.3.5-1,
CA_n2(2A)-n5A-n48A,CA_n2A-n5ACA_n2A-n48ACA_n5A-n48A,n2,CA_n2(2A)_BCS4 and 5,4 and 5
,,n5,n5 channel bandwidths in Table 5.3.5-1,
,,n48,n48 channel bandwidths in Table 5.3.5-1,
CA_n2(2A)-n5A-n48B,CA_n2A-n5ACA_n2A-n48ACA_n2A-n48BCA_n5A-n48ACA_n5A-n48BCA_n48B,n2,CA_n2(2A)_BCS4 and 5,4 and 5
,,n5,n5 channel bandwidths in Table 5.3.5-1,
,,n48,CA_n48B_BCS4 and 5,
CA_n2A-n5B-n48A,CA_n2A-n5ACA_n2A-n48ACA_n5A-n48ACA_n5B,n2,n2 channel bandwidths in Table 5.3.5-1,4 and 5
,,n5,CA_n5B_BCS4 and 5,
,,n48,n48 channel bandwidths in Table 5.3.5-1,
CA_n2A-n5A-n48B,CA_n2A-n5ACA_n2A-n48ACA_n2A-n48BCA_n5A-n48ACA_n5A-n48BCA_n48B,n2,"5, 10, 15, 20",0
,,n5,"5, 10, 15, 20",
,,n48,CA_n48B_BCS0,
,,n2,"5, 10, 15, 20",1
,,n5,"5, 10, 15, 20",
,,n48,CA_n48B_BCS1,
,,n2,"5, 10, 15, 20",2
,,n5,"5, 10, 15, 20",
,,n48,CA_n48B_BCS2,
,,n2,n2 channel bandwidths in Table 5.3.5-1,4 and 5
,,n5,n5 channel bandwidths in Table 5.3.5-1,
,,n48,CA_n48B_BCS4 and 5,
CA_n2A-n5B-n48B,CA_n2A-n5ACA_n2A-n48ACA_n2A-n48BCA_n5A-n48ACA_n5A-n48BCA_n5BCA_n48B,n2,n2 channel bandwidths in Table 5.3.5-1,4 and 5
,,n5,CA_n5B_BCS4 and 5,
,,n48,CA_n48B_BCS4 and 5,
CA_n2A-n5A-n48(2A),CA_n2A-n5ACA_n2A-n48ACA_n5A-n48A,n2,"5, 10, 15, 20",0
,,n5,"5, 10, 15, 20",
,,n48,CA_n48(2A)_BCS0,
,,n2,"5, 10, 15, 20",1
,,n5,"5, 10, 15, 20",
,,n48,CA_n48(2A)_BCS1,
,,n2,n2 channel bandwidths in Table 5.3.5-1,4 and 5
,,n5,n5 channel bandwidths in Table 5.3.5-1,
,,n48,CA_n48(2A)_BCS4 and 5,
CA_n2(2A)-n5A-n48(2A),CA_n2A-n5ACA_n2A-n48ACA_n5A-n48A,n2,CA_n2(2A)_BCS4 and 5,4 and 5
,,n5,n5 channel bandwidths in Table 5.3.5-1,
,,n48,CA_n48(2A)_BCS4 and 5,
CA_n2(2A)-n5B-n48A,CA_n2A-n5ACA_n2A-n48ACA_n5A-n48ACA_n5B,n2,CA_n2(2A)_BCS4 and 5,4 and 5
,,n5,CA_n5B_BCS4 and 5,
,,n48,n48 channel bandwidths in Table 5.3.5-1,
CA_n2(2A)-n5B-n48B,CA_n2A-n5ACA_n2A-n48ACA_n2A-n48BCA_n5A-n48ACA_n5A-n48BCA_n5BCA_n48B,n2,CA_n2(2A)_BCS4 and 5,4 and 5
,,n5,CA_n5B_BCS4 and 5,
,,n48,CA_n48B_BCS4 and 5,
CA_n2A-n5B-n48(2A),CA_n2A-n5ACA_n2A-n48ACA_n5A-n48ACA_n5B,n2,n2 channel bandwidths in Table 5.3.5-1,4 and 5
,,n5,CA_n5B_BCS4 and 5,
,,n48,CA_n48(2A)_BCS4 and 5,
CA_n2(2A)-n5B-n48(2A),CA_n2A-n5ACA_n2A-n48ACA_n5A-n48ACA_n5B,n2,CA_n2(2A)_BCS4 and 5,4 and 5
,,n5,CA_n5B_BCS4 and 5,
,,n48,CA_n48(2A)_BCS4 and 5,
CA_n2A-n5A-n48(A-B),CA_n2A-n5ACA_n2A-n48ACA_n5A-n48A,n2,"5, 10, 15, 20, 25, 30, 40",0
,,n5,"5, 10, 15, 20, 251",
,,n48,CA_n48(A-B)_BCS0,
,,n2,"5, 10, 15, 20, 25, 30, 40",1
,,n5,"5, 10, 15, 20, 251",
,,n48,CA_n48(A-B)_BCS1,
,,n2,n2 channel bandwidths in Table 5.3.5-1,4 and 5
,,n5,n5 channel bandwidths in Table 5.3.5-1,
,,n48,CA_n48(A-B)_BCS4 and 5,
CA_n2A-n5A-n66A,CA_n2A-n5ACA_n2A-n66ACA_n5A-n66A,n2,"5, 10, 15, 20",0
,,n5,"5, 10, 15, 20",
,,n66,"5, 10, 15, 20, 25, 30, 40",
,,n2,n2 channel bandwidths in Table 5.3.5-1,4 and 5
,,n5,n5 channel bandwidths in Table 5.3.5-1,
,,n66,n66 channel bandwidths in Table 5.3.5-1,
CA_n2(2A)-n5A-n66A,CA_n2A-n5ACA_n2A-n66ACA_n5A-n66A,n2,CA_n2(2A)_BCS0,0
,,n5,"5, 10, 15, 20",
,,n66,"5, 10, 15, 20, 25, 30, 40",
,,n2,CA_n2(2A)_BCS4 and 5,4 and 5
,,n5,n5 channel bandwidths in Table 5.3.5-1,
,,n66,n66 channel bandwidths in Table 5.3.5-1,
CA_n2(2A)-n5A-n66(2A),CA_n2A-n5ACA_n2A-n66ACA_n5A-n66A,n2,CA_n2(2A)_BCS0,0
,,n5,"5, 10, 15, 20",
,,n66,CA_n66(2A)_BCS1,
,,n2,CA_n2(2A)_BCS 4 and 5,4 and 5
,,n5,n5 channel bandwidths in Table 5.3.5-1,
,,n66,CA_n66(2A)_BCS4 and 5,
CA_n2A-n5A-n66(2A),CA_n2A-n5ACA_n2A-n66ACA_n5A-n66A,n2,"5, 10, 15, 20",0
,,n5,"5, 10, 15, 20",
,,n66,CA_n66(2A)_BCS0,
,,n2,n2 channel bandwidths in Table 5.3.5-1,4 and 5
,,n5,n5 channel bandwidths in Table 5.3.5-1,
,,n66,CA_n66(2A)_BCS4 and 5,
CA_n2A-n5A-n66(3A),CA_n2A-n5ACA_n2A-n66ACA_n5A-n66A,n2,"5, 10, 15, 20",0
,,n5,"5, 10, 15, 20",
,,n66,CA_n66(3A)_BCS0,
CA_n2A-n5B-n66A,CA_n2A-n5ACA_n2A-n66ACA_n5A-n66ACA_n5B,n2,n2 channel bandwidths in Table 5.3.5-1,4 and 5
,,n5,CA_n5B_BCS4 and 5,
,,n66,n66 channel bandwidths in Table 5.3.5-1,
CA_n2A-n5B-n66(2A),CA_n2A-n5ACA_n2A-n66ACA_n5A-n66ACA_n5B,n2,n2 channel bandwidths in Table 5.3.5-1,4 and 5
,,n5,CA_n5B_BCS4 and 5,
,,n66,CA_n66(2A)_BCS4 and 5,
CA_n2(2A)-n5B-n66A,CA_n2A-n5ACA_n2A-n66ACA_n5A-n66ACA_n5B,n2,CA_n2(2A)_BCS4 and 5,4 and 5
,,n5,CA_n5B_BCS4 and 5,
,,n66,n66 channel bandwidths in Table 5.3.5-1,
CA_n2(2A)-n5B-n66(2A),CA_n2A-n5ACA_n2A-n66ACA_n5A-n66ACA_n5B,n2,CA_n2(2A)_BCS4 and 5,4 and 5
,,n5,CA_n5B_BCS4 and 5,
,,n66,CA_n66(2A)_BCS4 and 5,
CA_n2A-n5A-n77A,"n777,9CA_n2A-n5ACA_n2A-n77A7,13,14CA_n5A-n77A7,13,14",n2,"5, 10, 15, 20",0
,,n5,"5, 10, 15, 20",
,,n77,"10, 15, 20, 25, 30, 40, 50, 60, 70, 80, 90, 100",
,"n777,9CA_n2A-n5ACA_n2A-n77A7,13,14CA_n5A-n77A7,13,14",n2,n2 channel bandwidths in Table 5.3.5-1,4 and 5
,,n5,n5 channel bandwidths in Table 5.3.5-1,
,,n77,n77 channel bandwidths in Table 5.3.5-1,
CA_n2A-n5B-n77A,"n777,9CA_n2A-n5ACA_n2A-n77A7,13,14CA_n5A-n77A7,13,14CA_n5B",n2,n2 channel bandwidths in Table 5.3.5-1,4 and 5
,,n5,CA_n5B_BCS4 and 5,
,,n77,n77 channel bandwidths in Table 5.3.5-1,
CA_n2A-n5A-n77C,"n777,9CA_n2A-n5ACA_n2A-n77A7,13,14CA_n5A-n77A7,13,14CA_n77C7,9",n2,"5, 10, 15, 20, 25, 30, 40",0
,,n5,"5, 10, 15, 20, 251",
,,n77,CA_n77C_BCS0,
,,n2,"5, 10, 15, 20, 25, 30, 40",1
,,n5,"5, 10, 15, 20, 251",
,,n77,CA_n77C_BCS1,
,"n777,9CA_n2A-n5ACA_n2A-n77A7,13,14CA_n2A-n77C7,13,14CA_n5A-n77A7,13,14CA_n5A-n77C7,13,14CA_n77C7,9",n2,n2 channel bandwidths in Table 5.3.5-1,4 and 5
,,n5,n5 channel bandwidths in Table 5.3.5-1,
,,n77,CA_n77C_BCS4 and 5,
CA_n2A-n5B-n77C,"n777,9CA_n2A-n5ACA_n2A-n77A7,13,14CA_n2A-n77C7,13,14CA_n5BCA_n5A-n77A7,13,14CA_n5A-n77C7,13,14CA_n77C7,9",n2,n2 channel bandwidths in Table 5.3.5-1,4 and 5
,,n5,CA_n5B_BCS4 and 5,
,,n77,CA_n77C_BCS4 and 5,
CA_n2A-n5A-n77(2A),"n777,9CA_n2A-n5ACA_n2A-n77A7CA_n5A-n77A7",n2,"5, 10, 15, 20",0
,,n5,"5, 10, 15, 20",
,,n77,CA_n77(2A)_BCS1,
,,n2,n2 channel bandwidths in Table 5.3.5-1,4 and 5
,,n5,n5 channel bandwidths in Table 5.3.5-1,
,,n77,CA_n77(2A)_BCS4 and 5,
CA_n2(2A)-n5A-n77A,"n777,9CA_n2A-n5ACA_n2A-n77A7,13,14CA_n5A-n77A7,13,14",n2,CA_n2(2A)_BCS0,0
,,n5,"5, 10, 15, 20",
,,n77,"10, 15, 20, 25, 30, 40, 50, 60, 70, 80, 90, 100",
,"n777,9CA_n2A-n5ACA_n2A-n77A7,13,14CA_n5A-n77A7,13,14",n2,CA_n2(2A)_BCS4 and 5,4 and 5
,,n5,n5 channel bandwidths in Table 5.3.5-1,
,,n77,n77 channel bandwidths in Table 5.3.5-1,
CA_n2(2A)-n5A-n77C,"n777,9CA_n2A-n5ACA_n2A-n77A7,13,14CA_n2A-n77C7,13,14CA_n5A-n77A7,13,14CA_n5A-n77C7,13,14CA_n77C7,9",n2,CA_n2(2A)_BCS4 and 5,4 and 5
,,n5,n5 channel bandwidths in Table 5.3.5-1,
,,n77,CA_n77C_BCS4 and 5,
CA_n2(2A)-n5A-n77(2A),"n777,9CA_n2A-n5ACA_n2A-n77A7CA_n5A-n77A7",n2,CA_n2(2A)_BCS0,0
,,n5,"5, 10, 15, 20",
,,n77,CA_n77(2A)_BCS1,
,,n2,CA_n2(2A)_BCS4 and 5,4 and 5
,,n5,n5 channel bandwidths in Table 5.3.5-1,
,,n77,CA_n77(2A)_BCS4 and 5,
CA_n2(2A)-n5B-n77A,"n777,9CA_n2A-n5ACA_n2A-n77A7,13,14CA_n5A-n77A7,13,14CA_n5B",n2,CA_n2(2A)_BCS4 and 5,4 and 5
,,n5,CA_n5B_BCS4 and 5,
,,n77,n77 channel bandwidths in Table 5.3.5-1,
CA_n2(2A)-n5B-n77C,"n777,9CA_n2A-n5ACA_n2A-n77A7,13,14CA_n2A-n77C7,13,14CA_n5A-n77A7,13,14CA_n5A-n77C7,13,14CA_n5BCA_n77C7,9",n2,CA_n2(2A)_BCS4 and 5,4 and 5
,,n5,CA_n5B_BCS4 and 5,
,,n77,CA_n77C_BCS4 and 5,
CA_n2A-n7A-n12A,-,n2,"5, 10, 15, 20",0
,,n7,"5, 10, 15, 20, 25, 30, 40, 50",
,,n12,"5, 10, 15",
CA_n2A-n7A-n66A,-,n2,"5, 10, 15, 20",0
,,n7,"5, 10, 15, 20, 25, 30, 40, 50",
,,n66,"5, 10, 15, 20, 40",
CA_n2A-n7A-n71A,-,n2,"5, 10, 15, 20",0
,,n7,"5, 10, 15, 20, 25, 30, 40, 50",
,,n71,"5, 10, 15, 20",
CA_n2A-n7A-n77A,-,n2,"5, 10, 15, 20",0
,,n7,"5, 10, 15, 20, 25, 30, 40, 50",
,,n77,"10, 15, 20, 25, 30, 40, 50, 60, 70, 80, 90, 100",
CA_n2A-n12A-n30A,CA_n2A-n12ACA_n2A-n30ACA_n12A-n30A,n2,"5, 10, 15, 20",0
,,n12,"5, 10, 15",
,,n30,"5, 10",
CA_n2(2A)-n12A-n30A,CA_n2A-n12ACA_n2A-n30ACA_n12A-n30A,n2,CA_n2(2A)_BCS0,0
,,n12,"5, 10, 15",
,,n30,"5, 10",
CA_n2A-n12A-n41A,-,n2,"5, 10, 15, 20",0
,,n12,"5, 10, 15",
,,n41,"10, 15, 20, 30, 40, 50, 60, 80, 90, 100",
CA_n2A-n12A-n66A,CA_n2A-n12ACA_n2A-n66ACA_n12A-n66A,n2,"5, 10, 15, 20",0
,,n12,"5, 10, 15",
,,n66,"5, 10, 15, 20, 25, 30, 40",
CA_n2(2A)-n12A-n66A,CA_n2A-n12ACA_n2A-n66A CA_n12A-n66A,n2,CA_n2(2A)_BCS0,0
,,n12,"5, 10, 15",
,,n66,"5, 10, 15, 20, 25, 30, 40",
CA_n2A-n12A-n66(2A),CA_n2A-n12ACA_n2A-n66A CA_n12A-n66A,n2,"5, 10, 15, 20",0
,,n12,"5, 10, 15",
,,n66,CA_n66(2A)_BCS1,
CA_n2(2A)-n12A-n66(2A),CA_n2A-n12ACA_n2A-n66ACA_n12A-n66A,n2,CA_n2(2A)_BCS0,0
,,n12,"5, 10, 15",
,,n66,CA_n66(2A)_BCS1,
CA_n2A-n12A-n66(3A),CA_n2A-n12ACA_n2A-n66ACA_n12A-n66A,n2,"5, 10, 15, 20",0
,,n12,"5, 10, 15",
,,n66,CA_n66(3A)_BCS0,
CA_n2A-n12A-n71A,CA_n2A-n12ACA_n2A-n71A,n2,"5, 10, 15, 20, 25, 30, 40",0
,,n12,"5, 10, 15",
,,n71,"5, 10, 15, 20",
CA_n2A-n12A-n77A,"n777,9CA_n2A-n12ACA_n2A-n77A7CA_n12A-n77A7",n2,"5, 10, 15, 20",0
,,n12,"5, 10, 15",
,,n77,"10, 15, 20, 25, 30, 40, 50, 60, 70, 80, 90, 100",
CA_n2(2A)-n12A-n77A,"n777,9CA_n2A-n12ACA_n2A-n77A7CA_n12A-n77A7",n2,CA_n2(2A)_BCS0,0
,,n12,"5, 10, 15",
,,n77,"10, 15, 20, 25, 30, 40, 50, 60, 70, 80, 90, 100",
CA_n2A-n12A-n77(2A),"n777,9CA_n2A-n12ACA_n2A-n77A7CA_n12A-n77A7",n2,"5, 10, 15, 20",0
,,n12,"5, 10, 15",
,,n77,CA_n77(2A)_BCS1,
CA_n2(2A)-n12A-n77(2A),"n777,9CA_n2A-n12ACA_n2A-n77A7CA_n12A-n77A7",n2,CA_n2(2A)_BCS0,0
,,n12,"5, 10, 15",
,,n77,CA_n77(2A)_BCS1,
CA_n2A-n14A-n30A,CA_n2A-n14ACA_n2A-n30ACA_n14A-n30A,n2,"5, 10, 15, 20",0
,,n14,"5, 10",
,,n30,"5, 10",
,,n2,n2 channel bandwidths in Table 5.3.5-1,4 and 5
,,n14,n14 channel bandwidths in Table 5.3.5-1,
,,n30,n30 channel bandwidths in Table 5.3.5-1,
CA_n2(2A)-n14A-n30A,CA_n2A-n14ACA_n2A-n30ACA_n14A-n30A,n2,CA_n2(2A)_BCS0,0
,,n14,"5, 10",
,,n30,"5, 10",
CA_n2A-n14A-n66A,CA_n2A-n14ACA_n2A-n66ACA_n14A-n66A,n2,"5, 10, 15, 20",0
,,n14,"5, 10",
,,n66,"5, 10, 15, 20, 25, 30, 40",
,,n2,n2 channel bandwidths in Table 5.3.5-1,4 and 5
,,n14,n14 channel bandwidths in Table 5.3.5-1,
,,n66,n66 channel bandwidths in Table 5.3.5-1,
CA_n2(2A)-n14A-n66A,CA_n2A-n14ACA_n2A-n66ACA_n14A-n66A,n2,CA_n2(2A)_BCS0,0
,,n14,"5, 10",
,,n66,"5, 10, 15, 20, 25, 30, 40",
,,n2,CA_n2(2A)_BCS4 and 5,4 and 5
,,n14,n14 channel bandwidths in Table 5.3.5-1,
,,n66,n66 channel bandwidths in Table 5.3.5-1,
CA_n2(2A)-n14A-n66(2A),CA_n2A-n14ACA_n2A-n66ACA_n14A-n66A,n2,CA_n2(2A)_BCS0,0
,,n14,"5, 10",
,,n66,CA_n66(2A)_BCS1,
,,n2,CA_n2(2A)_BCS4 and 5,4 and 5
,,n14,n14 channel bandwidths in Table 5.3.5-1,
,,n66,CA_n66(2A)_BCS4 and 5,
CA_n2A-n14A-n66(2A),CA_n2A-n14ACA_n2A-n66ACA_n14A-n66A,n2,"5, 10, 15, 20",0
,,n14,"5, 10",
,,n66,CA_n66(2A)_BCS1,
,,n2,n2 channel bandwidths in Table 5.3.5-1,4 and 5
,,n14,n14 channel bandwidths in Table 5.3.5-1,
,,n66,CA_n66(2A)_BCS4 and 5,
CA_n2A-n14A-n66(3A),CA_n2A-n14ACA_n2A-n66ACA_n14A-n66A,n2,"5, 10, 15, 20",0
,,n14,"5, 10",
,,n66,CA_n66(3A)_BCS0,
CA_n2A-n14A-n77A,"n777,9CA_n2A-n14ACA_n2A-n77A7CA_n14A-n77A7",n2,"5, 10, 15, 20",0
,,n14,"5, 10",
,,n77,"10, 15, 20, 25, 30, 40, 50, 60, 70, 80, 90, 100",
,,n2,n2 channel bandwidths in Table 5.3.5-1,4 and 5
,,n14,n14 channel bandwidths in Table 5.3.5-1,
,,n77,n77 channel bandwidths in Table 5.3.5-1,
CA_n2A-n14A-n77(2A),"n777,9CA_n2A-n14ACA_n2A-n77A7CA_n14A-n77A7",n2,"5, 10, 15, 20",0
,,n14,"5, 10",
,,n77,CA_n77(2A)_BCS1,
,,n2,n2 channel bandwidths in Table 5.3.5-1,4 and 5
,,n14,n14 channel bandwidths in Table 5.3.5-1,
,,n77,CA_n77(2A)_BCS4 and 5,
CA_n2(2A)-n14A-n77A,"n777,9CA_n2A-n14ACA_n2A-n77A7CA_n14A-n77A7",n2,CA_n2(2A)_BCS0,0
,,n14,"5, 10",
,,n77,"10, 15, 20, 25, 30, 40, 50, 60, 70, 80, 90, 100",
,,n2,CA_n2(2A)_BCS4 and 5,4 and 5
,,n14,n14 channel bandwidths in Table 5.3.5-1,
,,n77,n77 channel bandwidths in Table 5.3.5-1,
CA_n2(2A)-n14A-n77(2A),"n777,9CA_n2A-n14ACA_n2A-n77A7CA_n14A-n77A7",n2,CA_n2(2A)_BCS0,0
,,n14,"5, 10",
,,n77,CA_n77(2A)_BCS1,
,,n2,CA_n2(2A)_BCS4 and 5,4 and 5
,,n14,n14 channel bandwidths in Table 5.3.5-1,
,,n77,CA_n77(2A)_BCS4 and 5,
CA_n2A-n29A-n30A,CA_n2A-n30A,n2,"5, 10, 15, 20",0
,,n29,"5, 10",
,,n30,"5, 10",
CA_n2(2A)-n29A-n30A,CA_n2A-n30A,n2,CA_n2(2A)_BCS0,0
,,n29,"5, 10",
,,n30,"5, 10",
CA_n2A-n29A-n66A,CA_n2A-n66A,n2,"5, 10, 15, 20",0
,,n29,"5, 10",
,,n66,"5, 10, 15, 20, 25, 30, 40",
CA_n2(2A)-n29A-n66A,CA_n2A-n66A,n2,CA_n2(2A)_BCS0,0
,,n29,"5, 10",
,,n66,"5, 10, 15, 20, 25, 30, 40",
CA_n2A-n29A-n66(2A),CA_n2A-n66A,n2,"5, 10, 15, 20",0
,,n29,"5, 10",
,,n66,CA_n66(2A)_BCS1,
CA_n2(2A)-n29A-n66(2A),CA_n2A-n66A,n2,CA_n2(2A)_BCS0,0
,,n29,"5, 10",
,,n66,CA_n66(2A)_BCS1,
CA_n2A-n29A-n77A,"n777,9CA_n2A-n77A7",n2,"5, 10, 15, 20",0
,,n29,"5, 10",
,,n77,"10, 15, 20, 25, 30, 40, 50, 60, 70, 80, 90, 100",
CA_n2(2A)-n29A-n77A,"n777,9CA_n2A-n77A7",n2,CA_n2(2A)_BCS0,0
,,n29,"5, 10",
,,n77,"10, 15, 20, 25, 30, 40, 50, 60, 70, 80, 90, 100",
CA_n2A-n29A-n77(2A),"n777,9CA_n2A-n77A7",n2,"5, 10, 15, 20",0
,,n29,"5, 10",
,,n77,CA_n77(2A)_BCS1,
CA_n2(2A)-n29A-n77(2A),"n777,9CA_n2A-n77A7",n2,CA_n2(2A)_BCS0,0
,,n29,"5, 10",
,,n77,CA_n77(2A)_BCS1,
CA_n2A-n30A-n66A,CA_n2A-n30ACA_n2A-n66ACA_n30A-n66A,n2,"5, 10, 15, 20",0
,,n30,"5, 10",
,,n66,"5, 10, 15, 20, 40",
,,n2,n2 channel bandwidths in Table 5.3.5-1,4 and 5
,,n30,n30 channel bandwidths in Table 5.3.5-1,
,,n66,n66 channel bandwidths in Table 5.3.5-1,
CA_n2(2A)-n30A-n66A,CA_n2A-n30ACA_n2A-n66ACA_n30A-n66A,n2,CA_n2(2A)_BCS0,0
,,n30,"5, 10",
,,n66,"5, 10, 15, 20, 40",
,,n2,CA_n2(2A)_BCS4 and 5,4 and 5
,,n30,n30 channel bandwidths in Table 5.3.5-1,
,,n66,n66 channel bandwidths in Table 5.3.5-1,
CA_n2A-n30A-n66(2A),CA_n2A-n30ACA_n2A-n66ACA_n30A-n66A,n2,"5, 10, 15, 20",0
,,n30,"5, 10",
,,n66,CA_n66(2A)_BCS0,
,,n2,n2 channel bandwidths in Table 5.3.5-1,4 and 5
,,n30,n30 channel bandwidths in Table 5.3.5-1,
,,n66,CA_n66(2A)_BCS4 and 5,
CA_n2(2A)-n30A-n66(2A),CA_n2A-n30ACA_n2A-n66ACA_n30A-n66A,n2,CA_n2(2A)_BCS0,0
,,n30,"5, 10",
,,n66,CA_n66(2A)_BCS1,
CA_n2A-n30A-n66(3A),CA_n2A-n30ACA_n2A-n66ACA_n30A-n66A,n2,"5, 10, 15, 20",0
,,n30,"5, 10",
,,n66,CA_n66(3A)_BCS0,
,,n2,n2 channel bandwidths in Table 5.3.5-1,4 and 5
,,n30,n30 channel bandwidths in Table 5.3.5-1,
,,n66,CA_n66(3A)_BCS4 and 5,
CA_n2A-n30A-n77A,"n777,9CA_n2A-n30ACA_n2A-n77A7CA_n30A-n77A7",n2,"5, 10, 15, 20",0
,,n30,"5, 10",
,,n77,"10, 15, 20, 25, 30, 40, 50, 60, 70, 80, 90, 100",
,,n2,n2 channel bandwidths in Table 5.3.5-1,4 and 5
,,n30,n30 channel bandwidths in Table 5.3.5-1,
,,n77,n77 channel bandwidths in Table 5.3.5-1,
CA_n2A-n30A-n77(2A),"n777,9CA_n2A-n30ACA_n2A-n77A7CA_n30A-n77A7",n2,"5, 10, 15, 20",0
,,n30,"5, 10",
,,n77,CA_n77(2A)_BCS1,
,,n2,n2 channel bandwidths in Table 5.3.5-1,4 and 5
,,n30,n30 channel bandwidths in Table 5.3.5-1,
,,n77,CA_n77(2A)_BCS 4 and 5,
CA_n2(2A)-n30A-n77A,"n777,9CA_n2A-n30ACA_n2A-n77A7CA_n30A-n77A7",n2,CA_n2(2A)_BCS0,0
,,n30,"5, 10",
,,n77,"10, 15, 20, 25, 30, 40, 50, 60, 70, 80, 90, 100",
,,n2,CA_n2(2A)_BCS 4 and 5,4 and 5
,,n30,n30 channel bandwidths in Table 5.3.5-1,
,,n77,n77 channel bandwidths in Table 5.3.5-1,
CA_n2(2A)-n30A-n77(2A),"n777,9CA_n2A-n30ACA_n2A-n77A7CA_n30A-n77A7",n2,CA_n2(2A)_BCS0,0
,,n30,"5, 10",
,,n77,CA_n77(2A)_BCS1,
,,n2,CA_n2(2A)_BCS 4 and 5,4 and 5
,,n30,n30 channel bandwidths in Table 5.3.5-1,
,,n77,CA_n77(2A)_BCS 4 and 5,
CA_n2A-n41A-n66A,-,n2,"5, 10, 15, 20",0
,,n41,"10, 15, 20, 40, 50, 60, 80, 90, 100",
,,n66,"5, 10, 15, 20, 40",
CA_n2A-n41A-n71A,-,n2,"5, 10, 15, 20",0
,,n41,"10, 15, 20, 40, 50, 60, 80, 90, 100",
,,n71,"5, 10, 15, 20",
CA_n2A-n48A-n66A,CA_n2A-n48ACA_n2A-n66ACA_n48A-n66A,n2,"5, 10, 15, 20",0
,,n48,"5, 10, 15, 20, 30, 40, 5012, 6012, 7012, 8012, 9012, 10012",
,,n66,"5, 10, 15, 20, 25, 30, 40",
,,n2,n2 channel bandwidths in Table 5.3.5-1,4 and 5
,,n48,n48 channel bandwidths in Table 5.3.5-1,
,,n66,n66 channel bandwidths in Table 5.3.5-1,
CA_n2(2A)-n48A-n66A,CA_n2A-n48ACA_n2A-n66ACA_n48A-n66A,n2,CA_n2(2A)_BCS4 and 5,4 and 5
,,n48,n48 channel bandwidths in Table 5.3.5-1,
,,n66,n66 channel bandwidths in Table 5.3.5-1,
CA_n2(2A)-n48B-n66A,CA_n2A-n48ACA_n2A-n66ACA_n2A-n48BCA_n48A-n66ACA_n48B-n66ACA_n48B,n2,CA_n2(2A)_BCS4 and 5,4 and 5
,,n48,CA_n48B_BCS4 and 5,
,,n66,n66 channel bandwidths in Table 5.3.5-1,
CA_n2A-n48(A-B)-n66A,CA_n2A-n48ACA_n2A-n66ACA_n48A-n66A,n2,"5, 10, 15, 20, 25, 30, 40",0
,,n48,CA_n48(A-B)_BCS0,
,,n66,"5, 10, 15, 20, 25, 30, 40",
,,n2,"5, 10, 15, 20, 25, 30, 40",1
,,n48,CA_n48(A-B)_BCS1,
,,n66,"5, 10, 15, 20, 25, 30, 40",
,,n2,n2 channel bandwidths in Table 5.3.5-1,4 and 5
,,n48,CA_n48(A-B)_BCS4 and 5,
,,n66,n66 channel bandwidths in Table 5.3.5-1,
CA_n2A-n48B-n66A,CA_n48BCA_n2A-n48ACA_n2A-n66ACA_n2A-n48BCA_n48A-n66ACA_n48B-n66A,n2,"5, 10, 15, 20",0
,,n48,CA_n48B_BCS0,
,,n66,"5, 10, 15, 20, 25, 30, 40",
,,n2,"5, 10, 15, 20",1
,,n48,CA_n48B_BCS1,
,,n66,"5, 10, 15, 20, 25, 30, 40",
,,n2,"5, 10, 15, 20",2
,,n48,CA_n48B_BCS2,
,,n66,"5, 10, 15, 20, 25, 30, 40",
,,n2,n2 channel bandwidths in Table 5.3.5-1,4 and 5
,,n48,CA_n48B_BCS4 and 5,
,,n66,n66 channel bandwidths in Table 5.3.5-1,
CA_n2A-n48(2A)-n66A,CA_n2A-n48ACA_n2A-n66ACA_n48A-n66A,n2,"5, 10, 15, 20",0
,,n48,CA_n48(2A)_BCS0,
,,n66,"5, 10, 15, 20, 25, 30, 40",
,,n2,"5, 10, 15, 20",1
,,n48,CA_n48(2A)_BCS1,
,,n66,"5, 10, 15, 20, 25, 30, 40",
,,n2,n2 channel bandwidths in Table 5.3.5-1,4 and 5
,,n48,CA_n48(2A)_BCS4 and 5,
,,n66,n66 channel bandwidths in Table 5.3.5-1,
CA_n2A-n48A-n66(2A),CA_n2A-n48ACA_n2A-n66ACA_n48A-n66A,n2,n2 channel bandwidths in Table 5.3.5-1,4 and 5
,,n48,n48 channel bandwidths in Table 5.3.5-1,
,,n66,CA_n66(2A)_BCS4 and 5,
CA_n2A-n48B-n66(2A),CA_n2A-n48ACA_n2A-n66ACA_n2A-n48BCA_n48A-n66ACA_n48B-n66ACA_n48B,n2,n2 channel bandwidths in Table 5.3.5-1,4 and 5
,,n48,CA_n48B_BCS4 and 5,
,,n66,CA_n66(2A)_BCS4 and 5,
CA_n2(2A)-n48(2A)-n66A,CA_n2A-n48ACA_n2A-n66ACA_n48A-n66A,n2,CA_n2(2A)_BCS4 and 5,4 and 5
,,n48,CA_n48(2A)_BCS4 and 5,
,,n66,n66 channel bandwidths in Table 5.3.5-1,
CA_n2(2A)-n48A-n66(2A),CA_n2A-n48ACA_n2A-n66ACA_n48A-n66A,n2,CA_n2(2A)_BCS4 and 5,4 and 5
,,n48,n48 channel bandwidths in Table 5.3.5-1,
,,n66,CA_n66(2A)_BCS4 and 5,
CA_n2A-n48(2A)-n66(2A),CA_n2A-n48ACA_n2A-n66ACA_n48A-n66A,n2,n2 channel bandwidths in Table 5.3.5-1,4 and 5
,,n48,CA_n48(2A)_BCS4 and 5,
,,n66,CA_n66(2A)_BCS4 and 5,
CA_n2(2A)-n48B-n66(2A),CA_n2A-n48ACA_n2A-n66ACA_n2A-n48BCA_n48A-n66ACA_n48B-n66ACA_n48B,n2,CA_n2(2A)_BCS4 and 5,4 and 5
,,n48,CA_n48B_BCS4 and 5,
,,n66,CA_n66(2A)_BCS4 and 5,
CA_n2(2A)-n48(2A)-n66(2A),CA_n2A-n48ACA_n2A-n66ACA_n48A-n66A,n2,CA_n2(2A)_BCS4 and 5,4 and 5
,,n48,CA_n48(2A)_BCS4 and 5,
,,n66,CA_n66(2A)_BCS4 and 5,
CA_n2A-n48A-n77A,"n777,9CA_n2A-n48ACA_n2A-n77A7,13,14",n2,"5, 10, 15, 20",0
,,n48,"5, 10, 15, 20, 30, 40, 5012, 6012, 7012, 8012, 9012, 10012",
,,n77,"10, 15, 20, 25, 30, 40, 50, 60, 70, 80, 90, 100",
,"n777,9CA_n2A-n48ACA_n2A-n77A7,13,14",n2,n2 channel bandwidths in Table 5.3.5-1,4 and 5
,,n48,n48 channel bandwidths in Table 5.3.5-1,
,,n77,n77 channel bandwidths in Table 5.3.5-1,
CA_n2A-n48A-n77C,"n777,9CA_n2A-n48ACA_n2A-n77A7,13,14CA_n77C7,9",n2,"5, 10, 15, 20, 25, 30, 40",0
,,n48,"5, 10, 15, 20, 30, 40, 5012, 6012, 7012, 8012, 9012, 10012",
,,n77,CA_n77C_BCS0,
,,n2,"5, 10, 15, 20, 25, 30, 40",1
,,n48,"5, 10, 15, 20, 30, 40, 5012, 6012, 7012, 8012, 9012, 10012",
,,n77,CA_n77C_BCS1,
,"n777,9CA_n2A-n48ACA_n2A-n77A7,13,14CA_n2A-n77C7,13,14CA_n77C7,9",n2,n2 channel bandwidths in Table 5.3.5-1,4 and 5
,,n48,n48 channel bandwidths in Table 5.3.5-1,
,,n77,CA_n77C_BCS4 and 5,
CA_n2A-n48(2A)-n77C,"n777,9CA_n2A-n48ACA_n2A-n77A7,13,14",n2,"5, 10, 15, 20, 25, 30, 40",0
,,n48,CA_n48(2A)_BCS1,
,,n77,CA_n77C_BCS1,
,"n777,9CA_n77CCA_n2A-n48ACA_n2A-n77A7,13,14CA_n2A-n77C7,9,13,14",n2,n2 channel bandwidths in Table 5.3.5-1,4 and 5
,,n48,CA_n48(2A)_BCS4 and 5,
,,n77,CA_n77C_BCS4 and 5,
CA_n2A-n48B-n77A,"n777,9CA_n48BCA_n2A-n48ACA_n2A-n77A7,13,14",n2,"5, 10, 15, 20",0
,,n48,CA_n48B_BCS0,
,,n77,"10, 15, 20, 25, 30, 40, 50, 60, 70, 80, 90, 100",
,,n2,"5, 10, 15, 20",1
,,n48,CA_n48B_BCS1,
,,n77,"10, 15, 20, 25, 30, 40, 50, 60, 70, 80, 90, 100",
,,n2,"5, 10, 15, 20",2
,,n48,CA_n48B_BCS2,
,,n77,"10, 15, 20, 25, 30, 40, 50, 60, 70, 80, 90, 100",
,"n777,9CA_n48BCA_n2A-n48ACA_n2A-n48BCA_n2A-n77A7,13,14",n2,n2 channel bandwidths in Table 5.3.5-1,4 and 5
,,n48,CA_n48B_BCS4 and 5,
,,n77,n77 channel bandwidths in Table 5.3.5-1,
CA_n2A-n48B-n77C,"n777,9CA_n48BCA_n2A-n48ACA_n2A-n77A7,13,14",n2,"5, 10, 15, 20, 25, 30, 40",0
,,n48,CA_n48B_BCS2,
,,n77,CA_n77C_BCS1,
,"n777,9CA_n48BCA_n77C7,9CA_n2A-n48ACA_n2A-n48BCA_n2A-n77A7,13,14CA_n2A-n77C7,13,14",n2,n2 channel bandwidths in Table 5.3.5-1,4 and 5
,,n48,CA_n48B_BCS4 and 5,
,,n77,CA_n77C_BCS4 and 5,
CA_n2(2A)-n48B-n77A,"n777,9CA_n2A-n48ACA_n2A-n48BCA_n2A-n77A7,13,14CA_n48B",n2,CA_n2(2A)_BCS4 and 5,4 and 5
,,n48,CA_n48B_BCS4 and 5,
,,n77,n77 channel bandwidths in Table 5.3.5-1,
CA_n2A-n48(2A)-n77A,"n777,9CA_n2A-n48ACA_n2A-n77A7,13,14",n2,"5, 10, 15, 20",0
,,n48,CA_n48(2A)_BCS0,
,,n77,"10, 15, 20, 25, 30, 40, 50, 60, 70, 80, 90, 100",
,,n2,"5, 10, 15, 20",1
,,n48,CA_n48(2A)_BCS1,
,,n77,"10, 15, 20, 25, 30, 40, 50, 60, 70, 80, 90, 100",
,,n2,n2 channel bandwidths in Table 5.3.5-1,4 and 5
,,n48,CA_n48(2A)_BCS4 and 5,
,,n77,n77 channel bandwidths in Table 5.3.5-1,
CA_n2(2A)-n48A-n77A,"n777,9CA_n2A-n48ACA_n2A-n77A7,13,14",n2,CA_n2(2A)_BCS4 and 5,4 and 5
,,n48,n48 channel bandwidths in Table 5.3.5-1,
,,n77,n77 channel bandwidths in Table 5.3.5-1,
CA_n2(2A)-n48(2A)-n77A,"n777,9CA_n2A-n48ACA_n2A-n77A7,13,14",n2,CA_n2(2A)_BCS4 and 5,4 and 5
,,n48,CA_n48(2A)_BCS4 and 5,
,,n77,n77 channel bandwidths in Table 5.3.5-1,
CA_n2(2A)-n48A-n77C,"n777,9CA_n2A-n48ACA_n2A-n77A7,13,14CA_n2A-n77C7,13,14CA_n77C7,9",n2,CA_n2(2A)_BCS4 and 5,4 and 5
,,n48,n48 channel bandwidths in Table 5.3.5-1,
,,n77,CA_n77C_BCS4 and 5,
CA_n2(2A)-n48(2A)-n77C,"n777,9CA_n2A-n48ACA_n2A-n77A7,13,14CA_n2A-n77C7,13,14CA_n77C7,9",n2,CA_n2(2A)_BCS4 and 5,4 and 5
,,n48,CA_n48(2A)_BCS4 and 5,
,,n77,CA_n77C_BCS4 and 5,
CA_n2(2A)-n48B-n77C,"n777,9CA_n2A-n48ACA_n2A-n48BCA_n2A-n77A7,13,14CA_n2A-n77C7,13,14CA_n48BCA_n77C",n2,CA_n2(2A)_BCS4 and 5,4 and 5
,,n48,CA_n48B_BCS4 and 5,
,,n77,CA_n77C_BCS4 and 5,
CA_n2A-n66A-n71A,-,n2,"5, 10, 15, 20",0
,,n66,"5, 10, 15, 20, 25, 30, 40",
,,n71,"5, 10, 15, 20",
CA_n2A-n66A-n77A,"n777,9CA_n2A-n66ACA_n2A-n77A7,13,14CA_n66A-n77A7,13,14",n2,"5, 10, 15, 20",0
,,n66,"5, 10, 15, 20, 25, 30, 40",
,,n77,"10, 15, 20, 25, 30, 40, 50, 60, 70, 80, 90, 100",
,"n777,9CA_n2A-n66ACA_n2A-n77A7,13,14CA_n66A-n77A7,13,14",n2,n2 channel bandwidths in Table 5.3.5-1,4 and 5
,,n66,n66 channel bandwidths in Table 5.3.5-1,
,,n77,n77 channel bandwidths in Table 5.3.5-1,
CA_n2(2A)-n66A-n77A,"n777,9CA_n2A-n66ACA_n2A-n77A7,13,14CA_n66A-n77A7,13,14",n2,CA_n2(2A)_BCS0,0
,,n66,"5, 10, 15, 20, 25, 30, 40",
,,n77,"10, 15, 20, 25, 30, 40, 50, 60, 70, 80, 90, 100",
,"n777,9CA_n2A-n66ACA_n2A-n77A7,13,14CA_n66A-n77A7,13,14",n2,CA_n2(2A)_BCS4 and 5,4 and 5
,,n66,n66 channel bandwidths in Table 5.3.5-1,
,,n77,n77 channel bandwidths in Table 5.3.5-1,
CA_n2(2A)-n66A-n77C,"n777,9CA_n2A-n66ACA_n2A-n77A7,13,14CA_n2A-n77C7,13,14CA_n66A-n77A7,13,14CA_n66A-n77C7,13,14CA_n77C7,9",n2,CA_n2(2A)_BCS4 and 5,4 and 5
,,n66,n66 channel bandwidths in Table 5.3.5-1,
,,n77,CA_n77C_BCS4 and 5,
CA_n2A-n66(2A)-n77A,"n777,9CA_n2A-n66ACA_n2A-n77A7,13,14CA_n66A-n77A7,13,14",n2,"5, 10, 15, 20",0
,,n66,CA_n66(2A)_BCS1,
,,n77,"10, 15, 20, 25, 30, 40, 50, 60, 70, 80, 90, 100",
,"n777,9CA_n2A-n66ACA_n2A-n77A7,13,14CA_n66A-n77A7,13,14",n2,n2 channel bandwidths in Table 5.3.5-1,4 and 5
,,n66,CA_n66(2A)_BCS4 and 5,
,,n77,n77 channel bandwidths in Table 5.3.5-1,
CA_n2A-n66(2A)-n77C,"n777,9CA_n2A-n66ACA_n2A-n77A7,13,14CA_n2A-n77C7,13,14CA_n66A-n77A7,13,14CA_n66A-n77C7,13,14CA_n77C7,9",n2,n2 channel bandwidths in Table 5.3.5-1,4 and 5
,,n66,CA_n66(2A)_BCS4 and 5,
,,n77,CA_n77C_BCS4 and 5,
CA_n2A-n66A-n77C,"n777,9CA_n2A-n66ACA_n2A-n77A7,13,14CA_n66A-n77A7,13,14",n2,"5, 10, 15, 20, 25, 30, 40",0
,,n66,"5, 10, 15, 20, 25, 30, 40",
,,n77,CA_n77C_BCS0,
,,n2,"5, 10, 15, 20, 25, 30, 40",1
,,n66,"5, 10, 15, 20, 25, 30, 40",
,,n77,CA_n77C_BCS1,
,"n777,9CA_n77C7,9CA_n2A-n66ACA_n2A-n77A7,13,14CA_n2A-n77C7,13,14CA_n66A-n77A7,13,14CA_n66A-n77C7,13,14",n2,n2 channel bandwidths in Table 5.3.5-1,4 and 5
,,n66,n66 channel bandwidths in Table 5.3.5-1,
,,n77,CA_n77C_BCS4 and 5,
CA_n2A-n66A-n77(2A),"n777,9CA_n2A-n66ACA_n2A-n77A7CA_n66A-n77A7",n2,"5, 10, 15, 20",0
,,n66,"5, 10, 15, 20, 25, 30, 40",
,,n77,CA_n77(2A)_BCS1,
,,n2,n2 channel bandwidths in Table 5.3.5-1,4 and 5
,,n66,n66 channel bandwidths in Table 5.3.5-1,
,,n77,CA_n77(2A)_BCS4 and 5,
CA_n2(2A)-n66(2A)-n77A,"n777,9CA_n2A-n66ACA_n66A-n77A7,13,14CA_n2A-n77A7,13,14",n2,CA_n2(2A)_BCS0,0
,,n66,CA_n66(2A)_BCS1,
,,n77,"10, 15, 20, 25, 30, 40, 50, 60, 70, 80, 90, 100",
,"n777,9CA_n2A-n66ACA_n66A-n77A7,13,14CA_n2A-n77A7,13,14",n2,CA_n2(2A)_BCS4 and 5,4 and 5
,,n66,CA_n66(2A)_BCS4 and 5,
,,n77,n77 channel bandwidths in Table 5.3.5-1,
CA_n2(2A)-n66(2A)-n77C,"n777,9CA_n2A-n66ACA_n66A-n77A7,13,14CA_n66A-n77C7,13,14CA_n2A-n77A7,13,14CA_n2A-n77C7,13,14CA_n77C7,9",n2,CA_n2(2A)_BCS4 and 5,4 and 5
,,n66,CA_n66(2A)_BCS4 and 5,
,,n77,CA_n77C_BCS4 and 5,
CA_n2(2A)-n66(2A)-n77(2A),"n777,9CA_n2A-n66ACA_n2A-n77A7CA_n66A-n77A7",n2,CA_n2(2A)_BCS0,0
,,n66,CA_n66(2A)_BCS1,
,,n77,CA_n77(2A)_BCS1,
CA_n2(2A)-n66A-n77(2A),"n777,9CA_n2A-n66ACA_n66A-n77A7CA_n2A-n77A7",n2,CA_n2(2A)_BCS0,0
,,n66,"5, 10, 15, 20, 25, 30, 40",
,,n77,CA_n77(2A)_BCS1,
,,n2,CA_n2(2A)_BCS4 and 5,4 and 5
,,n66,n66 channel bandwidths in Table 5.3.5-1,
,,n77,CA_n77(2A)_BCS4 and 5,
CA_n2A-n66(2A)-n77(2A),"n777,9CA_n2A-n66ACA_n66A-n77A7CA_n2A-n77A7",n2,"5, 10, 15, 20",0
,,n66,CA_n66(2A)_BCS1,
,,n77,CA_n77(2A)_BCS1,
,,n2,n2 channel bandwidths in Table 5.3.5-1,4 and 5
,,n66,CA_n66(2A)_BCS4 and 5,
,,n77,CA_n77(2A)_BCS4 and 5,
CA_n2A-n66(3A)-n77A,"n777,9CA_n2A-n66ACA_n66A-n77A7CA_n2A-n77A7",n2,"5, 10, 15, 20",0
,,n66,CA_n66(3A)_BCS0,
,,n77,"10, 15, 20, 25, 30, 40, 50, 60, 70, 80, 90, 100",
CA_n2A-n66(3A)-n77(2A),"n777,9CA_n2A-n66ACA_n2A-n77A7CA_n66A-n77A7",n2,"5, 10, 15, 20",0
,,n66,CA_n66(3A)_BCS0,
,,n77,CA_n77(2A)_BCS1,
CA_n2A-n66A-n78A,-,n2,"5, 10, 15, 20",0
,,n66,"5, 10, 15, 20, 25, 30, 40",
,,n78,"10, 15, 20, 25, 30, 40, 50, 60, 70, 80, 90, 100",
CA_n2A-n66A-n78(2A),-,n2,"5, 10, 15, 20",0
,,n66,"5, 10, 15, 20, 25, 30, 40",
,,n78,CA_n78(2A)_BCS2,
CA_n2A-n71A-n77A,CA_n2A-n71ACA_n2A-n77ACA_n71A-n77A,n2,"5, 10, 15, 20, 25, 30, 35, 40",0
,,n71,"5, 10, 15, 20, 25, 30, 35",
,,n77,"10, 15, 20, 25, 30, 40, 50, 60, 70, 80, 90, 100",
CA_n2A-n71A-n77(2A),CA_n2A-n71ACA_n2A-n77ACA_n71A-n77A,n2,"5, 10, 15, 20, 25, 30, 35, 40",0
,,n71,"5, 10, 15, 20, 25, 30, 35",
,,n77,CA_n77(2A)_BCS1,
CA_n2A-n71A-n78A,-,n2,"5, 10, 15, 20",0
,,n71,"5, 10, 15, 20",
,,n78,"10, 15, 20, 25, 30, 40, 50, 60, 70, 80, 90, 100",
CA_n2A-n71A-n78(2A),-,n2,"5, 10, 15, 20",0
,,n71,"5, 10, 15, 20",
,,n78,CA_n78(2A)_BCS2,
CA_n3A-n5A-n7A,-,n3,"5, 10, 15, 20, 25, 30",0
,,n5,"5, 10, 15, 20",
,,n7,"5, 10, 15, 20, 25, 30, 40",
,CA_n3A-n5ACA_n3A-n7ACA_n5A-n7A,n3,"5, 10, 15, 20, 25, 30, 40, 50",1
,,n5,"5, 10, 15, 20",
,,n7,"5, 10, 15, 20, 25, 30, 40, 50",
CA_n3A-n5A-n7B,-,n3,"5, 10, 15, 20, 25, 30",0
,,n5,"5, 10, 15, 20",
,,n7,CA_n7B_BCS0,
,CA_n3A-n5ACA_n3A-n7ACA_n5A-n7ACA_n7B,n3,"5, 10, 15, 20, 25, 30, 40, 50",1
,,n5,"5, 10, 15, 20",
,,n7,CA_n7B_BCS0,
CA_n3A-n5A-n8A,-,n3,"5, 10, 15, 20, 25, 30, 40, 50",0
,,n5,"5, 10, 15, 20",
,,n8,"5, 10, 15, 20",
CA_n3A-n5A-n28A,-,n3,"5, 10, 15, 20, 25, 30, 40, 50",0
,,n5,"5, 10, 15, 20",
,,n28,"5, 10, 15, 20, 30",
,CA_n3A-n5ACA_n3A-n28ACA_n5A-n28A,n3,See n3 channel bandwidths in Table 5.3.5-1,4 and 5
,,n5,See n5 channel bandwidths in Table 5.3.5-1,
,,n28,See n28 channel bandwidths in Table 5.3.5-1,
CA_n3A-n5A-n78A,CA_n3A-n5ACA_n3A-n78ACA_n5A-n78A,n3,"5, 10, 15, 20, 25, 30, 40, 50",0
,,n5,"5, 10, 15, 20",
,,n78,"10, 15, 20, 25, 30, 40, 50, 60, 70, 80, 90, 100",
CA_n3A-n5A-n78(2A),CA_n3A-n5ACA_n3A-n78ACA_n5A-n78A,n3,"5, 10, 15, 20, 25, 30, 35, 40, 45, 50",0
,,n5,"5, 10, 15, 20, 25",
,,n78,CA_n78(2A)_BCS2,
CA_n3A-n5A-n78C,CA_n78CCA_n3A-n5ACA_n3A-n78ACA_n5A-n78A,n3,See n3 channel bandwidths in Table 5.3.5-1,4 and 5
,,n5,See n5 channel bandwidths in Table 5.3.5-1,
,,n78,CA_n78C_BCS4 and 5,
CA_n3A-n5A-n78(A-C),CA_n78CCA_n3A-n5ACA_n3A-n78ACA_n5A-n78A,n3,"5, 10, 15, 20, 25, 30, 35, 40, 45, 50",0
,,n5,"5, 10, 15, 20, 25",
,,n78,CA_n78(A-C)_BCS1,
CA_n3A-n5A-n79A,CA_n3A-n5ACA_n3A-n79ACA_n5A-n79A,n3,See n3 channel bandwidths in Table 5.3.5-1,4 and 5
,,n5,See n5 channel bandwidths in Table 5.3.5-1,
,,n79,See n79 channel bandwidths in Table 5.3.5-1,
CA_n3A-n7A-n8A,CA_n3A-n7ACA_n3A-n8ACA_n7A-n8A,n3,"5, 10, 15, 20, 25, 30, 35, 40, 50",0
,,n7,"5, 10, 15, 20, 25, 30, 35, 40, 50",
,,n8,"5, 10, 15, 20, 35",
CA_n3A-n7(2A)-n8A,CA_n3A-n7ACA_n3A-n8ACA_n7A-n8A,n3,"5, 10, 15, 20, 25, 30",0
,,n7,CA_n7(2A)_BCS0,
,,n8,"5, 10, 15, 20",
CA_n3(2A)-n7A-n8A,CA_n3A-n7ACA_n3A-n8ACA_n7A-n8A,n3,CA_n3(2A)_BCS0,0
,,n7,"5, 10, 15, 20, 25, 30, 40, 50",
,,n8,"5, 10, 15, 20",
CA_n3(2A)-n7(2A)-n8A,CA_n3A-n7ACA_n3A-n8ACA_n7A-n8A,n3,CA_n3(2A)_BCS0,0
,,n7,CA_n7(2A)_BCS0,
,,n8,"5, 10, 15, 20",
CA_n3A-n7A-n20A,n37n77CA_n3A-n7A7CA_n3A-n20A7CA_n7A-n20A7,n3,See n3 channel bandwidths in Table 5.3.5-1,4 and 5
,,n7,See n7 channel bandwidths in Table 5.3.5-1,
,,n20,See n20 channel bandwidths in Table 5.3.5-1,
CA_n3A-n7A-n26A,n77n267CA_n3A-n26ACA_n3A-n7ACA_n7A-n26A,n3,"5, 10, 15, 20, 25, 30, 40",0
,,n7,"5, 10, 15, 20, 25, 30, 40, 50",
,,n26,"5, 10, 15, 20",
CA_n3A-n7A-n26(2A),n77n267CA_n3A-n26ACA_n3A-n7ACA_n7A-n26ACA_n26(2A),n3,"5, 10, 15, 20, 25, 30, 35, 40, 45, 50",0
,,n7,"5, 10, 15, 20, 25, 30, 35, 40, 50",
,,n26,CA_n26(2A)_BCS0,
CA_n3A-n7B-n26A,n77n267CA_n3A-n26ACA_n3A-n7ACA_n7A-n26ACA_n7B,n3,"5, 10, 15, 20, 25, 30, 40",0
,,n7,CA_n7B_BCS0,
,,n26,"5, 10, 15, 20",
CA_n3A-n7B-n26(2A),n77n267CA_n3A-n26ACA_n3A-n7ACA_n7A-n26ACA_n7BCA_n26(2A),n3,"5, 10, 15, 20, 25, 30, 35, 40, 45, 50",0
,,n7,CA_n7B_BCS0,
,,n26,CA_n26(2A)_BCS0,
CA_n3B-n7A-n26A,n77n267CA_n3A-n7ACA_n3A-n26ACA_n7A-n26A,n3,CA_n3B_BCS0,0
,,n7,"5, 10, 15, 20, 25, 30, 35, 40, 50",
,,n26,"5, 10, 15, 20, 25, 30",
,n77n267CA_n3B,n3,CA_n3B_BCS1,1
,,n7,"5, 10, 15, 20, 25, 30, 35, 40, 50",
,,n26,"5, 10, 15, 20, 25, 30",
CA_n3B-n7A-n26(2A),n77n267CA_n3A-n7ACA_n3A-n26ACA_n7A-n26ACA_n26(2A),n3,CA_n3B_BCS0,0
,,n7,"5, 10, 15, 20, 25, 30, 35, 40, 50",
,,n26,CA_n26(2A)_BCS0,
,n77n267CA_n3B,n3,CA_n3B_BCS1,1
,,n7,"5, 10, 15, 20, 25, 30, 35, 40, 50",
,,n26,CA_n26(2A)_BCS0,
CA_n3B-n7B-n26A,n77n267CA_n3A-n7ACA_n3A-n26ACA_n7A-n26ACA_n7B,n3,CA_n3B_BCS0,0
,,n7,CA_n7B_BCS0,
,,n26,"5, 10, 15, 20, 25, 30",
,n77n267CA_n3B,n3,CA_n3B_BCS1,1
,,n7,CA_n7B_BCS0,
,,n26,"5, 10, 15, 20, 25, 30",
CA_n3B-n7B-n26(2A),n77n267CA_n3A-n7ACA_n3A-n26ACA_n7A-n26ACA_n7BCA_n26(2A),n3,CA_n3B_BCS0,0
,,n7,CA_n7B_BCS0,
,,n26,CA_n26(2A)_BCS0,
,n77n267CA_n3B,n3,CA_n3B_BCS1,1
,,n7,CA_n7B_BCS0,
,,n26,CA_n26(2A)_BCS0,
CA_n3A-n7A-n28A,n37n77,n3,"5, 10, 15, 20, 25, 30",0
,,n7,"5, 10, 15, 20, 25, 30, 40, 50",
,,n28,"5, 10, 15, 20",
,n37n77CA_n3A-n7A7CA_n3A-n28A7CA_n7A-n28A7,n3,"5, 10, 15, 20, 25, 30, 40",1
,,n7,"5, 10, 15, 20, 25, 30, 40, 50",
,,n28,"5, 10, 15, 20",
,,n3,"5, 10, 15, 20, 25, 30, 40, 50",2
,,n7,"5, 10, 15, 20, 25, 30, 40, 50",
,,n28,"5, 10, 15, 20",
,,n3,n3 channel bandwidths in Table 5.3.5-1,4 and 5
,,n7,n7 channel bandwidths in Table 5.3.5-1,
,,n28,n28 channel bandwidths in Table 5.3.5-1,
CA_n3A-n7B-n28A,n77,n3,"5, 10, 15, 20, 25, 30",0
,,n7,CA_n7B_BCS0,
,,n28,"5, 10, 15, 20",
,n77CA_n3A-n7ACA_n3A-n28ACA_n7A-n28ACA_n7B,n3,"5, 10, 15, 20, 25, 30, 40, 50",1
,,n7,CA_n7B_BCS0,
,,n28,"5, 10, 15, 20",
CA_n3B-n7A-n28A,n77CA_n3A-n7ACA_n3A-n28ACA_n7A-n28A,n3,CA_n3B_BCS0,0
,,n7,"5, 10, 15, 20, 25, 30, 40, 50",
,,n28,"5, 10, 15, 20",
,n77CA_n3B,n3,CA_n3B_BCS1,1
,,n7,"5, 10, 15, 20, 25, 30, 35, 40, 50",
,,n28,"5, 10, 15, 20, 25, 30",
CA_n3B-n7B-n28A,n77CA_n7BCA_n3A-n7ACA_n3A-n28ACA_n7A-n28A,n3,CA_n3B_BCS0,0
,,n7,CA_n7B_BCS0,
,,n28,"5, 10, 15, 20",
,n77CA_n3B,n3,CA_n3B_BCS1,1
,,n7,CA_n7B_BCS0,
,,n28,"5, 10, 15, 20, 25, 30",
CA_n3A-n7A-n38A10,-,n3,"5, 10, 15, 20, 25, 30, 40, 50",0
,,n7,"5, 10, 15, 20, 25, 30, 40, 50",
,,n38,"5, 10, 15, 20, 25, 30, 40",
CA_n3B-n7A-n38A10,-,n3,CA_n3B_BCS0,0
,,n7,"5, 10, 15, 20, 25, 30, 40, 50",
,,n38,"5, 10, 15, 20, 25, 30, 40",
CA_n3(2A)-n7A-n38A10,-,n3,CA_n3(2A)_BCS1,0
,,n7,"5, 10, 15, 20, 25, 30, 40, 50",
,,n38,"5, 10, 15, 20, 25, 30, 40",
CA_n3A-n7A-n40A,CA_n3A-n7ACA_n3A-n40ACA_n7A-n40A,n3,"5, 10, 15, 20, 25, 30, 35, 40, 45, 50",0
,,n7,"5, 10, 15, 20, 25, 30, 40, 50",
,,n40,"5, 10, 15, 20, 25, 30, 40, 50, 60, 80",
,,n3,n3 channel bandwidths in Table 5.3.5-1,4 and 5
,,n7,n7 channel bandwidths in Table 5.3.5-1,
,,n40,n40 channel bandwidths in Table 5.3.5-1,
CA_n3A-n7A-n67A,CA_n3A-n7A,n3,"5, 10, 15, 20, 25, 30, 40",0
,,n7,"5, 10, 15, 20, 25, 30, 35, 40, 50",
,,n67,"5, 10, 15, 20",
,,n3,n3 channel bandwidths in Table 5.3.5-1,4 and 5
,,n7,n7 channel bandwidths in Table 5.3.5-1,
,,n67,n67 channel bandwidths in Table 5.3.5-1,
CA_n3A-n7A-n75A,CA_n3A-n7A,n3,n3 channel bandwidths in Table 5.3.5-1,4 and 5
,,n7,n7 channel bandwidths in Table 5.3.5-1,
,,n75,n75 channel bandwidths in Table 5.3.5-1,
CA_n3A-n7A-n77A,CA_n3A-n7ACA_n3A-n77ACA_n7A-n77A,n3,n3 channel bandwidths in Table 5.3.5-1,4 and 5
,,n7,n7 channel bandwidths in Table 5.3.5-1,
,,n77,n77 channel bandwidths in Table 5.3.5-1,
CA_n3A-n7A-n77(2A),CA_n77(2A)CA_n3A-n7ACA_n3A-n77ACA_n7A-n77A,n3,n3 channel bandwidths in Table 5.3.5-1,4 and 5
,,n7,n7 channel bandwidths in Table 5.3.5-1,
,,n77,CA_n77(2A)_BCS4 and 5,
CA_n3A-n7A-n78A,"n37n77n787,9CA_n3A-n7A7CA_n3A-n78A7,13,14CA_n7A-n78A7,13,14",n3,"5, 10, 15, 20, 25, 30",0
,,n7,"5, 10, 15, 20, 25, 30, 40, 50",
,,n78,"10, 15, 20, 25, 30, 40, 50, 60, 80, 90, 100",
,,n3,"5, 10, 15, 20, 25, 30, 40",1
,,n7,"5, 10, 15, 20, 25, 30, 40, 50",
,,n78,"10, 15, 20, 25, 30, 40, 50, 60, 704, 80, 90, 100",
,,n3,n3 channel bandwidths in Table 5.3.5-1,4 and 5
,,n7,n7 channel bandwidths in Table 5.3.5-1,
,,n78,n78 channel bandwidths in Table 5.3.5-1,
CA_n3A-n7A-n78C,"n77n787,9CA_n78C7CA_n3A-n7ACA_n3A-n78A7,13,14CA_n7A-n78A7,13,14",n3,"5, 10, 15, 20, 25, 30, 40",0
,,n7,"5, 10, 15, 20, 25, 30, 40, 50",
,,n78,CA_n78C_BCS1,
CA_n3A-n7A-n78(A-C),CA_n78CCA_n3A-n7ACA_n3A-n78ACA_n7A-n78A,n3,"5, 10, 15, 20, 25, 30, 35, 40, 45, 50",0
,,n7,"5, 10, 15, 20, 25, 30, 35, 40, 50",
,,n78,CA_n78(A-C)_BCS1,
CA_n3A-n7B-n78A,"n77n787,9",n3,"5, 10, 15, 20, 25, 30",0
,"CA_n3A-n78A7,13,14CA_n7A-n78A7,13,14",n7,CA_n7B_BCS0,
,,n78,"10, 15, 20, 25, 30, 40, 50, 60, 80, 90, 100",
,"n77n787,9CA_n3A-n7ACA_n3A-n78A7,13,14CA_n7A-n78A7,13,14CA_n7B",n3,"5, 10, 15, 20, 25, 30, 40",1
,,n7,CA_n7B_BCS0,
,,n78,"10, 15, 20, 25, 30, 40, 50, 60, 704, 80, 90, 100",
CA_n3A-n7B-n78(2A),"n77n787,9CA_n3A-n7ACA_n3A-n78A7,13,14CA_n7A-n78A7,13,14CA_n7B",n3,"5, 10, 15, 20, 25, 30, 35, 40, 45, 50",0
,CA_n78(2A) 7,n7,CA_n7B_BCS0,
,,n78,CA_n78(2A)_BCS0,
,n77CA_n78(2A),n3,n3 channel bandwidths in Table 5.3.5-1,4 and 5
,"CA_n3A-n78A7,13,14CA_n7A-n78A7,13,14",n7,CA_n7B_BCS4 and 5,
,,n78,CA_n78(2A)_BCS4 and 5,
CA_n3A-n7B-n78C,"n77n787,9CA_n3A-n7ACA_n3A-n78A7,13,14CA_n7A-n78A7,13,14CA_n7BCA_n78C7",n3,"5, 10, 15, 20, 25, 30, 35, 40, 45, 50",0
,,n7,CA_n7B_BCS0,
,,n78,CA_n78C_BCS1,
CA_n3A-n7A-n78(2A),"n37n77n787,9CA_n78(2A)7CA_n3A-n7A7CA_n3A-n78A7,13,14CA_n7A-n78A7,13,14",n3,"5, 10, 15, 20, 25, 30, 40",0
,,n7,"5, 10, 15, 20, 25, 30, 40, 50",
,,n78,CA_n78(2A)_BCS2,
,,n3,n3 channel bandwidths in Table 5.3.5-1,4 and 5
,,n7,n7 channel bandwidths in Table 5.3.5-1,
,,n78,CA_n78(2A)_BCS4 and 5,
CA_n3A-n7(2A)-n78A,CA_n3A-n7ACA_n3A-n78ACA_n7A-n78A,n3,"5, 10, 15, 20, 25, 30",0
,,n7,CA_n7(2A)_BCS0,
,,n78,"10, 15, 20, 25, 30, 40, 50, 60, 70, 80, 90, 100",
CA_n3B-n7A-n78A,"n77n787,9CA_n3A-n7ACA_n3A-n78A7,13,14CA_n7A-n78A7,13,14",n3,CA_n3B_BCS0,0
,,n7,"5, 10, 15, 20, 25, 30, 35, 40, 50",
,,n78,"10, 15, 20, 25, 30, 40, 50, 60, 70, 80, 90, 100",
,n77CA_n3B,n3,CA_n3B_BCS1,1
,"CA_n3A-n78A7,13,14CA_n7A-n78A7,13,14",n7,"5, 10, 15, 20, 25, 30, 35, 40, 50",
,,n78,"10, 15, 20, 25, 30, 40, 50, 60, 70, 80, 90, 100",
CA_n3B-n7A-n78(2A),"n77n787,9CA_n78(2A)7CA_n3A-n7ACA_n3A-n78A7,13,14CA_n7A-n78A7,13,14",n3,CA_n3B_BCS0,0
,,n7,"5, 10, 15, 20, 25, 30, 35, 40, 50",
,,n78,CA_n78(2A)_BCS0,
,n77CA_n3B,n3,CA_n3B_BCS1,1
,"CA_n3A-n78A7,13,14CA_n7A-n78A7,13,14",n7,"5, 10, 15, 20, 25, 30, 35, 40, 50",
,,n78,CA_n78(2A)_BCS2,
,n77CA_n78(2A),n3,CA_n3B_BCS4 and 5,4 and 5
,"CA_n3A-n78A7,13,14CA_n7A-n78A7,13,14",n7,n7 channel bandwidths in Table 5.3.5-1,
,,n78,CA_n78(2A)_BCS4 and 5,
CA_n3B-n7A-n78C,"n77n787,9CA_n3A-n7ACA_n3A-n78A7,13,14CA_n7A-n78A7,13,14CA_n78C7",n3,CA_n3B_BCS0,0
,,n7,"5, 10, 15, 20, 25, 30, 35, 40, 50",
,,n78,CA_n78C_BCS1,
,n77CA_n3B,n3,CA_n3B_BCS1,1
,"CA_n3A-n78A7,13,14CA_n7A-n78A7,13,14",n7,"5, 10, 15, 20, 25, 30, 35, 40, 50",
,,n78,CA_n78C_BCS1,
CA_n3B-n7B-n78A,"n77n787,9CA_n3A-n7ACA_n3A-n78A7,13,14CA_n7A-n78A7,13,14CA_n7B",n3,CA_n3B_BCS0,0
,,n7,CA_n7B_BCS0,
,,n78,"10, 15, 20, 25, 30, 40, 50, 60, 70, 80, 90, 100",
,n77CA_n3B,n3,CA_n3B_BCS1,1
,"CA_n3A-n78A7,13,14CA_n7A-n78A7,13,14",n7,CA_n7B_BCS0,
,,n78,"10, 15, 20, 25, 30, 40, 50, 60, 70, 80, 90, 100",
CA_n3B-n7B-n78(2A),"n77n787,9CA_n3A-n7ACA_n3A-n78A7,13,14CA_n7A-n78A7,13,14CA_n7B",n3,CA_n3B_BCS0,0
,CA_n78(2A) 7,n7,CA_n7B_BCS0,
,,n78,CA_n78(2A)_BCS0,
,n77CA_n3B,n3,CA_n3B_BCS1,1
,"CA_n3A-n78A7,13,14CA_n7A-n78A7,13,14",n7,CA_n7B_BCS0,
,,n78,CA_n78(2A)_BCS2,
,n77CA_n78(2A),n3,CA_n3B_BCS4 and 5,4 and 5
,"CA_n3A-n78A7,13,14CA_n7A-n78A7,13,14",n7,CA_n7B_BCS4 and 5,
,,n78,CA_n78(2A)_BCS4 and 5,
CA_n3B-n7B-n78C,"n77n787,9CA_n3A-n7ACA_n3A-n78A7,13,14CA_n7A-n78A7,13,14CA_n7BCA_n78C7",n3,CA_n3B_BCS0,0
,,n7,CA_n7B_BCS0,
,,n78,CA_n78C_BCS0,
,n77CA_n3B,n3,CA_n3B_BCS1,1
,"CA_n3A-n78A7,13,14CA_n7A-n78A7,13,14",n7,CA_n7B_BCS0,
,,n78,CA_n78C_BCS1,
CA_n3(2A)-n7A-n78A,CA_n3A-n7ACA_n3A-n78ACA_n7A-n78A,n3,CA_n3(2A)_BCS0,0
,,n7,"5, 10, 15, 20, 25, 30, 40, 50",
,,n78,"10, 15, 20, 25, 30, 40, 50, 60, 70, 80, 90, 100",
CA_n3(2A)-n7(2A)-n78A,CA_n3A-n7ACA_n3A-n78ACA_n7A-n78A,n3,CA_n3(2A)_BCS0,0
,,n7,CA_n7(2A)_BCS0,
,,n78,"10, 15, 20, 25, 30, 40, 50, 60, 70, 80, 90, 100",
CA_n3A-n7A-n79A,CA_n3A-n7ACA_n3A-n79A,n3,"5, 10, 15, 20, 25, 30, 40",0
,,n7,"5, 10, 15, 20, 25, 30, 40, 50",
,,n79,"40, 50, 60, 70, 80, 90, 100",
CA_n3A-n7A-n79C,-,n3,"5, 10, 15, 20, 25, 30",0
,,n7,"5, 10, 15, 20, 25, 30, 40, 50",
,,n79,CA_n79C_BCS0,
CA_n3B-n7A-n79A,-,n3,CA_n3B_BCS0,0
,,n7,"5, 10, 15, 20, 25, 30, 40, 50",
,,n79,"40, 50, 60, 70, 80, 90, 100",
CA_n3(2A)-n7A-n79A,-,n3,CA_n3(2A)_BCS0,0
,,n7,"5, 10, 15, 20, 25, 30, 40, 50",
,,n79,"40, 50, 60, 70, 80, 90, 100",
CA_n3B-n7A-n79C,-,n3,CA_n3B_BCS0,0
,,n7,"5, 10, 15, 20, 25, 30, 40, 50",
,,n79,CA_n79C_BCS0,
CA_n3(2A)-n7A-n79C,-,n3,CA_n3(2A)_BCS0,0
,,n7,"5, 10, 15, 20, 25, 30, 40, 50",
,,n79,CA_n79C_BCS0,
CA_n3A-n7A-n105A,CA_n3A-n7ACA_n3A-n105A,n3,"5, 10, 15, 20, 25, 30, 40, 50",0
,CA_n7A-n105A,n7,"5, 10, 15, 20, 25, 30, 40, 50",
,,n105,"5, 10, 15, 20, 25, 30, 35",
CA_n3A-n8A-n28A,CA_n3A-n8ACA_n3A-n28ACA_n8A-n28A,n3,"5, 10, 15, 20, 25, 30, 35, 40, 50",0
,,n8,"5, 10, 15, 20, 35",
,,n28,"5, 10, 15, 20, 30",
CA_n3A-n8A-n39A,-,n3,"5, 10, 15, 20, 25, 30",0
,,n8,"5, 10, 15, 20",
,,n39,"5, 10, 15, 20, 25, 30, 35, 40",
CA_n3A-n8A-n40A,CA_n3A-n8ACA_n3A-n40ACA_n8A-n40A,n3,n3 channel bandwidths in Table 5.3.5-1,4 and 5
,,n8,n8 channel bandwidths in Table 5.3.5-1,
,,n40,n40 channel bandwidths in Table 5.3.5-1,
CA_n3A-n8A-n41A,CA_n3A-n8ACA_n3A-n41ACA_n8A-n41A,n3,"5, 10, 15, 20, 25, 30",0
,,n8,"5, 10, 15, 20",
,,n41,"10, 15, 20, 30, 40, 50, 60, 80, 90, 100",
,,n3,n3 channel bandwidths in Table 5.3.5-1,4 and 5
,,n8,n8 channel bandwidths in Table 5.3.5-1,
,,n41,n41 channel bandwidths in Table 5.3.5-1,
CA_n3A-n8A-n77A,-,n3,"5, 10, 15, 20, 25, 30",0
,,n8,"5, 10, 15, 20",
,,n77,"10, 15, 20, 40, 50, 60, 80, 90, 100",
CA_n3A-n8A-n77(2A),-,n3,"5, 10, 15, 20, 25, 30",0
,,n8,"5, 10, 15, 20",
,,n77,CA_n77(2A)_BCS1,
CA_n3A-n8A-n78A,CA_n3A-n8ACA_n3A-n78ACA_n8A-n78A,n3,"5, 10, 15, 20, 25, 30",0
,,n8,"5, 10, 15, 20",
,,n78,"10, 15, 20, 40, 50, 60, 80, 90, 100",
,,n3,n3 channel bandwidths in Table 5.3.5-1,4 and 5
,,n8,n8 channel bandwidths in Table 5.3.5-1,
,,n78,n78 channel bandwidths in Table 5.3.5-1,
CA_n3A-n8A-n78(2A),CA_n3A-n8ACA_n3A-n78ACA_n8A-n78A,n3,n3 channel bandwidths in Table 5.3.5-1,4 and 5
,,n8,n8 channel bandwidths in Table 5.3.5-1,
,,n78,CA_n78(2A)_BCS 4 and 5,
CA_n3(2A)-n8A-n78A,CA_n3A-n8ACA_n3A-n78ACA_n8A-n78A,n3,CA_n3(2A)_BCS0,0
,,n8,"5, 10, 15, 20",
,,n78,"10, 15, 20, 25, 30, 40, 50, 60, 70, 80, 90, 100",
CA_n3(2A)-n8A-n78C,CA_n3A-n8ACA_n3A-n78ACA_n3A-n78CCA_n8A-n78ACA_n8A-n78C,n3,CA_n3(2A)_BCS0,0
,,n8,"5, 10, 15, 20",
,,n78,CA_n78C_BCS0,
CA_n3A-n8A-n78C,CA_n78CCA_n3A-n8ACA_n3A-n78ACA_n3A-n78CCA_n8A-n78ACA_n8A-n78C,n3,"5,10,15,20,25,30,35,40,45,50",4 and 5
,,n8,"5,10,15,20",
,,n78,CA_n78C_BCS 4 and 5,
CA_n3A-n8A-n79A,CA_n3A-n8ACA_n3A-n79ACA_n8A-n79A,n3,"5, 10, 15, 20, 25, 30",0
,,n8,"5, 10, 15, 20",
,,n79,"40, 50, 60, 80, 100",
CA_n3A-n18A-n28A,CA_n3A-n18ACA_n3A-n28ACA_n18A-n28A,n3,"5, 10, 15, 20, 25, 30, 40",0
,,n18,"5, 10, 15",
,,n28,"5, 10",
,,n3,n3 channel bandwidths in Table 5.3.5-1,4 and 5
,,n18,n18 channel bandwidths in Table 5.3.5-1,
,,n28,n28 channel bandwidths in Table 5.3.5-1,
CA_n3A-n18A-n41A,"n417,9CA_n3A-n41A7,9CA_n3A-n18ACA_n18A-n41A7,9",n3,"5, 10, 15, 20, 25, 30, 40",0
,,n18,"5, 10, 15",
,,n41,"10, 15, 20, 30, 40, 50, 60, 80, 90, 100",
,"n417,9CA_n3A-n41A7,9CA_n3A-n18ACA_n18A-n41A7,9",n3,n3 channel bandwidths in Table 5.3.5-1,4 and 5
,,n18,n18 channel bandwidths in Table 5.3.5-1,
,,n41,n41 channel bandwidths in Table 5.3.5-1,
CA_n3A-n18A-n77A,"n777,9CA_n3A-n18ACA_n3A-n77A7,9CA_n18A-n77A7,9",n3,"5, 10, 15, 20, 25, 30, 40",0
,,n18,"5, 10, 15",
,,n77,"10, 15, 20, 40, 50, 60, 80, 90, 100",
,"n777,9CA_n3A-n18ACA_n3A-n77A7,9CA_n18A-n77A7,9",n3,n3 channel bandwidths in Table 5.3.5-1,4 and 5
,,n18,n18 channel bandwidths in Table 5.3.5-1,
,,n77,n77 channel bandwidths in Table 5.3.5-1,
CA_n3A-n18A-n77(2A),"n777,9CA_n3A-n18ACA_n3A-n77A7,9CA_n18A-n77A7,9CA_n77(2A)7",n3,"5, 10, 15, 20",0
,,n18,"5, 10, 15",
,,n77,CA_n77(2A)_BCS1,
,"n777,9CA_n3A-n18ACA_n3A-n77A7,9CA_n18A-n77A7,9",n3,n3 channel bandwidths in Table 5.3.5-1,4 and 5
,,n18,n18 channel bandwidths in Table 5.3.5-1,
,,n77,CA_n77(2A)_BCS4 and 5,
CA_n3A-n18A-n77(3A),"n777,9CA_n3A-n18ACA_n3A-n77A7CA_n18A-n77A7CA_n77(2A)",n3,"5, 10, 15, 20",0
,,n18,"5, 10, 15",
,,n77,CA_n77(3A)_BCS1,
CA_n3A-n20A-n67A,n37CA_n3A-n20A,n3,"5, 10, 15, 20, 25, 30, 40",0
,,n20,"5, 10, 15, 20",
,,n67,"5, 10, 15, 20",
,,n3,n3 channel bandwidths in Table 5.3.5-1,4 and 5
,,n20,n20 channel bandwidths in Table 5.3.5-1,
,,n67,n67 channel bandwidths in Table 5.3.5-1,
CA_n3A-n20A-n28A17,CA_n3A-n20ACA_n3A-n28ACA_n20A-n28A,n3,"5, 10, 15, 20, 25, 30, 40",0
,,n20,"5, 10, 15, 20",
,,n28,"5, 10, 15, 20, 30",
,,n3,n3 channel bandwidths in Table 5.3.5-1,4 and 5
,,n20,n20 channel bandwidths in Table 5.3.5-1,
,,n28,n28 channel bandwidths in Table 5.3.5-1,
CA_n3A-n20A-n41A,CA_n3A-n20ACA_n3A-n41ACA_n20A-n41A,n3,"5, 10, 15, 20, 25, 30, 45, 40, 45, 50",0
,,n20,"5, 10, 15, 20",
,,n41,"10, 15, 20, 25, 30, 35, 40, 45, 50, 60, 70, 80, 90, 100",
,,n3,n3 channel bandwidths in Table 5.3.5-1,4 and 5
,,n20,n20 channel bandwidths in Table 5.3.5-1,
,,n41,n41 channel bandwidths in Table 5.3.5-1,
CA_n3A-n20A-n71A,CA_n3A-n20ACA_n3A-n71ACA_n20A-n71A,n3,"5, 10, 15, 20, 25, 30, 40",0
,,n20,"5, 10, 15, 20",
,,n71,"5, 10, 15, 20",
CA_n3A-n20A-n75A,CA_n3A-n20A,n3,n3 channel bandwidths in Table 5.3.5-1,4 and 5
,,n20,n20 channel bandwidths in Table 5.3.5-1,
,,n75,n75 channel bandwidths in Table 5.3.5-1,
CA_n3A-n20A-n77A,CA_n3A-n20ACA_n3A-n77ACA_n20A-n77A,n3,"5,10,15,20,25,30,35,40,45,50",0
,,n20,"5,10,15,20",
,,n77,"10, 15, 20, 25, 30, 40, 50, 60, 70, 80, 90, 100",
CA_n3A-n20A-n77(2A),CA_n3A-n20ACA_n3A-n77ACA_n20A-n77A,n3,"5,10,15,20,25,30,35,40,45,50",0
,,n20,"5,10,15,20",
,,n77,CA_n77(2A)_BCS4 and 5,
CA_n3A-n20A-n78A,CA_n3A-n20ACA_n3A-n78ACA_n20A-n78A,n3,"5, 10, 15, 20, 25, 30, 40",0
,,n20,"5, 10, 15, 20",
,,n78,"10, 15, 20, 25, 30, 40, 50, 60, 70, 80, 90, 100",
,,n3,n3 channel bandwidths in Table 5.3.5-1,4 and 5
,,n20,n20 channel bandwidths in Table 5.3.5-1,
,,n78,n78 channel bandwidths in Table 5.3.5-1,
CA_n3A-n20A-n78(2A),CA_n3A-n20ACA_n3A-n78ACA_n20A-n78ACA_n78(2A),n3,See n3 channel bandwidths in Table 5.3.5-1,4 and 5
,,n20,See n20 channel bandwidths in Table 5.3.5-1,
,,n78,CA_n78(2A)_BCS4 and 5,
CA_n3A-n26A-n78A,"n267n787,9CA_n3A-n26ACA_n3A-n78A7,13,14CA_n26A-n78A7,13,14",n3,"5, 10, 15, 20, 25, 30, 40",0
,,n26,"5, 10, 15, 20",
,,n78,"10, 15, 20, 25, 30, 40, 50, 60, 70, 80, 90, 100",
CA_n3A-n26A-n78(2A),"n267n787,9CA_n3A-n26ACA_n3A-n78A7,13,14CA_n26A-n78A7,13,14CA_n78(2A)7",n3,"5, 10, 15, 20, 25, 30, 35, 40, 45, 50",0
,,n26,"5, 10, 15, 20, 25, 30",
,,n78,CA_n78(2A)_BCS0,
,CA_n78(2A),n3,n3 channel bandwidths in Table 5.3.5-1,4 and 5
,"CA_n3A-n78A7,13,14CA_n26A-n78A7,13,14",n26,n26 channel bandwidths in Table 5.3.5-1,
,,n78,CA_n78(2A)_BCS4 and 5,
CA_n3A-n26A-n78C,"n267n787,9CA_n3A-n26ACA_n3A-n78A7,13,14CA_n26A-n78A7,13,14CA_n78C7",n3,"5, 10, 15, 20, 25, 30, 35, 40, 45, 50",0
,,n26,"5, 10, 15, 20, 25, 30",
,,n78,CA_n78C_BCS0,
CA_n3A-n26A-n78(A-C),CA_n78CCA_n3A-n26ACA_n3A-n78ACA_n26A-n78A,n3,"5, 10, 15, 20, 25, 30, 35, 40, 45, 50",0
,,n26,"5, 10, 15, 20, 25, 30",
,,n78,CA_n78(A-C)_BCS1,
CA_n3A-n26(2A)-n78A,"n267n787,9CA_n3A-n26ACA_n3A-n78A7,13,14CA_n26A-n78A7,13,14CA_n26(2A)",n3,"5, 10, 15, 20, 25, 30, 35, 40, 45, 50",0
,,n26,CA_n26(2A)_BCS0,
,,n78,"10, 15, 20, 25, 30, 40, 50, 60, 70, 80, 90, 100",
CA_n3A-n26(2A)-n78(2A),"n267n787,9CA_n3A-n26ACA_n3A-n78A7,13,14CA_n26A-n78A7,13,14CA_n26(2A)CA_n78(2A)7",n3,"5, 10, 15, 20, 25, 30, 35, 40, 45, 50",0
,,n26,CA_n26(2A)_BCS0,
,,n78,CA_n78(2A)_BCS0,
CA_n3A-n26(2A)-n78C,"n267n787,9CA_n3A-n26ACA_n3A-n78A7,13,14CA_n26A-n78A7,13,14CA_n26(2A)CA_n78C7",n3,"5, 10, 15, 20, 25, 30, 35, 40, 45, 50",0
,,n26,CA_n26(2A)_BCS0,
,,n78,CA_n78C_BCS0,
CA_n3B-n26A-n78A,"n267n787,9CA_n3A-n26ACA_n3A-n78A7,13,14CA_n26A-n78A7,13,14",n3,CA_n3B_BCS0,0
,,n26,"5, 10, 15, 20, 25, 30",
,,n78,"10, 15, 20, 25, 30, 40, 50, 60, 70, 80, 90, 100",
,n267CA_n3B,n3,CA_n3B_BCS1,1
,"CA_n26A-n78A7,13,14CA_n3A-n78A7,13,14",n26,"5, 10, 15, 20, 25, 30",
,,n78,"10, 15, 20, 25, 30, 40, 50, 60, 70, 80, 90, 100",
CA_n3B-n26A-n78(2A),"n267n787,9CA_n3A-n26ACA_n3A-n78A7,13,14CA_n26A-n78A7,13,14CA_n78(2A)7",n3,CA_n3B_BCS0,0
,,n26,"5, 10, 15, 20, 25, 30",
,,n78,CA_n78(2A)_BCS0,
,n267CA_n3B,n3,CA_n3B_BCS1,1
,"CA_n3A-n78A7,13,14CA_n26A-n78A7,13,14",n26,"5, 10, 15, 20, 25, 30",
,,n78,CA_n78(2A)_BCS2,
,n267CA_n78(2A),n3,CA_n3B_BCS4 and 5,4 and 5
,,n26,n26 channel bandwidths in Table 5.3.5-1,
,,n78,CA_n78(2A)_BCS4 and 5,
CA_n3B-n26A-n78C,"n267n787,9CA_n3A-n26ACA_n3A-n78A7,13,14CA_n26A-n78A7,13,14CA_n78C7",n3,CA_n3B_BCS0,0
,,n26,"5, 10, 15, 20, 25, 30",
,,n78,CA_n78C_BCS0,
,n267CA_n3B,n3,CA_n3B_BCS1,1
,"CA_n3A-n78A7,13,14CA_n26A-n78A7,13,14",n26,"5, 10, 15, 20, 25, 30",
,,n78,CA_n78C_BCS1,
CA_n3B-n26(2A)-n78A,"n267n787,9CA_n3A-n26ACA_n3A-n78A7,13,14CA_n26A-n78A7,13,14CA_n26(2A)",n3,CA_n3B_BCS0,0
,,n26,CA_n26(2A)_BCS0,
,,n78,"10, 15, 20, 25, 30, 40, 50, 60, 70, 80, 90, 100",
,n267CA_n3B,n3,CA_n3B_BCS1,1
,"CA_n3A-n78A7,13,14CA_n26A-n78A7,13,14",n26,CA_n26(2A)_BCS0,
,,n78,"10, 15, 20, 25, 30, 40, 50, 60, 70, 80, 90, 100",
CA_n3B-n26(2A)-n78(2A),"n267n787,9CA_n3A-n26ACA_n3A-n78A7,13,14CA_n26A-n78A7,13,14CA_n26(2A)CA_n78(2A)7",n3,CA_n3B_BCS0,0
,,n26,CA_n26(2A)_BCS0,
,,n78,CA_n78(2A)_BCS0,
,n267CA_n3B,n3,CA_n3B_BCS1,1
,"CA_n3A-n78A7,13,14CA_n26A-n78A7,13,14",n26,CA_n26(2A)_BCS0,
,,n78,CA_n78(2A)_BCS2,
CA_n3B-n26(2A)-n78C,"n267n787,9CA_n3A-n26ACA_n3A-n78A7,13,14CA_n26A-n78A7,13,14CA_n26(2A)CA_n78C7",n3,CA_n3B_BCS0,0
,,n26,CA_n26(2A)_BCS0,
,,n78,CA_n78C_BCS0,
,n267CA_n3B,n3,CA_n3B_BCS1,1
,"CA_n3A-n78A7,13,14CA_n26A-n78A7,13,14",n26,CA_n26(2A)_BCS0,
,,n78,CA_n78C_BCS1,
CA_n3A-n28A-n38A,-,n3,"5, 10, 15, 20, 30, 40, 50",0
,,n28,"5, 10, 15, 20",
,,n38,"5, 10, 15, 20, 30, 40",
CA_n3A-n28A-n40A,CA_n3A-n28ACA_n3A-n40ACA_n28A-n40A,n3,"5, 10, 15, 20",0
,,n28,"5, 10",
,,n40,"20, 40",
,,n3,"5, 10, 15, 20, 25, 30, 35,40",1
,,n28,"5, 10, 15, 20, 25, 30",
,,n40,"10, 15, 20, 25, 30, 40, 50, 60, 70, 80, 90, 100",
,,n3,n3 channel bandwidths in Table 5.3.5-1,4 and 5
,,n28,n28 channel bandwidths in Table 5.3.5-1,
,,n40,n40 channel bandwidths in Table 5.3.5-1,
CA_n3A-n28A-n41A,"n417,9CA_n3A-n28ACA_n3A-n41A7,9CA_n28A-n41A7,9",n3,"5, 10, 15, 20, 25, 30, 40",0
,,n28,"5, 10, 15, 20, 30",
,,n41,"10, 15, 20, 30, 40, 50, 60, 80, 90, 100",
,,n3,n3 channel bandwidths in Table 5.3.5-1,4 and 5
,,n28,n28 channel bandwidths in Table 5.3.5-1,
,,n41,n41 channel bandwidths in Table 5.3.5-1,
CA_n3A-n28A-n41B,CA_n3A-n28ACA_n3A-n41ACA_n28A-n41A,n3,"5, 10, 15, 20",0
,,n28,"5, 10",
,,n41,CA_n41B_BCS0,
CA_n3A-n28A-n75A,CA_n3A-n28A,n3,n3 channel bandwidths in Table 5.3.5-1,4 and 5
,,n28,n28 channel bandwidths in Table 5.3.5-1,
,,n75,n75 channel bandwidths in Table 5.3.5-1,
CA_n3A-n28A-n77A,"n777,9CA_n3A-n28ACA_n3A-n77A7,9CA_n28A-n77A7,9",n3,"5, 10, 15, 20, 25, 30",0
,,n28,"5, 10, 15, 20",
,,n77,"10, 15, 20, 40, 50, 60, 80, 90, 100",
,,n3,"5, 10, 15, 20, 25, 30, 40",1
,,n28,"5, 10, 15, 20, 30",
,,n77,"10, 15, 20, 40, 50, 60, 80, 90, 100",
,,n3,"5, 10, 15, 20, 25, 30, 35,40",2
,,n28,"5, 10, 15, 20, 25, 30",
,,n77,"10, 15, 20, 25, 30, 40, 50, 60, 70, 80, 90, 100",
,,n3,n3 channel bandwidths in Table 5.3.5-1,4 and 5
,,n28,n28 channel bandwidths in Table 5.3.5-1,
,,n77,n77 channel bandwidths in Table 5.3.5-1,
CA_n3A-n28A-n77(2A),"n777,9CA_n3A-n28ACA_n3A-n77A7,9CA_n28A-n77A7,9CA_n77(2A)7,9",n3,"5, 10, 15, 20, 25, 30",0
,,n28,"5, 10, 15, 20",
,,n77,CA_n77(2A)_BCS0,
,,n3,"5, 10, 15, 20, 25, 30, 40",1
,,n28,"5, 10, 15, 20, 30",
,,n77,CA_n77(2A)_BCS0,
,,n3,n3 channel bandwidths in Table 5.3.5-1,4 and 5
,,n28,n28 channel bandwidths in Table 5.3.5-1,
,,n77,CA_n77(2A)_BCS4 and 5,
CA_n3A-n28A-n77(3A),"n777,9CA_n3A-n28ACA_n3A-n77A7,9CA_n28A-n77A7,9CA_n77(2A)7,9",n3,"5, 10, 15, 20, 25, 30",0
,,n28,"5, 10, 15, 20",
,,n77,CA_n77(3A)_BCS0,
,,n3,n3 channel bandwidths in Table 5.3.5-1,4 and 5
,,n28,n28 channel bandwidths in Table 5.3.5-1,
,,n77,CA_n77(3A)_BCS4 and 5,
CA_n3A-n28A-n78A,"n37n787,9CA_n3A-n28A7CA_n3A-n78A7,13, 14CA_n28A-n78A7,13, 14",n3,"5, 10, 15, 20",0
,,n28,"5, 10, 15, 202",
,,n78,"10, 15, 20, 40, 50, 60, 80, 90, 100",
,,n3,"5, 10, 15, 20, 25, 30, 40",1
,,n28,"5, 10, 15, 202",
,,n78,"10, 15, 20, 25, 30, 40, 50, 60, 70, 80, 90, 100",
,,n3,"5, 10, 15, 20, 25, 30, 40",2
,,n28,"5, 10",
,,n78,"10, 15, 20, 40, 50, 60, 80, 90, 100",
,,n3,n3 channel bandwidths in Table 5.3.5-1,4 and 5
,,n28,n28 channel bandwidths in Table 5.3.5-1,
,,n78,n78 channel bandwidths in Table 5.3.5-1,
CA_n3A-n28A-n78C,"n787,9CA_n78C7CA_n3A-n28ACA_n3A-n78A7,13,14CA_n28A-n78A7,13,14",n3,"5, 10, 15, 20, 25, 30, 40",0
,,n28,"5, 10, 15, 20",
,,n78,CA_n78C_BCS1,
CA_n3A-n28A-n78(2A),"n37n787,9CA_n3A-n28A7CA_n3A-n78A7,13, 14CA_n28A-n78A7,13, 14",n3,"5, 10, 15, 20",0
,,n28,"5, 10, 15, 202",
,,n78,CA_n78(2A)_BCS0,
,,n3,"5, 10, 15, 20, 25, 30, 40",1
,,n28,"5, 10",
,,n78,CA_n78(2A)_BCS2,
,"n37n787,9CA_n78(2A)7CA_n3A-n28A7CA_n3A-n78A7,13, 14CA_n28A-n78A7,13, 14",n3,"5, 10, 15, 20, 25, 30, 40",2
,,n28,"5, 10, 15, 20",
,,n78,CA_n78(2A)_BCS2,
,,n3,n3 channel bandwidths in Table 5.3.5-1,4 and 5
,,n28,n28 channel bandwidths in Table 5.3.5-1,
,,n78,CA_n78(2A)_BCS4 and 5,
CA_n3A-n28A-n78(A-C),CA_n78CCA_n3A-n28ACA_n3A-n78ACA_n28A-n78A,n3,"5, 10, 15, 20, 25, 30, 35, 40, 45, 50",0
,,n28,"5, 10, 15, 20, 25, 30",
,,n78,CA_n78(A-C)_BCS1,
CA_n3B-n28A-n78A,"n787,9CA_n3A-n28ACA_n3A-n78A7,13,14CA_n28A-n78A7,13,14",n3,CA_n3B_BCS0,0
,,n28,"5, 10, 15, 20",
,,n78,"10, 15, 20, 25, 30, 40, 50, 60, 70, 80, 90, 100",
,"CA_n3BCA_n3A-n78A7,13,14CA_n28A-n78A7,13,14",n3,CA_n3B_BCS1,1
,,n28,"5, 10, 15, 20, 25, 30",
,,n78,"10, 15, 20, 25, 30, 40, 50, 60, 70, 80, 90, 100",
CA_n3B-n28A-n78(2A),"n787,9CA_n78(2A)7CA_n3A-n28ACA_n3A-n78A7,13,14CA_n28A-n78A7,13,14",n3,CA_n3B_BCS0,0
,,n28,"5, 10, 15, 20",
,,n78,CA_n78(2A)_BCS2,
,"CA_n3BCA_n3A-n78A7,13,14CA_n28A-n78A7,13,14",n3,CA_n3B_BCS1,1
,,n28,"5, 10, 15, 20, 25, 30",
,,n78,CA_n78(2A)_BCS2,
CA_n3B-n28A-n78C,"n787,9CA_n78C7CA_n3A-n28ACA_n3A-n78A7,13,14CA_n28A-n78A7,13,14",n3,CA_n3B_BCS0,0
,,n28,"5, 10, 15, 20",
,,n78,CA_n78C_BCS0,
,"CA_n3BCA_n3A-n78A7,13,14CA_n28A-n78A7,13,14",n3,CA_n3B_BCS1,1
,,n28,"5, 10, 15, 20",
,,n78,CA_n78C_BCS1,
CA_n3A-n28A-n79A,"n797,9CA_n3A-n28ACA_n3A-n79A7CA_n28A-n79A7",n3,"5, 10, 15, 20, 25, 30",0
,,n28,"5, 10, 15, 20",
,,n79,"40, 50, 80, 100",
,CA_n3A-n28ACA_n3A-n79ACA_n28A-n79A,n3,n3 channel bandwidths in Table 5.3.5-1,4 and 5
,,n28,n28 channel bandwidths in Table 5.3.5-1,
,,n79,"40, 50, 60, 80, 100",
CA_n3A-n34A-n41A,CA_n3A-n34ACA_n3A-n41ACA_n34A-n41A,n3,See n3 channel bandwidths in Table 5.3.5-1,4 and 5
,,n34,See n34 channel bandwidths in Table 5.3.5-1,
,,n41,See n41 channel bandwidths in Table 5.3.5-1,
CA_n3A-n34A-n41C,CA_n3A-n34ACA_n3A-n41ACA_n34A-n41A,n3,See n3 channel bandwidths in Table 5.3.5-1,4 and 5
,,n34,See n34 channel bandwidths in Table 5.3.5-1,
,,n41,CA_n41C_BCS 4 and 5,
CA_n3A-n34A-n79A,CA_n3A-n34ACA_n3A-n79ACA_n34A-n79A,n3,See n3 channel bandwidths in Table 5.3.5-1,4 and 5
,,n34,See n34 channel bandwidths in Table 5.3.5-1,
,,n79,See n79 channel bandwidths in Table 5.3.5-1,
CA_n3A-n38A-n40A,-,n3,"5, 10, 15, 20, 25, 30, 40, 50",0
,,n38,"5, 10, 15, 20, 25, 30, 40",
,,n40,"5, 10, 15, 20, 25, 30, 40, 50, 60, 70, 80, 90, 100",
CA_n3A-n38A-n78A,-,n3,"5, 10, 15, 20, 25, 30, 40, 50",0
,,n38,"5, 10, 15, 20, 25, 30, 40",
,,n78,"10, 15, 20, 25, 30, 40, 50, 60, 70, 80, 90, 100",
CA_n3A-n39A-n41A,-,n3,"5, 10, 15, 20, 25, 30",0
,,n39,"5, 10, 15, 20, 25, 30, 35, 40",
,,n41,"10, 15, 20, 25, 30, 40, 50, 60, 70, 80, 90, 100",
CA_n3A-n39A-n79A,-,n3,"5, 10, 15, 20, 25, 30",0
,,n39,"5, 10, 15, 20, 25, 30, 35, 40",
,,n79,"10, 20, 30, 40, 50, 60, 70, 80, 90, 100",
CA_n3A-n40A-n78A,CA_n3A-n40ACA_n3A-n78ACA_n40A-n78A,n3,"5, 10, 15, 20, 25, 30, 40, 50",0
,,n40,"10, 15, 20, 25, 30, 40, 50, 60, 70, 80, 90, 100",
,,n78,"10, 15, 20, 25, 30, 40, 50, 60, 70, 80, 90, 100",
,,n3,n3 channel bandwidths in Table 5.3.5-1,4 and 5
,,n40,n40 channel bandwidths in Table 5.3.5-1,
,,n78,n78 channel bandwidths in Table 5.3.5-1,
CA_n3A-n40A-n105A,CA_n3A-n40ACA_n3A-n105ACA_n40A-n105A,n3,"5, 10, 15, 20, 25, 30, 40, 50",0
,,n40,"10, 15, 20, 25, 30, 40, 50, 60, 70, 80, 90, 100",
,,n105,"5, 10, 15, 20, 25, 30, 35",
CA_n3A-n41A-n71A,CA_n3A-n41ACA_n3A-n71ACA_n41A-n71A,n3,"5,10,15,20,25,30,35,40,45,50",0
,,n41,"5,10,15,20,25,30,35,40,45,50,60,70,80,90,100",
,,n71,"5,10,15,20",
CA_n3A-n41A-n78C,CA_n78CCA_n3A-n41ACA_n3A-n78ACA_n3A-n78CCA_n41A-n78ACA_n41A-n78C,n3,"5,10,15,20,25,30,35,40,45,50",4 and 5
,,n41,"5,10,15,20,25,30,35,40,45,50,60,70,80,90,100",
,,n78,CA_n78C_BCS4 and 5,
CA_n3(2A)-n41A-n78A,CA_n3A-n41ACA_n3A-n78ACA_n41A-n78A,n3,CA_n3(2A)_BCS0,4 and 5
,,n41,"5,10,15,20,25,30,35,40,45,50,60,70,80,90,100",
,,n78,"10,15,20,25,30,40,50,60,70,80,90,100",
CA_n3(2A)-n41A-n78C,CA_n3A-n41ACA_n3A-n78ACA_n41A-n78ACA_n41A-n78C,n3,CA_n3(2A)_BCS0,4 and 5
,,n41,"5,10,15,20,25,30,35,40,45,50,60,70,80,90,100",
,,n78,CA_n78C_BCS4 and 5,
CA_n3A-n71A-n78A,CA_n3A-n71ACA_n3A-n78ACA_n71A-n78A,n3,"5,10,15,20,25,30,35,40,45,50",4 and 5
,,n71,"5,10,15,20",
,,n78,"10,15,20,25,30,40,50,60,70,80,90,100",
CA_n3(2A)-n71A-n78A,CA_n3A-n71ACA_n3A-n78ACA_n71A-n78A,n3,CA_n3(2A)_BCS 4 and 5,4 and 5
,,n71,"5,10,15,20",
,,n78,"10,15,20,25,30,40,50,60,70,80,90,100",
CA_n3(2A)-n71A-n78C,CA_n78CCA_n3A-n71ACA_n3A-n78ACA_n3A-n78CCA_n71A-n78ACA_n71A-n78C,n3,CA_n3(2A)_BCS0,0
,,n71,"5,10,15,20",
,,n78,CA_n78C_BCS0,
CA_n3A-n71A-n78C,CA_n78CCA_n3A-n71ACA_n3A-n78ACA_n3A-n78CCA_n71A-n78ACA_n71A-n78C,n3,"5,10,15,20,25,30,35,40,45,50",4 and 5
,,n71,"5,10,15,20",
,,n78,CA_n78C_BCS 4 and 5,
CA_n3A-n77A-n79A4,"n777,9n797,9CA_n3A-n77A7CA_n3A-n79A7CA_n77A-n79A7",n3,"5, 10, 15, 20, 25, 30",0
,,n77,"10, 15, 20, 40, 50, 60, 80, 90, 100",
,,n79,"40, 50, 60, 80, 100",
,,n3,n3 channel bandwidths in Table 5.3.5-1,4 and 5
,,n77,n77 channel bandwidths in Table 5.3.5-1,
,,n79,n79 channel bandwidths in Table 5.3.5-1,
CA_n3A-n77(2A)-n79A4,"n777,9n797,9CA_n77(2A)7CA_n3A-n77A7CA_n3A-n79A7CA_n77A-n79A7",n3,"5, 10, 15, 20, 25, 30",0
,,n77,CA_n77(2A)_BCS0,
,,n79,"40, 50, 60, 80, 100",
,,n3,n3 channel bandwidths in Table 5.3.5-1,4 and 5
,,n77,CA_n77(2A)_BCS4 and 5,
,,n79,n79 channel bandwidths in Table 5.3.5-1,
CA_n3A-n77(3A)-n79A4,"n777,9n797,9CA_n77(2A)7CA_n3A-n77A7CA_n3A-n79A7CA_n77A-n79A",n3,"5, 10, 15, 20, 25, 30",0
,,n77,CA_n77(3A)_BCS0,
,,n79,"40, 50, 60, 80, 100",
,,n3,n3 channel bandwidths in Table 5.3.5-1,4 and 5
,,n77,CA_n77(3A)_BCS4 and 5,
,,n79,n79 channel bandwidths in Table 5.3.5-1,
CA_n3A-n40A-n41A,CA_n3A-n40ACA_n3A-n41ACA_n40A-n41A,n3,"5, 10, 15, 20, 25, 30",0
,,n40,"5, 10, 15, 20, 25, 30, 40, 50, 60, 80",
,,n41,"10, 15, 20, 40, 50, 60, 80, 90, 100",
,,n3,See n3 channel bandwidths in Table 5.3.5-1,4 and 5
,,n40,See n40 channel bandwidths in Table 5.3.5-1,
,,n41,See n41 channel bandwidths in Table 5.3.5-1,
CA_n3A-n40A-n41C,CA_n3A-n40ACA_n3A-n41ACA_n40A-n41A,n3,See n3 channel bandwidths in Table 5.3.5-1,4 and 5
,,n40,See n40 channel bandwidths in Table 5.3.5-1,
,,n41,CA_n41C_BCS4 and 5,
CA_n3A-n40A-n77A,CA_n3A-n40ACA_n3A-n77ACA_n40A-n77A,n3,"5, 10, 15, 20, 30, 35, 40, 45, 50",0
,,n40,"10, 15, 20, 25, 30, 40, 50, 60, 70, 80, 90, 100",
,,n77,"10, 15, 20, 25, 30, 40, 50, 60, 70, 80, 90, 100",
,,n3,See n3 channel bandwidths in Table 5.3.5-1,4 and 5
,,n40,See n40 channel bandwidths in Table 5.3.5-1,
,,n77,See n77 channel bandwidths in Table 5.3.5-1,
CA_n3A-n40A-n77(2A),CA_n3A-n40ACA_n3A-n77ACA_n40A-n77A,n3,"5, 10, 15, 20, 30, 35, 40, 45, 50",0
,,n40,"10, 15, 20, 25, 30, 40, 50, 60, 70, 80, 90, 100",
,,n77,CA_n77(2A)_BCS1,
CA_n3A-n40A-n79A,CA_n3A-n40ACA_n3A-n79ACA_n40A-n79A,n3,See n3 channel bandwidths in Table 5.3.5-1,4 and 5
,,n40,See n40 channel bandwidths in Table 5.3.5-1,
,,n79,See n79 channel bandwidths in Table 5.3.5-1,
CA_n3A-n41A-n77A,"n417,9n777,9CA_n3A-n41A7,9CA_n3A-n77A7,9CA_n41A-n77A7,9",n3,"5, 10, 15, 20, 25, 30, 40",0
,,n41,"10, 15, 20, 30, 40, 50, 60, 80, 90, 100",
,,n77,"10, 15, 20, 25, 30, 40, 50, 60, 70, 80, 90, 100",
,-,n3,See n3 channel bandwidths in Table 5.3.5-1,4 and 5
,,n41,See n41 channel bandwidths in Table 5.3.5-1,
,,n77,See n77 channel bandwidths in Table 5.3.5-1,
CA_n3A-n41B-n77A,CA_n3A-n41ACA_n3A-n77ACA_n41A-n77A,n3,"5, 10, 15, 20",0
,,n41,CA_n41B_BCS0,
,,n77,"10, 15, 20, 25, 30, 40, 50, 60, 70, 80, 90, 100",
CA_n3A-n41B-n77(2A),CA_n3A-n41ACA_n3A-n77ACA_n41A-n77A,n3,"5, 10, 15, 20",0
,,n41,CA_n41B_BCS0,
,,n77,CA_n77(2A)_BCS0,
CA_n3A-n41A-n77(2A),"n417,9n777,9CA_n3A-n41A7,9CA_n3A-n77A7,9CA_n41A-n77A7,9CA_n77(2A)7",n3,"5, 10, 15, 20, 25, 30, 40",0
,,n41,"10, 15, 20, 30, 40, 50, 60, 80, 90, 100",
,,n77,CA_n77(2A)_BCS0,
,-,n3,See n3 channel bandwidths in Table 5.3.5-1,4 and 5
,,n41,See n41 channel bandwidths in Table 5.3.5-1,
,,n77,CA_n77(2A)_BCS4 and 5,
CA_n3A-n41A-n77(3A),"n417,9n777,9CA_n3A-n41A7,9CA_n3A-n77A7,9CA_n41A-n77A7,9CA_n77(2A)7",n3,"5, 10, 15, 20",0
,,n41,"10, 15, 20, 30, 40, 50, 60, 80, 90, 100",
,,n77,CA_n77(3A)_BCS1,
CA_n3A-n41A-n78A,-,n3,"5, 10, 15, 20, 25, 30, 40",0
,,n41,"10, 15, 20, 30, 40, 50, 60, 80, 90, 100",
,,n78,"10, 15, 20, 25, 30, 40, 50, 60, 70, 80, 90, 100",
,CA_n3A-n41ACA_n3A-n78ACA_n41A-n78A,n3,"5, 10, 15, 20, 25, 30, 40",1
,,n41,"10, 15, 20, 30, 40, 50, 60, 80, 90, 100",
,,n78,"10, 15, 20, 40, 50, 60, 80, 90, 100",
CA_n3A-n41A-n78(2A),CA_n3A-n41ACA_n3A-n78ACA_n41A-n78A,n3,"5, 10, 15, 20, 25, 30, 40",0
,,n41,"10, 15, 20, 30, 40, 50, 60, 80, 90, 100",
,,n78,CA_n78(2A)_BCS2,
CA_n3A-n41A-n79A,"n3n417, 9n797, 9CA_n3A-n41A7CA_n3A-n79A7CA_n41A-n79A7",n3,"5, 10, 15, 20, 25, 30",0
,,n41,"10, 15, 20, 40, 50, 60, 80, 100",
,,n79,"40, 50, 60, 80, 100",
,,n3,"5, 10, 15, 20, 25, 30",1
,,n41,"10, 15, 20, 40, 50, 60, 80",
,,n79,"40, 50, 60, 80, 100",
,,n3,"5, 10, 15, 20, 25, 30",2
,,n41,"10, 15, 20, 30, 40, 50, 60, 80, 90, 100",
,,n79,"40, 50, 60, 80, 100",
,,n3,See n3 channel bandwidths in Table 5.3.5-1,4 and 5
,,n41,See n41 channel bandwidths in Table 5.3.5-1,
,,n79,See n79 channel bandwidths in Table 5.3.5-1,
CA_n3A-n41A-n79C,CA_n3A-n41ACA_n3A-n79ACA_n41A-n79A,n3,See n3 channel bandwidths in Table 5.3.5-1,4 and 5
,,n41,See n41 channel bandwidths in Table 5.3.5-1,
,,n79,CA_n79C_BCS4 and 5,
CA_n3A-n41C-n79A,CA_n41CCA_n3A-n41ACA_n3A-n79ACA_n41A-n79A,n3,See n3 channel bandwidths in Table 5.3.5-1,4 and 5
,,n41,CA_n41C_BCS4 and 5,
,,n79,See n79 channel bandwidths in Table 5.3.5-1,
CA_n3A-n41C-n79C,CA_n3A-n41ACA_n3A-n79ACA_n41A-n79A,n3,See n3 channel bandwidths in Table 5.3.5-1,4 and 5
,,n41,CA_n41C_BCS4 and 5,
,,n79,CA_n79C_BCS4 and 5,
CA_n3A-n67A-n78A,CA_n3A-n78A,n3,"5, 10, 15, 20, 25, 30, 40",0
,,n67,"5, 10, 15, 20",
,,n78,"10, 15, 20, 25, 30, 40, 50, 60, 70, 80, 90, 100",
,,n3,n3 channel bandwidths in Table 5.3.5-1,4 and 5
,,n67,n67 channel bandwidths in Table 5.3.5-1,
,,n78,n78 channel bandwidths in Table 5.3.5-1,
CA_n3A-n67A-n78(2A),CA_n78(2A)CA_n3A-n78A,n3,"5, 10, 15, 20, 25, 30, 40",0
,,n67,"5, 10, 15, 20",
,,n78,CA_n78(2A)_BCS2,
,,n3,n3 channel bandwidths in Table 5.3.5-1,4 and 5
,,n67,n67 channel bandwidths in Table 5.3.5-1,
,,n78,CA_n78(2A)_BCS4 and 5,
CA_n3A-n71A-n77A,CA_n3A-n71ACA_n3A-n77ACA_n71A-n77A,n3,"5,10,15,20,25,30,35,40,45,50",0
,,n71,"5,10,15,20",
,,n77,"10,15,20,25,30,40,50,60,70,80,90,100",
CA_n3A-n71A-n77(2A),CA_n3A-n71ACA_n3A-n77ACA_n71A-n77A,n3,"5,10,15,20,25,30,35,40,45,50",0
,,n71,"5,10,15,20",
,,n77,CA_n77(2A)_BCS 4 and 5,
CA_n3A-n75A-n78A,CA_n3A-n78A,n3,n3 channel bandwidths in Table 5.3.5-1,4 and 5
,,n75,n75 channel bandwidths in Table 5.3.5-1,
,,n78,n78 channel bandwidths in Table 5.3.5-1,
CA_n3A-n75A-n78(2A),CA_n78(2A) CA_n3A-n78A,n3,n3 channel bandwidths in Table 5.3.5-1,4 and 5
,,n75,n75 channel bandwidths in Table 5.3.5-1,
,,n78,CA_n78(2A)_BCS 4 and 5,
CA_n3A-n78A-n79A5,"n787,9",n3,"5, 10, 15, 20, 25, 30, 40, 50",0
,"n797CA_n3A-n78A7CA_n3A-n79A7CA_n78A-n79A5,7",n78,"10, 15, 20, 25, 30, 40, 50, 60, 70, 80, 90, 100",
,,n79,"40, 50, 60, 80, 100",
,CA_n3A-n78A CA_n3A-n79ACA_n78A-n79A,n3,n3 channel bandwidths in Table 5.3.5-1,4 and 5
,,n78,n78 channel bandwidths in Table 5.3.5-1,
,,n79,n79 channel bandwidths in Table 5.3.5-1,
CA_n3A-n78A-n79C,-,n3,"5, 10, 15, 20, 25, 30, 40, 50",0
,,n78,"10, 15, 20, 25, 30, 40, 50, 60, 70, 80, 90, 100",
,,n79,CA_n79C_BCS0,
CA_n3B-n78A-n79A,-,n3,CA_n3B_BCS0,0
,,n78,"10, 15, 20, 25, 30, 40, 50, 60, 70, 80, 90, 100",
,,n79,"40, 50, 60, 80, 100",
CA_n3B-n78A-n79C,-,n3,CA_n3B_BCS0,0
,,n78,"10, 15, 20, 25, 30, 40, 50, 60, 70, 80, 90, 100",
,,n79,CA_n79C_BCS0,
CA_n3(2A)-n78A-n79A,-,n3,CA_n3(2A)_BCS1,0
,,n78,"10, 15, 20, 25, 30, 40, 50, 60, 70, 80, 90, 100",
,,n79,"40, 50, 60, 80, 100",
CA_n3(2A)-n78A-n79C,-,n3,CA_n3(2A)_BCS1,0
,,n78,"10, 15, 20, 25, 30, 40, 50, 60, 70, 80, 90, 100",
,,n79,CA_n79C_BCS0,
CA_n3A-n78A-n105A,CA_n3A-n78ACA_n3A-n105ACA_n78A-n105A,n3,"5, 10, 15, 20, 25, 30, 40, 50",0
,,n78,"10, 15, 20, 25, 30, 40, 50, 60, 70, 80, 90, 100",
,,n105,"5, 10, 15, 20, 25, 30, 35",
CA_n5A-n7A-n25A,CA_n5A-n7ACA_n5A-n25ACA_n7A-n25A,n5,"5, 10, 15, 20, 25",0
,,n7,"5, 10, 15, 20, 25, 30, 35, 40, 50",
,,n25,"5, 10, 15, 20, 25, 30, 35, 40, 45",
CA_n5A-n7A-n25(2A),CA_n5A-n7ACA_n5A-n25ACA_n7A-n25A,n5,"5, 10, 15, 20, 25",0
,,n7,"5, 10, 15, 20, 25, 30, 35, 40, 50",
,,n25,CA_n25(2A)_BCS0,
CA_n5A-n7A-n28A,-,n5,"5, 10, 15, 20",0
,,n7,"5, 10, 15, 25, 30, 40, 50",
,,n28,"5, 10, 15, 20, 30",
CA_n5A-n7A-n40A,CA_n5A-n7ACA_n5A-n40ACA_n7A-n40A,n5,"5, 10, 15, 20, 25",0
,,n7,"5, 10, 15, 20, 25, 30, 35, 40, 50",
,,n40,"10, 15, 20, 25, 30, 40, 50, 60, 70, 80, 90, 100",
CA_n5A-n7A-n66A,CA_n5A-n7ACA_n5A-n66ACA_n7A-n66A,n5,"5, 10, 15, 20, 25",0
,,n7,"5, 10, 15, 20, 25, 30, 35, 40, 50",
,,n66,"5, 10, 15, 20, 25, 30, 35, 40, 45",
,,n5,n5 channel bandwidths in Table 5.3.5-1,4 and 5
,,n7,n7 channel bandwidths in Table 5.3.5-1,
,,n66,n66 channel bandwidths in Table 5.3.5-1,
CA_n5A-n7A-n77A,"n777,9CA_n5A-n7ACA_n5A-n77A7CA_n7A-n77A7",n5,"5, 10, 15, 20, 25",0
,,n7,"5, 10, 15, 20, 25, 30, 35, 40, 50",
,,n77,"10, 15, 20, 25, 30, 40, 50, 60, 70, 80, 90, 100",
,,n5,See n5 channel bandwidths in Table 5.3.5-1,4 and 5
,,n7,See n7 channel bandwidths in Table 5.3.5-1,
,,n77,See n77 channel bandwidths in Table 5.3.5-1,
CA_n5A-n7A-n77(2A),"n777,9CA_n77(2A)7CA_n5A-n7ACA_n5A-n77A7CA_n7A-n77A7",n5,"5, 10, 15, 20, 25",0
,,n7,"5, 10, 15, 20, 25, 30, 35, 40, 50",
,,n77,CA_n77(2A)_BCS0,
,,n5,See n5 channel bandwidths in Table 5.3.5-1,4 and 5
,,n7,See n7 channel bandwidths in Table 5.3.5-1,
,,n77,CA_n77(2A)_BCS4 and 5,
CA_n5A-n7A-n77(3A),"n777,9CA_n77(2A)7CA_n5A-n7ACA_n5A-n77A7CA_n7A-n77A7",n5,"5, 10, 15, 20, 25",0
,,n7,"5, 10, 15, 20, 25, 30, 35, 40, 50",
,,n77,CA_n77(3A)_BCS0,
CA_n5A-n7A-n78A,"n787,9CA_n5A-n78A7CA_n7A-n78A7",n5,"5, 10, 15, 20",0
,,n7,"5, 10, 15, 20, 25, 30, 40, 50",
,,n78,"10, 15, 20, 25, 30, 40, 50, 60, 70, 80, 90, 100",
,CA_n5A-n7ACA_n5A-n78ACA_n7A-n78A,n5,"5, 10, 15, 20",1
,,n7,"5, 10, 15, 20, 25, 30, 40, 50",
,,n78,"10, 15, 20, 25, 30, 40, 50, 60, 70, 80, 90, 100",
CA_n5A-n7A-n78(2A),CA_n5A-n7ACA_n5A-n78ACA_n7A-n78A,n5,"5, 10, 15, 20, 25",0
,,n7,"5, 10, 15, 20, 25, 30, 35, 40, 50",
,,n78,CA_n78(2A)_BCS2,
CA_n5A-n7A-n78C,CA_n78CCA_n5A-n7ACA_n5A-n78ACA_n7A-n78A,n5,See n5 channel bandwidths in Table 5.3.5-1,4 and 5
,,n7,See n7 channel bandwidths in Table 5.3.5-1,
,,n78,CA_n78C_BCS4 and 5,
CA_n5A-n7A-n78(A-C),CA_n78CCA_n5A-n7ACA_n5A-n78ACA_n7A-n78A,n5,"5, 10, 15, 20, 25",0
,,n7,"5, 10, 15, 20, 25, 30, 35, 40, 50",
,,n78,CA_n78(A-C)_BCS1,
CA_n5A-n7B-n78A,"n787,9CA_n5A-n78A7CA_n7A-n78A7",n5,"5, 10, 15, 20",0
,,n7,CA_n7B_BCS0,
,,n78,"10, 15, 20, 25, 30, 40, 50, 60, 70, 80, 90, 100",
,CA_n5A-n7ACA_n5A-n78ACA_n7A-n78ACA_n7B,n5,"5, 10, 15, 20",1
,,n7,CA_n7B_BCS0,
,,n78,"10, 15, 20, 25, 30, 40, 50, 60, 704, 80, 90, 100",
CA_n5A-n7A-n105A,CA_n5A-n7ACA_n5A-n105ACA_n7A-n105A,n5,"5, 10, 15, 20, 25",0
,,n7,"5, 10, 15, 20, 25, 30, 35, 40, 50",
,,n105,"5, 10, 15, 20, 25, 30, 35",
CA_n5A-n12A-n77A,n777CA_n5A-n12ACA_n5A-n77A7CA_n12A-n77A7,n5,"5, 10, 15, 20",0
,,n12,"5, 10, 15",
,,n77,"10, 15, 20, 25, 30, 40, 50, 60, 70, 80, 90, 100",
CA_n5A-n12A-n77(2A),n777CA_n5A-n12A CA_n5A-n77A7 CA_n12A-n77A7,n5,"5, 10, 15, 20",0
,,n12,"5, 10, 15",
,,n77,CA_n77(2A)_BCS1,
CA_n5A-n14A-n30A,CA_n5A-n14ACA_n5A-n30ACA_n14A-n30A,n5,n5 channel bandwidths in Table 5.3.5-1,4 and 5
,,n14,n14 channel bandwidths in Table 5.3.5-1,
,,n30,n30 channel bandwidths in Table 5.3.5-1,
CA_n5A-n14A-n66A,CA_n5A-n14ACA_n5A-n66ACA_n14A-n66A,n5,n5 channel bandwidths in Table 5.3.5-1,4 and 5
,,n14,n14 channel bandwidths in Table 5.3.5-1,
,,n66,n66 channel bandwidths in Table 5.3.5-1,
CA_n5A-n14A-n66(2A),CA_n5A-n14ACA_n5A-n66ACA_n14A-n66A,n5,n5 channel bandwidths in Table 5.3.5-1,4 and 5
,,n14,n14 channel bandwidths in Table 5.3.5-1,
,,n66,CA_n66(2A)_BCS4 and 5,
CA_n5A-n14A-n77A,n777CA_n5A-n14ACA_n5A-n77A7CA_n14A-n77A7,n5,"5, 10, 15, 20",0
,,n14,"5, 10",
,,n77,"10, 15, 20, 25, 30, 40, 50, 60, 70, 80, 90, 100",
CA_n5A-n14A-n77(2A),n777CA_n5A-n14A CA_n5A-n77A7 CA_n14A-n77A7,n5,"5, 10, 15, 20",0
,,n14,"5, 10",
,,n77,CA_n77(2A)_BCS1,
CA_n5A-n25A-n29A,CA_n5A-n25A,n5,"5, 10, 15, 20",0
,,n25,"5, 10, 15, 20, 25, 30, 40",
,,n29,"5, 10",
,,n5,n5 channel bandwidths in Table 5.3.5-1,4 and 5
,,n25,n25 channel bandwidths in Table 5.3.5-1,
,,n29,n29 channel bandwidths in Table 5.3.5-1,
CA_n5A-n25A-n41A,CA_n5A-n25ACA_n5A-n41ACA_n25A-n41A,n5,"5, 10, 15, 20, 25",0
,,n25,"5, 10, 15, 20, 25, 30, 35, 40, 45",
,,n41,"5, 10, 15, 20, 25, 30, 35, 40, 45, 50",
CA_n5A-n25(2A)-n41A,CA_n5A-n25ACA_n5A-n41ACA_n25A-n41A,n5,"5, 10, 15, 20, 25",0
,,n25,CA_n25(2A),
,,n41,"5, 10, 15, 20, 25, 30, 35, 40, 45, 50",
CA_n5A-n25A-n66A,CA_n5A-n25ACA_n5A-n66ACA_n25A-n66A,n5,"5, 10, 15, 20",0
,,n25,"5, 10, 15, 20, 25, 30, 40",
,,n66,"5, 10, 15, 20, 25, 30, 40",
,,n5,n5 channel bandwidths in Table 5.3.5-1,4 and 5
,,n25,n25 channel bandwidths in Table 5.3.5-1,
,,n66,n66 channel bandwidths in Table 5.3.5-1,
CA_n5A-n25(2A)-n66A,CA_n5A-n25ACA_n5A-n66ACA_n25A-n66A,n5,"5, 10, 15, 20",0
,,n25,CA_n25(2A)_BCS0,
,,n66,"5, 10, 15, 20, 25, 30, 40",
CA_n5A-n25A-n66(2A),CA_n5A-n25ACA_n5A-n66ACA_n25A-n66A,n5,"5, 10, 15, 20",0
,,n25,"5, 10, 15, 20, 25, 30, 40",
,,n66,CA_n66(2A)_BCS1,
CA_n5A-n25(2A)-n66(2A),CA_n5A-n25ACA_n5A-n66ACA_n25A-n66A,n5,"5, 10, 15, 20",0
,,n25,CA_n25(2A)_BCS0,
,,n66,CA_n66(2A)_BCS1,
CA_n5A-n25A-n77A,"n777,9CA_n5A-n25A",n5,"5, 10, 15, 20",0
,CA_n5A-n77A7,n25,"5, 10, 15, 20, 25, 30, 40",
,CA_n25A-n77A7,n77,"10, 15, 20, 25, 30, 40, 50, 60, 70, 80, 90, 100",
CA_n5A-n25(2A)-n77A,"n777,9CA_n5A-n25ACA_n5A-n77A7CA_n25A-n77A7",n5,"5, 10, 15, 20",0
,,n25,CA_n25(2A)_BCS0,
,,n77,"10, 15, 20, 25, 30, 40, 50, 60, 70, 80, 90, 100",
CA_n5A-n25A-n77(2A),"n777,9CA_n77(2A)7CA_n5A-n25ACA_n5A-n77A7CA_n25A-n77A7",n5,"5, 10, 15, 20",0
,,n25,"5, 10, 15, 20, 25, 30, 40",
,,n77,CA_n77(2A)_BCS1,
CA_n5A-n25A-n77(3A),"n777,9CA_n77(2A)7CA_n5A-n25ACA_n5A-n77A7CA_n25A-n77A7",n5,"5, 10, 15, 20",0
,,n25,"5, 10, 15, 20, 25, 30, 40",
,,n77,CA_n77(3A)_BCS1,
CA_n5A-n25(2A)-n77(2A),"n777,9CA_n5A-n25ACA_n5A-n77A7CA_n25A-n77A7",n5,"5, 10, 15, 20",0
,,n25,CA_n25(2A)_BCS0,
,,n77,CA_n77(2A)_BCS1,
CA_n5A-n25A-n78A,"n787,9CA_n5A-n25ACA_n5A-n78A7CA_n25A-n78A7",n5,"5, 10, 15, 20",0
,,n25,"5, 10, 15, 20, 25, 30, 40",
,,n78,"10, 15, 20, 25, 30, 40, 50, 60, 70, 80, 90, 100",
CA_n5A-n25(2A)-n78A,"n787,9CA_n5A-n25ACA_n5A-n78A7CA_n25A-n78A7",n5,"5, 10, 15, 20",0
,,n25,CA_n25(2A)_BCS0,
,,n78,"10, 15, 20, 25, 30, 40, 50, 60, 70, 80, 90, 100",
CA_n5A-n25A-n78(2A),"n787,9CA_n5A-n25ACA_n5A-n78A7CA_n25A-n78A7",n5,"5, 10, 15, 20",0
,,n25,"5, 10, 15, 20, 25, 30, 40",
,,n78,CA_n78(2A)_BCS2,
CA_n5A-n25(2A)-n78(2A),"n787,9CA_n5A-n25ACA_n5A-n78A7CA_n25A-n78A7",n5,"5, 10, 15, 20",0
,,n25,CA_n25(2A)_BCS0,
,,n78,CA_n78(2A)_BCS2,
CA_n5A-n28A-n78A,CA_n5A-n28ACA_n5A-n78ACA_n28A-n78A,n5,See n5 channel bandwidths in Table 5.3.5-1,4 and 5
,,n28,See n28 channel bandwidths in Table 5.3.5-1,
,,n78,See n78 channel bandwidths in Table 5.3.5-1,
CA_n5A-n28A-n79A,CA_n5A-n28ACA_n5A-n79ACA_n28A-n79A,n5,See n5 channel bandwidths in Table 5.3.5-1,4 and 5
,,n28,See n28 channel bandwidths in Table 5.3.5-1,
,,n79,See n79 channel bandwidths in Table 5.3.5-1,
CA_n5A-n28A-n105A,CA_n5A-n28ACA_n5A-n105A,n5,"5, 10, 15, 20",0
,,n28,"5, 10, 15, 20, 25, 30",
,,n105,"5, 10, 15, 20, 25, 30, 35",
CA_n5A-n29A-n66A,CA_n5A-n66A,n5,"5, 10, 15, 20",0
,,n29,"5, 10",
,,n66,"5, 10, 15, 20, 25, 30, 40",
,,n5,n5 channel bandwidths in Table 5.3.5-1,4 and 5
,,n29,n29 channel bandwidths in Table 5.3.5-1,
,,n66,n66 channel bandwidths in Table 5.3.5-1,
CA_n5A-n29A-n77A,n777CA_n5A-n77A7,n5,"5, 10, 15, 20",0
,,n29,"5, 10",
,,n77,"10, 15, 20, 25, 30, 40, 50, 60, 70, 80, 90, 100",
CA_n5A-n29A-n77(2A),n777CA_n5A-n77A7,n5,"5, 10, 15, 20",0
,,n29,"5, 10",
,,n77,CA_n77(2A)_BCS1,
CA_n5A-n30A-n66A,CA_n5A-n30ACA_n5A-n66ACA_n30A-n66A,n5,"5, 10, 15, 20",0
,,n30,"5, 10",
,,n66,"5, 10, 15, 20, 40",
,,n5,n5 channel bandwidths in Table 5.3.5-1,4 and 5
,,n30,n30 channel bandwidths in Table 5.3.5-1,
,,n66,n66 channel bandwidths in Table 5.3.5-1,
CA_n5A-n30A-n66(2A),CA_n5A-n30ACA_n5A-n66ACA_n30A-n66A,n5,"5, 10, 15, 20",0
,,n30,"5, 10",
,,n66,CA_n66(2A)_BCS0,
,,n5,n5 channel bandwidths in Table 5.3.5-1,4 and 5
,,n30,n30 channel bandwidths in Table 5.3.5-1,
,,n66,CA_n66(2A)_BCS4 and 5,
CA_n5A-n30A-n66(3A),CA_n5A-n30ACA_n5A-n66ACA_n30A-n66A,n5,"5, 10, 15, 20",0
,,n30,"5, 10",
,,n66,CA_n66(3A)_BCS0,
CA_n5A-n30A-n77A,"n777,9CA_n5A-n30ACA_n5A-n77A7CA_n30A-n77A7",n5,"5, 10, 15, 20",0
,,n30,"5, 10",
,,n77,"10, 15, 20, 25, 30, 40, 50, 60, 70, 80, 90, 100",
,,n5,n5 channel bandwidths in Table 5.3.5-1,4 and 5
,,n30,n30 channel bandwidths in Table 5.3.5-1,
,,n77,n77 channel bandwidths in Table 5.3.5-1,
CA_n5A-n30A-n77(2A),"n777,9CA_n5A-n30A CA_n5A-n77A7 CA_n30A-n77A7",n5,"5, 10, 15, 20",0
,,n30,"5, 10",
,,n77,CA_n77(2A)_BCS1,
,,n5,n5 channel bandwidths in Table 5.3.5-1,4 and 5
,,n30,n30 channel bandwidths in Table 5.3.5-1,
,,n77,CA_n77(2A)_BCS 4 and 5,
CA_n5A-n40A-n78A,CA_n5A-n40ACA_n5A-n78ACA_n40A-n78A,n5,"5, 10, 15, 20, 251",0
,,n40,"58, 10, 15, 20, 25, 30, 40, 50, 60, 70, 80, 90,100",
,,n78,"10, 15, 20, 25, 30, 40, 50, 60, 70, 80, 90,100",
CA_n5A-n40A-n105A,CA_n5A-n40ACA_n5A-n105ACA_n40A-n105A,n5,"5, 10, 15, 20, 25",0
,,n40,"5, 10, 15, 20, 25, 30, 40, 50",
,,n105,"5, 10, 15, 20, 25, 30, 35",
CA_n5A-n41A-n66A,CA_n5A-n41ACA_n5A-n66ACA_n41A-n66A,n5,"5, 10, 15, 20, 25",0
,,n41,"10, 15, 20, 30, 40, 50, 60, 80, 90, 100",
,,n66,"5, 10, 15, 20, 25, 30, 35, 40, 45",
CA_n5A-n41A-n77A,CA_n5A-n41ACA_n5A-n77ACA_n41A-n77A,n5,"5, 10, 15, 20, 25",0
,,n41,"5, 10, 15, 20, 25, 30, 35, 40, 45, 50",
,,n77,"10, 15, 20, 25, 30, 40, 50, 60, 70, 80, 90, 100",
CA_n5A-n41A-n77(2A),CA_n5A-n41ACA_n5A-n77ACA_n41A-n77A,n5,"5, 10, 15, 20, 25",0
,,n41,"5, 10, 15, 20, 25, 30, 35, 40, 45, 50",
,,n77,CA_n77(2A)_BCS0,
CA_n5A-n48A-n66A,CA_n5A-n48ACA_n5A-n66ACA_n48A-n66A,n5,"5, 10, 15, 20",0
,,n48,"5, 10, 15, 20, 30, 40, 5012, 6012, 7012, 8012, 9012, 10012",
,,n66,"5, 10, 15, 20, 25, 30, 40",
,,n5,n5 channel bandwidths in Table 5.3.5-1,4 and 5
,,n48,n48 channel bandwidths in Table 5.3.5-1,
,,n66,n66 channel bandwidths in Table 5.3.5-1,
CA_n5B-n48A-n66A,CA_n5A-n48ACA_n5A-n66ACA_n48A-n66ACA_n5B,n5,CA_n5B_BCS4 and 5,4 and 5
,,n48,n48 channel bandwidths in Table 5.3.5-1,
,,n66,n66 channel bandwidths in Table 5.3.5-1,
CA_n5A-n48(A-B)-n66A,CA_n5A-n48ACA_n5A-n66ACA_n48A-n66A,n5,"5, 10, 15, 20, 251",0
,,n48,CA_n48(A-B)_BCS0,
,,n66,"5, 10, 15, 20, 25, 30, 40",
,,n5,"5, 10, 15, 20, 251",1
,,n48,CA_n48(A-B)_BCS1,
,,n66,"5, 10, 15, 20, 25, 30, 40",
,,n5,n5 channel bandwidths in Table 5.3.5-1,4 and 5
,,n48,CA_n48(A-B)_BCS4 and 5,
,,n66,n66 channel bandwidths in Table 5.3.5-1,
CA_n5A-n48B-n66A,CA_n48BCA_n5A-n48ACA_n5A-n48BCA_n5A-n66ACA_n48A-n66ACA_n48B-n66A,n5,"5, 10, 15, 20",0
,,n48,CA_n48B_BCS0,
,,n66,"5, 10, 15, 20, 25, 30, 40",
,,n5,"5, 10, 15, 20",1
,,n48,CA_n48B_BCS1,
,,n66,"5, 10, 15, 20, 25, 30, 40",
,,n5,"5, 10, 15, 20",2
,,n48,CA_n48B_BCS2,
,,n66,"5, 10, 15, 20, 25, 30, 40",
,,n5,n5 channel bandwidths in Table 5.3.5-1,4 and 5
,,n48,CA_n48B_BCS4 and 5,
,,n66,n66 channel bandwidths in Table 5.3.5-1,
CA_n5B-n48B-n66A,CA_n48BCA_n5A-n48ACA_n5A-n48BCA_n5A-n66ACA_n5BCA_n48A-n66ACA_n48B-n66A,n5,CA_n5B_BCS4 and 5,4 and 5
,,n48,CA_n48B_BCS4 and 5,
,,n66,n66 channel bandwidths in Table 5.3.5-1,
CA_n5A-n48(2A)-n66A,CA_n5A-n48ACA_n5A-n66ACA_n48A-n66A,n5,"5, 10, 15, 20",0
,,n48,CA_n48(2A)_BCS0,
,,n66,"5, 10, 15, 20, 25, 30, 40",
,,n5,"5, 10, 15, 20",1
,,n48,CA_n48(2A)_BCS1,
,,n66,"5, 10, 15, 20, 25, 30, 40",
,,n5,n5 channel bandwidths in Table 5.3.5-1,4 and 5
,,n48,CA_n48(2A)_BCS4 and 5,
,,n66,n66 channel bandwidths in Table 5.3.5-1,
CA_n5B-n48(2A)-n66A,CA_n5A-n48ACA_n5A-n66ACA_n5BCA_n48A-n66A,n5,CA_n5B_BCS4 and 5,4 and 5
,,n48,CA_n48(2A)_BCS4 and 5,
,,n66,n66 channel bandwidths in Table 5.3.5-1,
CA_n5A-n48A-n66(2A),CA_n5A-n48ACA_n5A-n66ACA_n48A-n66A,n5,n5 channel bandwidths in Table 5.3.5-1,4 and 5
,,n48,n48 channel bandwidths in Table 5.3.5-1,
,,n66,CA_n66(2A)_BCS4 and 5,
CA_n5A-n48B-n66(2A),CA_n5A-n48ACA_n5A-n66ACA_n5A-n48BCA_n48A-n66ACA_n48B-n66ACA_n48B,n5,n5 channel bandwidths in Table 5.3.5-1,4 and 5
,,n48,CA_n48B_BCS4 and 5,
,,n66,CA_n66(2A)_BCS4 and 5,
CA_n5A-n48(2A)-n66(2A),CA_n5A-n48ACA_n5A-n66ACA_n48A-n66A,n5,n5 channel bandwidths in Table 5.3.5-1,4 and 5
,,n48,CA_n48(2A)_BCS4 and 5,
,,n66,CA_n66(2A)_BCS4 and 5,
CA_n5B-n48A-n66(2A),CA_n5A-n48ACA_n5A-n66ACA_n5BCA_n48A-n66A,n5,CA_n5B_BCS4 and 5,4 and 5
,,n48,n48 channel bandwidths in Table 5.3.5-1,
,,n66,CA_n66(2A)_BCS4 and 5,
CA_n5B-n48(2A)-n66(2A),CA_n5A-n48ACA_n5A-n66ACA_n5BCA_n48A-n66A,n5,CA_n5B_BCS4 and 5,4 and 5
,,n48,CA_n48(2A)_BCS4 and 5,
,,n66,CA_n66(2A)_BCS4 and 5,
CA_n5B-n48B-n66(2A),CA_n5A-n48ACA_n5A-n48BCA_n5A-n66ACA_n5BCA_n48A-n66ACA_n48B-n66ACA_n48B,n5,CA_n5B_BCS4 and 5,4 and 5
,,n48,CA_n48B_BCS4 and 5,
,,n66,CA_n66(2A)_BCS4 and 5,
CA_n5A-n48A-n77A,"n777,9CA_n5A-n48ACA_n5A-n77A7,13,14",n5,"5, 10, 15, 20",0
,,n48,"5, 10, 15, 20, 30, 40, 5012, 6012, 7012, 8012, 9012, 10012",
,,n77,"10, 15, 20, 25, 30, 40, 50, 60, 70, 80, 90, 100",
,"n777,9CA_n5A-n48ACA_n5A-n77A7,13,14",n5,n5 channel bandwidths in Table 5.3.5-1,4 and 5
,,n48,n48 channel bandwidths in Table 5.3.5-1,
,,n77,n77 channel bandwidths in Table 5.3.5-1,
CA_n5B-n48A-n77A,"n777,9CA_n5A-n48ACA_n5A-n77A7,13,14CA_n5B",n5,CA_n5B_BCS4 and 5,4 and 5
,,n48,n48 channel bandwidths in Table 5.3.5-1,
,,n77,n77 channel bandwidths in Table 5.3.5-1,
CA_n5A-n48A-n77C,"n777,9CA_n5A-n48ACA_n5A-n77A7,13,14CA_n77C7,9",n5,"5, 10, 15, 20, 251",0
,,n48,"5, 10, 15, 20, 30, 40, 5012, 6012, 7012, 8012, 9012, 10012",
,,n77,CA_n77C_BCS0,
,,n5,"5, 10, 15, 20, 251",1
,,n48,"5, 10, 15, 20, 30, 40, 5012, 6012, 7012, 8012, 9012, 10012",
,,n77,CA_n77C_BCS1,
,"n777,9CA_n5A-n48ACA_n5A-n77A7,13,14CA_n5A-n77CCA_n77C7,9",n5,n5 channel bandwidths in Table 5.3.5-1,4 and 5
,,n48,n48 channel bandwidths in Table 5.3.5-1,
,,n77,CA_n77C_BCS4 and 5,
CA_n5A-n48B-n77A,"n777,9CA_n5A-n48ACA_n5A-n77A7,13,14",n5,"5, 10, 15, 20",0
,,n48,CA_n48B_BCS0,
,,n77,"10, 15, 20, 25, 30, 40, 50, 60, 70, 80, 90, 100",
,,n5,"5, 10, 15, 20",1
,,n48,CA_n48B_BCS1,
,,n77,"10, 15, 20, 25, 30, 40, 50, 60, 70, 80, 90, 100",
,,n5,"5, 10, 15, 20",2
,,n48,CA_n48B_BCS2,
,,n77,"10, 15, 20, 25, 30, 40, 50, 60, 70, 80, 90, 100",
,"n777,9CA_n5A-n48ACA_n5A-n48BCA_n5A-n77A7,13,14CA_n48B",n5,n5 channel bandwidths in Table 5.3.5-1,4 and 5
,,n48,CA_n48B_BCS4 and 5,
,,n77,n77 channel bandwidths in Table 5.3.5-1,
CA_n5A-n48B-n77C,"n777,9CA_n5A-n48ACA_n5A-n77A7,13,14CA_n77C",n5,"5, 10, 15, 20",0
,,n48,CA_n48B_BCS0,
,,n77,CA_n77C_BCS0,
,,n5,"5, 10, 15, 20",1
,,n48,CA_n48B_BCS0,
,,n77,CA_n77C_BCS1,
,,n5,"5, 10, 15, 20",2
,,n48,CA_n48B_BCS1,
,,n77,CA_n77C_BCS0,
,,n5,"5, 10, 15, 20",3
,,n48,CA_n48B_BCS1,
,,n77,CA_n77C_BCS1,
,"n777,9CA_n5A-n48ACA_n5A-n48BCA_n5A-n77A7,13,14CA_n5A-n77CCA_n48BCA_n77C",n5,n5 channel bandwidths in Table 5.3.5-1,4 and 5
,,n48,CA_n48B_BCS4 and 5,
,,n77,CA_n77C_BCS4 and 5,
CA_n5A-n48(2A)-n77A,"n777,9CA_n5A-n48ACA_n5A-n77A7,13,14",n5,"5, 10, 15, 20",0
,,n48,CA_n48(2A)_BCS0,
,,n77,"10, 15, 20, 25, 30, 40, 50, 60, 70, 80, 90, 100",
,,n5,"5, 10, 15, 20",1
,,n48,CA_n48(2A)_BCS1,
,,n77,"10, 15, 20, 25, 30, 40, 50, 60, 70, 80, 90, 100",
,,n5,n5 channel bandwidths in Table 5.3.5-1,4 and 5
,,n48,CA_n48(2A)_BCS4 and 5,
,,n77,n77 channel bandwidths in Table 5.3.5-1,
CA_n5A-n48(2A)-n77C,"n777,9CA_n5A-n48ACA_n5A-n77A7,13,14CA_n77C",n5,"5, 10, 15, 20",0
,,n48,CA_n48(2A)_BCS0,
,,n77,CA_n77C_BCS0,
,,n5,"5, 10, 15, 20",1
,,n48,CA_n48(2A)_BCS0,
,,n77,CA_n77C_BCS1,
,,n5,"5, 10, 15, 20",2
,,n48,CA_n48(2A)_BCS1,
,,n77,CA_n77C_BCS0,
,,n5,"5, 10, 15, 20",3
,,n48,CA_n48(2A)_BCS1,
,,n77,CA_n77C_BCS1,
,"n777,9CA_n5A-n48ACA_n5A-n77A7,13,14CA_n5A-n77CCA_n77C",n5,n5 channel bandwidths in Table 5.3.5-1,4 and 5
,,n48,CA_n48(2A)_BCS4 and 5,
,,n77,CA_n77C_BCS4 and 5,
CA_n5B-n48A-n77C,"n777,9CA_n5A-n48ACA_n5A-n77A7,13,14CA_n5A-n77CCA_n5BCA_n77C7,9",n5,CA_n5B_BCS4 and 5,4 and 5
,,n48,n48 channel bandwidths in Table 5.3.5-1,
,,n77,CA_n77C_BCS4 and 5,
CA_n5B-n48(2A)-n77A,"n777,9CA_n5A-n48ACA_n5A-n77A7,13,14CA_n5B",n5,CA_n5B_BCS4 and 5,4 and 5
,,n48,CA_n48(2A)_BCS4 and 5,
,,n77,n77 channel bandwidths in Table 5.3.5-1,
CA_n5B-n48(2A)-n77C,"n777,9CA_n5A-n48ACA_n5A-n77A7,13,14CA_n5A-n77CCA_n5BCA_n77C",n5,CA_n5B_BCS4 and 5,4 and 5
,,n48,CA_n48(2A)_BCS4 and 5,
,,n77,CA_n77C_BCS4 and 5,
CA_n5B-n48B-n77A,"n777,9CA_n5A-n48ACA_n5A-n48BCA_n5A-n77A7,13,14CA_n5BCA_n48B",n5,CA_n5B_BCS4 and 5,4 and 5
,,n48,CA_n48B_BCS4 and 5,
,,n77,n77 channel bandwidths in Table 5.3.5-1,
CA_n5B-n48B-n77C,"n777,9CA_n5A-n48ACA_n5A-n48BCA_n5A-n77A7,13,14CA_n5A-n77CCA_n5BCA_n48BCA_n77C",n5,CA_n5B_BCS4 and 5,4 and 5
,,n48,CA_n48B_BCS4 and 5,
,,n77,CA_n77C_BCS4 and 5,
CA_n5A-n66A-n77A,"n777,9CA_n5A-n66ACA_n5A-n77A7,13,14CA_n66A-n77A7,13,14",n5,"5, 10, 15, 20",0
,,n66,"5, 10, 15, 20, 25, 30, 40",
,,n77,"10, 15, 20, 25, 30, 40, 50, 60, 70, 80, 90, 100",
,,n5,n5 channel bandwidths in Table 5.3.5-1,4 and 5
,,n66,n66 channel bandwidths in Table 5.3.5-1,
,,n77,n77 channel bandwidths in Table 5.3.5-1,
CA_n5B-n66A-n77A,"n777,9CA_n5A-n66ACA_n5A-n77A7,13,14CA_n66A-n77A7,13,14CA_n5B",n5,CA_n5B_BCS4 and 5,4 and 5
,,n66,n66 channel bandwidths in Table 5.3.5-1,
,,n77,n77 channel bandwidths in Table 5.3.5-1,
CA_n5A-n66(2A)-n77A,"n777,9CA_n5A-n66ACA_n5A-n77A7,13,14CA_n66A-n77A7,13,14",n5,"5, 10, 15, 20",0
,,n66,CA_n66(2A)_BCS1,
,,n77,"10, 15, 20, 25, 30, 40, 50, 60, 70, 80, 90, 100",
,"n777,9CA_n5A-n66ACA_n5A-n77A7,13,14CA_n66A-n77A7,13,14",n5,n5 channel bandwidths in Table 5.3.5-1,4 and 5
,,n66,CA_n66(2A)_BCS4 and 5,
,,n77,n77 channel bandwidths in Table 5.3.5-1,
CA_n5A-n66(2A)-n77C,"n777,9CA_n5A-n66ACA_n5A-n77A7,13,14CA_n5A-n77CCA_n66A-n77A7,13,14CA_n66A-n77CCA_n77C7,9",n5,n5 channel bandwidths in Table 5.3.5-1,4 and 5
,,n66,CA_n66(2A)_BCS4 and 5,
,,n77,CA_n77C_BCS4 and 5,
CA_n5B-n66(2A)-n77A,"n777,9CA_n5A-n66ACA_n5A-n77A7,13,14CA_n66A-n77A7,13,14CA_n5B",n5,CA_n5B_BCS4 and 5,4 and 5
,,n66,CA_n66(2A)_BCS4 and 5,
,,n77,n77 channel bandwidths in Table 5.3.5-1,
CA_n5B-n66(2A)-n77C,"n777,9CA_n5A-n66ACA_n5A-n77A7,13,14CA_n5A-n77CCA_n5BCA_n66A-n77A7,13,14CA_n66A-n77CCA_n77C7,9",n5,CA_n5B_BCS4 and 5,4 and 5
,,n66,CA_n66(2A)_BCS4 and 5,
,,n77,CA_n77C_BCS4 and 5,
CA_n5A-n66(2A)-n77(2A),"n777,9CA_n5A-n66ACA_n5A-n77A7CA_n66A-n77A7",n5,"5, 10, 15, 20",0
,,n66,CA_n66(2A)_BCS1,
,,n77,CA_n77(2A)_BCS1,
,,n5,n5 channel bandwidths in Table 5.3.5-1,4 and 5
,,n66,CA_n66(2A)_BCS4 and 5,
,,n77,CA_n77(2A)_BCS4 and 5,
CA_n5A-n66(3A)-n77A,"n777,9CA_n5A-n66ACA_n66A-n77A7CA_n5A-n77A7",n5,"5, 10, 15, 20",0
,,n66,CA_n66(3A)_BCS0,
,,n77,"10, 15, 20, 25, 30, 40, 50, 60, 70, 80, 90, 100",
CA_n5A-n66(3A)-n77(2A),"n777,9CA_n5A-n66ACA_n66A-n77A7CA_n5A-n77A7",n5,"5, 10, 15, 20",0
,,n66,CA_n66(3A)_BCS0,
,,n77,CA_n77(2A)_BCS1,
CA_n5A-n66A-n77C,"n777,9CA_n5A-n66ACA_n5A-n77A7,13,14CA_n66A-n77A7,13,14CA_n77C7,9",n5,"5, 10, 15, 20, 251",0
,,n66,"5, 10, 15, 20, 25, 30, 40",
,,n77,CA_n77C_BCS0,
,,n5,"5, 10, 15, 20, 251",1
,,n66,"5, 10, 15, 20, 25, 30, 40",
,,n77,CA_n77C_BCS1,
,"n777,9CA_n5A-n66ACA_n5A-n77A7,13,14CA_n5A-n77CCA_n66A-n77ACA_n66A-n77CCA_n77C7,9",n5,n5 channel bandwidths in Table 5.3.5-1,4 and 5
,,n66,n66 channel bandwidths in Table 5.3.5-1,
,,n77,CA_n77C_BCS4 and 5,
CA_n5B-n66A-n77C,"n777,9CA_n5A-n66ACA_n5A-n77A7,13,14CA_n5A-n77CCA_n5BCA_n66A-n77ACA_n66A-n77CCA_n77C7,9",n5,CA_n5B_BCS4 and 5,4 and 5
,,n66,n66 channel bandwidths in Table 5.3.5-1,
,,n77,CA_n77C_BCS4 and 5,
CA_n5A-n66A-n77(2A),"n777,9CA_n5A-n66ACA_n5A-n77A7CA_n66A-n77A7CA_n77(2A)7",n5,"5, 10, 15, 20",0
,,n66,"5, 10, 15, 20, 25, 30, 40",
,,n77,CA_n77(2A)_BCS1,
,,n5,"5, 10, 15, 20",1
,,n66,"5, 10, 15, 20, 30, 40",
,,n77,CA_n77(2A)_BCS4 and 5,
,,n5,n5 channel bandwidths in Table 5.3.5-1,4 and 5
,,n66,n66 channel bandwidths in Table 5.3.5-1,
,,n77,CA_n77(2A)_BCS4 and 5,
CA_n5A-n66A-n77(3A),CA_n77(2A)CA_n5A-n66ACA_n5A-n77A7CA_n66A-n77A7,n5,"5, 10, 15, 20",0
,,n66,"5, 10, 15, 20, 25, 30, 40",
,,n77,CA_n77(3A)_BCS1,
,,n5,n5 channel bandwidths in Table 5.3.5-1,4 and 5
,,n66,n66 channel bandwidths in Table 5.3.5-1,
,,n77,CA_n77(3A)_BCS4 and 5,
CA_n5A-n66A-n78A,CA_n5A-n66ACA_n5A-n78ACA_n66A-n78A,n5,"5, 10, 15, 20",0
,,n66,"5, 10, 15, 20, 25, 30, 40",
,,n78,"10, 15, 20, 25, 30, 40, 50, 60, 80, 90, 100",
,,n5,"5, 10, 15, 20",1
,,n66,"5, 10, 15, 20, 25, 30, 40",
,,n78,"10, 15, 20, 25, 30, 40, 50, 60, 70, 80, 90, 100",
CA_n5A-n66(2A)-n78A,CA_n5A-n66ACA_n5A-n78ACA_n66A-n78A,n5,"5, 10, 15, 20",0
,,n66,CA_n66(2A)_BCS1,
,,n78,"10, 15, 20, 25, 30, 40, 50, 60, 70, 80, 90, 100",
CA_n5A-n66A-n78(2A),CA_n5A-n66ACA_n5A-n78ACA_n66A-n78A,n5,"5, 10, 15, 20",0
,,n66,"5, 10, 15, 20, 25, 30, 40",
,,n78,CA_n78(2A)_BCS2,
CA_n5A-n66(2A)-n78(2A),CA_n5A-n66ACA_n5A-n78ACA_n66A-n78A,n5,"5, 10, 15, 20",0
,,n66,CA_n66(2A)_BCS1,
,,n78,CA_n78(2A)_BCS2,
CA_n5A-n78A-n79A,CA_n5A-n78ACA_n5A-n79ACA_n78A-n79A,n5,See n5 channel bandwidths in Table 5.3.5-1,4 and 5
,,n78,See n78 channel bandwidths in Table 5.3.5-1,
,,n79,See n79 channel bandwidths in Table 5.3.5-1,
CA_n5A-n78A-n105A,CA_n5A-n78ACA_n5A-n105ACA_n78A-n105A,n5,"5, 10, 15, 20, 25",0
,,n78,"10, 15, 20, 25, 30, 40, 50, 60, 70, 80, 90, 100",
,,n105,"5, 10, 15, 20, 25, 30, 35",
CA_n7A-n8A-n28A,CA_n7A-n8ACA_n7A-n28ACA_n8A-n28A,n7,"5, 10, 15, 20, 25, 30, 40, 50",0
,,n8,"5, 10, 15, 20",
,,n28,"5, 10, 15, 20, 30",
CA_n7A-n8A-n40A,CA_n7A-n8ACA_n7A-n40ACA_n8A-n40A,n7,"5, 10, 15, 20, 25, 30, 40, 50",0
,,n8,"5, 10, 15, 20",
,,n40,"5, 10, 15, 20, 25, 30, 40, 50, 60, 80",
,,n7,n7 channel bandwidths in Table 5.3.5-1,4 and 5
,,n8,n8 channel bandwidths in Table 5.3.5-1,
,,n40,n40 channel bandwidths in Table 5.3.5-1,
CA_n7A-n8A-n78A,CA_n7A-n8ACA_n7A-n78ACA_n8A-n78A,n7,"5, 10, 15, 20, 25, 30, 40, 50",0
,,n8,"5, 10, 15, 20",
,,n78,"10, 15, 20, 25, 30, 40, 50, 60, 70, 80, 90, 100",
CA_n7A-n8A-n79A,CA_n7A-n8ACA_n7A-n79ACA_n8A-n79A,n7,n7 channel bandwidths in Table 5.3.5-1,4 and 5
,,n8,n8 channel bandwidths in Table 5.3.5-1,
,,n79,n79 channel bandwidths in Table 5.3.5-1,
CA_n7(2A)-n8A-n78A,CA_n7A-n8ACA_n7A-n78ACA_n8A-n78A,n7,CA_n7(2A)_BCS0,0
,,n8,"5, 10, 15, 20",
,,n78,"10, 15, 20, 25, 30, 40, 50, 60, 70, 80, 90, 100",
CA_n7A-n12A-n25A,-,n7,"5, 10, 15, 20, 25, 30, 40, 50",0
,,n12,"5, 10, 15",
,,n25,"5, 10, 15, 20, 25, 30, 40",
,,n7,n7 channel bandwidths in Table 5.3.5-1,4 and 5
,,n12,n12 channel bandwidths in Table 5.3.5-1,
,,n25,n25 channel bandwidths in Table 5.3.5-1,
CA_n7A-n12A-n66A,-,n7,"5, 10, 15, 20, 25, 30, 35, 40, 50",0
,,n12,"5, 10, 15",
,,n66,"5, 10, 15, 20, 25, 30, 35, 40, 45",
,,n7,n7 channel bandwidths in Table 5.3.5-1,4 and 5
,,n12,n12 channel bandwidths in Table 5.3.5-1,
,,n66,n66 channel bandwidths in Table 5.3.5-1,
CA_n7A-n12A-n71A,CA_n7A-n12ACA_n7A-n71A,n7,"5, 10, 15, 20, 25, 30, 40, 50",0
,,n12,"5, 10, 15",
,,n71,"5, 10, 15, 20",
CA_n7A-n12A-n77A,-,n7,"5, 10, 15, 20, 25, 30, 35, 40, 50",0
,,n12,"5, 10, 15",
,,n77,"10, 15, 20, 25, 30, 40, 50, 60, 70, 80, 90, 100",
,,n7,n7 channel bandwidths in Table 5.3.5-1,4 and 5
,,n12,n12 channel bandwidths in Table 5.3.5-1,
,,n77,n77 channel bandwidths in Table 5.3.5-1,
CA_n7A-n20A-n28A17,CA_n7A-n20ACA_n7A-n28ACA_n20A-n28A,n7,n7 channel bandwidths in Table 5.3.5-1,4 and 5
,,n20,n20 channel bandwidths in Table 5.3.5-1,
,,n28,n28 channel bandwidths in Table 5.3.5-1,
CA_n7A-n20A-n67A,CA_n7A-n20A,n7,See n7 channel bandwidths in Table 5.3.5-1,4 and 5
,,n20,See n20 channel bandwidths in Table 5.3.5-1,
,,n67,See n67 channel bandwidths in Table 5.3.5-1,
CA_n7A-n20A-n75A,CA_n7A-n20A,n7,See n7 channel bandwidths in Table 5.3.5-1,4 and 5
,,n20,See n20 channel bandwidths in Table 5.3.5-1,
,,n75,See n75 channel bandwidths in Table 5.3.5-1,
CA_n7A-n20A-n78A,CA_n7A-n20ACA_n7A-n78ACA_n20A-n78A,n7,See n7 channel bandwidths in Table 5.3.5-1,4 and 5
,,n20,See n20 channel bandwidths in Table 5.3.5-1,
,,n78,See n78 channel bandwidths in Table 5.3.5-1,
CA_n7A-n20A-n78(2A),CA_n7A-n20ACA_n7A-n78ACA_n20A-n78ACA_n78(2A),n7,See n7 channel bandwidths in Table 5.3.5-1,4 and 5
,,n20,See n20 channel bandwidths in Table 5.3.5-1,
,,n78,CA_n78(2A)_BCS4 and 5,
CA_n7A-n25A-n29A,CA_n7A-n25A,n7,n7 channel bandwidths in Table 5.3.5-1,4 and 5
,,n25,n25 channel bandwidths in Table 5.3.5-1,
,,n29,n29 channel bandwidths in Table 5.3.5-1,
CA_n7A-n25A-n66A,CA_n7A-n25ACA_n7A-n66ACA_n25A-n66A,n7,"5, 10, 15, 20, 25, 30, 40, 50",0
,,n25,"5, 10, 15, 20, 25, 30, 40",
,,n66,"5, 10, 15, 20, 25, 30, 40",
,,n7,n7 channel bandwidths in Table 5.3.5-1,4 and 5
,,n25,n25 channel bandwidths in Table 5.3.5-1,
,,n66,n66 channel bandwidths in Table 5.3.5-1,
CA_n7A-n25(2A)-n66A,CA_n7A-n25ACA_n7A-n66ACA_n25A-n66A,n7,"5, 10, 15, 20, 25, 30, 40, 50",0
,,n25,CA_n25(2A)_BCS0,
,,n66,"5, 10, 15, 20, 25, 30, 40",
CA_n7A-n25(2A)-n66(2A),CA_n7A-n25ACA_n7A-n66ACA_n25A-n66A,n7,"5, 10, 15, 20, 25, 30, 40, 50",0
,,n25,CA_n25(2A)_BCS0,
,,n66,CA_n66(2A)_BCS1,
CA_n7A-n25A-n66(2A),CA_n7A-n25ACA_n7A-n66ACA_n25A-n66A,n7,"5, 10, 15, 20, 25, 30, 40, 50",0
,,n25,"5, 10, 15, 20, 25, 30, 40",
,,n66,CA_n66(2A)_BCS1,
CA_n7(2A)-n25A-n66A,CA_n7A-n25ACA_n7A-n66ACA_n25A-n66A,n7,CA_n7(2A)_BCS0,0
,,n25,"5, 10, 15, 20, 25, 30, 40",
,,n66,"5, 10, 15, 20, 25, 30, 40",
CA_n7(2A)-n25(2A)-n66A,CA_n7A-n25ACA_n7A-n66ACA_n25A-n66A,n7,CA_n7(2A)_BCS0,0
,,n25,CA_n25(2A)_BCS0,
,,n66,"5, 10, 15, 20, 25, 30, 40",
CA_n7(2A)-n25A-n66(2A),CA_n7A-n25ACA_n7A-n66ACA_n25A-n66A,n7,CA_n7(2A)_BCS0,0
,,n25,"5, 10, 15, 20, 25, 30, 40",
,,n66,CA_n66(2A)_BCS1,
CA_n7(2A)-n25(2A)-n66(2A),CA_n7A-n25ACA_n7A-n66ACA_n25A-n66A,n7,CA_n7(2A)_BCS0,0
,,n25,CA_n25(2A)_BCS0,
,,n66,CA_n66(2A)_BCS1,
CA_n7A-n25A-n71A,CA_n7A-n25ACA_n7A-n71ACA_n25A-n71A,n7,"5, 10, 15, 20, 25, 30, 40, 50",0
,,n25,"5, 10, 15, 20, 25, 30, 40",
,,n71,"5, 10, 15, 20",
,,n7,n7 channel bandwidths in Table 5.3.5-1,4 and 5
,,n25,n25 channel bandwidths in Table 5.3.5-1,
,,n71,n71 channel bandwidths in Table 5.3.5-1,
CA_n7A-n25A-n77A,"n777,9CA_n7A-n25ACA_n7A-n77A7CA_n25A-n77A7",n7,"5, 10, 15, 20, 25, 30, 40, 50",0
,,n25,"5, 10, 15, 20, 25, 30, 40",
,,n77,"10, 15, 20, 25, 30, 40, 50, 60, 70, 80, 90, 100",
,CA_n7A-n25ACA_n7A-n77ACA_n25A-n77A,n7,n7 channel bandwidths in Table 5.3.5-1,4 and 5
,,n25,n25 channel bandwidths in Table 5.3.5-1,
,,n77,n77 channel bandwidths in Table 5.3.5-1,
CA_n7A-n25(2A)-n77A,"n777,9CA_n7A-n25ACA_n7A-n77A7CA_n25A-n77A7",n7,"5, 10, 15, 20, 25, 30, 40, 50",0
,,n25,CA_n25(2A)_BCS0,
,,n77,"10, 15, 20, 25, 30, 40, 50, 60, 70, 80, 90, 100",
CA_n7A-n25A-n77(2A),"n777,9CA_n77(2A)7CA_n7A-n25ACA_n7A-n77A7CA_n25A-n77A7",n7,"5, 10, 15, 20, 25, 30, 40, 50",0
,,n25,"5, 10, 15, 20, 25, 30, 40",
,,n77,CA_n77(2A)_BCS1,
,CA_n77(2A)CA_n7A-n25ACA_n7A-n77ACA_n25A-n77A,n7,n7 channel bandwidths in Table 5.3.5-1,4 and 5
,,n25,n25 channel bandwidths in Table 5.3.5-1,
,,n77,CA_n77(2A)_BCS4 and 5,
CA_n7A-n25A-n77(3A),"n777,9CA_n77(2A)7CA_n7A-n25ACA_n7A-n77A7CA_n25A-n77A7",n7,"5, 10, 15, 20, 25, 30, 40, 50",0
,,n25,"5, 10, 15, 20, 25, 30, 40",
,,n77,CA_n77(3A)_BCS1,
,CA_n77(2A)CA_n7A-n25ACA_n7A-n77ACA_n25A-n77A,n7,n7 channel bandwidths in Table 5.3.5-1,4 and 5
,,n25,n25 channel bandwidths in Table 5.3.5-1,
,,n77,CA_n77(3A)_BCS4 and 5,
CA_n7A-n25(2A)-n77(2A),"n777,9CA_n7A-n25ACA_n7A-n77A7CA_n25A-n77A7",n7,"5, 10, 15, 20, 25, 30, 40, 50",0
,,n25,CA_n25(2A)_BCS0,
,,n77,CA_n77(2A)_BCS1,
CA_n7(2A)-n25A-n77A,"n777,9CA_n7A-n25ACA_n7A-n77A7CA_n25A-n77A7",n7,CA_n7(2A)_BCS0,0
,,n25,"5, 10, 15, 20, 25, 30, 40",
,,n77,"10, 15, 20, 25, 30, 40, 50, 60, 70, 80, 90, 100",
CA_n7(2A)-n25(2A)-n77A,"n777,9CA_n7A-n25ACA_n7A-n77A7CA_n25A-n77A7",n7,CA_n7(2A)_BCS0,0
,,n25,CA_n25(2A)_BCS0,
,,n77,"10, 15, 20, 25, 30, 40, 50, 60, 70, 80, 90, 100",
CA_n7(2A)-n25A-n77(2A),"n777,9CA_n7A-n25ACA_n7A-n77A7CA_n25A-n77A7",n7,CA_n7(2A)_BCS0,0
,,n25,"5, 10, 15, 20, 25, 30, 40",
,,n77,CA_n77(2A)_BCS1,
CA_n7(2A)-n25(2A)-n77(2A),"n777,9CA_n7A-n25ACA_n7A-n77A7CA_n25A-n77A7",n7,CA_n7(2A)_BCS0,0
,,n25,CA_n25(2A)_BCS0,
,,n77,CA_n77(2A)_BCS1,
CA_n7A-n25A-n78A,CA_n7A-n25ACA_n7A-n78ACA_n25A-n78A,n7,"5, 10, 15, 20, 25, 30, 40, 50",0
,,n25,"5, 10, 15, 20, 25, 30, 40",
,,n78,"10, 15, 20, 25, 30, 40, 50, 60, 704, 80, 904, 100",
CA_n7(2A)-n25A-n78A,CA_n7A-n25ACA_n7A-n78ACA_n25A-n78A,n7,CA_n7(2A)_BCS0,0
,,n25,"5, 10, 15, 20, 25, 30, 40",
,,n78,"10, 15, 20, 25, 30, 40, 50, 60, 704, 80, 904, 100",
CA_n7A-n25(2A)-n78A,CA_n7A-n25ACA_n7A-n78ACA_n25A-n78A,n7,"5, 10, 15, 20, 25, 30, 40, 50",0
,,n25,CA_n25(2A)_BCS0,
,,n78,"10, 15, 20, 25, 30, 40, 50, 60, 704, 80, 904, 100",
CA_n7(2A)-n25(2A)-n78A,CA_n7A-n25ACA_n7A-n78ACA_n25A-n78A,n7,CA_n7(2A)_BCS0,0
,,n25,CA_n25(2A)_BCS0,
,,n78,"10, 15, 20, 25, 30, 40, 50, 60, 704, 80, 904, 100",
CA_n7A-n25A-n78(2A),CA_n7A-n25ACA_n7A-n78ACA_n25A-n78A,n7,"5, 10, 15, 20, 25, 30, 40, 50",0
,,n25,"5, 10, 15, 20, 25, 30, 40",
,,n78,CA_n78(2A)_BCS0,
,,n7,"5, 10, 15, 20, 25, 30, 40, 50",1
,,n25,"5, 10, 15, 20, 25, 30, 40",
,,n78,CA_n78(2A)_BCS2,
CA_n7(2A)-n25A-n78(2A),CA_n7A-n25ACA_n7A-n78ACA_n25A-n78A,n7,CA_n7(2A)_BCS0,0
,,n25,"5, 10, 15, 20, 25, 30, 40",
,,n78,CA_n78(2A)_BCS0,
CA_n7A-n25(2A)-n78(2A),CA_n7A-n25ACA_n7A-n78ACA_n25A-n78A,n7,"5, 10, 15, 20, 25, 30, 40, 50",0
,,n25,CA_n25(2A)_BCS0,
,,n78,CA_n78(2A)_BCS0,
CA_n7(2A)-n25(2A)-n78(2A),CA_n7A-n25ACA_n7A-n78ACA_n25A-n78A,n7,CA_n7(2A)_BCS0,0
,,n25,CA_n25(2A)_BCS0,
,,n78,CA_n78(2A)_BCS0,
CA_n7A-n26A-n78A,"n77n267n787,9CA_n7A-n26ACA_n7A-n78A7,13,14CA_n26A-n78A7,13,14",n7,"5, 10, 15, 20, 25, 30, 40, 50",0
,,n26,"5, 10, 15, 20",
,,n78,"10, 15, 20, 25, 30, 40, 50, 60, 70, 80, 90, 100",
CA_n7A-n26A-n78(2A),"n77n267n787,9CA_n78(2A)7CA_n7A-n26ACA_n7A-n78A7,13,14CA_n26A-n78A7,13,14",n7,"5, 10, 15, 20, 25, 30, 35, 40, 50",0
,,n26,"5, 10, 15, 20, 25, 30",
,,n78,CA_n78(2A)_BCS0,
,n77n267CA_n78(2A),n7,n7 channel bandwidths in Table 5.3.5-1,4 and 5
,"CA_n7A-n78A7,13,14CA_n26A-n78A7,13,14",n26,n26 channel bandwidths in Table 5.3.5-1,
,,n78,CA_n78(2A)_BCS4 and 5,
CA_n7A-n26A-n78C,"n77n267n787,9CA_n7A-n26ACA_n7A-n78A7,13,14CA_n26A-n78A7,13,14CA_n78C7",n7,"5, 10, 15, 20, 25, 30, 35, 40, 50",0
,,n26,"5, 10, 15, 20, 25, 30",
,,n78,CA_n78C_BCS0,
CA_n7A-n26A-n78(A-C),"CA_n78CCA_n7A-n26ACA_n7A-n78A7,13,14CA_n26A-n78A7,13,14",n7,"5, 10, 15, 20, 25, 30, 35, 40, 50",0
,,n26,"5, 10, 15, 20, 25, 30",
,,n78,CA_n78(A-C)_BCS1,
CA_n7A-n26(2A)-n78A,"n77n267n787,9CA_n7A-n26ACA_n7A-n78A7,13,14CA_n26A-n78A7,13,14CA_n26(2A)",n7,"5, 10, 15, 20, 25, 30, 35, 40, 50",0
,,n26,CA_n26(2A)_BCS0,
,,n78,"10, 15, 20, 25, 30, 40, 50, 60, 70, 80, 90, 100",
CA_n7A-n26(2A)-n78(2A),"n77n267n787,9CA_n78(2A) 7CA_n7A-n26ACA_n7A-n78A7,13,14CA_n26A-n78A7,13,14CA_n26(2A)",n7,"5, 10, 15, 20, 25, 30, 35, 40, 50",0
,,n26,CA_n26(2A)_BCS0,
,,n78,CA_n78(2A)_BCS0,
CA_n7A-n26(2A)-n78C,"n77n267n787,9CA_n7A-n26ACA_n7A-n78A7,13,14CA_n26A-n78A7,13,14CA_n26(2A)CA_n78C7",n7,"5, 10, 15, 20, 25, 30, 35, 40, 50",0
,,n26,CA_n26(2A)_BCS0,
,,n78,CA_n78C_BCS0,
CA_n7B-n26A-n78A,"n77n267n787,9CA_n7A-n26ACA_n7A-n78A7,13,14CA_n26A-n78A7,13,14CA_n7B",n7,CA_n7B_BCS0,0
,,n26,"5, 10, 15, 20",
,,n78,"10, 15, 20, 25, 30, 40, 50, 60, 70, 80, 90, 100",
CA_n7B-n26A-n78(2A),"n77n267n787,9CA_n78(2A)7CA_n7A-n26ACA_n7A-n78A7,13,14CA_n7BCA_n26A-n78A7,13,14",n7,CA_n7B_BCS0,0
,,n26,"5, 10, 15, 20, 25, 30",
,,n78,CA_n78(2A)_BCS0,
,n77n267CA_n78(2A),n7,CA_n7B_BCS4 and 5,4 and 5
,"CA_n7A-n78A7,13,14CA_n26A-n78A7,13,14",n26,n26 channel bandwidths in Table 5.3.5-1,
,,n78,CA_n78(2A)_BCS4 and 5,
CA_n7B-n26A-n78C,"n77n267n787,9CA_n7A-n26ACA_n7A-n78A7,13,14CA_n7BCA_n26A-n78A7,13,14CA_n78C7",n7,CA_n7B_BCS0,0
,,n26,"5, 10, 15, 20, 25, 30",
,,n78,CA_n78C_BCS0,
CA_n7B-n26(2A)-n78A,"n77n267n787,9CA_n7A-n26ACA_n7A-n78A7,13,14CA_n26A-n78A7,13,14CA_n7BCA_n26(2A)",n7,CA_n7B_BCS0,0
,,n26,CA_n26(2A)_BCS0,
,,n78,"10, 15, 20, 25, 30, 40, 50, 60, 70, 80, 90, 100",
CA_n7B-n26(2A)-n78(2A),"n77n267n787,9CA_n78(2A) 7CA_n7A-n26ACA_n7A-n78A7,13,14CA_n26A-n78A7,13,14CA_n7BCA_n26(2A)",n7,CA_n7B_BCS0,0
,,n26,CA_n26(2A)_BCS0,
,,n78,CA_n78(2A)_BCS0,
CA_n7B-n26(2A)-n78C,"n77n267n787,9CA_n7A-n26ACA_n7A-n78A7,13,14CA_n26A-n78A7,13,14CA_n7BCA_n26(2A)CA_n78C7",n7,CA_n7B_BCS0,0
,,n26,CA_n26(2A)_BCS0,
,,n78,CA_n78C_BCS0,
CA_n7A-n28A-n38A11,-,n7,"5, 10, 15, 20, 30, 40, 50",0
,,n28,"5, 10, 15, 20",
,,n38,"5, 10, 15, 20, 30, 40",
CA_n7A-n28A-n40A,CA_n7A-n28ACA_n7A-n40ACA_n28A-n40A,n7,"5, 10, 15, 20, 25, 30, 35, 40, 50",0
,,n28,"5, 10, 15, 20, 25, 30, 40",
,,n40,"10, 15, 20, 25, 30, 40, 50, 60, 70, 80, 90, 100",
,,n7,n7 channel bandwidths in Table 5.3.5-1,4 and 5
,,n28,n28 channel bandwidths in Table 5.3.5-1,
,,n40,n40 channel bandwidths in Table 5.3.5-1,
CA_n7A-n28A-n75A,CA_n7A-n28A,n7,See n7 channel bandwidths in Table 5.3.5-1,4 and 5
,,n28,See n28 channel bandwidths in Table 5.3.5-1,
,,n75,See n75 channel bandwidths in Table 5.3.5-1,
CA_n7A-n28A-n78A,"n77n787,9CA_n7A-n78A7,13,14CA_n28A-n78A7,13,14",n7,"5, 10, 15, 20, 25, 30, 40, 50",0
,,n28,"5, 10, 15, 20",
,,n78,"10, 15, 20, 25, 30, 40, 50, 60, 80, 90, 100",
,"n77n787,9CA_n7A-n28A7CA_n7A-n78A7,13,14CA_n28A-n78A7,13,14",n7,"5, 10, 15, 20, 25, 30, 40, 50",1
,,n28,"5, 10, 15, 20",
,,n78,"10, 15, 20, 25, 30, 40, 50, 60, 704, 80, 90, 100",
,,n7,n7 channel bandwidths in Table 5.3.5-1,4 and 5
,,n28,n28 channel bandwidths in Table 5.3.5-1,
,,n78,n78 channel bandwidths in Table 5.3.5-1,
CA_n7A-n28A-n78(2A),"n77n787,9CA_n7A-n28A7CA_n7A-n78A7,13,14CA_n28A-n78A7,13,14CA_n78(2A)7",n7,"5, 10, 15, 20, 25, 30, 40, 50",0
,,n28,"5, 10, 15, 20",
,,n78,CA_n78(2A)_BCS2,
,,n7,n7 channel bandwidths in Table 5.3.5-1,4 and 5
,,n28,n28 channel bandwidths in Table 5.3.5-1,
,,n78,CA_n78(2A)_BCS4 and 5,
CA_n7A-n28A-n78C,"n77n787,9CA_n78C7CA_n7A-n28ACA_n7A-n78A7,13,14CA_n28A-n78A7,13,14",n7,"5, 10, 15, 20, 25, 30, 40, 50",0
,,n28,"5, 10, 15, 20",
,,n78,CA_n78C_BCS1,
CA_n7A-n28A-n78(A-C),CA_n78CCA_n7A-n28ACA_n7A-n78ACA_n28A-n78A,n7,"5, 10, 15, 20, 25, 30, 35, 40, 50",0
,,n28,"5, 10, 15, 20, 25, 30",
,,n78,CA_n78(A-C)_BCS1,
CA_n7B-n28A-n78A,"n77n787,9CA_n7A-n78A7,13,14CA_n28A-n78A7,13,14",n7,CA_n7B_BCS0,0
,,n28,"5, 10, 15, 20",
,,n78,"10, 15, 20, 25, 30, 40, 50, 60, 80, 90, 100",
,"n77CA_n7A-n28ACA_n7A-n78A7,13,14CA_n28A-n78A7,13,14CA_n7B",n7,CA_n7B_BCS0,1
,,n28,"5, 10, 15, 20",
,,n78,"10, 15, 20, 25, 30, 40, 50, 60, 704, 80, 90, 100",
CA_n7B-n28A-n78(2A),"n77n787,9CA_n7BCA_n7A-n28ACA_n7A-n78A7,13,14CA_n28A-n78A7,13,14CA_n78(2A)7",n7,CA_n7B_BCS0,0
,,n28,"5, 10, 15, 20",
,,n78,CA_n78(2A)_BCS2,
CA_n7B-n28A-n78C,"n77n787CA_n7BCA_n78C7CA_n7A-n28ACA_n7A-n78A7,13,14CA_n28A-n78A7,13,14",n7,CA_n7B_BCS0,0
,,n28,"5, 10, 15, 20",
,,n78,CA_n78C_BCS1,
CA_n7A-n28A-n79A,CA_n7A-n28ACA_n7A-n79ACA_n28A-n79A,n7,n7 channel bandwidths in Table 5.3.5-1,4 and 5
,,n28,n28 channel bandwidths in Table 5.3.5-1,
,,n79,n79 channel bandwidths in Table 5.3.5-1,
CA_n7A-n29A-n66A,CA_n7A-n66A,n7,n7 channel bandwidths in Table 5.3.5-1,4 and 5
,,n29,n29 channel bandwidths in Table 5.3.5-1,
,,n66,n66 channel bandwidths in Table 5.3.5-1,
CA_n7A-n29A-n77A,CA_n7A-n77A,n7,n7 channel bandwidths in Table 5.3.5-1,4 and 5
,,n29,n29 channel bandwidths in Table 5.3.5-1,
,,n77,n77 channel bandwidths in Table 5.3.5-1,
CA_n7A-n29A-n77(2A),CA_n7A-n77ACA_n77(2A),n7,n7 channel bandwidths in Table 5.3.5-1,4 and 5
,,n29,n29 channel bandwidths in Table 5.3.5-1,
,,n77,CA_n77(2A)_BCS4 and 5,
CA_n7A-n29A-n77(3A),CA_n7A-n77ACA_n77(2A),n7,n7 channel bandwidths in Table 5.3.5-1,4 and 5
,,n29,n29 channel bandwidths in Table 5.3.5-1,
,,n77,CA_n77(3A)_BCS4 and 5,
CA_n7A-n38A-n78A10,-,n7,"5, 10, 15, 20, 25, 30, 40, 50",0
,,n38,"5, 10, 15, 20, 25, 30, 40",
,,n78,"10, 15, 20, 25, 30, 40, 50, 60, 70, 80, 90, 100",
CA_n7A-n40A-n78A,CA_n7A-n40ACA_n7A-n78ACA_n40A-n78A,n7,"5, 10, 15, 20, 25, 30, 40, 50",0
,,n40,"5, 10, 15, 20, 30, 40, 50, 60, 80",
,,n78,"10, 15, 20, 25, 30, 40, 50, 60, 70, 80, 90, 100",
,,n7,n7 channel bandwidths in Table 5.3.5-1,4 and 5
,,n40,n40 channel bandwidths in Table 5.3.5-1,
,,n78,n78 channel bandwidths in Table 5.3.5-1,
CA_n7A-n40A-n79A,CA_n7A-n40ACA_n7A-n79ACA_n40A-n79A,n7,n7 channel bandwidths in Table 5.3.5-1,4 and 5
,,n40,n40 channel bandwidths in Table 5.3.5-1,
,,n79,n79 channel bandwidths in Table 5.3.5-1,
CA_n7A-n40A-n105A,CA_n7A-n40ACA_n7A-n105ACA_n40A-n105A,n7,"5, 10, 15, 20, 25, 30, 40, 50",0
,,n40,"5,10, 15, 20, 25, 30, 40, 50, 60, 70, 80, 90, 100",
,,n105,"5, 10, 15, 20, 25, 30, 35",
CA_n7A-n46A-n78A,CA_n7A-n46ACA_n7A-n78ACA_n46A-n78A,n7,"5, 10, 15, 20, 25, 30, 40, 50",0
,,n46,"20, 40, 60, 80",
,,n78,"10, 15, 20, 25, 30, 40, 50, 60, 70, 80, 90, 100",
CA_n7A-n46C-n78A,CA_n7A-n46ACA_n7A-n78ACA_n46A-n78A,n7,"5, 10, 15, 20, 25, 30, 40, 50",0
,,n46,CA_n46C_BCS0,
,,n78,"10, 15, 20, 25, 30, 40, 50, 60, 70, 80, 90, 100",
CA_n7A-n46D-n78A,CA_n7A-n46ACA_n7A-n78ACA_n46A-n78A,n7,"5, 10, 15, 20, 25, 30, 40, 50",0
,,n46,CA_n46D_BCS0,
,,n78,"10, 15, 20, 25, 30, 40, 50, 60, 70, 80, 90, 100",
CA_n7A-n46(2A)-n78A,CA_n7A-n46ACA_n7A-n78ACA_n46A-n78A,n7,"5, 10, 15, 20, 25, 30, 40, 50",0
,,n46,CA_n46(2A)_BCS0,
,,n78,"10, 15, 20, 25, 30, 40, 50, 60, 70, 80, 90, 100",
CA_n7A-n46(2A)-n78(2A),CA_n7A-n46ACA_n7A-n78ACA_n46A-n78ACA_n78(2A),n7,"5, 10, 15, 20, 25, 30, 40, 50",0
,,n46,CA_n46(2A)_BCS0,
,,n78,CA_n78(2A)_BCS2,
CA_n7A-n46A-n78(2A),CA_n7A-n46ACA_n7A-n78ACA_n46A-n78ACA_n78(2A),n7,"5, 10, 15, 20, 25, 30, 40, 50",0
,,n46,"20, 40, 60, 80",
,,n78,CA_n78(2A)_BCS2,
CA_n7A-n46C-n78(2A),CA_n7A-n46ACA_n7A-n78ACA_n46A-n78ACA_n78(2A),n7,"5, 10, 15, 20, 25, 30, 40, 50",0
,,n46,CA_n46C_BCS0,
,,n78,CA_n78(2A)_BCS2,
CA_n7A-n46D-n78(2A),CA_n7A-n46ACA_n7A-n78ACA_n46A-n78ACA_n78(2A),n7,"5, 10, 15, 20, 25, 30, 40, 50",0
,,n46,CA_n46D_BCS0,
,,n78,CA_n78(2A)_BCS2,
CA_n7A-n66A-n71A,CA_n7A-n66ACA_n7A-n71ACA_n66A-n71A,n7,"5, 10, 15, 20, 25, 30, 40, 50",0
,,n66,"5, 10, 15, 20, 40",
,,n71,"5, 10, 15, 20",
,,n7,n7 channel bandwidths in Table 5.3.5-1,4 and 5
,,n66,n66 channel bandwidths in Table 5.3.5-1,
,,n71,n71 channel bandwidths in Table 5.3.5-1,
CA_n7A-n66A-n77A,"n777,9CA_n7A-n66ACA_n7A-n77A7CA_n66A-n77A7",n7,"5, 10, 15, 20, 25, 30, 40, 50",0
,,n66,"5, 10, 15, 20, 25, 30, 40",
,,n77,"10, 15, 20, 25, 30, 40, 50, 60, 70, 80, 90, 100",
,,n7,n7 channel bandwidths in Table 5.3.5-1,4 and 5
,,n66,n66 channel bandwidths in Table 5.3.5-1,
,,n77,n77 channel bandwidths in Table 5.3.5-1,
CA_n7A-n66(2A)-n77A,"n777,9CA_n7A-n66ACA_n7A-n77A7CA_n66A-n77A7",n7,"5, 10, 15, 20, 25, 30, 40, 50",0
,,n66,CA_n66(2A)_BCS1,
,,n77,"10, 15, 20, 25, 30, 40, 50, 60, 70, 80, 90, 100",
CA_n7A-n66A-n77(2A),"n777,9CA_n77(2A)CA_n7A-n66ACA_n7A-n77A7CA_n66A-n77A7",n7,"5, 10, 15, 20, 25, 30, 40, 50",0
,,n66,"5, 10, 15, 20, 25, 30, 40",
,,n77,CA_n77(2A)_BCS1,
,,n7,n7 channel bandwidths in Table 5.3.5-1,4 and 5
,,n66,n66 channel bandwidths in Table 5.3.5-1,
,,n77,CA_n77(2A)_BCS4 and 5,
CA_n7A-n66A-n77(3A),"n777,9CA_n77(2A)7CA_n77(2A) 7CA_n7A-n66ACA_n7A-n77A7CA_n66A-n77A7",n7,"5, 10, 15, 20, 25, 30, 40, 50",0
,,n66,"5, 10, 15, 20, 25, 30, 40",
,,n77,CA_n77(3A)_BCS1,
,,n7,n7 channel bandwidths in Table 5.3.5-1,4 and 5
,,n66,n66 channel bandwidths in Table 5.3.5-1,
,,n77,CA_n77(3A)_BCS4 and 5,
CA_n7A-n66(2A)-n77(2A),"n777,9CA_n7A-n66ACA_n7A-n77A7CA_n66A-n77A7",n7,"5, 10, 15, 20, 25, 30, 40, 50",0
,,n66,CA_n66(2A)_BCS1,
,,n77,CA_n77(2A)_BCS1,
CA_n7(2A)-n66A-n77A,"n777,9CA_n7A-n66ACA_n7A-n77A7CA_n66A-n77A7",n7,CA_n7(2A)_BCS0,0
,,n66,"5, 10, 15, 20, 25, 30, 40",
,,n77,"10, 15, 20, 25, 30, 40, 50, 60, 70, 80, 90, 100",
CA_n7(2A)-n66(2A)-n77A,"n777,9CA_n7A-n66ACA_n7A-n77A7CA_n66A-n77A7",n7,CA_n7(2A)_BCS0,0
,,n66,CA_n66(2A)_BCS1,
,,n77,"10, 15, 20, 25, 30, 40, 50, 60, 70, 80, 90, 100",
CA_n7(2A)-n66A-n77(2A),"n777,9CA_n7A-n66ACA_n7A-n77A7CA_n66A-n77A7",n7,CA_n7(2A)_BCS0,0
,,n66,"5, 10, 15, 20, 25, 30, 40",
,,n77,CA_n77(2A)_BCS1,
CA_n7(2A)-n66(2A)-n77(2A),"n777,9CA_n7A-n66ACA_n7A-n77A7CA_n66A-n77A7",n7,CA_n7(2A)_BCS0,0
,,n66,CA_n66(2A)_BCS1,
,,n77,CA_n77(2A)_BCS1,
CA_n7A-n66A-n78A,"n787,9CA_n7A-n66ACA_n7A-n78A7CA_n66A-n78A7",n7,"5, 10, 15, 20, 25, 30, 40, 50",0
,,n66,"5, 10, 15, 20, 25, 30, 40",
,,n78,"10, 15, 20, 25, 30, 40, 50, 60, 80, 90, 100",
,,n7,"5, 10, 15, 20, 25, 30, 40, 50",1
,,n66,"5, 10, 15, 20, 25, 30, 40",
,,n78,"10, 15, 20, 25, 30, 40, 50, 60, 70, 80, 90, 100",
CA_n7A-n66A-n78(2A),CA_n7A-n66ACA_n7A-n78ACA_n66A-n78A,n7,"5, 10, 15, 20, 25, 30, 40, 50",0
,,n66,"5, 10, 15, 20, 25, 30, 40",
,,n78,CA_n78(2A)_BCS1,
,,n7,"5, 10, 15, 20, 25, 30, 40, 50",1
,,n66,"5, 10, 15, 20, 25, 30, 40",
,,n78,CA_n78(2A)_BCS2,
CA_n7(2A)-n66A-n78A,CA_n7A-n66ACA_n7A-n78ACA_n66A-n78A,n7,CA_n7(2A)_BCS0,0
,,n66,"5, 10, 15, 20, 25, 30, 40",
,,n78,"10, 15, 20, 25, 30, 40, 50, 60, 70, 80, 90, 100",
CA_n7A-n66(2A)-n78A,CA_n7A-n66ACA_n7A-n78ACA_n66A-n78A,n7,"5, 10, 15, 20, 25, 30, 40, 50",0
,,n66,CA_n66(2A)_BCS1,
,,n78,"10, 15, 20, 25, 30, 40, 50, 60, 70, 80, 90, 100",
CA_n7(2A)-n66(2A)-n78A,CA_n7A-n66ACA_n7A-n78ACA_n66A-n78A,n7,CA_n7(2A)_BCS0,0
,,n66,CA_n66(2A)_BCS1,
,,n78,"10, 15, 20, 25, 30, 40, 50, 60, 70, 80, 90, 100",
CA_n7A-n66(2A)-n78(2A),CA_n7A-n66ACA_n7A-n78ACA_n66A-n78A,n7,"5, 10, 15, 20, 25, 30, 40, 50",0
,,n66,CA_n66(2A)_BCS1,
,,n78,CA_n78(2A)_BCS2,
CA_n7(2A)-n66A-n78(2A),CA_n7A-n66ACA_n7A-n78ACA_n66A-n78A,n7,CA_n7(2A)_BCS0,0
,,n66,"5, 10, 15, 20, 25, 30, 40",
,,n78,CA_n78(2A)_BCS2,
CA_n7(2A)-n66(2A)-n78(2A),CA_n7A-n66ACA_n7A-n78ACA_n66A-n78A,n7,CA_n7(2A)_BCS0,0
,,n66,CA_n66(2A)_BCS1,
,,n78,CA_n78(2A)_BCS2,
CA_n7A-n67A-n78A,CA_n7A-n78A,n7,"5, 10, 15, 20, 25, 30, 35, 40, 50",0
,,n67,"5, 10, 15, 20",
,,n78,"10, 15, 20, 25, 30, 40, 50, 60, 70, 80, 90, 100",
,,n7,n7 channel bandwidths in Table 5.3.5-1,4 and 5
,,n67,n67 channel bandwidths in Table 5.3.5-1,
,,n78,n78 channel bandwidths in Table 5.3.5-1,
CA_n7A-n67A-n78(2A),CA_n7A-n78ACA_n78(2A),n7,"5, 10, 15, 20, 25, 30, 35, 40, 50",0
,,n67,"5, 10, 15, 20",
,,n78,CA_n78(2A)_BCS2,
,,n7,n7 channel bandwidths in Table 5.3.5-1,4 and 5
,,n67,n67 channel bandwidths in Table 5.3.5-1,
,,n78,CA_n78(2A)_BCS4 and 5,
CA_n7A-n71A-n77A,"n777,9CA_n7A-n71ACA_n7A-n77A7CA_n71A-n77A7",n7,"5, 10, 15, 20, 25, 30, 35, 40, 50",0
,,n71,"5, 10, 15, 20, 25, 30, 35",
,,n77,"10, 15, 20, 25, 30, 40, 50, 60, 70, 80, 90, 100",
,,n7,See n7 channel bandwidths in Table 5.3.5-1,4 and 5
,,n71,See n71 channel bandwidths in Table 5.3.5-1,
,,n77,See n77 channel bandwidths in Table 5.3.5-1,
CA_n7A-n71A-n77(2A),"n777,9CA_n77(2A)7CA_n7A-n71ACA_n7A-n77A7CA_n71A-n77A7",n7,"5, 10, 15, 20, 25, 30, 35, 40, 50",0
,,n71,"5, 10, 15, 20, 25, 30, 35",
,,n77,CA_n77(2A)_BCS0,
,,n7,See n7 channel bandwidths in Table 5.3.5-1,4 and 5
,,n71,See n71 channel bandwidths in Table 5.3.5-1,
,,n77,CA_n77(2A)_BCS4 and 5,
CA_n7A-n71A-n77(3A),"n777,9CA_n77(2A)7CA_n7A-n71ACA_n7A-n77A7CA_n71A-n77A7",n7,"5, 10, 15, 20, 25, 30, 35, 40, 50",0
,,n71,"5, 10, 15, 20, 25, 30, 35",
,,n77,CA_n77(3A)_BCS0,
CA_n7A-n75A-n78A,CA_n7A-n78A,n7,n7 channel bandwidths in Table 5.3.5-1,4 and 5
,,n75,n75 channel bandwidths in Table 5.3.5-1,
,,n78,n78 channel bandwidths in Table 5.3.5-1,
CA_n7A-n75A-n78(2A),CA_n78(2A)CA_n7A-n78A,n7,n7 channel bandwidths in Table 5.3.5-1,4 and 5
,,n75,n75 channel bandwidths in Table 5.3.5-1,
,,n78,CA_n78(2A)_BCS4 and 5,
CA_n7A-n78A-n79A,CA_n7A-n78ACA_n7A-n79ACA_n78A-n79A,n7,n7 channel bandwidths in Table 5.3.5-1,4 and 5
,,n78,n78 channel bandwidths in Table 5.3.5-1,
,,n79,n79 channel bandwidths in Table 5.3.5-1,
CA_n7A-n78A-n102A,CA_n7A-n78ACA_n7A-n102ACA_n78A-n102A,n7,"5, 10, 15, 20, 25, 30, 40, 50",0
,,n78,"10, 15, 20, 25, 30, 40, 50, 60, 70, 80, 90, 100",
,,n102,"20, 40, 60, 80, 100",
CA_n7A-n78A-n102B,CA_n7A-n78ACA_n7A-n102ACA_n7A-n102BCA_n78A-n102ACA_n78A-n102B,n7,"5, 10, 15, 20, 25, 30, 40, 50",0
,,n78,"10, 15, 20, 25, 30, 40, 50, 60, 70, 80, 90, 100",
,,n102,CA_n102B_BCS0,
CA_n7A-n78A-n102C,CA_n7A-n78ACA_n7A-n102ACA_n7A-n102CCA_n78A-n102ACA_n78A-n102C,n7,"5, 10, 15, 20, 25, 30, 40, 50",0
,,n78,"10, 15, 20, 25, 30, 40, 50, 60, 70, 80, 90, 100",
,,n102,CA_n102C_BCS0,
CA_n7A-n78A-n102D,CA_n7A-n78ACA_n7A-n102ACA_n78A-n102A,n7,"5, 10, 15, 20, 25, 30, 40, 50",0
,,n78,"10, 15, 20, 25, 30, 40, 50, 60, 70, 80, 90, 100",
,,n102,CA_n102D_BCS0,
CA_n7A-n78A-n102E,CA_n7A-n78ACA_n7A-n102ACA_n78A-n102A,n7,"5, 10, 15, 20, 25, 30, 40, 50",0
,,n78,"10, 15, 20, 25, 30, 40, 50, 60, 70, 80, 90, 100",
,,n102,CA_n102E_BCS0,
CA_n7A-n78A-n102(2A),CA_n7A-n78ACA_n7A-n102ACA_n78A-n102A,n7,"5, 10, 15, 20, 25, 30, 40, 50",0
,,n78,"10, 15, 20, 25, 30, 40, 50, 60, 70, 80, 90, 100",
,,n102,CA_n102(2A)_BCS0,
CA_n7A-n78(2A)-n102A,CA_n7A-n78ACA_n7A-n102ACA_n78A-n102ACA_n78(2A),n7,"5, 10, 15, 20, 25, 30, 40, 50",0
,,n78,CA_n78(2A)_BCS2,
,,n102,"20, 40, 60, 80, 100",
CA_n7A-n78(2A)-n102B,CA_n7A-n78ACA_n7A-n102ACA_n7A-n102BCA_n78A-n102ACA_n78A-n102BCA_n78(2A),n7,"5, 10, 15, 20, 25, 30, 40, 50",0
,,n78,CA_n78(2A)_BCS2,
,,n102,CA_n102B_BCS0,
CA_n7A-n78(2A)-n102C,CA_n7A-n78ACA_n7A-n102ACA_n7A-n102CCA_n78A-n102ACA_n78A-n102CCA_n78(2A),n7,"5, 10, 15, 20, 25, 30, 40, 50",0
,,n78,CA_n78(2A)_BCS2,
,,n102,CA_n102C_BCS0,
CA_n7A-n78(2A)-n102D,CA_n7A-n78ACA_n7A-n102ACA_n78A-n102ACA_n78(2A),n7,"5, 10, 15, 20, 25, 30, 40, 50",0
,,n78,CA_n78(2A)_BCS2,
,,n102,CA_n102D_BCS0,
CA_n7A-n78(2A)-n102E,CA_n7A-n78ACA_n7A-n102ACA_n78A-n102ACA_n78(2A),n7,"5, 10, 15, 20, 25, 30, 40, 50",0
,,n78,CA_n78(2A)_BCS2,
,,n102,CA_n102E_BCS0,
CA_n7A-n78(2A)-n102(2A),CA_n7A-n78ACA_n7A-n102ACA_n78A-n102ACA_n78(2A),n7,"5, 10, 15, 20, 25, 30, 40, 50",0
,,n78,CA_n78(2A)_BCS2,
,,n102,CA_n102(2A)_BCS0,
CA_n7A-n78A-n105A,CA_n7A-n78ACA_n7A-n105ACA_n78A-n105A,n7,"5, 10, 15, 20, 25, 30, 40, 50",0
,,n78,"10, 15, 20, 25, 30, 40, 50, 60, 70, 80, 90, 100",
,,n105,"5, 10, 15, 20, 25, 30, 35",
