NR CA configuration,Uplink configuration,,NR Band,Channel bandwidth (MHz) (note 1),Bandwidth combination set
CA_n40A-n41A-n258A,CA_n40A-n41ACA_n40A-n258ACA_n41A-n258A,,n40,"5, 10, 15, 20, 25, 30, 40, 50, 60, 80",0
,,,n41,"10, 15, 20, 30, 40, 50, 60, 80, 90, 100",
,,,n258,"50, 100, 200, 400",
CA_n40A-n77A-n257A,CA_n40A-n77ACA_n77A-n257ACA_n40A-n257A,,n40,"5, 10, 15, 20, 25, 30, 40, 50, 60, 80",0
,,,n77,"10, 15, 20, 40, 50, 60, 80, 90, 100",
,,,n257,"50, 100, 200, 400",
CA_n40A-n77A-n257D,CA_n40A-n77ACA_n77A-n257ACA_n40A-n257A,,n40,"5, 10, 15, 20, 25, 30, 40, 50, 60, 80",0
,,,n77,"10, 15, 20, 40, 50, 60, 80, 90, 100",
,,,n257,CA_n257D,
CA_n40A-n77A-n257E,CA_n40A-n77ACA_n77A-n257ACA_n40A-n257A,,n40,"5, 10, 15, 20, 25, 30, 40, 50, 60, 80",0
,,,n77,"10, 15, 20, 40, 50, 60, 80, 90, 100",
,,,n257,CA_n257E,
CA_n40A-n77A-n257F,CA_n40A-n77ACA_n77A-n257ACA_n40A-n257A,,n40,"5, 10, 15, 20, 25, 30, 40, 50, 60, 80",0
,,,n77,"10, 15, 20, 40, 50, 60, 80, 90, 100",
,,,n257,CA_n257F,
CA_n40A-n77A-n257G,CA_n40A-n77ACA_n77A-n257ACA_n40A-n257A,,n40,"5, 10, 15, 20, 25, 30, 40, 50, 60, 80",0
,,,n77,"10, 15, 20, 40, 50, 60, 80, 90, 100",
,,,n257,CA_n257G,
CA_n40A-n77A-n257H,CA_n40A-n77ACA_n77A-n257ACA_n40A-n257A,,n40,"5, 10, 15, 20, 25, 30, 40, 50, 60, 80",0
,,,n77,"10, 15, 20, 40, 50, 60, 80, 90, 100",
,,,n257,CA_n257H,
CA_n40A-n77A-n257I,CA_n40A-n77ACA_n77A-n257ACA_n40A-n257A,,n40,"5, 10, 15, 20, 25, 30, 40, 50, 60, 80",0
,,,n77,"10, 15, 20, 40, 50, 60, 80, 90, 100",
,,,n257,CA_n257I,
CA_n40A-n77A-n257J,CA_n40A-n77ACA_n77A-n257ACA_n40A-n257A,,n40,"5, 10, 15, 20, 25, 30, 40, 50, 60, 80",0
,,,n77,"10, 15, 20, 40, 50, 60, 80, 90, 100",
,,,n257,CA_n257J,
CA_n40A-n77A-n257K,CA_n40A-n77ACA_n77A-n257ACA_n40A-n257A,,n40,"5, 10, 15, 20, 25, 30, 40, 50, 60, 80",0
,,,n77,"10, 15, 20, 40, 50, 60, 80, 90, 100",
,,,n257,CA_n257K,
CA_n40A-n77A-n257L,CA_n40A-n77ACA_n77A-n257ACA_n40A-n257A,,n40,"5, 10, 15, 20, 25, 30, 40, 50, 60, 80",0
,,,n77,"10, 15, 20, 40, 50, 60, 80, 90, 100",
,,,n257,CA_n257L,
CA_n40A-n77A-n257M,CA_n40A-n77ACA_n77A-n257ACA_n40A-n257A,,n40,"5, 10, 15, 20, 25, 30, 40, 50, 60, 80",0
,,,n77,"10, 15, 20, 40, 50, 60, 80, 90, 100",
,,,n257,CA_n257M,
CA_n40A-n77C-n257A,CA_n40A-n77ACA_n77A-n257ACA_n40A-n257A,,n40,"5, 10, 15, 20, 25, 30, 40, 50, 60, 80",0
,,,n77,CA_n77C,
,,,n257,"50, 100, 200, 400",
CA_n40A-n77C-n257D,CA_n40A-n77ACA_n77A-n257ACA_n40A-n257A,,n40,"5, 10, 15, 20, 25, 30, 40, 50, 60, 80",0
,,,n77,CA_n77C,
,,,n257,CA_n257D,
CA_n40A-n77C-n257E,CA_n40A-n77ACA_n77A-n257ACA_n40A-n257A,,n40,"5, 10, 15, 20, 25, 30, 40, 50, 60, 80",0
,,,n77,CA_n77C,
,,,n257,CA_n257E,
CA_n40A-n77C-n257F,CA_n40A-n77ACA_n77A-n257ACA_n40A-n257A,,n40,"5, 10, 15, 20, 25, 30, 40, 50, 60, 80",0
,,,n77,CA_n77C,
,,,n257,CA_n257F,
CA_n40A-n77C-n257G,CA_n40A-n77ACA_n77A-n257ACA_n40A-n257A,,n40,"5, 10, 15, 20, 25, 30, 40, 50, 60, 80",0
,,,n77,CA_n77C,
,,,n257,CA_n257G,
CA_n40A-n77C-n257H,CA_n40A-n77ACA_n77A-n257ACA_n40A-n257A,,n40,"5, 10, 15, 20, 25, 30, 40, 50, 60, 80",0
,,,n77,CA_n77C,
,,,n257,CA_n257H,
CA_n40A-n77C-n257I,CA_n40A-n77ACA_n77A-n257ACA_n40A-n257A,,n40,"5, 10, 15, 20, 25, 30, 40, 50, 60, 80",0
,,,n77,CA_n77C,
,,,n257,CA_n257I,
CA_n40A-n77C-n257J,CA_n40A-n77ACA_n77A-n257ACA_n40A-n257A,,n40,"5, 10, 15, 20, 25, 30, 40, 50, 60, 80",0
,,,n77,CA_n77C,
,,,n257,CA_n257J,
CA_n40A-n77C-n257K,CA_n40A-n77ACA_n77A-n257ACA_n40A-n257A,,n40,"5, 10, 15, 20, 25, 30, 40, 50, 60, 80",0
,,,n77,CA_n77C,
,,,n257,CA_n257K,
CA_n40A-n77C-n257L,CA_n40A-n77ACA_n77A-n257ACA_n40A-n257A,,n40,"5, 10, 15, 20, 25, 30, 40, 50, 60, 80",0
,,,n77,CA_n77C,
,,,n257,CA_n257L,
CA_n40A-n77C-n257M,CA_n40A-n77ACA_n77A-n257ACA_n40A-n257A,,n40,"5, 10, 15, 20, 25, 30, 40, 50, 60, 80",0
,,,n77,CA_n77C,
,,,n257,CA_n257M,
CA_n40B-n77A-n257A,CA_n40A-n77ACA_n77A-n257ACA_n40A-n257A,,n40,CA_n40B,0
,,,n77,"10, 15, 20, 40, 50, 60, 80, 90, 100",
,,,n257,"50, 100, 200, 400",
CA_n40B-n77A-n257D,CA_n40A-n77ACA_n77A-n257ACA_n40A-n257A,,n40,CA_n40B,0
,,,n77,"10, 15, 20, 40, 50, 60, 80, 90, 100",
,,,n257,CA_n257D,
CA_n40B-n77A-n257E,CA_n40A-n77ACA_n77A-n257ACA_n40A-n257A,,n40,CA_n40B,0
,,,n77,"10, 15, 20, 40, 50, 60, 80, 90, 100",
,,,n257,CA_n257E,
CA_n40B-n77A-n257F,CA_n40A-n77ACA_n77A-n257ACA_n40A-n257A,,n40,CA_n40B,0
,,,n77,"10, 15, 20, 40, 50, 60, 80, 90, 100",
,,,n257,CA_n257F,
CA_n40B-n77A-n257G,CA_n40A-n77ACA_n77A-n257ACA_n40A-n257A,,n40,CA_n40B,0
,,,n77,"10, 15, 20, 40, 50, 60, 80, 90, 100",
,,,n257,CA_n257G,
CA_n40B-n77A-n257H,CA_n40A-n77ACA_n77A-n257ACA_n40A-n257A,,n40,CA_n40B,0
,,,n77,"10, 15, 20, 40, 50, 60, 80, 90, 100",
,,,n257,CA_n257H,
CA_n40B-n77A-n257I,CA_n40A-n77ACA_n77A-n257ACA_n40A-n257A,,n40,CA_n40B,0
,,,n77,"10, 15, 20, 40, 50, 60, 80, 90, 100",
,,,n257,CA_n257I,
CA_n40B-n77A-n257J,CA_n40A-n77ACA_n77A-n257ACA_n40A-n257A,,n40,CA_n40B,0
,,,n77,"10, 15, 20, 40, 50, 60, 80, 90, 100",
,,,n257,CA_n257J,
CA_n40B-n77A-n257K,CA_n40A-n77ACA_n77A-n257ACA_n40A-n257A,,n40,CA_n40B,0
,,,n77,"10, 15, 20, 40, 50, 60, 80, 90, 100",
,,,n257,CA_n257K,
CA_n40B-n77A-n257L,CA_n40A-n77ACA_n77A-n257ACA_n40A-n257A,,n40,CA_n40B,0
,,,n77,"10, 15, 20, 40, 50, 60, 80, 90, 100",
,,,n257,CA_n257L,
CA_n40B-n77A-n257M,CA_n40A-n77ACA_n77A-n257ACA_n40A-n257A,,n40,CA_n40B,0
,,,n77,"10, 15, 20, 40, 50, 60, 80, 90, 100",
,,,n257,CA_n257M,
CA_n40B-n77C-n257A,CA_n40A-n77ACA_n77A-n257ACA_n40A-n257A,,n40,CA_n40B,0
,,,n77,CA_n77C,
,,,n257,"50, 100, 200, 400",
CA_n40B-n77C-n257D,CA_n40A-n77ACA_n77A-n257ACA_n40A-n257A,,n40,CA_n40B,0
,,,n77,CA_n77C,
,,,n257,CA_n257D,
CA_n40B-n77C-n257E,CA_n40A-n77ACA_n77A-n257ACA_n40A-n257A,,n40,CA_n40B,0
,,,n77,CA_n77C,
,,,n257,CA_n257E,
CA_n40B-n77C-n257F,CA_n40A-n77ACA_n77A-n257ACA_n40A-n257A,,n40,CA_n40B,0
,,,n77,CA_n77C,
,,,n257,CA_n257F,
CA_n40B-n77C-n257G,CA_n40A-n77ACA_n77A-n257ACA_n40A-n257A,,n40,CA_n40B,0
,,,n77,CA_n77C,
,,,n257,CA_n257G,
CA_n40B-n77C-n257H,CA_n40A-n77ACA_n77A-n257ACA_n40A-n257A,,n40,CA_n40B,0
,,,n77,CA_n77C,
,,,n257,CA_n257H,
CA_n40B-n77C-n257I,CA_n40A-n77ACA_n77A-n257ACA_n40A-n257A,,n40,CA_n40B,0
,,,n77,CA_n77C,
,,,n257,CA_n257I,
CA_n40B-n77C-n257J,CA_n40A-n77ACA_n77A-n257ACA_n40A-n257A,,n40,CA_n40B,0
,,,n77,CA_n77C,
,,,n257,CA_n257J,
CA_n40B-n77C-n257K,CA_n40A-n77ACA_n77A-n257ACA_n40A-n257A,,n40,CA_n40B,0
,,,n77,CA_n77C,
,,,n257,CA_n257K,
CA_n40B-n77C-n257L,CA_n40A-n77ACA_n77A-n257ACA_n40A-n257A,,n40,CA_n40B,0
,,,n77,CA_n77C,
,,,n257,CA_n257L,
CA_n40B-n77C-n257M,CA_n40A-n77ACA_n77A-n257ACA_n40A-n257A,,n40,CA_n40B,0
,,,n77,CA_n77C,
,,,n257,CA_n257M,
CA_n40A-n78A-n257A,CA_n40A-n78ACA_n40A-n257ACA_n78A-n257A,,n40,"10, 15, 20, 25, 30, 40, 50, 60, 80, 90, 100",0
,,,n78,"10, 15, 20, 25, 30, 40, 50, 60, 80, 90, 100",
,,,n257,CA_n257A,
CA_n40A-n78A-n257D,CA_n40A-n257A/DCA_n78A-n257A/D,n40,,"10, 15, 20, 25, 30, 40, 50, 60, 80, 90, 100",0
,,n78,,"10, 15, 20, 25, 30, 40, 50, 60, 80, 90, 100",
,,n257,,CA_n257D,
CA_n40A-n78A-n257E,CA_n78A-n257A/D/ECA_n40A-n257A/D/E,n40,,"10, 15, 20, 25, 30, 40, 50, 60, 80, 90, 100",0
,,n78,,"10, 15, 20, 25, 30, 40, 50, 60, 80, 90, 100",
,,n257,,CA_n257E,
CA_n40A-n78A-n257F,CA_n78A-n257A/D/E/FCA_n40A-n257A/D/E/F,n40,,"10, 15, 20, 25, 30, 40, 50, 60, 80, 90, 100",0
,,n78,,"10, 15, 20, 25, 30, 40, 50, 60, 80, 90, 100",
,,n257,,CA_n257F,
CA_n40A-n78A-n257G,CA_n78A-n257A/GCA_n40A-n257A/G,n40,,"10, 15, 20, 25, 30, 40, 50, 60, 80, 90, 100",0
,,n78,,"10, 15, 20, 25, 30, 40, 50, 60, 80, 90, 100",
,,n257,,CA_n257G,
CA_n40A-n78A-n257H,CA_n78A-n257A/G/HCA_n40A-n257A/G/H,n40,,"10, 15, 20, 25, 30, 40, 50, 60, 80, 90, 100",0
,,n78,,"10, 15, 20, 25, 30, 40, 50, 60, 80, 90, 100",
,,n257,,CA_n257H,
CA_n40A-n78A-n257I,CA_n78A-n257A/G/H/ICA_n40A-n257A/G/H/I,n40,,"10, 15, 20, 25, 30, 40, 50, 60, 80, 90, 100",0
,,n78,,"10, 15, 20, 25, 30, 40, 50, 60, 80, 90, 100",
,,n257,,CA_n257I,
CA_n40A-n78A-n257J,CA_n78A-n257A/G/H/I/JCA_n40A-n257A/G/H/I/J,n40,,"10, 15, 20, 25, 30, 40, 50, 60, 80, 90, 100",0
,,n78,,"10, 15, 20, 25, 30, 40, 50, 60, 80, 90, 100",
,,n257,,CA_n257J,
CA_n40A-n78A-n257K,CA_n78A-n257A/G/H/I/J/KCA_n40A-n257A/G/H/I/J/K,n40,,"10, 15, 20, 25, 30, 40, 50, 60, 80, 90, 100",0
,,n78,,"10, 15, 20, 25, 30, 40, 50, 60, 80, 90, 100",
,,n257,,CA_n257K,
CA_n40A-n78A-n257L,CA_n78A-n257A/G/H/I/J/K/LCA_n40A-n257A/G/H/I/J/K/L,n40,,"10, 15, 20, 25, 30, 40, 50, 60, 80, 90, 100",0
,,n78,,"10, 15, 20, 25, 30, 40, 50, 60, 80, 90, 100",
,,n257,,CA_n257L,
CA_n40A-n78A-n257M,CA_n78A-n257A/G/H/I/J/K/L/MCA_n40A-n257A/G/H/I/J/K/L/M,n40,,"10, 15, 20, 25, 30, 40, 50, 60, 80, 90, 100",0
,,n78,,"10, 15, 20, 25, 30, 40, 50, 60, 80, 90, 100",
,,n257,,CA_n257M,
CA_n40A-n78C-n257A,CA_n40A-n257ACA_n78A-n257A,n40,,"10, 15, 20, 25, 30, 40, 50, 60, 80, 90, 100",0
,,n78,,CA_n78C,
,,n257,,CA_n257A,
CA_n40A-n78C-n257D,CA_n40A-n257A/DCA_n78A-n257A/D,n40,,"10, 15, 20, 25, 30, 40, 50, 60, 80, 90, 100",0
,,n78,,CA_n78C,
,,n257,,CA_n257D,
CA_n40A-n78C-n257E,CA_n78A-n257A/D/ECA_n40A-n257A/D/E,n40,,"10, 15, 20, 25, 30, 40, 50, 60, 80, 90, 100",0
,,n78,,CA_n78C,
,,n257,,CA_n257E,
CA_n40A-n78C-n257F,CA_n78A-n257A/D/E/FCA_n40A-n257A/D/E/F,n40,,"10, 15, 20, 25, 30, 40, 50, 60, 80, 90, 100",0
,,n78,,CA_n78C,
,,n257,,CA_n257F,
CA_n40A-n78C-n257G,CA_n78A-n257A/GCA_n40A-n257A/G,n40,,"10, 15, 20, 25, 30, 40, 50, 60, 80, 90, 100",0
,,n78,,CA_n78C,
,,n257,,CA_n257G,
CA_n40A-n78C-n257H,CA_n78A-n257A/G/HCA_n40A-n257A/G/H,n40,,"10, 15, 20, 25, 30, 40, 50, 60, 80, 90, 100",0
,,n78,,CA_n78C,
,,n257,,CA_n257H,
CA_n40A-n78C-n257I,CA_n78A-n257A/G/H/ICA_n40A-n257A/G/H/I,n40,,"10, 15, 20, 25, 30, 40, 50, 60, 80, 90, 100",0
,,n78,,CA_n78C,
,,n257,,CA_n257I,
CA_n40A-n78C-n257J,CA_n78A-n257A/G/H/I/JCA_n40A-n257A/G/H/I/J,n40,,"10, 15, 20, 25, 30, 40, 50, 60, 80, 90, 100",0
,,n78,,CA_n78C,
,,n257,,CA_n257J,
CA_n40A-n78C-n257K,CA_n78A-n257A/G/H/I/J/KCA_n40A-n257A/G/H/I/J/K,n40,,"10, 15, 20, 25, 30, 40, 50, 60, 80, 90, 100",0
,,n78,,CA_n78C,
,,n257,,CA_n257K,
CA_n40A-n78C-n257L,CA_n78A-n257A/G/H/I/J/K/LCA_n40A-n257A/G/H/I/J/K/L,n40,,"10, 15, 20, 25, 30, 40, 50, 60, 80, 90, 100",0
,,n78,,CA_n78C,
,,n257,,CA_n257L,
CA_n40A-n78C-n257M,CA_n78A-n257A/G/H/I/J/K/L/MCA_n40A-n257A/G/H/I/J/K/L/M,n40,,"10, 15, 20, 25, 30, 40, 50, 60, 80, 90, 100",0
,,n78,,CA_n78C,
,,n257,,CA_n257M,
CA_n40A-n78(2A)-n257A,CA_n40A-n257ACA_n78A-n257A,n40,,"10, 15, 20, 25, 30, 40, 50, 60, 80, 90, 100",0
,,n78,,CA_n78(2A)_BCS2,
,,n257,,"50, 100, 200, 400",
CA_n40A-n78(2A)-n257D,CA_n40A-n257A/DCA_n78A-n257A/D,n40,,"10, 15, 20, 25, 30, 40, 50, 60, 80, 90, 100",0
,,n78,,CA_n78(2A)_BCS2,
,,n257,,CA_n257D,
CA_n40A-n78(2A)-n257E,CA_n78A-n257A/D/ECA_n40A-n257A/D/E,n40,,"10, 15, 20, 25, 30, 40, 50, 60, 80, 90, 100",0
,,n78,,CA_n78(2A)_BCS2,
,,n257,,CA_n257E,
CA_n40A-n78(2A)-n257F,CA_n78A-n257A/D/E/FCA_n40A-n257A/D/E/F,n40,,"10, 15, 20, 25, 30, 40, 50, 60, 80, 90, 100",0
,,n78,,CA_n78(2A)_BCS2,
,,n257,,CA_n257F,
CA_n40A-n78(2A)-n257G,CA_n78A-n257A/GCA_n40A-n257A/G,n40,,"10, 15, 20, 25, 30, 40, 50, 60, 80, 90, 100",0
,,n78,,CA_n78(2A)_BCS2,
,,n257,,CA_n257G,
CA_n40A-n78(2A)-n257H,CA_n78A-n257A/G/HCA_n40A-n257A/G/H,n40,,"10, 15, 20, 25, 30, 40, 50, 60, 80, 90, 100",0
,,n78,,CA_n78(2A)_BCS2,
,,n257,,CA_n257H,
CA_n40A-n78(2A)-n257I,CA_n78A-n257A/G/H/ICA_n40A-n257A/G/H/I,n40,,"10, 15, 20, 25, 30, 40, 50, 60, 80, 90, 100",0
,,n78,,CA_n78(2A)_BCS2,
,,n257,,CA_n257I,
CA_n40A-n78(2A)-n257J,CA_n78A-n257A/G/H/I/JCA_n40A-n257A/G/H/I/J,n40,,"10, 15, 20, 25, 30, 40, 50, 60, 80, 90, 100",0
,,n78,,CA_n78(2A)_BCS2,
,,n257,,CA_n257J,
CA_n40A-n78(2A)-n257K,CA_n78A-n257A/G/H/I/J/K CA_n40A-n257A/G/H/I/J/K,n40,,"10, 15, 20, 25, 30, 40, 50, 60, 80, 90, 100",0
,,n78,,CA_n78(2A)_BCS2,
,,n257,,CA_n257K,
CA_n40A-n78(2A)-n257L,CA_n78A-n257A/G/H/I/J/K/L CA_n40A-n257A/G/H/I/J/K/L,n40,,"10, 15, 20, 25, 30, 40, 50, 60, 80, 90, 100",0
,,n78,,CA_n78(2A)_BCS2,
,,n257,,CA_n257L,
CA_n40A-n78(2A)-n257M,CA_n78A-n257A/G/H/I/J/K/L/MCA_n40A-n257A/G/H/I/J/K/L/M,n40,,"10, 15, 20, 25, 30, 40, 50, 60, 80, 90, 100",0
,,n78,,CA_n78(2A)_BCS2,
,,n257,,CA_n257M,
CA_n40B-n78A-n257A,CA_n40BCA_n40B-n257ACA_n78A-n257A,n40,,CA_n40B_BCS1,0
,,n78,,"10, 15, 20, 25, 30, 40, 50, 60, 80, 90, 100",
,,n257,,"50, 100, 200, 400",
CA_n40B-n78A-n257D,CA_n40BCA_n40B-n257A/DCA_n78A-n257A/D,n40,,CA_n40B_BCS1,0
,,n78,,"10, 15, 20, 25, 30, 40, 50, 60, 80, 90, 100",
,,n257,,CA_n257D,
CA_n40B-n78A-n257E,CA_n40BCA_n78A-n257A/D/ECA_n40B-n257A/D/E,n40,,CA_n40B_BCS1,0
,,n78,,"10, 15, 20, 25, 30, 40, 50, 60, 80, 90, 100",
,,n257,,CA_n257E,
CA_n40B-n78A-n257F,CA_n40BCA_n78A-n257A/D/E/FCA_n40B-n257A/D/E/F,n40,,CA_n40B_BCS1,0
,,n78,,"10, 15, 20, 25, 30, 40, 50, 60, 80, 90, 100",
,,n257,,CA_n257F,
CA_n40B-n78A-n257G,CA_n78A-n257A/GCA_n40B-n257A/G,n40,,CA_n40B_BCS1,0
,,n78,,"10, 15, 20, 25, 30, 40, 50, 60, 80, 90, 100",
,,n257,,CA_n257G,
CA_n40B-n78A-n257H,CA_n40BCA_n78A-n257A/G/HCA_n40B-n257A/G/H,n40,,CA_n40B_BCS1,0
,,n78,,"10, 15, 20, 25, 30, 40, 50, 60, 80, 90, 100",
,,n257,,CA_n257H,
CA_n40B-n78A-n257I,CA_n40BCA_n78A-n257A/G/H/ICA_n40B-n257A/G/H/I,n40,,CA_n40B_BCS1,0
,,n78,,"10, 15, 20, 25, 30, 40, 50, 60, 80, 90, 100",
,,n257,,CA_n257I,
CA_n40B-n78A-n257J,CA_n40BCA_n78A-n257A/G/H/I/JCA_n40B-n257A/G/H/I/J,n40,,CA_n40B_BCS1,0
,,n78,,"10, 15, 20, 25, 30, 40, 50, 60, 80, 90, 100",
,,n257,,CA_n257J,
CA_n40B-n78A-n257K,CA_n40BCA_n78A-n257A/G/H/I/J/K CA_n40B-n257A/G/H/I/J/K,n40,,CA_n40B_BCS1,0
,,n78,,"10, 15, 20, 25, 30, 40, 50, 60, 80, 90, 100",
,,n257,,CA_n257K,
CA_n40B-n78A-n257L,CA_n40BCA_n78A-n257A/D/E/F/G/H/I/J/K/L CA_n40B-n257A/D/E/F/G/H/I/J/K/L,n40,,CA_n40B_BCS1,0
,,n78,,"10, 15, 20, 25, 30, 40, 50, 60, 80, 90, 100",
,,n257,,CA_n257L,
CA_n40B-n78A-n257M,CA_n40BCA_n78A-n257A/D/E/F/G/H/I/J/K/L/MCA_n40B-n257A/D/E/F/G/H/I/J/K/L/M,n40,,CA_n40B_BCS1,0
,,n78,,"10, 15, 20, 25, 30, 40, 50, 60, 80, 90, 100",
,,n257,,CA_n257M,
CA_n40B-n78(2A)-n257A,CA_n40BCA_n78ACA_n40B-n257ACA_n78A-n257A,n40,,CA_n40B_BCS1,0
,,n78,,CA_n78(2A)_BCS2,
,,n257,,"50, 100, 200, 400",
CA_n40B-n78(2A)-n257D,CA_n40BCA_n78ACA_n40B-n257A/DCA_n78A-n257A/D,n40,,CA_n40B_BCS1,0
,,n78,,CA_n78(2A)_BCS2,
,,n257,,CA_n257D,
CA_n40B-n78(2A)-n257E,CA_n40BCA_n78ACA_n78A-n257A/D/ECA_n40B-n257A/D/E,n40,,CA_n40B_BCS1,0
,,n78,,CA_n78(2A)_BCS2,
,,n257,,CA_n257E,
CA_n40B-n78(2A)-n257F,CA_n40BCA_n78ACA_n78A-n257A/D/E/FCA_n40B-n257A/D/E/F,n40,,CA_n40B_BCS1,0
,,n78,,CA_n78(2A)_BCS2,
,,n257,,CA_n257F,
CA_n40B-n78(2A)-n257G,CA_n40BCA_n78ACA_n78A-n257A/GCA_n40B-n257A/G,n40,,CA_n40B_BCS1,0
,,n78,,CA_n78(2A)_BCS2,
,,n257,,CA_n257G,
CA_n40B-n78(2A)-n257H,CA_n40BCA_n78ACA_n78A-n257A/G/HCA_n40B-n257A/G/H,n40,,CA_n40B_BCS1,0
,,n78,,CA_n78(2A)_BCS2,
,,n257,,CA_n257H,
CA_n40B-n78(2A)-n257I,CA_n40BCA_n78ACA_n78A-n257A/G/H/ICA_n40B-n257A/G/H/I,n40,,CA_n40B_BCS1,0
,,n78,,CA_n78(2A)_BCS2,
,,n257,,CA_n257I,
CA_n40B-n78(2A)-n257J,CA_n40BCA_n78ACA_n78A-n257A/G/H/I/JCA_n40B-n257A/G/H/I/J,n40,,CA_n40B_BCS1,0
,,n78,,CA_n78(2A)_BCS2,
,,n257,,CA_n257J,
CA_n40B-n78(2A)-n257K,CA_n40BCA_n78ACA_n78A-n257A/G/H/I/J/KCA_n40B-n257A/G/H/I/J/K,n40,,CA_n40B_BCS1,0
,,n78,,CA_n78(2A)_BCS2,
,,n257,,CA_n257K,
CA_n40B-n78(2A)-n257L,CA_n40BCA_n78ACA_n78A-n257A/G/H/I/J/K/LCA_n40B-n257A/G/H/I/J/K/L,n40,,CA_n40B_BCS1,0
,,n78,,CA_n78(2A)_BCS2,
,,n257,,CA_n257L,
CA_n40B-n78(2A)-n257M,CA_n40BCA_n78ACA_n78A-n257A/G/H/I/J/K/L/MCA_n40B-n257A/G/H/I/J/K/L/M,n40,,CA_n40B_BCS1,0
,,n78,,CA_n78(2A)_BCS2,
,,n257,,CA_n257M,
CA_n40B-n78C-n257A,CA_n40BCA_n78CCA_n40B-n257ACA_n78C-n257A,n40,,CA_n40B_BCS1,0
,,n78,,CA_n78C_BCS1,
,,n257,,"50, 100, 200, 400",
CA_n40B-n78C-n257D,CA_n40BCA_n78CCA_n40B-n257A/DCA_n78C-n257A/D,n40,,CA_n40B_BCS1,0
,,n78,,CA_n78C_BCS1,
,,n257,,CA_n257D,
CA_n40B-n78C-n257E,CA_n40BCA_n78CCA_n78C-n257A/D/ECA_n40B-n257A/D/E,n40,,CA_n40B_BCS1,0
,,n78,,CA_n78C_BCS1,
,,n257,,CA_n257E,
CA_n40B-n78C-n257F,CA_n40BCA_n78CCA_n78C-n257A/D/E/FCA_n40B-n257A/D/E/F,n40,,CA_n40B_BCS1,0
,,n78,,CA_n78C_BCS1,
,,n257,,CA_n257F,
CA_n40B-n78C-n257G,CA_n40BCA_n78CCA_n78C-n257A/GCA_n40B-n257A/G,n40,,CA_n40B_BCS1,0
,,n78,,CA_n78C_BCS1,
,,n257,,CA_n257G,
CA_n40B-n78C-n257H,CA_n40BCA_n78CCA_n78C-n257A/G/HCA_n40B-n257A/G/H,n40,,CA_n40B_BCS1,0
,,n78,,CA_n78C_BCS1,
,,n257,,CA_n257H,
CA_n40B-n78C-n257I,CA_n40BCA_n78CCA_n78C-n257A/G/H/ICA_n40B-n257A/G/H/I,n40,,CA_n40B_BCS1,0
,,n78,,CA_n78C_BCS1,
,,n257,,CA_n257I,
CA_n40B-n78C-n257J,CA_n40BCA_n78CCA_n78C-n257A/G/H/I/JCA_n40B-n257A/G/H/I/J,n40,,CA_n40B_BCS1,0
,,n78,,CA_n78C_BCS1,
,,n257,,CA_n257J,
CA_n40B-n78C-n257K,CA_n40BCA_n78CCA_n78C-n257A/G/H/I/J/KCA_n40B-n257A/G/H/I/J/K,n40,,CA_n40B_BCS1,0
,,n78,,CA_n78C_BCS1,
,,n257,,CA_n257K,
CA_n40B-n78C-n257L,CA_n40BCA_n78CCA_n78C-n257A/G/H/I/J/K/LCA_n40B-n257A/G/H/I/J/K/L,n40,,CA_n40B_BCS1,0
,,n78,,CA_n78C_BCS1,
,,n257,,CA_n257L,
CA_n40B-n78C-n257M,CA_n40BCA_n78CCA_n78C-n257A/G/H/I/J/K/L/MCA_n40B-n257A/G/H/I/J/K/L/M,n40,,CA_n40B_BCS1,0
,,n78,,CA_n78C_BCS1,
,,n257,,CA_n257M,
CA_n40A-n78A-n258A,-,,n40,"5, 10, 15, 20, 25, 30, 40, 50, 60, 100",0
,,,n78,"10, 15, 20, 25, 30, 40, 50, 60, 90, 100",
,,,n258,"50, 100, 200, 400",
CA_n40A-n78A-n258D,-,,n40,"5, 10, 15, 20, 25, 30, 40, 50, 60",0
,,,n78,"10, 15, 20, 40, 50, 60, 90, 100",
,,,n258,CA_n258D,
CA_n40A-n78A-n258E,-,,n40,"5, 10, 15, 20, 25, 30, 40, 50, 60",0
,,,n78,"10, 15, 20, 40, 50, 60, 90, 100",
,,,n258,CA_n258E,
CA_n40A-n78A-n258F,-,,n40,"5, 10, 15, 20, 25, 30, 40, 50, 60",0
,,,n78,"10, 15, 20, 40, 50, 60, 90, 100",
,,,n258,CA_n258F,
CA_n40A-n78A-n258G,-,,n40,"5, 10, 15, 20, 25, 30, 40, 50, 60",0
,,,n78,"10, 15, 20, 40, 50, 60, 90, 100",
,,,n258,CA_n258G,
CA_n40A-n78A-n258H,-,,n40,"5, 10, 15, 20, 25, 30, 40, 50, 60",0
,,,n78,"10, 15, 20, 40, 50, 60, 90, 100",
,,,n258,CA_n258H,
CA_n40A-n78A-n258I,-,,n40,"5, 10, 15, 20, 25, 30, 40, 50, 60",0
,,,n78,"10, 15, 20, 40, 50, 60, 90, 100",
,,,n258,CA_n258I,
CA_n40A-n78A-n258J,-,,n40,"5, 10, 15, 20, 25, 30, 40, 50, 60",0
,,,n78,"10, 15, 20, 40, 50, 60, 90, 100",
,,,n258,CA_n258J,
CA_n40A-n78A-n258K,-,,n40,"5, 10, 15, 20, 25, 30, 40, 50, 60",0
,,,n78,"10, 15, 20, 40, 50, 60, 90, 100",
,,,n258,CA_n258K,
CA_n40A-n78A-n258L,-,,n40,"5, 10, 15, 20, 25, 30, 40, 50, 60",0
,,,n78,"10, 15, 20, 40, 50, 60, 90, 100",
,,,n258,CA_n258L,
CA_n40A-n78A-n258M,-,,n40,"5, 10, 15, 20, 25, 30, 40, 50, 60",0
,,,n78,"10, 15, 20, 40, 50, 60, 90, 100",
,,,n258,CA_n258M,
CA_n40A-n79A-n258A,CA_n40A-n79ACA_n79A-n258ACA_n40A-n258A,,n40,"5, 10, 15, 20, 25, 30, 40, 50, 60, 80",0
,,,n79,"40, 50, 60, 80, 100",
,,,n258,"50, 100, 200, 400",
CA_n40A-n79A-n258B,CA_n40A-n79ACA_n79A-n258ACA_n40A-n258A,,n40,"5, 10, 15, 20, 25, 30, 40, 50, 60, 80",0
,,,n79,"40, 50, 60, 80, 100",
,,,n258,CA_n258B,
CA_n40A-n79A-n258C,CA_n40A-n79ACA_n79A-n258ACA_n40A-n258A,,n40,"5, 10, 15, 20, 25, 30, 40, 50, 60, 80",0
,,,n79,"40, 50, 60, 80, 100",
,,,n258,CA_n258C,
CA_n40A-n79A-n258D,CA_n40A-n79ACA_n79A-n258ACA_n40A-n258A,,n40,"5, 10, 15, 20, 25, 30, 40, 50, 60, 80",0
,,,n79,"40, 50, 60, 80, 100",
,,,n258,CA_n258D,
CA_n40A-n79A-n258E,CA_n40A-n79ACA_n79A-n258ACA_n40A-n258A,,n40,"5, 10, 15, 20, 25, 30, 40, 50, 60, 80",0
,,,n79,"40, 50, 60, 80, 100",
,,,n258,CA_n258E,
CA_n40A-n79A-n258F,CA_n40A-n79ACA_n79A-n258ACA_n40A-n258A,,n40,"5, 10, 15, 20, 25, 30, 40, 50, 60, 80",0
,,,n79,"40, 50, 60, 80, 100",
,,,n258,CA_n258F,
CA_n40A-n79A-n258G,CA_n40A-n79ACA_n79A-n258ACA_n40A-n258A,,n40,"5, 10, 15, 20, 25, 30, 40, 50, 60, 80",0
,,,n79,"40, 50, 60, 80, 100",
,,,n258,CA_n258G,
CA_n40A-n79A-n258H,CA_n40A-n79ACA_n79A-n258ACA_n40A-n258A,,n40,"5, 10, 15, 20, 25, 30, 40, 50, 60, 80",0
,,,n79,"40, 50, 60, 80, 100",
,,,n258,CA_n258H,
CA_n40A-n79A-n258I,CA_n40A-n79ACA_n79A-n258ACA_n40A-n258A,,n40,"5, 10, 15, 20, 25, 30, 40, 50, 60, 80",0
,,,n79,"40, 50, 60, 80, 100",
,,,n258,CA_n258I,
CA_n40A-n79A-n258J,CA_n40A-n79ACA_n79A-n258ACA_n40A-n258A,,n40,"5, 10, 15, 20, 25, 30, 40, 50, 60, 80",0
,,,n79,"40, 50, 60, 80, 100",
,,,n258,CA_n258J,
CA_n40A-n79A-n258K,CA_n40A-n79ACA_n79A-n258ACA_n40A-n258A,,n40,"5, 10, 15, 20, 25, 30, 40, 50, 60, 80",0
,,,n79,"40, 50, 60, 80, 100",
,,,n258,CA_n258K,
CA_n40A-n79A-n258L,CA_n40A-n79ACA_n79A-n258ACA_n40A-n258A,,n40,"5, 10, 15, 20, 25, 30, 40, 50, 60, 80",0
,,,n79,"40, 50, 60, 80, 100",
,,,n258,CA_n258L,
CA_n40A-n79A-n258M,CA_n40A-n79ACA_n79A-n258ACA_n40A-n258A,,n40,"5, 10, 15, 20, 25, 30, 40, 50, 60, 80",0
,,,n79,"40, 50, 60, 80, 100",
,,,n258,CA_n258M,
CA_n41A-n66A-n257A,CA_n41A-n66ACA_n41A-n257ACA_n66A-n257A/G,,n41,"5, 10, 15, 20, 25, 30, 35, 40, 45, 50",0
,,,n66,"5, 10, 15, 20, 25, 30, 35, 40, 45",
,,,n257,"50, 100, 200, 400",
,,,n41,See n41 channel bandwidths in 38.101-1 Table 5.3.5-1,4 and 5
,,,n66,See n66 channel bandwidths in 38.101-1 Table 5.3.5-1,
,,,n257,See n257 channel bandwidths in 38.101-1 Table 5.3.5-1,
CA_n41A-n66A-n257G,CA_n41A-n66ACA_n41A-n257A/GCA_n66A-n257A/G,,n41,"5, 10, 15, 20, 25, 30, 35, 40, 45, 50",0
,,,n66,"5, 10, 15, 20, 25, 30, 35, 40, 45",
,,,n257,CA_n257G,
,,,n41,See n41 channel bandwidths in 38.101-1 Table 5.3.5-1,4 and 5
,,,n66,See n66 channel bandwidths in 38.101-1 Table 5.3.5-1,
,,,n257,CA_n257G,
CA_n41A-n66A-n260A,CA_n41A-n260ACA_n66A-n260A,,n41,"10, 15, 20, 30, 40, 50, 60, 70, 80, 90, 100",0
,,,n66,"5, 10, 15, 20, 25, 30, 40",
,,,n260,"50, 100, 200, 400",
CA_n41A-n66A-n260(2A),CA_n41A-n260ACA_n66A-n260A,,n41,"10, 15, 20, 30, 40, 50, 60, 70, 80, 90, 100",0
,,,n66,"5, 10, 15, 20, 25, 30, 40",
,,,n260,CA_n260(2A),
CA_n41A-n66A-n260G,CA_n41A-n260A/GCA_n66A-n260A/G,n41,,"10, 15, 20, 30, 40, 50, 60, 70, 80, 90, 100",0
,,n66,,"5, 10, 15, 20, 25, 30, 40",
,,n260,,CA_n260G,
CA_n41A-n66A-n260H,CA_n41A-n260A/G/HCA_n66A-n260A/G/H,n41,,"10, 15, 20, 30, 40, 50, 60, 70, 80, 90, 100",0
,,n66,,"5, 10, 15, 20, 25, 30, 40",
,,n260,,CA_n260H,
CA_n41A-n66A-n260I,CA_n41A-n260A/G/H/ICA_n66A-n260A/G/H/I,n41,,"10, 15, 20, 30, 40, 50, 60, 70, 80, 90, 100",0
,,n66,,"5, 10, 15, 20, 25, 30, 40",
,,n260,,CA_n260I,
CA_n41A-n66A-n261A,CA_n41A-n66ACA_n41A-n261ACA_n66A-n261A,n41,,See n41 channel bandwidths in 38.101-1 Table 5.3.5-1,4 and 5
,,n66,,See n66 channel bandwidths in 38.101-1 Table 5.3.5-1,
,,n261,,See n261 channel bandwidths in 38.101-2 Table 5.3.5-1,
CA_n41A-n66A-n261G,CA_n41A-n66ACA_n41A-n261A/GCA_n66A-n261A/G,n41,,See n41 channel bandwidths in 38.101-1 Table 5.3.5-1,4 and 5
,,n66,,See n66 channel bandwidths in 38.101-1 Table 5.3.5-1,
,,n261,,CA_n261G,
CA_n41A-n66A-n261H,CA_n41A-n66ACA_n41A-n261A/G/HCA_n66A-n261A/G/H,n41,,See n41 channel bandwidths in 38.101-1 Table 5.3.5-1,4 and 5
,,n66,,See n66 channel bandwidths in 38.101-1 Table 5.3.5-1,
,,n261,,CA_n261H,
CA_n41A-n71A-n257A,CA_n41A-n71ACA_n41A-n257ACA_n71A-n257A,n41,,"5, 10, 15, 20, 25, 30, 35, 40, 45, 50",0
,,n71,,"5, 10, 15, 20, 25, 30, 35",
,,n257,,"50, 100, 200, 400",
,,n41,,See n41 channel bandwidths in 38.101-1 Table 5.3.5-1,4 and 5
,,n71,,See n71 channel bandwidths in 38.101-1 Table 5.3.5-1,
,,n257,,See n257 channel bandwidths in 38.101-1 Table 5.3.5-1,
CA_n41A-n71A-n257G,CA_n41A-n71ACA_n41A-n257A/GCA_n71A-n257A/G,n41,,"5, 10, 15, 20, 25, 30, 35, 40, 45, 50",0
,,n71,,"5, 10, 15, 20, 25, 30, 35",
,,n257,,CA_n257G,
,,n41,,See n41 channel bandwidths in 38.101-1 Table 5.3.5-1,4 and 5
,,n71,,See n71 channel bandwidths in 38.101-1 Table 5.3.5-1,
,,n257,,CA_n257G,
CA_n41A-n71A-n260A,CA_n41A-n71ACA_n41A-n260ACA_n71A-n260A,n41,,"5, 10, 15, 20, 25, 30, 35, 40, 45, 50",0
,,n71,,"5, 10, 15, 20, 25, 30, 35",
,,n260,,"50, 100, 200, 400",
,,n41,,See n41 channel bandwidths in 38.101-1 Table 5.3.5-1,4 and 5
,,n71,,See n71 channel bandwidths in 38.101-1 Table 5.3.5-1,
,,n260,,See n260 channel bandwidths in 38.101-1 Table 5.3.5-1,
CA_n41A-n71A-n260G,CA_n41A-n71ACA_n41A-n260A/GCA_n71A-n260A/G,n41,,"5, 10, 15, 20, 25, 30, 35, 40, 45, 50",0
,,n71,,"5, 10, 15, 20, 25, 30, 35",
,,n260,,CA_n260G,
,,n41,,See n41 channel bandwidths in 38.101-1 Table 5.3.5-1,4 and 5
,,n71,,See n71 channel bandwidths in 38.101-1 Table 5.3.5-1,
,,n260,,CA_n260G,
CA_n41A-n71A-n261A,CA_n41A-n71ACA_n41A-n261ACA_n71A-n261A,n41,,See n41 channel bandwidths in 38.101-1 Table 5.3.5-1,4 and 5
,,n71,,See n71 channel bandwidths in 38.101-1 Table 5.3.5-1,
,,n261,,See n261 channel bandwidths in 38.101-2 Table 5.3.5-1,
CA_n41A-n71A-n261G,CA_n41A-n71ACA_n41A-n261A/GCA_n71A-n261A/G,n41,,See n41 channel bandwidths in 38.101-1 Table 5.3.5-1,4 and 5
,,n71,,See n71 channel bandwidths in 38.101-1 Table 5.3.5-1,
,,n261,,CA_n261G,
CA_n41A-n71A-n261H,CA_n41A-n71ACA_n41A-n261A/G/HCA_n71A-n261A/G/H,n41,,See n41 channel bandwidths in 38.101-1 Table 5.3.5-1,4 and 5
,,n71,,See n71 channel bandwidths in 38.101-1 Table 5.3.5-1,
,,n261,,CA_n261H,
CA_n41A-n77A-n257A,CA_n41A-n77ACA_n41A-n257ACA_n77A-n257A,n41,,"10, 15, 20, 30, 40, 50, 60, 80, 90, 100",0
,,n77,,"10, 15, 20, 40, 50, 60, 80, 90, 100",
,,n257,,"50, 100, 200, 400",
CA_n41A-n77A-n257G,CA_n257GCA_n41A-n77ACA_n41A-n257A/GCA_n77A-n257A/G,n41,,"10, 15, 20, 30, 40, 50, 60, 80, 90, 100",0
,,n77,,"10, 15, 20, 40, 50, 60, 80, 90, 100",
,,n257,,CA_n257G,
CA_n41A-n77A-n257H,CA_n257G/HCA_n41A-n77ACA_n41A-n257A/G/HCA_n77A-n257A/G/H,n41,,"10, 15, 20, 30, 40, 50, 60, 80, 90, 100",0
,,n77,,"10, 15, 20, 40, 50, 60, 80, 90, 100",
,,n257,,CA_n257H,
CA_n41A-n77A-n257I,CA_n257G/H/ICA_n41A-n77ACA_n77A-n257A/G/H/I,n41,,"10, 15, 20, 30, 40, 50, 60, 80, 90, 100",0
,,n77,,"10, 15, 20, 40, 50, 60, 80, 90, 100",
,,n257,,CA_n257I,
CA_n41A-n77(2A)-n257A,CA_n41A-n77ACA_n41A-n257ACA_n77A-n257A,n41,,"10, 15, 20, 30, 40, 50, 60, 80, 90, 100",0
,,n77,,CA_n77(2A),
,,n257,,"50, 100, 200, 400",
CA_n41A-n77(2A)-n257G,CA_n41A-n77ACA_n41A-n257A/GCA_n77A-n257A/G,n41,,"10, 15, 20, 30, 40, 50, 60, 80, 90, 100",0
,,n77,,CA_n77(2A),
,,n257,,CA_n257G,
CA_n41A-n77(2A)-n257H,CA_n41A-n77ACA_n41A-n257A/G/HCA_n77A-n257A/G/H,n41,,"10, 15, 20, 30, 40, 50, 60, 80, 90, 100",0
,,n77,,CA_n77(2A),
,,n257,,CA_n257H,
CA_n41A-n77(2A)-n257I,CA_n41A-n77ACA_n41A-n257A/G/H/ICA_n77A-n257A/G/H/I,n41,,"10, 15, 20, 30, 40, 50, 60, 80, 90, 100",0
,,n77,,CA_n77(2A),
,,n257,,CA_n257I,
CA_n41A-n77(3A)-n257A,CA_n41A-n77ACA_n41A-n257ACA_n77A-n257A,n41,,"10, 15, 20, 30, 40, 50, 60, 80, 90, 100",0
,,n77,,CA_n77(3A),
,,n257,,"50, 100, 200, 400",
CA_n41A-n77(3A)-n257G,CA_n41A-n77ACA_n41A-n257A/GCA_n77A-n257A/G,n41,,"10, 15, 20, 30, 40, 50, 60, 80, 90, 100",0
,,n77,,CA_n77(3A),
,,n257,,CA_n257G,
CA_n41A-n77(3A)-n257H,CA_n41A-n77ACA_n41A-n257A/G/HCA_n77A-n257A/G/H,n41,,"10, 15, 20, 30, 40, 50, 60, 80, 90, 100",0
,,n77,,CA_n77(3A),
,,n257,,CA_n257H,
CA_n41A-n77(3A)-n257I,CA_n41A-n77ACA_n41A-n257A/G/H/ICA_n77A-n257A/G/H/I,n41,,"10, 15, 20, 30, 40, 50, 60, 80, 90, 100",0
,,n77,,CA_n77(3A),
,,n257,,CA_n257I,
CA_n41A-n78A-n257A,-,,n41,"10, 15, 20, 30, 40, 50, 60, 80, 90, 100",0
,,,n78,"10, 15, 20, 40, 50, 60, 80, 90, 100",
,,,n257,"50, 100, 200, 400",
CA_n41A-n78A-n257G,-,,n41,"10, 15, 20, 30, 40, 50, 60, 80, 90, 100",0
,,,n78,"10, 15, 20, 40, 50, 60, 80, 90, 100",
,,,n257,CA_n257G,
CA_n41A-n78A-n257H,-,,n41,"10, 15, 20, 30, 40, 50, 60, 80, 90, 100",0
,,,n78,"10, 15, 20, 40, 50, 60, 80, 90, 100",
,,,n257,CA_n257H,
CA_n41A-n78A-n257I,-,,n41,"10, 15, 20, 30, 40, 50, 60, 80, 90, 100",0
,,,n78,"10, 15, 20, 40, 50, 60, 80, 90, 100",
,,,n257,CA_n257I,
CA_n41A-n79A-n257A,CA_n41A-n79ACA_n41A-n257ACA_n79A-n257A,,n41,"10, 15, 20, 30, 40, 50, 60, 80, 90, 100",0
,,,n79,"40, 50, 60, 80, 100",
,,,n257,"50, 100, 200, 400",
CA_n41A-n79A-n257G,CA_n41A-n79ACA_n41A-n257A/GCA_n79A-n257A/G,n41,,"10, 15, 20, 30, 40, 50, 60, 80, 90, 100",0
,,n79,,"40, 50, 60, 80, 100",
,,n257,,CA_n257G,
CA_n41A-n79A-n257H,CA_n41A-n79ACA_n41A-n257A/G/HCA_n79A-n257A/G/H,n41,,"10, 15, 20, 30, 40, 50, 60, 80, 90, 100",0
,,n79,,"40, 50, 60, 80, 100",
,,n257,,CA_n257H,
CA_n41A-n79A-n257I,CA_n41A-n79ACA_n41A-n257A/G/H/ICA_n79A-n257A/G/H/I,n41,,"10, 15, 20, 30, 40, 50, 60, 80, 90, 100",0
,,n79,,"40, 50, 60, 80, 100",
,,n257,,CA_n257I,
CA_n41A-n79A-n258A,CA_n41A-n79ACA_n41A-n258ACA_n79A-n258A,n41,,"10, 15, 20, 40, 50, 60, 80, 90, 100",0
,,n79,,"40, 50, 60, 80, 100",
,,n258,,"50, 100, 200, 400",
CA_n41A-n79A-n258B,CA_n41A-n79ACA_n41A-n258ACA_n79A-n258A,n41,,"10, 15, 20, 40, 50, 60, 80, 90, 100",0
,,n79,,"40, 50, 60, 80, 100",
,,n258,,CA_n258B,
CA_n41A-n79A-n258C,CA_n41A-n79ACA_n41A-n258ACA_n79A-n258A,n41,,"10, 15, 20, 40, 50, 60, 80, 90, 100",0
,,n79,,"40, 50, 60, 80, 100",
,,n258,,CA_n258C,
CA_n41A-n79A-n258D,CA_n41A-n79ACA_n41A-n258ACA_n79A-n258A,n41,,"10, 15, 20, 40, 50, 60, 80, 90, 100",0
,,n79,,"40, 50, 60, 80, 100",
,,n258,,CA_n258D,
CA_n41A-n79A-n258E,CA_n41A-n79ACA_n41A-n258ACA_n79A-n258A,n41,,"10, 15, 20, 40, 50, 60, 80, 90, 100",0
,,n79,,"40, 50, 60, 80, 100",
,,n258,,CA_n258E,
CA_n41A-n79A-n258F,CA_n41A-n79ACA_n41A-n258ACA_n79A-n258A,n41,,"10, 15, 20, 40, 50, 60, 80, 90, 100",0
,,n79,,"40, 50, 60, 80, 100",
,,n258,,CA_n258F,
CA_n41A-n79A-n258G,CA_n41A-n79ACA_n41A-n258ACA_n79A-n258A,n41,,"10, 15, 20, 40, 50, 60, 80, 90, 100",0
,,n79,,"40, 50, 60, 80, 100",
,,n258,,CA_n258G,
CA_n41A-n79A-n258H,CA_n41A-n79ACA_n41A-n258ACA_n79A-n258A,n41,,"10, 15, 20, 40, 50, 60, 80, 90, 100",0
,,n79,,"40, 50, 60, 80, 100",
,,n258,,CA_n258H,
CA_n41A-n79A-n258I,CA_n41A-n79ACA_n41A-n258ACA_n79A-n258A,n41,,"10, 15, 20, 40, 50, 60, 80, 90, 100",0
,,n79,,"40, 50, 60, 80, 100",
,,n258,,CA_n258I,
CA_n41A-n79A-n258J,CA_n41A-n79ACA_n41A-n258ACA_n79A-n258A,n41,,"10, 15, 20, 40, 50, 60, 80, 90, 100",0
,,n79,,"40, 50, 60, 80, 100",
,,n258,,CA_n258J,
CA_n41A-n79A-n258K,CA_n41A-n79ACA_n41A-n258ACA_n79A-n258A,n41,,"10, 15, 20, 40, 50, 60, 80, 90, 100",0
,,n79,,"40, 50, 60, 80, 100",
,,n258,,CA_n258K,
CA_n41A-n79A-n258L,CA_n41A-n79ACA_n41A-n258ACA_n79A-n258A,n41,,"10, 15, 20, 40, 50, 60, 80, 90, 100",0
,,n79,,"40, 50, 60, 80, 100",
,,n258,,CA_n258L,
CA_n41A-n79A-n258M,CA_n41A-n79ACA_n41A-n258ACA_n79A-n258A,n41,,"10, 15, 20, 40, 50, 60, 80, 90, 100",0
,,n79,,"40, 50, 60, 80, 100",
,,n258,,CA_n258M,
CA_n41C-n79A-n258A,CA_n41A-n79ACA_n41A-n258ACA_n79A-n258A,n41,,CA_n41C,0
,,n79,,"40, 50, 60, 80, 100",
,,n258,,"50, 100, 200, 400",
CA_n41C-n79A-n258B,CA_n41A-n79ACA_n41A-n258ACA_n79A-n258A,n41,,CA_n41C,0
,,n79,,"40, 50, 60, 80, 100",
,,n258,,CA_n258B,
CA_n41C-n79A-n258C,CA_n41A-n79ACA_n41A-n258ACA_n79A-n258A,n41,,CA_n41C,0
,,n79,,"40, 50, 60, 80, 100",
,,n258,,CA_n258C,
CA_n41C-n79A-n258D,CA_n41A-n79ACA_n41A-n258ACA_n79A-n258A,n41,,CA_n41C,0
,,n79,,"40, 50, 60, 80, 100",
,,n258,,CA_n258D,
CA_n41C-n79A-n258E,CA_n41A-n79ACA_n41A-n258ACA_n79A-n258A,n41,,CA_n41C,0
,,n79,,"40, 50, 60, 80, 100",
,,n258,,CA_n258E,
CA_n41C-n79A-n258F,CA_n41A-n79ACA_n41A-n258ACA_n79A-n258A,n41,,CA_n41C,0
,,n79,,"40, 50, 60, 80, 100",
,,n258,,CA_n258F,
CA_n41C-n79A-n258G,CA_n41A-n79ACA_n41A-n258ACA_n79A-n258A,n41,,CA_n41C,0
,,n79,,"40, 50, 60, 80, 100",
,,n258,,CA_n258G,
CA_n41C-n79A-n258H,CA_n41A-n79ACA_n41A-n258ACA_n79A-n258A,n41,,CA_n41C,0
,,n79,,"40, 50, 60, 80, 100",
,,n258,,CA_n258H,
CA_n41C-n79A-n258I,CA_n41A-n79ACA_n41A-n258ACA_n79A-n258A,n41,,CA_n41C,0
,,n79,,"40, 50, 60, 80, 100",
,,n258,,CA_n258I,
CA_n41C-n79A-n258J,CA_n41A-n79ACA_n41A-n258ACA_n79A-n258A,n41,,CA_n41C,0
,,n79,,"40, 50, 60, 80, 100",
,,n258,,CA_n258J,
CA_n41C-n79A-n258K,CA_n41A-n79ACA_n41A-n258ACA_n79A-n258A,n41,,CA_n41C,0
,,n79,,"40, 50, 60, 80, 100",
,,n258,,CA_n258K,
CA_n41C-n79A-n258L,CA_n41A-n79ACA_n41A-n258ACA_n79A-n258A,n41,,CA_n41C,0
,,n79,,"40, 50, 60, 80, 100",
,,n258,,CA_n258L,
CA_n41C-n79A-n258M,CA_n41A-n79ACA_n41A-n258ACA_n79A-n258A,n41,,CA_n41C,0
,,n79,,"40, 50, 60, 80, 100",
,,n258,,CA_n258M,
CA_n48A-n66A-n260A,CA_n48A-n260ACA_n66A-n260A,n48,,"5, 10, 15, 20, 40, 50, 60, 80, 90, 100",0
,,n66,,"5, 10, 15, 20, 40",
,,n260,,"50, 100, 200, 400",
CA_n48A-n66A-n260G,CA_n48A-n260A/GCA_n66A-n260A/G,n48,,"5, 10, 15, 20, 40, 50, 60, 80, 90, 100",0
,,n66,,"5, 10, 15, 20, 40",
,,n260,,CA_n260G,
CA_n48A-n66A-n260H,CA_n48A-n260A/G/HCA_n66A-n260A/G/H,n48,,"5, 10, 15, 20, 40, 50, 60, 80, 90, 100",0
,,n66,,"5, 10, 15, 20, 40",
,,n260,,CA_n260H,
CA_n48A-n66A-n260I,CA_n48A-n260A/G/H/ICA_n66A-n260A/G/H/I,n48,,"5, 10, 15, 20, 40, 50, 60, 80, 90, 100",0
,,n66,,"5, 10, 15, 20, 40",
,,n260,,CA_n260I,
CA_n48A-n66A-n260J,CA_n48A-n260A/G/H/ICA_n66A-n260A/G/H/I,n48,,"5, 10, 15, 20, 40, 50, 60, 80, 90, 100",0
,,n66,,"5, 10, 15, 20, 40",
,,n260,,CA_n260J,
CA_n48A-n66A-n260K,CA_n48A-n260A/G/H/ICA_n66A-n260A/G/H/I,n48,,"5, 10, 15, 20, 40, 50, 60, 80, 90, 100",0
,,n66,,"5, 10, 15, 20, 40",
,,n260,,CA_n260K,
CA_n48A-n66A-n260L,CA_n48A-n260A/G/H/ICA_n66A-n260A/G/H/I,n48,,"5, 10, 15, 20, 40, 50, 60, 80, 90, 100",0
,,n66,,"5, 10, 15, 20, 40",
,,n260,,CA_n260L,
CA_n48A-n66A-n260M,CA_n48A-n260A/G/H/ICA_n66A-n260A/G/H/I,n48,,"5, 10, 15, 20, 40, 50, 60, 80, 90, 100",0
,,n66,,"5, 10, 15, 20, 40",
,,n260,,CA_n260M,
CA_n48B-n66A-n260A,CA_n48A-n260ACA_n66A-n260A,n48,,CA_n48B_BCS1,0
,,n66,,"5, 10, 15, 20, 40",
,,n260,,"50, 100, 200, 400",
CA_n48B-n66A-n260G,CA_n48A-n260A/GCA_n66A-n260A/G,n48,,CA_n48B_BCS1,0
,,n66,,"5, 10, 15, 20, 40",
,,n260,,CA_n260G,
CA_n48B-n66A-n260H,CA_n48A-n260A/G/HCA_n66A-n260A/G/H,n48,,CA_n48B_BCS1,0
,,n66,,"5, 10, 15, 20, 40",
,,n260,,CA_n260H,
CA_n48B-n66A-n260I,CA_n48A-n260A/G/H/ICA_n66A-n260A/G/H/I,n48,,CA_n48B_BCS1,0
,,n66,,"5, 10, 15, 20, 40",
,,n260,,CA_n260I,
CA_n48B-n66A-n260J,CA_n48A-n260A/G/H/ICA_n66A-n260A/G/H/I,n48,,CA_n48B_BCS1,0
,,n66,,"5, 10, 15, 20, 40",
,,n260,,CA_n260J,
CA_n48B-n66A-n260K,CA_n48A-n260A/G/H/ICA_n66A-n260A/G/H/I,n48,,CA_n48B_BCS1,0
,,n66,,"5, 10, 15, 20, 40",
,,n260,,CA_n260K,
CA_n48B-n66A-n260L,CA_n48A-n260A/G/H/ICA_n66A-n260A/G/H/I,n48,,CA_n48B_BCS1,0
,,n66,,"5, 10, 15, 20, 40",
,,n260,,CA_n260L,
CA_n48B-n66A-n260M,CA_n48A-n260A/G/H/ICA_n66A-n260A/G/H/I,n48,,CA_n48B_BCS1,0
,,n66,,"5, 10, 15, 20, 40",
,,n260,,CA_n260M,
CA_n48(2A)-n66A-n260A,CA_n48A-n260ACA_n66A-n260A,n48,,CA_n48(2A)_BCS1,0
,,n66,,"5, 10, 15, 20, 40",
,,n260,,"50, 100, 200, 400",
CA_n48(2A)-n66A-n260G,CA_n48A-n260A/GCA_n66A-n260A/G,n48,,CA_n48(2A)_BCS1,0
,,n66,,"5, 10, 15, 20, 40",
,,n260,,CA_n260G,
CA_n48(2A)-n66A-n260H,CA_n48A-n260A/G/HCA_n66A-n260A/G/H,n48,,CA_n48(2A)_BCS1,0
,,n66,,"5, 10, 15, 20, 40",
,,n260,,CA_n260H,
CA_n48(2A)-n66A-n260I,CA_n48A-n260A/G/H/ICA_n66A-n260A/G/H/I,n48,,CA_n48(2A)_BCS1,0
,,n66,,"5, 10, 15, 20, 40",
,,n260,,CA_n260I,
CA_n48(2A)-n66A-n260J,CA_n48A-n260A/G/H/ICA_n66A-n260A/G/H/I,n48,,CA_n48(2A)_BCS1,0
,,n66,,"5, 10, 15, 20, 40",
,,n260,,CA_n260J,
CA_n48(2A)-n66A-n260K,CA_n48A-n260A/G/H/ICA_n66A-n260A/G/H/I,n48,,CA_n48(2A)_BCS1,0
,,n66,,"5, 10, 15, 20, 40",
,,n260,,CA_n260K,
CA_n48(2A)-n66A-n260L,CA_n48A-n260A/G/H/ICA_n66A-n260A/G/H/I,n48,,CA_n48(2A)_BCS1,0
,,n66,,"5, 10, 15, 20, 40",
,,n260,,CA_n260L,
CA_n48(2A)-n66A-n260M,CA_n48A-n260A/G/H/ICA_n66A-n260A/G/H/I,n48,,CA_n48(2A)_BCS1,0
,,n66,,"5, 10, 15, 20, 40",
,,n260,,CA_n260M,
CA_n48A-n66A-n261A,CA_n48A-n261ACA_n66A-n261A,n48,,"5, 10, 15, 20, 40, 50, 60, 80, 90, 100",0
,,n66,,"5, 10, 15, 20, 40",
,,n261,,"50, 100, 200, 400",
CA_n48A-n66A-n261G,CA_n48A-n261A/GCA_n66A-n261A/G,n48,,"5, 10, 15, 20, 40, 50, 60, 80, 90, 100",0
,,n66,,"5, 10, 15, 20, 40",
,,n261,,CA_n261G,
CA_n48A-n66A-n261H,CA_n48A-n261A/G/HCA_n66A-n261A/G/H,n48,,"5, 10, 15, 20, 40, 50, 60, 80, 90, 100",0
,,n66,,"5, 10, 15, 20, 40",
,,n261,,CA_n261H,
CA_n48A-n66A-n261I,CA_n48A-n261A/G/H/ICA_n66A-n261A/G/H/I,n48,,"5, 10, 15, 20, 40, 50, 60, 80, 90, 100",0
,,n66,,"5, 10, 15, 20, 40",
,,n261,,CA_n261I,
CA_n48A-n66A-n261J,CA_n48A-n261A/G/H/ICA_n66A-n261A/G/H/I,n48,,"5, 10, 15, 20, 40, 50, 60, 80, 90, 100",0
,,n66,,"5, 10, 15, 20, 40",
,,n261,,CA_n261J,
CA_n48A-n66A-n261K,CA_n48A-n261A/G/H/ICA_n66A-n261A/G/H/I,n48,,"5, 10, 15, 20, 40, 50, 60, 80, 90, 100",0
,,n66,,"5, 10, 15, 20, 40",
,,n261,,CA_n261K,
CA_n48A-n66A-n261L,CA_n48A-n261A/G/H/ICA_n66A-n261A/G/H/I,n48,,"5, 10, 15, 20, 40, 50, 60, 80, 90, 100",0
,,n66,,"5, 10, 15, 20, 40",
,,n261,,CA_n261L,
CA_n48A-n66A-n261M,CA_n48A-n261A/G/H/ICA_n66A-n261A/G/H/I,n48,,"5, 10, 15, 20, 40, 50, 60, 80, 90, 100",0
,,n66,,"5, 10, 15, 20, 40",
,,n261,,CA_n261M,
CA_n48A-n66A-n261(2A),CA_n48A-n261ACA_n66A-n261A,n48,,"5, 10, 15, 20, 40, 50, 60, 80, 90, 100",0
,,n66,,"5, 10, 15, 20, 40",
,,n261,,CA_n261(2A),
CA_n48A-n66A-n261(3A),CA_n48A-n261ACA_n66A-n261A,n48,,"5, 10, 15, 20, 40, 50, 60, 80, 90, 100",0
,,n66,,"5, 10, 15, 20, 40",
,,n261,,CA_n261(3A),
CA_n48A-n66A-n261(A-G),CA_n48A-n261A/GCA_n66A-n261A/G,n48,,"5, 10, 15, 20, 40, 50, 60, 80, 90, 100",0
,,n66,,"5, 10, 15, 20, 40",
,,n261,,CA_n261(A-G),
CA_n48A-n66A-n261(A-H),CA_n48A-n261A/G/HCA_n66A-n261A/G/H,n48,,"5, 10, 15, 20, 40, 50, 60, 80, 90, 100",0
,,n66,,"5, 10, 15, 20, 40",
,,n261,,CA_n261(A-H),
CA_n48A-n66A-n261(A-I),CA_n48A-n261A/G/H/ICA_n66A-n261A/G/H/I,n48,,"5, 10, 15, 20, 40, 50, 60, 80, 90, 100",0
,,n66,,"5, 10, 15, 20, 40",
,,n261,,CA_n261(A-I),
CA_n48A-n66A-n261(G-H),CA_n48A-n261A/G/HCA_n66A-n261A/G/H,n48,,"5, 10, 15, 20, 40, 50, 60, 80, 90, 100",0
,,n66,,"5, 10, 15, 20, 40",
,,n261,,CA_n261(G-H),
CA_n48A-n66A-n261(2A-G),CA_n48A-n261A/GCA_n66A-n261A/G,n48,,"5, 10, 15, 20, 40, 50, 60, 80, 90, 100",0
,,n66,,"5, 10, 15, 20, 40",
,,n261,,CA_n261(2A-G),
CA_n48A-n66A-n261(2A-H),CA_n48A-n261A/G/HCA_n66A-n261A/G/H,n48,,"5, 10, 15, 20, 40, 50, 60, 80, 90, 100",0
,,n66,,"5, 10, 15, 20, 40",
,,n261,,CA_n261(2A-H),
CA_n48A-n66A-n261(A-2G),CA_n48A-n261A/GCA_n66A-n261A/G,n48,,"5, 10, 15, 20, 40, 50, 60, 80, 90, 100",0
,,n66,,"5, 10, 15, 20, 40",
,,n261,,CA_n261(A-2G),
CA_n48A-n66A-n261(A-G-H),CA_n48A-n261A/G/HCA_n66A-n261A/G/H,n48,,"5, 10, 15, 20, 40, 50, 60, 80, 90, 100",0
,,n66,,"5, 10, 15, 20, 40",
,,n261,,CA_n261(A-G-H),
CA_n48A-n66A-n261(2G),CA_n48A-n261A/GCA_n66A-n261A/G,n48,,"5, 10, 15, 20, 40, 50, 60, 80, 90, 100",0
,,n66,,"5, 10, 15, 20, 40",
,,n261,,CA_n261(2G),
CA_n48A-n66A-n261(2H),CA_n48A-n261A/G/HCA_n66A-n261A/G/H,n48,,"5, 10, 15, 20, 40, 50, 60, 80, 90, 100",0
,,n66,,"5, 10, 15, 20, 40",
,,n261,,CA_n261(2H),
CA_n48A-n66A-n261(2A-I),CA_n48A-n261A/G/H/ICA_n66A-n261A/G/H/I,n48,,"5, 10, 15, 20, 40, 50, 60, 80, 90, 100",0
,,n66,,"5, 10, 15, 20, 40",
,,n261,,CA_n261(2A-I),
CA_n48A-n66A-n261(A-G-I),CA_n48A-n261A/G/H/ICA_n66A-n261A/G/H/I,n48,,"5, 10, 15, 20, 40, 50, 60, 80, 90, 100",0
,,n66,,"5, 10, 15, 20, 40",
,,n261,,CA_n261(A-G-I),
CA_n48A-n66A-n261(G-I),CA_n48A-n261A/G/H/ICA_n66A-n261A/G/H/I,n48,,"5, 10, 15, 20, 40, 50, 60, 80, 90, 100",0
,,n66,,"5, 10, 15, 20, 40",
,,n261,,CA_n261(G-I),
CA_n48A-n66A-n261(H-I),CA_n48A-n261A/G/H/ICA_n66A-n261A/G/H/I,n48,,"5, 10, 15, 20, 40, 50, 60, 80, 90, 100",0
,,n66,,"5, 10, 15, 20, 40",
,,n261,,CA_n261(H-I),
CA_n48B-n66A-n261A,CA_n48A-n261ACA_n66A-n261A,n48,,CA_n48B_BCS1,0
,,n66,,"5, 10, 15, 20, 40",
,,n261,,"50, 100, 200, 400",
CA_n48B-n66A-n261G,CA_n48A-n261A/GCA_n66A-n261A/G,n48,,CA_n48B_BCS1,0
,,n66,,"5, 10, 15, 20, 40",
,,n261,,CA_n261G,
CA_n48B-n66A-n261H,CA_n48A-n261A/G/HCA_n66A-n261A/G/H,n48,,CA_n48B_BCS1,0
,,n66,,"5, 10, 15, 20, 40",
,,n261,,CA_n261H,
CA_n48B-n66A-n261I,CA_n48A-n261A/G/H/ICA_n66A-n261A/G/H/I,n48,,CA_n48B_BCS1,0
,,n66,,"5, 10, 15, 20, 40",
,,n261,,CA_n261I,
CA_n48B-n66A-n261J,CA_n48A-n261A/G/H/ICA_n66A-n261A/G/H/I,n48,,CA_n48B_BCS1,0
,,n66,,"5, 10, 15, 20, 40",
,,n261,,CA_n261J,
CA_n48B-n66A-n261K,CA_n48A-n261A/G/H/ICA_n66A-n261A/G/H/I,n48,,CA_n48B_BCS1,0
,,n66,,"5, 10, 15, 20, 40",
,,n261,,CA_n261K,
CA_n48B-n66A-n261L,CA_n48A-n261A/G/H/ICA_n66A-n261A/G/H/I,n48,,CA_n48B_BCS1,0
,,n66,,"5, 10, 15, 20, 40",
,,n261,,CA_n261L,
CA_n48B-n66A-n261M,CA_n48A-n261A/G/H/ICA_n66A-n261A/G/H/I,n48,,CA_n48B_BCS1,0
,,n66,,"5, 10, 15, 20, 40",
,,n261,,CA_n261M,
CA_n48B-n66A-n261(A-G),CA_n48A-n261A/GCA_n66A-n261A/G,n48,,CA_n48B_BCS1,0
,,n66,,"5, 10, 15, 20, 40",
,,n261,,CA_n261(A-G),
CA_n48B-n66A-n261(A-H),CA_n48A-n261A/G/HCA_n66A-n261A/G/H,n48,,CA_n48B_BCS1,0
,,n66,,"5, 10, 15, 20, 40",
,,n261,,CA_n261(A-H),
CA_n48B-n66A-n261(A-I),CA_n48A-n261A/G/H/ICA_n66A-n261A/G/H/I,n48,,CA_n48B_BCS1,0
,,n66,,"5, 10, 15, 20, 40",
,,n261,,CA_n261(A-I),
CA_n48B-n66A-n261(G-H),CA_n48A-n261A/G/HCA_n66A-n261A/G/H,n48,,CA_n48B_BCS1,0
,,n66,,"5, 10, 15, 20, 40",
,,n261,,CA_n261(G-H),
CA_n48B-n66A-n261(2A-G),CA_n48A-n261A/GCA_n66A-n261A/G,n48,,CA_n48B_BCS1,0
,,n66,,"5, 10, 15, 20, 40",
,,n261,,CA_n261(2A-G),
CA_n48B-n66A-n261(2A-H),CA_n48A-n261A/G/HCA_n66A-n261A/G/H,n48,,CA_n48B_BCS1,0
,,n66,,"5, 10, 15, 20, 40",
,,n261,,CA_n261(2A-H),
CA_n48B-n66A-n261(A-2G),CA_n48A-n261A/GCA_n66A-n261A/G,n48,,CA_n48B_BCS1,0
,,n66,,"5, 10, 15, 20, 40",
,,n261,,CA_n261(A-2G),
CA_n48B-n66A-n261(A-G-H),CA_n48A-n261A/G/HCA_n66A-n261A/G/H,n48,,CA_n48B_BCS1,0
,,n66,,"5, 10, 15, 20, 40",
,,n261,,CA_n261(A-G-H),
CA_n48B-n66A-n261(2A),CA_n48A-n261ACA_n66A-n261A,n48,,CA_n48B_BCS1,0
,,n66,,"5, 10, 15, 20, 40",
,,n261,,CA_n261(2A),
CA_n48B-n66A-n261(3A),CA_n48A-n261ACA_n66A-n261A,n48,,CA_n48B_BCS1,0
,,n66,,"5, 10, 15, 20, 40",
,,n261,,CA_n261(3A),
CA_n48B-n66A-n261(2G),CA_n48A-n261A/GCA_n66A-n261A/G,n48,,CA_n48B_BCS1,0
,,n66,,"5, 10, 15, 20, 40",
,,n261,,CA_n261(2G),
CA_n48B-n66A-n261(2H),CA_n48A-n261A/G/HCA_n66A-n261A/G/H,n48,,CA_n48B_BCS1,0
,,n66,,"5, 10, 15, 20, 40",
,,n261,,CA_n261(2H),
CA_n48B-n66A-n261(G-I),CA_n48A-n261A/G/H/ICA_n66A-n261A/G/H/I,n48,,CA_n48B_BCS1,0
,,n66,,"5, 10, 15, 20, 40",
,,n261,,CA_n261(G-I),
CA_n48B-n66A-n261(H-I),CA_n48A-n261A/G/H/ICA_n66A-n261A/G/H/I,n48,,CA_n48B_BCS1,0
,,n66,,"5, 10, 15, 20, 40",
,,n261,,CA_n261(H-I),
CA_n48B-n66A-n261(2A-I),CA_n48A-n261A/G/H/ICA_n66A-n261A/G/H/I,n48,,CA_n48B_BCS1,0
,,n66,,"5, 10, 15, 20, 40",
,,n261,,CA_n261(2A-I),
CA_n48B-n66A-n261(A-G-I),CA_n48A-n261A/G/H/ICA_n66A-n261A/G/H/I,n48,,CA_n48B_BCS1,0
,,n66,,"5, 10, 15, 20, 40",
,,n261,,CA_n261(A-G-I),
CA_n48(2A)-n66A-n261A,CA_n48A-n261ACA_n66A-n261A,n48,,CA_n48(2A)_BCS1,0
,,n66,,"5, 10, 15, 20, 40",
,,n261,,"50, 100, 200, 400",
CA_n48(2A)-n66A-n261G,CA_n48A-n261A/GCA_n66A-n261A/G,n48,,CA_n48(2A)_BCS1,0
,,n66,,"5, 10, 15, 20, 40",
,,n261,,CA_n261G,
CA_n48(2A)-n66A-n261H,CA_n48A-n261A/G/HCA_n66A-n261A/G/H,n48,,CA_n48(2A)_BCS1,0
,,n66,,"5, 10, 15, 20, 40",
,,n261,,CA_n261H,
CA_n48(2A)-n66A-n261I,CA_n48A-n261A/G/H/ICA_n66A-n261A/G/H/I,n48,,CA_n48(2A)_BCS1,0
,,n66,,"5, 10, 15, 20, 40",
,,n261,,CA_n261I,
CA_n48(2A)-n66A-n261J,CA_n48A-n261A/G/H/ICA_n66A-n261A/G/H/I,n48,,CA_n48(2A)_BCS1,0
,,n66,,"5, 10, 15, 20, 40",
,,n261,,CA_n261J,
CA_n48(2A)-n66A-n261K,CA_n48A-n261A/G/H/ICA_n66A-n261A/G/H/I,n48,,CA_n48(2A)_BCS1,0
,,n66,,"5, 10, 15, 20, 40",
,,n261,,CA_n261K,
CA_n48(2A)-n66A-n261L,CA_n48A-n261A/G/H/ICA_n66A-n261A/G/H/I,n48,,CA_n48(2A)_BCS1,0
,,n66,,"5, 10, 15, 20, 40",
,,n261,,CA_n261L,
CA_n48(2A)-n66A-n261M,CA_n48A-n261A/G/H/ICA_n66A-n261A/G/H/I,n48,,CA_n48(2A)_BCS1,0
,,n66,,"5, 10, 15, 20, 40",
,,n261,,CA_n261M,
CA_n48(2A)-n66A-n261(A-G),CA_n48A-n261A/GCA_n66A-n261A/G,n48,,CA_n48(2A)_BCS1,0
,,n66,,"5, 10, 15, 20, 40",
,,n261,,CA_n261(A-G),
CA_n48(2A)-n66A-n261(A-H),CA_n48A-n261A/G/HCA_n66A-n261A/G/H,n48,,CA_n48(2A)_BCS1,0
,,n66,,"5, 10, 15, 20, 40",
,,n261,,CA_n261(A-H),
CA_n48(2A)-n66A-n261(A-I),CA_n48A-n261A/G/H/ICA_n66A-n261A/G/H/I,n48,,CA_n48(2A)_BCS1,0
,,n66,,"5, 10, 15, 20, 40",
,,n261,,CA_n261(A-I),
CA_n48(2A)-n66A-n261(G-H),CA_n48A-n261A/G/HCA_n66A-n261A/G/H,n48,,CA_n48(2A)_BCS1,0
,,n66,,"5, 10, 15, 20, 40",
,,n261,,CA_n261(G-H),
CA_n48(2A)-n66A-n261(2A-G),CA_n48A-n261A/GCA_n66A-n261A/G,n48,,CA_n48(2A)_BCS1,0
,,n66,,"5, 10, 15, 20, 40",
,,n261,,CA_n261(2A-G),
CA_n48(2A)-n66A-n261(2A-H),CA_n48A-n261A/G/HCA_n66A-n261A/G/H,n48,,CA_n48(2A)_BCS1,0
,,n66,,"5, 10, 15, 20, 40",
,,n261,,CA_n261(2A-H),
CA_n48(2A)-n66A-n261(A-2G),CA_n48A-n261A/G/HCA_n66A-n261A/G/H,n48,,CA_n48(2A)_BCS1,0
,,n66,,"5, 10, 15, 20, 40",
,,n261,,CA_n261(A-2G),
CA_n48(2A)-n66A-n261(A-G-H),CA_n48A-n261A/G/HCA_n66A-n261A/G/H,n48,,CA_n48(2A)_BCS1,0
,,n66,,"5, 10, 15, 20, 40",
,,n261,,CA_n261(A-G-H),
CA_n48(2A)-n66A-n261(2A),CA_n48A-n261ACA_n66A-n261A,n48,,CA_n48(2A)_BCS1,0
,,n66,,"5, 10, 15, 20, 40",
,,n261,,CA_n261(2A),
CA_n48(2A)-n66A-n261(3A),CA_n48A-n261ACA_n66A-n261A,n48,,CA_n48(2A),0
,,n66,,"5, 10, 15, 20, 40",
,,n261,,CA_n261(3A),
CA_n48(2A)-n66A-n261(2G),CA_n48A-n261A/GCA_n66A-n261A/G,n48,,CA_n48(2A)_BCS1,0
,,n66,,"5, 10, 15, 20, 40",
,,n261,,CA_n261(2G),
CA_n48(2A)-n66A-n261(2H),CA_n48A-n261A/G/HCA_n66A-n261A/G/H,n48,,CA_n48(2A)_BCS1,0
,,n66,,"5, 10, 15, 20, 40",
,,n261,,CA_n261(2H),
CA_n48(2A)-n66A-n261(G-I),CA_n48A-n261A/G/H/ICA_n66A-n261A/G/H/I,n48,,CA_n48(2A)_BCS1,0
,,n66,,"5, 10, 15, 20, 40",
,,n261,,CA_n261(G-I),
CA_n48(2A)-n66A-n261(H-I),CA_n48A-n261A/G/H/ICA_n66A-n261A/G/H/I,n48,,CA_n48(2A)_BCS1,0
,,n66,,"5, 10, 15, 20, 40",
,,n261,,CA_n261(H-I),
CA_n48(2A)-n66A-n261(2A-I),CA_n48A-n261A/G/H/ICA_n66A-n261A/G/H/I,n48,,CA_n48(2A)_BCS1,0
,,n66,,"5, 10, 15, 20, 40",
,,n261,,CA_n261(2A-I),
CA_n48(2A)-n66A-n261(A-G-I),CA_n48A-n261A/G/H/ICA_n66A-n261A/G/H/I,n48,,CA_n48(2A)_BCS1,0
,,n66,,"5, 10, 15, 20, 40",
,,n261,,CA_n261(A-G-I),
CA_n48A-n77A-n258A,CA_n48A-n258ACA_n77A-n258A,n48,,n48 channel bandwidths in Table 5.3.5-1,4 and 5
,,n77,,n77 channel bandwidths in Table 5.3.5-1,
,,n258,,"50, 100, 200, 400",
CA_n48A-n77A-n258G,CA_n48A-n258A/GCA_n77A-n258A/G,n48,,n48 channel bandwidths in Table 5.3.5-1,4 and 5
,,n77,,n77 channel bandwidths in Table 5.3.5-1,
,,n258,,CA_n258G,
CA_n48A-n77A-n258H,CA_n48A-n258A/G/HCA_n77A-n258A/G/H,n48,,n48 channel bandwidths in Table 5.3.5-1,4 and 5
,,n77,,n77 channel bandwidths in Table 5.3.5-1,
,,n258,,CA_n258H,
CA_n48A-n77A-n258I,CA_n48A-n258A/G/H/ICA_n77A-n258A/G/H/I,n48,,n48 channel bandwidths in Table 5.3.5-1,4 and 5
,,n77,,n77 channel bandwidths in Table 5.3.5-1,
,,n258,,CA_n258I,
CA_n48A-n77A-n258J,CA_n48A-n258A/G/H/I/JCA_n77A-n258A/G/H/I/J,n48,,n48 channel bandwidths in Table 5.3.5-1,4 and 5
,,n77,,n77 channel bandwidths in Table 5.3.5-1,
,,n258,,CA_n258J,
CA_n48A-n77A-n258(2A),CA_n48A-n258ACA_n77A-n258A,n48,,n48 channel bandwidths in Table 5.3.5-1,4 and 5
,,n77,,n77 channel bandwidths in Table 5.3.5-1,
,,n258,,CA_n258(2A),
CA_n48A-n77A-n258(2G),CA_n48A-n258A/GCA_n77A-n258A/G,n48,,n48 channel bandwidths in Table 5.3.5-1,4 and 5
,,n77,,n77 channel bandwidths in Table 5.3.5-1,
,,n258,,CA_n258(2G),
CA_n48A-n77A-n258(A-G),CA_n48A-n258A/GCA_n77A-n258A/G,n48,,n48 channel bandwidths in Table 5.3.5-1,4 and 5
,,n77,,n77 channel bandwidths in Table 5.3.5-1,
,,n258,,CA_n258(A-G),
CA_n48A-n77A-n258(A-H),CA_n48A-n258A/G/HCA_n77A-n258A/G/H,n48,,n48 channel bandwidths in Table 5.3.5-1,4 and 5
,,n77,,n77 channel bandwidths in Table 5.3.5-1,
,,n258,,CA_n258(A-H),
CA_n48A-n77A-n258(A-I),CA_n48A-n258A/G/H/ICA_n77A-n258A/G/H/I,n48,,n48 channel bandwidths in Table 5.3.5-1,4 and 5
,,n77,,n77 channel bandwidths in Table 5.3.5-1,
,,n258,,CA_n258(A-I),
CA_n48A-n77A-n258(A-J),CA_n48A-n258A/G/H/I/JCA_n77A-n258A/G/H/I/J,n48,,n48 channel bandwidths in Table 5.3.5-1,4 and 5
,,n77,,n77 channel bandwidths in Table 5.3.5-1,
,,n258,,CA_n258(A-J),
CA_n48A-n77A-n258(G-H),CA_n48A-n258A/G/HCA_n77A-n258A/G/H,n48,,n48 channel bandwidths in Table 5.3.5-1,4 and 5
,,n77,,n77 channel bandwidths in Table 5.3.5-1,
,,n258,,CA_n258(G-H),
CA_n48A-n77A-n258(G-I),CA_n48A-n258A/G/H/ICA_n77A-n258A/G/H/I,n48,,n48 channel bandwidths in Table 5.3.5-1,4 and 5
,,n77,,n77 channel bandwidths in Table 5.3.5-1,
,,n258,,CA_n258(G-I),
CA_n48A-n77A-n258(G-J),CA_n48A-n258A/G/H/I/JCA_n77A-n258A/G/H/I/J,n48,,n48 channel bandwidths in Table 5.3.5-1,4 and 5
,,n77,,n77 channel bandwidths in Table 5.3.5-1,
,,n258,,CA_n258(G-J),
CA_n48A-n77A-n260A,CA_n48A-n260ACA_n77A-n260A,n48,,"5, 10, 15, 20, 40, 50, 60, 80, 90, 100",0
,,n77,,"10, 15, 20, 40, 50, 60, 80, 90, 100",
,,n260,,"50, 100, 200, 400",
CA_n48A-n77A-n260G,CA_n48A-n260A/GCA_n77A-n260A/G,n48,,"5, 10, 15, 20, 40, 50, 60, 80, 90, 100",0
,,n77,,"10, 15, 20, 40, 50, 60, 80, 90, 100",
,,n260,,CA_n260G,
CA_n48A-n77A-n260H,CA_n48A-n260A/G/HCA_n77A-n260A/G/H,n48,,"5, 10, 15, 20, 40, 50, 60, 80, 90, 100",0
,,n77,,"10, 15, 20, 40, 50, 60, 80, 90, 100",
,,n260,,CA_n260H,
CA_n48A-n77A-n260I,CA_n48A-n260A/G/H/ICA_n77A-n260A/G/H/I,n48,,"5, 10, 15, 20, 40, 50, 60, 80, 90, 100",0
,,n77,,"10, 15, 20, 40, 50, 60, 80, 90, 100",
,,n260,,CA_n260I,
CA_n48A-n77A-n260J,CA_n48A-n260A/G/H/ICA_n77A-n260A/G/H/I,n48,,"5, 10, 15, 20, 40, 50, 60, 80, 90, 100",0
,,n77,,"10, 15, 20, 40, 50, 60, 80, 90, 100",
,,n260,,CA_n260J,
CA_n48A-n77A-n260K,CA_n48A-n260A/G/H/ICA_n77A-n260A/G/H/I,n48,,"5, 10, 15, 20, 40, 50, 60, 80, 90, 100",0
,,n77,,"10, 15, 20, 40, 50, 60, 80, 90, 100",
,,n260,,CA_n260K,
CA_n48A-n77A-n260L,CA_n48A-n260A/G/H/ICA_n77A-n260A/G/H/I,n48,,"5, 10, 15, 20, 40, 50, 60, 80, 90, 100",0
,,n77,,"10, 15, 20, 40, 50, 60, 80, 90, 100",
,,n260,,CA_n260L,
CA_n48A-n77A-n260M,CA_n48A-n260A/G/H/ICA_n77A-n260A/G/H/I,n48,,"5, 10, 15, 20, 40, 50, 60, 80, 90, 100",0
,,n77,,"10, 15, 20, 40, 50, 60, 80, 90, 100",
,,n260,,CA_n260M,
CA_n48A-n77C-n260A,CA_n48A-n260ACA_n77A-n260A,n48,,"5, 10, 15, 20, 40, 50, 60, 80, 90, 100",0
,,n77,,CA_n77C_BCS1,
,,n260,,"50, 100, 200, 400",
CA_n48A-n77C-n260G,CA_n48A-n260A/GCA_n77A-n260A/G,n48,,"5, 10, 15, 20, 40, 50, 60, 80, 90, 100",0
,,n77,,CA_n77C_BCS1,
,,n260,,CA_n260G,
CA_n48A-n77C-n260H,CA_n48A-n260A/G/HCA_n77A-n260A/G/H,n48,,"5, 10, 15, 20, 40, 50, 60, 80, 90, 100",0
,,n77,,CA_n77C_BCS1,
,,n260,,CA_n260H,
CA_n48A-n77C-n260I,CA_n48A-n260A/G/H/ICA_n77A-n260A/G/H/I,n48,,"5, 10, 15, 20, 40, 50, 60, 80, 90, 100",0
,,n77,,CA_n77C_BCS1,
,,n260,,CA_n260I,
CA_n48A-n77C-n260J,CA_n48A-n260A/G/H/ICA_n77A-n260A/G/H/I,n48,,"5, 10, 15, 20, 40, 50, 60, 80, 90, 100",0
,,n77,,CA_n77C_BCS1,
,,n260,,CA_n260J,
CA_n48A-n77C-n260K,CA_n48A-n260A/G/H/ICA_n77A-n260A/G/H/I,n48,,"5, 10, 15, 20, 40, 50, 60, 80, 90, 100",0
,,n77,,CA_n77C_BCS1,
,,n260,,CA_n260K,
CA_n48A-n77C-n260L,CA_n48A-n260A/G/H/ICA_n77A-n260A/G/H/I,n48,,"5, 10, 15, 20, 40, 50, 60, 80, 90, 100",0
,,n77,,CA_n77C_BCS1,
,,n260,,CA_n260L,
CA_n48A-n77C-n260M,CA_n48A-n260A/G/H/ICA_n77A-n260A/G/H/I,n48,,"5, 10, 15, 20, 40, 50, 60, 80, 90, 100",0
,,n77,,CA_n77C_BCS1,
,,n260,,CA_n260M,
CA_n48A-n77A-n261A,CA_n48A-n261ACA_n77A-n261A,n48,,"5, 10, 15, 20, 40, 50, 60, 80, 90, 100",0
,,n77,,"10, 15, 20, 25, 30, 40, 50, 60, 70, 80, 90, 100",
,,n261,,"50, 100, 200, 400",
CA_n48A-n77A-n261G,CA_n48A-n261A/GCA_n77A-n261A/G,n48,,"5, 10, 15, 20, 40, 50, 60, 80, 90, 100",0
,,n77,,"10, 15, 20, 25, 30, 40, 50, 60, 70, 80, 90, 100",
,,n261,,CA_n261G,
CA_n48A-n77A-n261H,CA_n48A-n261A/G/HCA_n77A-n261A/G/H,n48,,"5, 10, 15, 20, 40, 50, 60, 80, 90, 100",0
,,n77,,"10, 15, 20, 25, 30, 40, 50, 60, 70, 80, 90, 100",
,,n261,,CA_n261H,
CA_n48A-n77A-n261I,CA_n48A-n261A/G/H/ICA_n77A-n261A/G/H/I,n48,,"5, 10, 15, 20, 40, 50, 60, 80, 90, 100",0
,,n77,,"10, 15, 20, 25, 30, 40, 50, 60, 70, 80, 90, 100",
,,n261,,CA_n261I,
CA_n48A-n77A-n261J,CA_n48A-n261A/G/H/ICA_n77A-n261A/G/H/I,n48,,"5, 10, 15, 20, 40, 50, 60, 80, 90, 100",0
,,n77,,"10, 15, 20, 25, 30, 40, 50, 60, 70, 80, 90, 100",
,,n261,,CA_n261J,
CA_n48A-n77A-n261K,CA_n48A-n261A/G/H/ICA_n77A-n261A/G/H/I,n48,,"5, 10, 15, 20, 40, 50, 60, 80, 90, 100",0
,,n77,,"10, 15, 20, 25, 30, 40, 50, 60, 70, 80, 90, 100",
,,n261,,CA_n261K,
CA_n48A-n77A-n261L,CA_n48A-n261A/G/H/ICA_n77A-n261A/G/H/I,n48,,"5, 10, 15, 20, 40, 50, 60, 80, 90, 100",0
,,n77,,"10, 15, 20, 25, 30, 40, 50, 60, 70, 80, 90, 100",
,,n261,,CA_n261L,
CA_n48A-n77A-n261M,CA_n48A-n261A/G/H/ICA_n77A-n261A/G/H/I,n48,,"5, 10, 15, 20, 40, 50, 60, 80, 90, 100",0
,,n77,,"10, 15, 20, 25, 30, 40, 50, 60, 70, 80, 90, 100",
,,n261,,CA_n261M,
CA_n48A-n77A-n261(A-G),CA_n48A-n261A/GCA_n77A-n261A/G,n48,,"5, 10, 15, 20, 40, 50, 60, 80, 90, 100",0
,,n77,,"10, 15, 20, 25, 30, 40, 50, 60, 70, 80, 90, 100",
,,n261,,CA_n261(A-G),
CA_n48A-n77A-n261(A-H),CA_n48A-n261A/G/HCA_n77A-n261A/G/H,n48,,"5, 10, 15, 20, 40, 50, 60, 80, 90, 100",0
,,n77,,"10, 15, 20, 25, 30, 40, 50, 60, 70, 80, 90, 100",
,,n261,,CA_n261(A-H),
CA_n48A-n77A-n261(A-I),CA_n48A-n261A/G/H/ICA_n77A-n261A/G/H/I,n48,,"5, 10, 15, 20, 40, 50, 60, 80, 90, 100",0
,,n77,,"10, 15, 20, 25, 30, 40, 50, 60, 70, 80, 90, 100",
,,n261,,CA_n261(A-I),
CA_n48A-n77A-n261(G-H),CA_n48A-n261A/G/HCA_n77A-n261A/G/H,n48,,"5, 10, 15, 20, 40, 50, 60, 80, 90, 100",0
,,n77,,"10, 15, 20, 25, 30, 40, 50, 60, 70, 80, 90, 100",
,,n261,,CA_n261(G-H),
CA_n48A-n77A-n261(2A),CA_n48A-n261ACA_n77A-n261A,n48,,"5, 10, 15, 20, 40, 50, 60, 80, 90, 100",0
,,n77,,"10, 15, 20, 25, 30, 40, 50, 60, 70, 80, 90, 100",
,,n261,,CA_n261(2A),
CA_n48A-n77A-n261(3A),CA_n48A-n261ACA_n77A-n261A,n48,,"5, 10, 15, 20, 40, 50, 60, 80, 90, 100",0
,,n77,,"10, 15, 20, 25, 30, 40, 50, 60, 70, 80, 90, 100",
,,n261,,CA_n261(3A),
CA_n48A-n77A-n261(2G),CA_n48A-n261A/G/HCA_n77A-n261A/G/H,n48,,"5, 10, 15, 20, 40, 50, 60, 80, 90, 100",0
,,n77,,"10, 15, 20, 25, 30, 40, 50, 60, 70, 80, 90, 100",
,,n261,,CA_n261(2G),
CA_n48A-n77A-n261(2H),CA_n48A-n261A/G/HCA_n77A-n261A/G/H,n48,,"5, 10, 15, 20, 40, 50, 60, 80, 90, 100",0
,,n77,,"10, 15, 20, 25, 30, 40, 50, 60, 70, 80, 90, 100",
,,n261,,CA_n261(2H),
CA_n48A-n77A-n261(2A-G),CA_n48A-n261A/G/HCA_n77A-n261A/G/H,n48,,"5, 10, 15, 20, 40, 50, 60, 80, 90, 100",0
,,n77,,"10, 15, 20, 25, 30, 40, 50, 60, 70, 80, 90, 100",
,,n261,,CA_n261(2A-G),
CA_n48A-n77A-n261(2A-H),CA_n48A-n261A/G/HCA_n77A-n261A/G/H,n48,,"5, 10, 15, 20, 40, 50, 60, 80, 90, 100",0
,,n77,,"10, 15, 20, 25, 30, 40, 50, 60, 70, 80, 90, 100",
,,n261,,CA_n261(2A-H),
CA_n48A-n77A-n261(A-2G),CA_n48A-n261A/G/HCA_n77A-n261A/G/H,n48,,"5, 10, 15, 20, 40, 50, 60, 80, 90, 100",0
,,n77,,"10, 15, 20, 25, 30, 40, 50, 60, 70, 80, 90, 100",
,,n261,,CA_n261(A-2G),
CA_n48A-n77A-n261(A-G-H),CA_n48A-n261A/G/HCA_n77A-n261A/G/H,n48,,"5, 10, 15, 20, 40, 50, 60, 80, 90, 100",0
,,n77,,"10, 15, 20, 25, 30, 40, 50, 60, 70, 80, 90, 100",
,,n261,,CA_n261(A-G-H),
CA_n48A-n77A-n261(G-I),CA_n48A-n261A/G/H/ICA_n77A-n261A/G/H/I,n48,,"5, 10, 15, 20, 40, 50, 60, 80, 90, 100",0
,,n77,,"10, 15, 20, 25, 30, 40, 50, 60, 70, 80, 90, 100",
,,n261,,CA_n261(G-I),
CA_n48A-n77A-n261(H-I),CA_n48A-n261A/G/H/ICA_n77A-n261A/G/H/I,n48,,"5, 10, 15, 20, 40, 50, 60, 80, 90, 100",0
,,n77,,"10, 15, 20, 25, 30, 40, 50, 60, 70, 80, 90, 100",
,,n261,,CA_n261(H-I),
CA_n48A-n77A-n261(2A-I),CA_n48A-n261A/G/H/ICA_n77A-n261A/G/H/I,n48,,"5, 10, 15, 20, 40, 50, 60, 80, 90, 100",0
,,n77,,"10, 15, 20, 25, 30, 40, 50, 60, 70, 80, 90, 100",
,,n261,,CA_n261(2A-I),
CA_n48A-n77A-n261(A-G-I),CA_n48A-n261A/G/H/ICA_n77A-n261A/G/H/I,n48,,"5, 10, 15, 20, 40, 50, 60, 80, 90, 100",0
,,n77,,"10, 15, 20, 25, 30, 40, 50, 60, 70, 80, 90, 100",
,,n261,,CA_n261(A-G-I),
CA_n48A-n77C-n261A,CA_n48A-n261ACA_n77A-n261A,n48,,"5, 10, 15, 20, 40, 50, 60, 80, 90, 100",0
,,n77,,CA_n77C_BCS1,
,,n261,,"50, 100, 200, 400",
CA_n48A-n77C-n261G,CA_n48A-n261A/GCA_n77A-n261A/G,n48,,"5, 10, 15, 20, 40, 50, 60, 80, 90, 100",0
,,n77,,CA_n77C_BCS1,
,,n261,,CA_n261G,
CA_n48A-n77C-n261H,CA_n48A-n261A/G/HCA_n77A-n261A/G/H,n48,,"5, 10, 15, 20, 40, 50, 60, 80, 90, 100",0
,,n77,,CA_n77C_BCS1,
,,n261,,CA_n261H,
CA_n48A-n77C-n261I,CA_n48A-n261A/G/H/ICA_n77A-n261A/G/H/I,n48,,"5, 10, 15, 20, 40, 50, 60, 80, 90, 100",0
,,n77,,CA_n77C_BCS1,
,,n261,,CA_n261I,
CA_n48A-n77C-n261J,CA_n48A-n261A/G/H/ICA_n77A-n261A/G/H/I,n48,,"5, 10, 15, 20, 40, 50, 60, 80, 90, 100",0
,,n77,,CA_n77C_BCS1,
,,n261,,CA_n261J,
CA_n48A-n77C-n261K,CA_n48A-n261A/G/H/ICA_n77A-n261A/G/H/I,n48,,"5, 10, 15, 20, 40, 50, 60, 80, 90, 100",0
,,n77,,CA_n77C_BCS1,
,,n261,,CA_n261K,
CA_n48A-n77C-n261L,CA_n48A-n261A/G/H/ICA_n77A-n261A/G/H/I,n48,,"5, 10, 15, 20, 40, 50, 60, 80, 90, 100",0
,,n77,,CA_n77C_BCS1,
,,n261,,CA_n261L,
CA_n48A-n77C-n261M,CA_n48A-n261A/G/H/ICA_n77A-n261A/G/H/I,n48,,"5, 10, 15, 20, 40, 50, 60, 80, 90, 100",0
,,n77,,CA_n77C_BCS1,
,,n261,,CA_n261M,
CA_n48A-n77C-n261(A-G),CA_n48A-n261A/GCA_n77A-n261A/G,n48,,"5, 10, 15, 20, 40, 50, 60, 80, 90, 100",0
,,n77,,CA_n77C_BCS1,
,,n261,,CA_n261(A-G),
CA_n48A-n77C-n261(A-H),CA_n48A-n261A/G/HCA_n77A-n261A/G/H,n48,,"5, 10, 15, 20, 40, 50, 60, 80, 90, 100",0
,,n77,,CA_n77C_BCS1,
,,n261,,CA_n261(A-H),
CA_n48A-n77C-n261(A-I),CA_n48A-n261A/G/H/ICA_n77A-n261A/G/H/I,n48,,"5, 10, 15, 20, 40, 50, 60, 80, 90, 100",0
,,n77,,CA_n77C_BCS1,
,,n261,,CA_n261(A-I),
CA_n48A-n77C-n261(G-H),CA_n48A-n261A/G/HCA_n77A-n261A/G/H,n48,,"5, 10, 15, 20, 40, 50, 60, 80, 90, 100",0
,,n77,,CA_n77C_BCS1,
,,n261,,CA_n261(G-H),
CA_n48A-n77C-n261(2A),CA_n48A-n261ACA_n77A-n261A,n48,,"5, 10, 15, 20, 40, 50, 60, 80, 90, 100",0
,,n77,,CA_n77C_BCS1,
,,n261,,CA_n261(2A),
CA_n48A-n77C-n261(3A),CA_n48A-n261ACA_n77A-n261A,n48,,"5, 10, 15, 20, 40, 50, 60, 80, 90, 100",0
,,n77,,CA_n77C_BCS1,
,,n261,,CA_n261(3A),
CA_n48A-n77C-n261(2G),CA_n48A-n261A/GCA_n77A-n261A/G,n48,,"5, 10, 15, 20, 40, 50, 60, 80, 90, 100",0
,,n77,,CA_n77C_BCS1,
,,n261,,CA_n261(2G),
CA_n48A-n77C-n261(2H),CA_n48A-n261A/G/HCA_n77A-n261A/G/H,n48,,"5, 10, 15, 20, 40, 50, 60, 80, 90, 100",0
,,n77,,CA_n77C_BCS1,
,,n261,,CA_n261(2H),
CA_n48A-n77C-n261(2A-G),CA_n48A-n261A/GCA_n77A-n261A/G,n48,,"5, 10, 15, 20, 40, 50, 60, 80, 90, 100",0
,,n77,,CA_n77C_BCS1,
,,n261,,CA_n261(2A-G),
CA_n48A-n77C-n261(2A-H),CA_n48A-n261A/G/HCA_n77A-n261A/G/H,n48,,"5, 10, 15, 20, 40, 50, 60, 80, 90, 100",0
,,n77,,CA_n77C_BCS1,
,,n261,,CA_n261(2A-H),
CA_n48A-n77C-n261(A-2G),CA_n48A-n261A/GCA_n77A-n261A/G,n48,,"5, 10, 15, 20, 40, 50, 60, 80, 90, 100",0
,,n77,,CA_n77C_BCS1,
,,n261,,CA_n261(A-2G),
CA_n48A-n77C-n261(A-G-H),CA_n48A-n261A/G/HCA_n77A-n261A/G/H,n48,,"5, 10, 15, 20, 40, 50, 60, 80, 90, 100",0
,,n77,,CA_n77C_BCS1,
,,n261,,CA_n261(A-G-H),
CA_n48A-n77C-n261(G-I),CA_n48A-n261A/G/H/ICA_n77A-n261A/G/H/I,n48,,"5, 10, 15, 20, 40, 50, 60, 80, 90, 100",0
,,n77,,CA_n77C_BCS1,
,,n261,,CA_n261(G-I),
CA_n48A-n77C-n261(H-I),CA_n48A-n261A/G/H/ICA_n77A-n261A/G/H/I,n48,,"5, 10, 15, 20, 40, 50, 60, 80, 90, 100",0
,,n77,,CA_n77C_BCS1,
,,n261,,CA_n261(H-I),
CA_n48A-n77C-n261(2A-I),CA_n48A-n261A/G/H/ICA_n77A-n261A/G/H/I,n48,,"5, 10, 15, 20, 40, 50, 60, 80, 90, 100",0
,,n77,,CA_n77C_BCS1,
,,n261,,CA_n261(2A-I),
CA_n48A-n77C-n261(A-G-I),CA_n48A-n261A/G/H/ICA_n77A-n261A/G/H/I,n48,,"5, 10, 15, 20, 40, 50, 60, 80, 90, 100",0
,,n77,,CA_n77C_BCS1,
,,n261,,CA_n261(A-G-I),
CA_n66A-n71A-n257A,CA_n66A-n71ACA_n66A-n257ACA_n71A-n257A,n66,,"5, 10, 15, 20, 25, 30, 35, 40, 45",0
,,n71,,"5, 10, 15, 20, 25, 30, 35",
,,n257,,"50, 100, 200, 400",
,,n66,,See n66 channel bandwidths in 38.101-1 Table 5.3.5-1,4 and 5
,,n71,,See n71 channel bandwidths in 38.101-1 Table 5.3.5-1,
,,n257,,See n257 channel bandwidths in 38.101-1 Table 5.3.5-1,
CA_n66A-n71A-n257G,CA_n66A-n71ACA_n66A-n257A/GCA_n71A-n257A/G,n66,,"5, 10, 15, 20, 25, 30, 35, 40, 45",0
,,n71,,"5, 10, 15, 20, 25, 30, 35",
,,n257,,CA_n257G,
,,n66,,See n66 channel bandwidths in 38.101-1 Table 5.3.5-1,4 and 5
,,n71,,See n71 channel bandwidths in 38.101-1 Table 5.3.5-1,
,,n257,,CA_n257G,
CA_n66A-n71A-n260A,CA_n66A-n71ACA_n66A-n260ACA_n71A-n260A,n66,,"5, 10, 15, 20, 25, 30, 35, 40, 45",0
,,n71,,"5, 10, 15, 20, 25, 30, 35",
,,n260,,"50, 100, 200, 400",
,,n66,,See n66 channel bandwidths in 38.101-1 Table 5.3.5-1,4 and 5
,,n71,,See n71 channel bandwidths in 38.101-1 Table 5.3.5-1,
,,n260,,See n260 channel bandwidths in 38.101-1 Table 5.3.5-1,
CA_n66A-n71A-n260G,CA_n66A-n71ACA_n66A-n260A/GCA_n71A-n260A/G,n66,,"5, 10, 15, 20, 25, 30, 35, 40, 45",0
,,n71,,"5, 10, 15, 20, 25, 30, 35",
,,n260,,CA_n260G,
,,n66,,See n66 channel bandwidths in 38.101-1 Table 5.3.5-1,4 and 5
,,n71,,See n71 channel bandwidths in 38.101-1 Table 5.3.5-1,
,,n260,,CA_n260G,
CA_n66A-n71A-n261A,CA_n66A-n71ACA_n66A-n261ACA_n71A-n261A,n66,,See n66 channel bandwidths in 38.101-1 Table 5.3.5-1,4 and 5
,,n71,,See n71 channel bandwidths in 38.101-1 Table 5.3.5-1,
,,n261,,See n261 channel bandwidths in 38.101-2 Table 5.3.5-1,
CA_n66A-n71A-n261G,CA_n66A-n71ACA_n66A-n261A/GCA_n71A-n261A/G,n66,,See n66 channel bandwidths in 38.101-1 Table 5.3.5-1,4 and 5
,,n71,,See n71 channel bandwidths in 38.101-1 Table 5.3.5-1,
,,n261,,CA_n261G,
CA_n66A-n71A-n261H,CA_n66A-n71ACA_n66A-n261A/G/HCA_n71A-n261A/G/H,n66,,See n66 channel bandwidths in 38.101-1 Table 5.3.5-1,4 and 5
,,n71,,See n71 channel bandwidths in 38.101-1 Table 5.3.5-1,
,,n261,,CA_n261H,
CA_n66A-n77A-n257A,CA_n66A-n77ACA_n66A-n257ACA_n77A-n257A,n66,,"5, 10, 15, 20, 25, 30, 35, 40, 45",0
,,n77,,"10, 15, 20, 25, 30, 40, 50, 60, 70, 80, 90, 100",
,,n257,,"50, 100, 200, 400",
,,n66,,See n66 channel bandwidths in 38.101-1 Table 5.3.5-1,4 and 5
,,n77,,See n77 channel bandwidths in 38.101-1 Table 5.3.5-1,
,,n257,,See n257 channel bandwidths in 38.101-1 Table 5.3.5-1,
CA_n66A-n77A-n257G,CA_n66A-n77ACA_n66A-n257A/GCA_n77A-n257A/G,n66,,"5, 10, 15, 20, 25, 30, 35, 40, 45",0
,,n77,,"10, 15, 20, 25, 30, 40, 50, 60, 70, 80, 90, 100",
,,n257,,CA_n257G,
,,n66,,See n66 channel bandwidths in 38.101-1 Table 5.3.5-1,4 and 5
,,n77,,See n77 channel bandwidths in 38.101-1 Table 5.3.5-1,
,,n257,,CA_n257G,
CA_n66A-n77(2A)-n257A,CA_n66A-n77ACA_n66A-n257ACA_n77(2A)CA_n77A-n257A,n66,,"5, 10, 15, 20, 25, 30, 35, 40, 45",0
,,n77,,CA_n77(2A),
,,n257,,"50, 100, 200, 400",
CA_n66A-n77(2A)-n257G,CA_n66A-n77ACA_n66A-n257A/GCA_n77(2A)CA_n77A-n257A/G,n66,,"5, 10, 15, 20, 25, 30, 35, 40, 45",0
,,n77,,CA_n77(2A),
,,n257,,CA_n257G,
CA_n66A-n77A-n260A,CA_n66A-n77ACA_n77A-n260ACA_n66A-n260A,n66,,"5, 10, 15, 20, 40",0
,,n77,,"10, 15, 20, 25, 30, 40, 50, 60, 70, 80, 90, 100",
,,n260,,"50, 100, 200, 400",
,,n66,,"5, 10, 15, 20, 25, 30, 40",1
,,n77,,"10, 15, 20, 25, 30, 40, 50, 60, 70, 80, 90, 100",
,,n260,,"50, 100, 200, 400",
CA_n66A-n77A-n260G,CA_n66A-n77ACA_n66A-n260A/GCA_n77A-n260A/G,n66,,"5, 10, 15, 20, 40",0
,,n77,,"10, 15, 20, 25, 30, 40, 50, 60, 70, 80, 90, 100",
,,n260,,CA_n260G,
,,n66,,"5, 10, 15, 20, 25, 30, 40",1
,,n77,,"10, 15, 20, 25, 30, 40, 50, 60, 70, 80, 90, 100",
,,n260,,CA_n260G,
CA_n66A-n77A-n260H,CA_n66A-n77ACA_n66A-n260A/G/HCA_n77A-n260A/G/H,n66,,"5, 10, 15, 20, 40",0
,,n77,,"10, 15, 20, 25, 30, 40, 50, 60, 70, 80, 90, 100",
,,n260,,CA_n260H,
,,n66,,"5, 10, 15, 20, 25, 30, 40",1
,,n77,,"10, 15, 20, 25, 30, 40, 50, 60, 70, 80, 90, 100",
,,n260,,CA_n260H,
CA_n66A-n77A-n260I,CA_n66A-n77ACA_n66A-n260A/G/H/ICA_n77A-n260A/G/H/I,n66,,"5, 10, 15, 20, 40",0
,,n77,,"10, 15, 20, 25, 30, 40, 50, 60, 70, 80, 90, 100",
,,n260,,CA_n260I,
,,n66,,"5, 10, 15, 20, 25, 30, 40",1
,,n77,,"10, 15, 20, 25, 30, 40, 50, 60, 70, 80, 90, 100",
,,n260,,CA_n260I,
CA_n66A-n77A-n260J,CA_n66A-n77ACA_n66A-n260A/G/H/I/JCA_n77A-n260A/G/H/I/J,n66,,"5, 10, 15, 20, 40",0
,,n77,,"10, 15, 20, 25, 30, 40, 50, 60, 70, 80, 90, 100",
,,n260,,CA_n260J,
,,n66,,"5, 10, 15, 20, 25, 30, 40",1
,,n77,,"10, 15, 20, 25, 30, 40, 50, 60, 70, 80, 90, 100",
,,n260,,CA_n260J,
CA_n66A-n77A-n260K,CA_n66A-n77ACA_n66A-n260A/G/H/I/J/KCA_n77A-n260A/G/H/I/J/K,n66,,"5, 10, 15, 20, 40",0
,,n77,,"10, 15, 20, 25, 30, 40, 50, 60, 70, 80, 90, 100",
,,n260,,CA_n260K,
,,n66,,"5, 10, 15, 20, 25, 30, 40",1
,,n77,,"10, 15, 20, 25, 30, 40, 50, 60, 70, 80, 90, 100",
,,n260,,CA_n260K,
CA_n66A-n77A-n260L,CA_n66A-n77ACA_n66A-n260A/G/H/I/J/K/LCA_n77A-n260A/G/H/I/J/K/L,n66,,"5, 10, 15, 20, 40",0
,,n77,,"10, 15, 20, 25, 30, 40, 50, 60, 70, 80, 90, 100",
,,n260,,CA_n260L,
,,n66,,"5, 10, 15, 20, 25, 30, 40",1
,,n77,,"10, 15, 20, 25, 30, 40, 50, 60, 70, 80, 90, 100",
,,n260,,CA_n260L,
CA_n66A-n77A-n260M,CA_n66A-n77ACA_n66A-n260A/G/H/I/J/K/L/MCA_n77A-n260A/G/H/I/J/K/L/M,n66,,"5, 10, 15, 20, 40",0
,,n77,,"10, 15, 20, 25, 30, 40, 50, 60, 70, 80, 90, 100",
,,n260,,CA_n260M,
,,n66,,"5, 10, 15, 20, 25, 30, 40",1
,,n77,,"10, 15, 20, 25, 30, 40, 50, 60, 70, 80, 90, 100",
,,n260,,CA_n260M,
CA_n66A-n77(2A)-n260A,CA_n66A-n77ACA_n66A-n260ACA_n77(2A)CA_n77A-n260A,n66,,"5, 10, 15, 20, 25, 30, 40",0
,,n77,,CA_n77(2A),
,,n260,,"50, 100, 200, 400",
,,n66,,"5, 10, 15, 20, 25, 30, 40",1
,,n77,,CA_n77(2A)_BCS1,
,,n260,,"50, 100, 200, 400",
CA_n66A-n77(2A)-n260G,CA_n66A-n77ACA_n66A-n260A/GCA_n77(2A)CA_n77A-n260A/G,n66,,"5, 10, 15, 20, 25, 30, 40",0
,,n77,,CA_n77(2A),
,,n260,,CA_n260G,
,,n66,,"5, 10, 15, 20, 25, 30, 40",1
,,n77,,CA_n77(2A)_BCS1,
,,n260,,CA_n260G,
CA_n66A-n77(2A)-n260H,CA_n66A-n77ACA_n66A-n260A/G/HCA_n77(2A)CA_n77A-n260A/G/H,n66,,"5, 10, 15, 20, 25, 30, 40",0
,,n77,,CA_n77(2A),
,,n260,,CA_n260H,
,,n66,,"5, 10, 15, 20, 25, 30, 40",1
,,n77,,CA_n77(2A)_BCS1,
,,n260,,CA_n260H,
CA_n66A-n77(2A)-n260I,CA_n66A-n77ACA_n66A-n260A/G/H/ICA_n77(2A)CA_n77A-n260A/G/H/I,n66,,"5, 10, 15, 20, 25, 30, 40",0
,,n77,,CA_n77(2A),
,,n260,,CA_n260I,
,,n66,,"5, 10, 15, 20, 25, 30, 40",1
,,n77,,CA_n77(2A)_BCS1,
,,n260,,CA_n260I,
CA_n66A-n77(2A)-n260J,CA_n66A-n77ACA_n66A-n260A/G/H/I/JCA_n77(2A)CA_n77A-n260A/G/H/I/J,n66,,"5, 10, 15, 20, 25, 30, 40",0
,,n77,,CA_n77(2A),
,,n260,,CA_n260J,
,,n66,,"5, 10, 15, 20, 25, 30, 40",1
,,n77,,CA_n77(2A)_BCS1,
,,n260,,CA_n260J,
CA_n66A-n77(2A)-n260K,CA_n66A-n77ACA_n66A-n260A/G/H/I/J/KCA_n77(2A)CA_n77A-n260A/G/H/I/J/K,n66,,"5, 10, 15, 20, 25, 30, 40",0
,,n77,,CA_n77(2A),
,,n260,,CA_n260K,
,,n66,,"5, 10, 15, 20, 25, 30, 40",1
,,n77,,CA_n77(2A)_BCS1,
,,n260,,CA_n260K,
CA_n66A-n77(2A)-n260L,CA_n66A-n77ACA_n66A-n260A/G/H/I/J/K/LCA_n77(2A)CA_n77A-n260A/G/H/I/J/K/L,n66,,"5, 10, 15, 20, 25, 30, 40",0
,,n77,,CA_n77(2A),
,,n260,,CA_n260L,
,,n66,,"5, 10, 15, 20, 25, 30, 40",1
,,n77,,CA_n77(2A)_BCS1,
,,n260,,CA_n260L,
CA_n66A-n77(2A)-n260M,CA_n66A-n77ACA_n66A-n260A/G/H/I/J/K/L/MCA_n77(2A)CA_n77A-n260A/G/H/I/J/K/L/M,n66,,"5, 10, 15, 20, 25, 30, 40",0
,,n77,,CA_n77(2A),
,,n260,,CA_n260M,
,,n66,,"5, 10, 15, 20, 25, 30, 40",1
,,n77,,CA_n77(2A)_BCS1,
,,n260,,CA_n260M,
CA_n66A-n77C-n260A,CA_n66A-n260ACA_n77A-n260A,n66,,"5, 10, 15, 20, 25, 30, 40",0
,,n77,,CA_n77C_BCS1,
,,n260,,CA_n260A,
CA_n66A-n77C-n260G,CA_n66A-n260A/GCA_n77A-n260A/G,n66,,"5, 10, 15, 20, 25, 30, 40",0
,,n77,,CA_n77C_BCS1,
,,n260,,CA_n260G,
CA_n66A-n77C-n260H,CA_n66A-n260A/G/HCA_n77A-n260A/G/H,n66,,"5, 10, 15, 20, 25, 30, 40",0
,,n77,,CA_n77C_BCS1,
,,n260,,CA_n260H,
CA_n66A-n77C-n260I,CA_n66A-n260A/G/H/ICA_n77A-n260A/G/H/I,n66,,"5, 10, 15, 20, 25, 30, 40",0
,,n77,,CA_n77C_BCS1,
,,n260,,CA_n260I,
CA_n66A-n77C-n260J,CA_n66A-n260A/G/H/ICA_n77A-n260A/G/H/I,n66,,"5, 10, 15, 20, 25, 30, 40",0
,,n77,,CA_n77C_BCS1,
,,n260,,CA_n260J,
CA_n66A-n77C-n260K,CA_n66A-n260A/G/H/ICA_n77A-n260A/G/H/I,n66,,"5, 10, 15, 20, 25, 30, 40",0
,,n77,,CA_n77C_BCS1,
,,n260,,CA_n260K,
CA_n66A-n77C-n260L,CA_n66A-n260A/G/H/ICA_n77A-n260A/G/H/I,n66,,"5, 10, 15, 20, 25, 30, 40",0
,,n77,,CA_n77C_BCS1,
,,n260,,CA_n260L,
CA_n66A-n77C-n260M,CA_n66A-n260A/G/H/ICA_n77A-n260A/G/H/I,n66,,"5, 10, 15, 20, 25, 30, 40",0
,,n77,,CA_n77C_BCS1,
,,n260,,CA_n260M,
CA_n66A-n77A-n261A,CA_n77A-n261ACA_n66A-n261A,n66,,"5, 10, 15, 20, 40",0
,,n77,,"10, 15, 20, 25, 30, 40, 50, 60, 70, 80, 90, 100",
,,n261,,"50, 100, 200, 400",
,,n66,,"5, 10, 15, 20, 25, 30, 40",1
,,n77,,"10, 15, 20, 25, 30, 40, 50, 60, 70, 80, 90, 100",
,,n261,,"50, 100, 200, 400",
,CA_n66A-n77ACA_n77A-n261ACA_n66A-n261A,n66,,See n66 channel bandwidths in 38.101-1 Table 5.3.5-1,4 and 5
,,n77,,See n77 channel bandwidths in 38.101-1 Table 5.3.5-1,
,,n261,,See n261 channel bandwidths in 38.101-2 Table 5.3.5-1,
CA_n66A-n77A-n261G,CA_n66A-n261A/GCA_n77A-n261A/G,n66,,"5, 10, 15, 20, 40",0
,,n77,,"10, 15, 20, 25, 30, 40, 50, 60, 70, 80, 90, 100",
,,n261,,CA_n261G,
,,n66,,"5, 10, 15, 20, 25, 30, 40",1
,,n77,,"10, 15, 20, 25, 30, 40, 50, 60, 70, 80, 90, 100",
,,n261,,CA_n261G,
,CA_n66A-n77ACA_n66A-n261A/GCA_n77A-n261A/G,n66,,See n66 channel bandwidths in 38.101-1 Table 5.3.5-1,4 and 5
,,n77,,See n77 channel bandwidths in 38.101-1 Table 5.3.5-1,
,,n261,,CA_n261G,
CA_n66A-n77A-n261H,CA_n66A-n261A/G/HCA_n77A-n261A/G/H,n66,,"5, 10, 15, 20, 40",0
,,n77,,"10, 15, 20, 25, 30, 40, 50, 60, 70, 80, 90, 100",
,,n261,,CA_n261H,
,,n66,,"5, 10, 15, 20, 25, 30, 40",1
,,n77,,"10, 15, 20, 25, 30, 40, 50, 60, 70, 80, 90, 100",
,,n261,,CA_n261H,
,CA_n66A-n77ACA_n66A-n261A/G/HCA_n77A-n261A/G/H,n66,,See n66 channel bandwidths in 38.101-1 Table 5.3.5-1,4 and 5
,,n77,,See n77 channel bandwidths in 38.101-1 Table 5.3.5-1,
,,n261,,CA_n261H,
CA_n66A-n77A-n261I,CA_n66A-n261A/G/H/ICA_n77A-n261A/G/H/I,n66,,"5, 10, 15, 20, 40",0
,,n77,,"10, 15, 20, 25, 30, 40, 50, 60, 70, 80, 90, 100",
,,n261,,CA_n261I,
,,n66,,"5, 10, 15, 20, 25, 30, 40",1
,,n77,,"10, 15, 20, 25, 30, 40, 50, 60, 70, 80, 90, 100",
,,n261,,CA_n261I,
CA_n66A-n77A-n261J,CA_n66A-n261A/G/H/ICA_n77A-n261A/G/H/I,n66,,"5, 10, 15, 20, 40",0
,,n77,,"10, 15, 20, 25, 30, 40, 50, 60, 70, 80, 90, 100",
,,n261,,CA_n261J,
,,n66,,"5, 10, 15, 20, 25, 30, 40",1
,,n77,,"10, 15, 20, 25, 30, 40, 50, 60, 70, 80, 90, 100",
,,n261,,CA_n261J,
CA_n66A-n77A-n261K,CA_n66A-n261A/G/H/ICA_n77A-n261A/G/H/I,n66,,"5, 10, 15, 20, 40",0
,,n77,,"10, 15, 20, 25, 30, 40, 50, 60, 70, 80, 90, 100",
,,n261,,CA_n261K,
,,n66,,"5, 10, 15, 20, 25, 30, 40",1
,,n77,,"10, 15, 20, 25, 30, 40, 50, 60, 70, 80, 90, 100",
,,n261,,CA_n261K,
CA_n66A-n77A-n261L,CA_n66A-n261A/G/H/ICA_n77A-n261A/G/H/I,n66,,"5, 10, 15, 20, 40",0
,,n77,,"10, 15, 20, 25, 30, 40, 50, 60, 70, 80, 90, 100",
,,n261,,CA_n261L,
,,n66,,"5, 10, 15, 20, 25, 30, 40",1
,,n77,,"10, 15, 20, 25, 30, 40, 50, 60, 70, 80, 90, 100",
,,n261,,CA_n261L,
CA_n66A-n77A-n261M,CA_n66A-n261A/G/H/ICA_n77A-n261A/G/H/I,n66,,"5, 10, 15, 20, 40",0
,,n77,,"10, 15, 20, 25, 30, 40, 50, 60, 70, 80, 90, 100",
,,n261,,CA_n261M,
,,n66,,"5, 10, 15, 20, 25, 30, 40",1
,,n77,,"10, 15, 20, 25, 30, 40, 50, 60, 70, 80, 90, 100",
,,n261,,CA_n261M,
CA_n66A-n77A-n261(2A),CA_n66A-n261ACA_n77A-n261A,n66,,"5, 10, 15, 20, 25, 30, 40",0
,,n77,,"10, 15, 20, 25, 30, 40, 50, 60, 70, 80, 90, 100",
,,n261,,CA_n261(2A),
CA_n66A-n77A-n261(3A),CA_n66A-n261ACA_n77A-n261A,n66,,"5, 10, 15, 20, 25, 30, 40",0
,,n77,,"10, 15, 20, 25, 30, 40, 50, 60, 70, 80, 90, 100",
,,n261,,CA_n261(3A),
CA_n66A-n77A-n261(A-G),CA_n66A-n261A/GCA_n77A-n261A/G,n66,,"5, 10, 15, 20, 25, 30, 40",0
,,n77,,"10, 15, 20, 25, 30, 40, 50, 60, 70, 80, 90, 100",
,,n261,,CA_n261(A-G),
CA_n66A-n77A-n261(A-H),CA_n66A-n261A/G/HCA_n77A-n261A/G/H,n66,,"5, 10, 15, 20, 25, 30, 40",0
,,n77,,"10, 15, 20, 25, 30, 40, 50, 60, 70, 80, 90, 100",
,,n261,,CA_n261(A-H),
CA_n66A-n77A-n261(G-H),CA_n66A-n261A/G/HCA_n77A-n261A/G/H,n66,,"5, 10, 15, 20, 25, 30, 40",0
,,n77,,"10, 15, 20, 25, 30, 40, 50, 60, 70, 80, 90, 100",
,,n261,,CA_n261(G-H),
CA_n66A-n77A-n261(2A-G),CA_n66A-n261A/GCA_n77A-n261A/G,n66,,"5, 10, 15, 20, 25, 30, 40",0
,,n77,,"10, 15, 20, 25, 30, 40, 50, 60, 70, 80, 90, 100",
,,n261,,CA_n261(2A-G),
CA_n66A-n77A-n261(2A-H),CA_n66A-n261A/G/HCA_n77A-n261A/G/H,n66,,"5, 10, 15, 20, 25, 30, 40",0
,,n77,,"10, 15, 20, 25, 30, 40, 50, 60, 70, 80, 90, 100",
,,n261,,CA_n261(2A-H),
CA_n66A-n77A-n261(A-2G),CA_n66A-n261A/GCA_n77A-n261A/G,n66,,"5, 10, 15, 20, 25, 30, 40",0
,,n77,,"10, 15, 20, 25, 30, 40, 50, 60, 70, 80, 90, 100",
,,n261,,CA_n261(A-2G),
CA_n66A-n77A-n261(A-G-H),CA_n66A-n261A/G/HCA_n77A-n261A/G/H,n66,,"5, 10, 15, 20, 25, 30, 40",0
,,n77,,"10, 15, 20, 25, 30, 40, 50, 60, 70, 80, 90, 100",
,,n261,,CA_n261(A-G-H),
CA_n66A-n77A-n261(A-I),CA_n66A-n261A/G/H/ICA_n77A-n261A/G/H/I,n66,,"5, 10, 15, 20, 25, 30, 40",0
,,n77,,"10, 15, 20, 25, 30, 40, 50, 60, 70, 80, 90, 100",
,,n261,,CA_n261(A-I),
CA_n66A-n77A-n261(G-I),CA_n66A-n261A/G/H/ICA_n77A-n261A/G/H/I,n66,,"5, 10, 15, 20, 25, 30, 40",0
,,n77,,"10, 15, 20, 25, 30, 40, 50, 60, 70, 80, 90, 100",
,,n261,,CA_n261(G-I),
CA_n66A-n77A-n261(2G),CA_n66A-n261A/GCA_n77A-n261A/G,n66,,"5, 10, 15, 20, 25, 30, 40",0
,,n77,,"10, 15, 20, 25, 30, 40, 50, 60, 70, 80, 90, 100",
,,n261,,CA_n261(2G),
CA_n66A-n77A-n261(2H),CA_n66A-n261A/G/HCA_n77A-n261A/G/H,n66,,"5, 10, 15, 20, 25, 30, 40",0
,,n77,,"10, 15, 20, 25, 30, 40, 50, 60, 70, 80, 90, 100",
,,n261,,CA_n261(2H),
CA_n66A-n77A-n261(2A-I),CA_n66A-n261A/G/H/ICA_n77A-n261A/G/H/I,n66,,"5, 10, 15, 20, 25, 30, 40",0
,,n77,,"10, 15, 20, 25, 30, 40, 50, 60, 70, 80, 90, 100",
,,n261,,CA_n261(2A-I),
CA_n66A-n77A-n261(A-G-I),CA_n66A-n261A/G/H/ICA_n77A-n261A/G/H/I,n66,,"5, 10, 15, 20, 25, 30, 40",0
,,n77,,"10, 15, 20, 25, 30, 40, 50, 60, 70, 80, 90, 100",
,,n261,,CA_n261(A-G-I),
CA_n66A-n77A-n261(H-I),CA_n66A-n261A/G/H/ICA_n77A-n261A/G/H/I,n66,,"5, 10, 15, 20, 25, 30, 40",0
,,n77,,"10, 15, 20, 25, 30, 40, 50, 60, 70, 80, 90, 100",
,,n261,,CA_n261(H-I),
CA_n66A-n77C-n261A,CA_n66A-n261ACA_n77A-n261A,n66,,"5, 10, 15, 20, 25, 30, 40",0
,,n77,,CA_n77C_BCS1,
,,n261,,CA_n261A,
CA_n66A-n77C-n261G,CA_n66A-n261A/GCA_n77A-n261A/G,n66,,"5, 10, 15, 20, 25, 30, 40",0
,,n77,,CA_n77C_BCS1,
,,n261,,CA_n261G,
CA_n66A-n77C-n261H,CA_n66A-n261A/G/HCA_n77A-n261A/G/H,n66,,"5, 10, 15, 20, 25, 30, 40",0
,,n77,,CA_n77C_BCS1,
,,n261,,CA_n261H,
CA_n66A-n77C-n261I,CA_n66A-n261A/G/H/ICA_n77A-n261A/G/H/I,n66,,"5, 10, 15, 20, 25, 30, 40",0
,,n77,,CA_n77C_BCS1,
,,n261,,CA_n261I,
CA_n66A-n77C-n261J,CA_n66A-n261A/G/H/ICA_n77A-n261A/G/H/I,n66,,"5, 10, 15, 20, 25, 30, 40",0
,,n77,,CA_n77C_BCS1,
,,n261,,CA_n261J,
CA_n66A-n77C-n261K,CA_n66A-n261A/G/H/ICA_n77A-n261A/G/H/I,n66,,"5, 10, 15, 20, 25, 30, 40",0
,,n77,,CA_n77C_BCS1,
,,n261,,CA_n261K,
CA_n66A-n77C-n261L,CA_n66A-n261A/G/H/ICA_n77A-n261A/G/H/I,n66,,"5, 10, 15, 20, 25, 30, 40",0
,,n77,,CA_n77C_BCS1,
,,n261,,CA_n261L,
CA_n66A-n77C-n261M,CA_n66A-n261A/G/H/ICA_n77A-n261A/G/H/I,n66,,"5, 10, 15, 20, 25, 30, 40",0
,,n77,,CA_n77C_BCS1,
,,n261,,CA_n261M,
CA_n66A-n77C-n261(A-G),CA_n66A-n261A/GCA_n77A-n261A/G,n66,,"5, 10, 15, 20, 25, 30, 40",0
,,n77,,CA_n77C_BCS1,
,,n261,,CA_n261(A-G),
CA_n66A-n77C-n261(A-H),CA_n66A-n261A/G/HCA_n77A-n261A/G/H,n66,,"5, 10, 15, 20, 25, 30, 40",0
,,n77,,CA_n77C_BCS1,
,,n261,,CA_n261(A-H),
CA_n66A-n77C-n261(G-H),CA_n66A-n261A/G/HCA_n77A-n261A/G/H,n66,,"5, 10, 15, 20, 25, 30, 40",0
,,n77,,CA_n77C_BCS1,
,,n261,,CA_n261(G-H),
CA_n66A-n77C-n261(2A-G),CA_n66A-n261A/GCA_n77A-n261A/G,n66,,"5, 10, 15, 20, 25, 30, 40",0
,,n77,,CA_n77C_BCS1,
,,n261,,CA_n261(2A-G),
CA_n66A-n77C-n261(2A-H),CA_n66A-n261A/G/HCA_n77A-n261A/G/H,n66,,"5, 10, 15, 20, 25, 30, 40",0
,,n77,,CA_n77C_BCS1,
,,n261,,CA_n261(2A-H),
CA_n66A-n77C-n261(A-2G),CA_n66A-n261A/G/HCA_n77A-n261A/G/H,n66,,"5, 10, 15, 20, 25, 30, 40",0
,,n77,,CA_n77C_BCS1,
,,n261,,CA_n261(A-2G),
CA_n66A-n77C-n261(A-G-H),CA_n66A-n261A/G/HCA_n77A-n261A/G/H,n66,,"5, 10, 15, 20, 25, 30, 40",0
,,n77,,CA_n77C_BCS1,
,,n261,,CA_n261(A-G-H),
CA_n66A-n77C-n261(A-I),CA_n66A-n261A/G/H/ICA_n77A-n261A/G/H/I,n66,,"5, 10, 15, 20, 25, 30, 40",0
,,n77,,CA_n77C_BCS1,
,,n261,,CA_n261(A-I),
CA_n66A-n77C-n261(G-I),CA_n66A-n261A/G/H/ICA_n77A-n261A/G/H/I,n66,,"5, 10, 15, 20, 25, 30, 40",0
,,n77,,CA_n77C_BCS1,
,,n261,,CA_n261(G-I),
CA_n66A-n77C-n261(2A),CA_n66A-n261ACA_n77A-n261A,n66,,"5, 10, 15, 20, 25, 30, 40",0
,,n77,,CA_n77C_BCS1,
,,n261,,CA_n261(2A),
CA_n66A-n77C-n261(3A),CA_n66A-n261ACA_n77A-n261A,n66,,"5, 10, 15, 20, 25, 30, 40",0
,,n77,,CA_n77C_BCS1,
,,n261,,CA_n261(3A),
CA_n66A-n77C-n261(2G),CA_n66A-n261A/GCA_n77A-n261A/G,n66,,"5, 10, 15, 20, 25, 30, 40",0
,,n77,,CA_n77C_BCS1,
,,n261,,CA_n261(2G),
CA_n66A-n77C-n261(2H),CA_n66A-n261A/G/HCA_n77A-n261A/G/H,n66,,"5, 10, 15, 20, 25, 30, 40",0
,,n77,,CA_n77C_BCS1,
,,n261,,CA_n261(2H),
CA_n66A-n77C-n261(H-I),CA_n66A-n261A/G/H/ICA_n77A-n261A/G/H/I,n66,,"5, 10, 15, 20, 25, 30, 40",0
,,n77,,CA_n77C_BCS1,
,,n261,,CA_n261(H-I),
CA_n66A-n77C-n261(2A-I),CA_n66A-n261A/G/H/ICA_n77A-n261A/G/H/I,n66,,"5, 10, 15, 20, 25, 30, 40",0
,,n77,,CA_n77C_BCS1,
,,n261,,CA_n261(2A-I),
CA_n66A-n77C-n261(A-G-I),CA_n66A-n261A/G/H/ICA_n77A-n261A/G/H/I,n66,,"5, 10, 15, 20, 25, 30, 40",0
,,n77,,CA_n77C_BCS1,
,,n261,,CA_n261(A-G-I),
CA_n66A-n77(2A)-n261A,CA_n66A-n77ACA_n66A-n261ACA_n77A-n261A,n66,,See n66 channel bandwidths in 38.101-1 Table 5.3.5-1,4 and 5
,,n77,,CA_n77(2A)_BCS4 and 5,
,,n261,,See n261 channel bandwidths in 38.101-2 Table 5.3.5-1,
CA_n66A-n77(2A)-n261G,CA_n66A-n77ACA_n66A-n261A/GCA_n77A-n261A/G,n66,,See n66 channel bandwidths in 38.101-1 Table 5.3.5-1,4 and 5
,,n77,,CA_n77(2A)_BCS4 and 5,
,,n261,,CA_n261G,
CA_n66A-n77(2A)-n261H,CA_n66A-n77ACA_n66A-n261A/G/HCA_n77A-n261A/G/H,n66,,See n66 channel bandwidths in 38.101-1 Table 5.3.5-1,4 and 5
,,n77,,CA_n77(2A)_BCS4 and 5,
,,n261,,CA_n261H,
CA_n71A-n77A-n257A,CA_n71A-n77ACA_n71A-n257ACA_n77A-n257A,n71,,"5, 10, 15, 20, 25, 30, 35",0
,,n77,,"10, 15, 20, 25, 30, 40, 50, 60, 70, 80, 90, 100",
,,n257,,"50, 100, 200, 400",
,,n71,,See n71 channel bandwidths in 38.101-1 Table 5.3.5-1,4 and 5
,,n77,,See n77 channel bandwidths in 38.101-1 Table 5.3.5-1,
,,n257,,See n257 channel bandwidths in 38.101-1 Table 5.3.5-1,
CA_n71A-n77A-n257G,CA_n71A-n77ACA_n71A-n257A/GCA_n77A-n257A/G,n71,,"5, 10, 15, 20, 25, 30, 35",0
,,n77,,"10, 15, 20, 25, 30, 40, 50, 60, 70, 80, 90, 100",
,,n257,,CA_n257G,
,,n71,,See n71 channel bandwidths in 38.101-1 Table 5.3.5-1,4 and 5
,,n77,,See n77 channel bandwidths in 38.101-1 Table 5.3.5-1,
,,n257,,CA_n257G,
CA_n71A-n77(2A)-n257A,CA_n71A-n77ACA_n71A-n257ACA_n77(2A)CA_n77A-n257A,n71,,"5, 10, 15, 20, 25, 30, 35",0
,,n77,,CA_n77(2A),
,,n257,,"50, 100, 200, 400",
CA_n71A-n77(2A)-n257G,CA_n71A-n77ACA_n71A-n257A/GCA_n77(2A)CA_n77A-n257A/G,n71,,"5, 10, 15, 20, 25, 30, 35",0
,,n77,,CA_n77(2A),
,,n257,,CA_n257G,
CA_n71A-n77A-n260A,CA_n71A-n77ACA_n71A-n260ACA_n77A-n260A,n71,,"5, 10, 15, 20, 25, 30, 35",0
,,n77,,"10, 15, 20, 25, 30, 40, 50, 60, 70, 80, 90, 100",
,,n260,,"50, 100, 200, 400",
,,n71,,See n71 channel bandwidths in 38.101-1 Table 5.3.5-1,4 and 5
,,n77,,See n77 channel bandwidths in 38.101-1 Table 5.3.5-1,
,,n260,,See n260 channel bandwidths in 38.101-1 Table 5.3.5-1,
CA_n71A-n77A-n260G,CA_n71A-n77ACA_n71A-n260A/GCA_n77A-n260A/G,n71,,"5, 10, 15, 20, 25, 30, 35",0
,,n77,,"10, 15, 20, 25, 30, 40, 50, 60, 70, 80, 90, 100",
,,n260,,CA_n260G,
,,n71,,See n71 channel bandwidths in 38.101-1 Table 5.3.5-1,4 and 5
,,n77,,See n77 channel bandwidths in 38.101-1 Table 5.3.5-1,
,,n260,,CA_n260G,
CA_n71A-n77(2A)-n260A,CA_n71A-n77ACA_n71A-n260ACA_n77(2A)CA_n77A-n260A,n71,,"5, 10, 15, 20, 25, 30, 35",0
,,n77,,CA_n77(2A),
,,n260,,"50, 100, 200, 400",
CA_n71A-n77(2A)-n260G,CA_n71A-n77ACA_n71A-n260A/GCA_n77(2A)CA_n77A-n260A/G,n71,,"5, 10, 15, 20, 25, 30, 35",0
,,n77,,CA_n77(2A),
,,n260,,CA_n260G,
CA_n71A-n77A-n261A,CA_n71A-n77ACA_n71A-n261ACA_n77A-n261A,n71,,See n71 channel bandwidths in 38.101-1 Table 5.3.5-1,4 and 5
,,n77,,See n77 channel bandwidths in 38.101-1 Table 5.3.5-1,
,,n261,,See n261 channel bandwidths in 38.101-2 Table 5.3.5-1,
CA_n71A-n77A-n261G,CA_n71A-n77ACA_n71A-n261A/GCA_n77A-n261A/G,n71,,See n71 channel bandwidths in 38.101-1 Table 5.3.5-1,4 and 5
,,n77,,See n77 channel bandwidths in 38.101-1 Table 5.3.5-1,
,,n261,,CA_n261G,
CA_n71A-n77A-n261H,CA_n71A-n77ACA_n71A-n261A/G/HCA_n77A-n261A/G/H,n71,,See n71 channel bandwidths in 38.101-1 Table 5.3.5-1,4 and 5
,,n77,,See n77 channel bandwidths in 38.101-1 Table 5.3.5-1,
,,n261,,CA_n261H,
CA_n71A-n77(2A)-n261A,CA_n71A-n77ACA_n71A-n261ACA_n77A-n261A,n71,,See n71 channel bandwidths in 38.101-1 Table 5.3.5-1,4 and 5
,,n77,,CA_n77(2A)_BCS4 and 5,
,,n261,,See n261 channel bandwidths in 38.101-2 Table 5.3.5-1,
CA_n71A-n77(2A)-n261G,CA_n71A-n77ACA_n71A-n261A/GCA_n77A-n261A/G,n71,,See n71 channel bandwidths in 38.101-1 Table 5.3.5-1,4 and 5
,,n77,,CA_n77(2A)_BCS4 and 5,
,,n261,,CA_n261G,
CA_n71A-n77(2A)-n261H,CA_n71A-n77ACA_n71A-n261A/G/HCA_n77A-n261A/G/H,n71,,See n71 channel bandwidths in 38.101-1 Table 5.3.5-1,4 and 5
,,n77,,CA_n77(2A)_BCS4 and 5,
,,n261,,CA_n261H,
CA_n77A-n79A-n257A,CA_n77A-n79ACA_n77A-n257ACA_n79A-n257A,n77,,"10, 15, 20, 40, 50, 60, 80, 90, 100",0
,,n79,,"40, 50, 60, 80, 100",
,,n257,,"50, 100, 200, 400",
CA_n77A-n79A-n257G,CA_n257GCA_n77A-n79ACA_n77A-n257A/GCA_n79A-n257A/G,n77,,"10, 15, 20, 40, 50, 60, 80, 90, 100",0
,,n79,,"40, 50, 60, 80, 100",
,,n257,,CA_n257G,
CA_n77A-n79A-n257H,CA_n257G/HCA_n77A-n79ACA_n77A-n257A/G/HCA_n79A-n257A/G/H,n77,,"10, 15, 20, 40, 50, 60, 80, 90, 100",0
,,n79,,"40, 50, 60, 80, 100",
,,n257,,CA_n257H,
CA_n77A-n79A-n257I,CA_n257G/H/ICA_n77A-n79ACA_n77A-n257A/G/H/ICA_n79A-n257A/G/H/I,n77,,"10, 15, 20, 40, 50, 60, 80, 90, 100",0
,,n79,,"40, 50, 60, 80, 100",
,,n257,,CA_n257I,
CA_n77(2A)-n79A-n257A,CA_n77A-n79ACA_n77A-n257ACA_n79A-n257A,n77,,CA_n77(2A),0
,,n79,,"40, 50, 60, 80, 100",
,,n257,,"50, 100, 200, 400",
CA_n77(2A)-n79A-n257G,CA_n257GCA_n77A-n79ACA_n77A-n257A/GCA_n79A-n257A/G,n77,,CA_n77(2A),0
,,n79,,"40, 50, 60, 80, 100",
,,n257,,CA_n257G,
CA_n77(2A)-n79A-n257H,CA_n257G/HCA_n77A-n79ACA_n77A-n257A/G/HCA_n79A-n257A/G/H,n77,,CA_n77(2A),0
,,n79,,"40, 50, 60, 80, 100",
,,n257,,CA_n257H,
CA_n77(2A)-n79A-n257I,CA_n257G/H/ICA_n77A-n79ACA_n77A-n257A/G/H/ICA_n79A-n257A/G/H/I,n77,,CA_n77(2A),0
,,n79,,"40, 50, 60, 80, 100",
,,n257,,CA_n257I,
CA_n77(3A)-n79A-n257A,CA_n77A-n79ACA_n77A-n257ACA_n79A-n257A,n77,,CA_n77(3A),0
,,n79,,"40, 50, 60, 80, 100",
,,n257,,"50, 100, 200, 400",
CA_n77(3A)-n79A-n257G,CA_n77A-n79ACA_n77A-n257A/GCA_n79A-n257A/G,n77,,CA_n77(3A),0
,,n79,,"40, 50, 60, 80, 100",
,,n257,,CA_n257G,
CA_n77(3A)-n79A-n257H,CA_n77A-n79ACA_n77A-n257A/G/HCA_n79A-n257A/G/H,n77,,CA_n77(3A),0
,,n79,,"40, 50, 60, 80, 100",
,,n257,,CA_n257H,
CA_n77(3A)-n79A-n257I,CA_n77A-n79ACA_n77A-n257A/G/H/ICA_n79A-n257A/G/H/I,n77,,CA_n77(3A),0
,,n79,,"40, 50, 60, 80, 100",
,,n257,,CA_n257I,
CA_n77A-n79A-n258A,CA_n77A-n79ACA_n77A-n258ACA_n79A-n258A,n77,,"10, 15, 20, 40, 50, 60, 80, 100",0
,,n79,,"40, 50, 60, 80, 100",
,,n258,,"50, 100, 200, 400",
CA_n77A-n79A-n258D,CA_n77A-n79ACA_n77A-n258A/DCA_n79A-n258A/D,n77,,"10, 15, 20, 40, 50, 60, 80, 100",0
,,n79,,"40, 50, 60, 80, 100",
,,n258,,CA_n258D,
CA_n77A-n79A-n258G,CA_n77A-n79ACA_n77A-n258A/GCA_n79A-n258A/G,n77,,"10, 15, 20, 40, 50, 60, 80, 100",0
,,n79,,"40, 50, 60, 80, 100",
,,n258,,CA_n258G,
CA_n77A-n79A-n258H,CA_n77A-n79ACA_n77A-n258A/G/HCA_n79A-n258A/G/H,n77,,"10, 15, 20, 40, 50, 60, 80, 100",0
,,n79,,"40, 50, 60, 80, 100",
,,n258,,CA_n258H,
CA_n77A-n79A-n258I,CA_n77A-n79ACA_n77A-n258A/G/H/ICA_n79A-n258A/G/H/I,n77,,"10, 15, 20, 40, 50, 60, 80, 100",0
,,n79,,"40, 50, 60, 80, 100",
,,n258,,CA_n258I,
CA_n77A-n79A-n258J,CA_n77A-n79ACA_n77A-n258A/G/H/I/JCA_n79A-n258A/G/H/I/J,n77,,"10, 15, 20, 40, 50, 60, 80, 100",0
,,n79,,"40, 50, 60, 80, 100",
,,n258,,CA_n258J,
CA_n77(2A)-n79A-n258A,CA_n77A-n79ACA_n77A-n258ACA_n79A-n258A,n77,,CA_n77(2A),0
,,n79,,"40, 50, 60, 80, 100",
,,n258,,"50, 100, 200, 400",
CA_n77(2A)-n79A-n258D,CA_n77A-n79ACA_n77A-n258A/DCA_n79A-n258A/D,n77,,CA_n77(2A),0
,,n79,,"40, 50, 60, 80, 100",
,,n258,,CA_n258D,
CA_n77(2A)-n79A-n258G,CA_n77A-n79ACA_n77A-n258A/GCA_n79A-n258A/G,n77,,CA_n77(2A),0
,,n79,,"40, 50, 60, 80, 100",
,,n258,,CA_n258G,
CA_n77(2A)-n79A-n258H,CA_n77A-n79ACA_n77A-n258A/G/HCA_n79A-n258A/G/H,n77,,CA_n77(2A),0
,,n79,,"40, 50, 60, 80, 100",
,,n258,,CA_n258H,
CA_n77(2A)-n79A-n258I,CA_n77A-n79ACA_n77A-n258A/G/H/ICA_n79A-n258A/G/H/I,n77,,CA_n77(2A),0
,,n79,,"40, 50, 60, 80, 100",
,,n258,,CA_n258I,
CA_n77(2A)-n79A-n258J,CA_n77A-n79ACA_n77A-n258A/G/H/I/JCA_n79A-n258A/G/H/I/J,n77,,CA_n77(2A),0
,,n79,,"40, 50, 60, 80, 100",
,,n258,,CA_n258J,
CA_n77A-n79A-n259A,CA_n77A-n79ACA_n77A-n259ACA_n79A-n259A,n77,,"10, 15, 20, 40, 50, 60, 80, 90, 100",0
,,n79,,"40, 50, 60, 80, 100",
,,n259,,"50, 100, 200, 400",
CA_n77A-n79A-n259G,CA_n259GCA_n77A-n79ACA_n77A-n259A/GCA_n79A-n259A/G,n77,,"10, 15, 20, 40, 50, 60, 80, 90, 100",0
,,n79,,"40, 50, 60, 80, 100",
,,n259,,CA_n259G,
CA_n77A-n79A-n259H,CA_n259G/HCA_n77A-n79ACA_n77A-n259A/G/HCA_n79A-n259A/G/H,n77,,"10, 15, 20, 40, 50, 60, 80, 90, 100",0
,,n79,,"40, 50, 60, 80, 100",
,,n259,,CA_n259H,
CA_n77A-n79A-n259I,CA_n259G/H/ICA_n77A-n79ACA_n77A-n259A/G/H/ICA_n79A-n259A/G/H/I,n77,,"10, 15, 20, 40, 50, 60, 80, 90, 100",0
,,n79,,"40, 50, 60, 80, 100",
,,n259,,CA_n259I,
CA_n77A-n79A-n259J,CA_n259G/H/I/JCA_n77A-n79ACA_n77A-n259A/G/H/I/JCA_n79A-n259A/G/H/I/J,n77,,"10, 15, 20, 40, 50, 60, 80, 90, 100",0
,,n79,,"40, 50, 60, 80, 100",
,,n259,,CA_n259J,
CA_n77A-n79A-n259K,CA_n259G/H/I/J/KCA_n77A-n79ACA_n77A-n259A/G/H/I/J/KCA_n79A-n259A/G/H/I/J/K,n77,,"10, 15, 20, 40, 50, 60, 80, 90, 100",0
,,n79,,"40, 50, 60, 80, 100",
,,n259,,CA_n259K,
CA_n77A-n79A-n259L,CA_n259G/H/I/J/K/LCA_n77A-n79ACA_n77A-n259A/G/H/I/J/K/LCA_n79A-n259A/G/H/I/J/K/L,n77,,"10, 15, 20, 40, 50, 60, 80, 90, 100",0
,,n79,,"40, 50, 60, 80, 100",
,,n259,,CA_n259L,
CA_n77A-n79A-n259M,CA_n259G/H/I/J/K/L/MCA_n77A-n79ACA_n77A-n259A/G/H/I/J/K/L/MCA_n79A-n259A/G/H/I/J/K/L/M,n77,,"10, 15, 20, 40, 50, 60, 80, 90, 100",0
,,n79,,"40, 50, 60, 80, 100",
,,n259,,CA_n259M,
CA_n77A-n257A-n259A,CA_n77A-n257ACA_n77A-n259A,n77,,"10, 15, 20, 40, 50, 60, 80, 90, 100",0
,,n257,,"50, 100, 200, 400",
,,n259,,"50, 100, 200, 400",
CA_n77A-n257A-n259G,CA_n259GCA_n77A-n257ACA_n77A-n259A/G,n77,,"10, 15, 20, 40, 50, 60, 80, 90, 100",0
,,n257,,"50, 100, 200, 400",
,,n259,,CA_n259G,
CA_n77A-n257A-n259H,CA_n259G/HCA_n77A-n257ACA_n77A-n259A/G/H,n77,,"10, 15, 20, 40, 50, 60, 80, 90, 100",0
,,n257,,"50, 100, 200, 400",
,,n259,,CA_n259H,
CA_n77A-n257A-n259I,CA_n259G/H/I CA_n77A-n257ACA_n77A-n259A/G/H/I,n77,,"10, 15, 20, 40, 50, 60, 80, 90, 100",0
,,n257,,"50, 100, 200, 400",
,,n259,,CA_n259I,
CA_n77A-n257A-n259J,CA_n259G/H/I/JCA_n77A-n257ACA_n77A-n259A/G/H/I/J,n77,,"10, 15, 20, 40, 50, 60, 80, 90, 100",0
,,n257,,"50, 100, 200, 400",
,,n259,,CA_n259J,
CA_n77A-n257A-n259K,CA_n259G/H/I/J/KCA_n77A-n257ACA_n77A-n259A/G/H/I/J/K,n77,,"10, 15, 20, 40, 50, 60, 80, 90, 100",0
,,n257,,"50, 100, 200, 400",
,,n259,,CA_n259K,
CA_n77A-n257A-n259L,CA_n259G/H/I/J/K/LCA_n77A-n257ACA_n77A-n259A/G/H/I/J/K/L,n77,,"10, 15, 20, 40, 50, 60, 80, 90, 100",0
,,n257,,"50, 100, 200, 400",
,,n259,,CA_n259L,
CA_n77A-n257A-n259M,CA_n259G/H/I/J/K/L/MCA_n77A-n257ACA_n77A-n259A/G/H/I/J/K/L/M,n77,,"10, 15, 20, 40, 50, 60, 80, 90, 100",0
,,n257,,"50, 100, 200, 400",
,,n259,,CA_n259M,
CA_n77A-n257G-n259A,CA_n257GCA_n77A-n257A/GCA_n77A-n259A,n77,,"10, 15, 20, 40, 50, 60, 80, 90, 100",0
,,n257,,CA_n257G,
,,n259,,"50, 100, 200, 400",
CA_n77A-n257G-n259G,CA_n257GCA_n259GCA_n77A-n257A/GCA_n77A-n259A/G,n77,,"10, 15, 20, 40, 50, 60, 80, 90, 100",0
,,n257,,CA_n257G,
,,n259,,CA_n259G,
CA_n77A-n257G-n259H,CA_n257GCA_n259G/HCA_n77A-n257A/GCA_n77A-n259A/G/H,n77,,"10, 15, 20, 40, 50, 60, 80, 90, 100",0
,,n257,,CA_n257G,
,,n259,,CA_n259H,
CA_n77A-n257G-n259I,CA_n257GCA_n259G/H/ICA_n77A-n257A/GCA_n77A-n259A/G/H/I,n77,,"10, 15, 20, 40, 50, 60, 80, 90, 100",0
,,n257,,CA_n257G,
,,n259,,CA_n259I,
CA_n77A-n257G-n259J,CA_n257GCA_n259G/H/I/J CA_n77A-n257A/GCA_n77A-n259A/G/H/I/J,n77,,"10, 15, 20, 40, 50, 60, 80, 90, 100",0
,,n257,,CA_n257G,
,,n259,,CA_n259J,
CA_n77A-n257G-n259K,CA_n257GCA_n259G/H/I/J/KCA_n77A-n257A/GCA_n77A-n259A/G/H/I/J/K,n77,,"10, 15, 20, 40, 50, 60, 80, 90, 100",0
,,n257,,CA_n257G,
,,n259,,CA_n259K,
CA_n77A-n257G-n259L,CA_n257GCA_n259G/H/I/J/K/LCA_n77A-n257A/GCA_n77A-n259A/G/H/I/J/K/L,n77,,"10, 15, 20, 40, 50, 60, 80, 90, 100",0
,,n257,,CA_n257G,
,,n259,,CA_n259L,
CA_n77A-n257G-n259M,CA_n257GCA_n259G/H/I/J/K/L/MCA_n77A-n257A/GCA_n77A-n259A/G/H/I/J/K/L/M,n77,,"10, 15, 20, 40, 50, 60, 80, 90, 100",0
,,n257,,CA_n257G,
,,n259,,CA_n259M,
CA_n77A-n257H-n259A,CA_n257G/H CA_n77A-n257A/G/HCA_n77A-n259A,n77,,"10, 15, 20, 40, 50, 60, 80, 90, 100",0
,,n257,,CA_n257H,
,,n259,,"50, 100, 200, 400",
CA_n77A-n257H-n259G,CA_n257G/HCA_n259GCA_n77A-n257A/G/HCA_n77A-n259A/G,n77,,"10, 15, 20, 40, 50, 60, 80, 90, 100",0
,,n257,,CA_n257H,
,,n259,,CA_n259G,
CA_n77A-n257H-n259H,CA_n257G/HCA_n259G/H CA_n77A-n257A/G/HCA_n77A-n259A/G/H,n77,,"10, 15, 20, 40, 50, 60, 80, 90, 100",0
,,n257,,CA_n257H,
,,n259,,CA_n259H,
CA_n77A-n257H-n259I,CA_n257G/HCA_n259G/H/I CA_n77A-n257A/G/HCA_n77A-n259A/G/H/I,n77,,"10, 15, 20, 40, 50, 60, 80, 90, 100",0
,,n257,,CA_n257H,
,,n259,,CA_n259I,
CA_n77A-n257H-n259J,CA_n257G/HCA_n259G/H/I/JCA_n77A-n257A/G/HCA_n77A-n259A/G/H/I/J,n77,,"10, 15, 20, 40, 50, 60, 80, 90, 100",0
,,n257,,CA_n257H,
,,n259,,CA_n259J,
CA_n77A-n257H-n259K,CA_n257G/HCA_n259G/H/I/J/KCA_n77A-n257A/G/HCA_n77A-n259A/G/H/I/J/K,n77,,"10, 15, 20, 40, 50, 60, 80, 90, 100",0
,,n257,,CA_n257H,
,,n259,,CA_n259K,
CA_n77A-n257H-n259L,CA_n257G/HCA_n259G/H/I/J/K/LCA_n77A-n257A/G/HCA_n77A-n259A/G/H/I/J/K/L,n77,,"10, 15, 20, 40, 50, 60, 80, 90, 100",0
,,n257,,CA_n257H,
,,n259,,CA_n259L,
CA_n77A-n257H-n259M,CA_n257G/HCA_n259G/H/I/J/K/L/MCA_n77A-n257A/G/HCA_n77A-n259A/G/H/I/J/K/L/M,n77,,"10, 15, 20, 40, 50, 60, 80, 90, 100",0
,,n257,,CA_n257H,
,,n259,,CA_n259M,
CA_n77A-n257I-n259A,CA_n257G/H/I CA_n77A-n257A/G/H/ICA_n77A-n259A,n77,,"10, 15, 20, 40, 50, 60, 80, 90, 100",0
,,n257,,CA_n257I,
,,n259,,"50, 100, 200, 400",
CA_n77A-n257I-n259G,CA_n257G/H/ICA_n259GCA_n77A-n257A/G/H/ICA_n77A-n259A/G,n77,,"10, 15, 20, 40, 50, 60, 80, 90, 100",0
,,n257,,CA_n257I,
,,n259,,CA_n259G,
CA_n77A-n257I-n259H,CA_n257G/H/ICA_n259G/HCA_n77A-n257A/G/H/ICA_n77A-n259A/G/H,n77,,"10, 15, 20, 40, 50, 60, 80, 90, 100",0
,,n257,,CA_n257I,
,,n259,,CA_n259H,
CA_n77A-n257I-n259I,CA_n257G/H/ICA_n259G/H/ICA_n77A-n257A/G/H/ICA_n77A-n259A/G/H/I,n77,,"10, 15, 20, 40, 50, 60, 80, 90, 100",0
,,n257,,CA_n257I,
,,n259,,CA_n259I,
CA_n77A-n257I-n259J,CA_n257G/H/ICA_n259G/H/I/JCA_n77A-n257A/G/H/ICA_n77A-n259A/G/H/I/J,n77,,"10, 15, 20, 40, 50, 60, 80, 90, 100",0
,,n257,,CA_n257I,
,,n259,,CA_n259J,
CA_n77A-n257I-n259K,CA_n257G/H/ICA_n259G/H/I/J/KCA_n77A-n257A/G/H/ICA_n77A-n259A/G/H/I/J/K,n77,,"10, 15, 20, 40, 50, 60, 80, 90, 100",0
,,n257,,CA_n257I,
,,n259,,CA_n259K,
CA_n77A-n257I-n259L,CA_n257G/H/ICA_n259G/H/I/J/K/LCA_n77A-n257A/G/H/ICA_n77A-n259A/G/H/I/J/K/L,n77,,"10, 15, 20, 40, 50, 60, 80, 90, 100",0
,,n257,,CA_n257I,
,,n259,,CA_n259L,
CA_n77A-n257I-n259M,CA_n257G/H/ICA_n259G/H/I/J/K/L/MCA_n77A-n257A/G/H/ICA_n77A-n259A/G/H/I/J/K/L/M,n77,,"10, 15, 20, 40, 50, 60, 80, 90, 100",0
,,n257,,CA_n257I,
,,n259,,CA_n259M,
CA_n78A-n79A-n257A,CA_n78A-n79ACA_n78A-n257ACA_n79A-n257A,n78,,"10, 15, 20, 40, 50, 60, 80, 90, 100",0
,,n79,,"40, 50, 60, 80, 100",
,,n257,,"50, 100, 200, 400",
CA_n78A-n79A-n257G,CA_n257GCA_n78A-n79ACA_n78A-n257A/GCA_n79A-n257A/G,n78,,"10, 15, 20, 40, 50, 60, 80, 90, 100",0
,,n79,,"40, 50, 60, 80, 100",
,,n257,,CA_n257G,
CA_n78A-n79A-n257H,CA_n257G/HCA_n78A-n79ACA_n78A-n257A/G/HCA_n79A-n257A/G/H,n78,,"10, 15, 20, 40, 50, 60, 80, 90, 100",0
,,n79,,"40, 50, 60, 80, 100",
,,n257,,CA_n257H,
CA_n78A-n79A-n257I,CA_n257G/H/ICA_n78A-n79ACA_n78A-n257A/G/H/ICA_n79A-n257A/G/H/I,n78,,"10, 15, 20, 40, 50, 60, 80, 90, 100",0
,,n79,,"40, 50, 60, 80, 100",
,,n257,,CA_n257I,
CA_n78(2A)-n79A-n257A,CA_n78A-n79ACA_n78A-n257ACA_n79A-n257A,n78,,CA_n78(2A),0
,,n79,,"40, 50, 60, 80, 100",
,,n257,,"50, 100, 200, 400",
CA_n78(2A)-n79A-n257G,CA_n257GCA_n78A-n79ACA_n78A-n257A/GCA_n79A-n257A/G,n78,,CA_n78(2A),0
,,n79,,"40, 50, 60, 80, 100",
,,n257,,CA_n257G,
CA_n78(2A)-n79A-n257H,CA_n257G/HCA_n78A-n79ACA_n78A-n257A/G/HCA_n79A-n257A/G/H,n78,,CA_n78(2A),0
,,n79,,"40, 50, 60, 80, 100",
,,n257,,CA_n257H,
CA_n78(2A)-n79A-n257I,CA_n257G/H/ICA_n78A-n79ACA_n78A-n257A/G/H/ICA_n79A-n257A/G/H/I,n78,,CA_n78(2A),0
,,n79,,"40, 50, 60, 80, 100",
,,n257,,CA_n257I,
CA_n78A-n79A-n259A,CA_n78A-n79ACA_n78A-n259ACA_n79A-n259A,n78,,"10, 15, 20, 40, 50, 60, 80, 90, 100",0
,,n79,,"40, 50, 60, 80, 100",
,,n259,,"50, 100, 200, 400",
CA_n78A-n79A-n259G,CA_n259GCA_n78A-n79ACA_n78A-n259A/GCA_n79A-n259A/G,n78,,"10, 15, 20, 40, 50, 60, 80, 90, 100",0
,,n79,,"40, 50, 60, 80, 100",
,,n259,,CA_n259G,
CA_n78A-n79A-n259H,CA_n259G/HCA_n78A-n79ACA_n78A-n259A/G/HCA_n79A-n259A/G/H,n78,,"10, 15, 20, 40, 50, 60, 80, 90, 100",0
,,n79,,"40, 50, 60, 80, 100",
,,n259,,CA_n259H,
CA_n78A-n79A-n259I,CA_n259G/H/ICA_n78A-n79ACA_n78A-n259A/G/H/ICA_n79A-n259A/G/H/I,n78,,"10, 15, 20, 40, 50, 60, 80, 90, 100",0
,,n79,,"40, 50, 60, 80, 100",
,,n259,,CA_n259I,
CA_n78A-n79A-n259J,CA_n259G/H/I/JCA_n78A-n79ACA_n78A-n259A/G/H/I/JCA_n79A-n259A/G/H/I/J,n78,,"10, 15, 20, 40, 50, 60, 80, 90, 100",0
,,n79,,"40, 50, 60, 80, 100",
,,n259,,CA_n259J,
CA_n78A-n79A-n259K,CA_n259G/H/I/J/KCA_n78A-n79ACA_n78A-n259A/G/H/I/J/KCA_n79A-n259A/G/H/I/J/K,n78,,"10, 15, 20, 40, 50, 60, 80, 90, 100",0
,,n79,,"40, 50, 60, 80, 100",
,,n259,,CA_n259K,
CA_n78A-n79A-n259L,CA_n259G/H/I/J/K/LCA_n78A-n79ACA_n78A-n259A/G/H/I/J/K/LCA_n79A-n259A/G/H/I/J/K/L,n78,,"10, 15, 20, 40, 50, 60, 80, 90, 100",0
,,n79,,"40, 50, 60, 80, 100",
,,n259,,CA_n259L,
CA_n78A-n79A-n259M,CA_n259G/H/I/J/K/L/MCA_n78A-n79ACA_n78A-n259A/G/H/I/J/K/L/MCA_n79A-n259A/G/H/I/J/K/L/M,n78,,"10, 15, 20, 40, 50, 60, 80, 90, 100",0
,,n79,,"40, 50, 60, 80, 100",
,,n259,,CA_n259M,
CA_n78A-n105A-n257A,CA_n78A-n105ACA_n78A-n257ACA_n105A-n257A,n78,,"10, 15, 20, 40, 50, 60, 80, 90, 100",0
,,n105,,"5, 10, 15, 20, 25, 30, 35",
,,n257,,"50, 100, 200, 400",
CA_n78A-n105A-n258A,CA_n78A-n105ACA_n78A-n258ACA_n105A-n258A,n78,,"10, 15, 20, 40, 50, 60, 80, 90, 100",0
,,n105,,"5, 10, 15, 20, 25, 30, 35",
,,n258,,"50, 100, 200, 400",
CA_n78A-n257A-n259A,CA_n78A-n257ACA_n78A-n259A,n78,,"10, 15, 20, 40, 50, 60, 80, 90, 100",0
,,n257,,"50, 100, 200, 400",
,,n259,,"50, 100, 200, 400",
CA_n78A-n257A-n259G,CA_n259GCA_n78A-n257ACA_n78A-n259A/G,n78,,"10, 15, 20, 40, 50, 60, 80, 90, 100",0
,,n257,,"50, 100, 200, 400",
,,n259,,CA_n259G,
CA_n78A-n257A-n259H,CA_n259G/HCA_n78A-n257ACA_n78A-n259A/G/H,n78,,"10, 15, 20, 40, 50, 60, 80, 90, 100",0
,,n257,,"50, 100, 200, 400",
,,n259,,CA_n259H,
CA_n78A-n257A-n259I,CA_n259G/H/ICA_n78A-n257ACA_n78A-n259A/G/H/I,n78,,"10, 15, 20, 40, 50, 60, 80, 90, 100",0
,,n257,,"50, 100, 200, 400",
,,n259,,CA_n259I,
CA_n78A-n257A-n259J,CA_n259G/H/I/JCA_n78A-n257ACA_n78A-n259A/G/H/I/J,n78,,"10, 15, 20, 40, 50, 60, 80, 90, 100",0
,,n257,,"50, 100, 200, 400",
,,n259,,CA_n259J,
CA_n78A-n257A-n259K,CA_n259G/H/I/J/KCA_n78A-n257ACA_n78A-n259A/G/H/I/J/K,n78,,"10, 15, 20, 40, 50, 60, 80, 90, 100",0
,,n257,,"50, 100, 200, 400",
,,n259,,CA_n259K,
CA_n78A-n257A-n259L,CA_n259G/H/I/J/K/L CA_n78A-n257ACA_n78A-n259A/G/H/I/J/K/L,n78,,"10, 15, 20, 40, 50, 60, 80, 90, 100",0
,,n257,,"50, 100, 200, 400",
,,n259,,CA_n259L,
CA_n78A-n257A-n259M,CA_n259G/H/I/J/K/L/M CA_n78A-n257ACA_n78A-n259A/G/H/I/J/K/L/M,n78,,"10, 15, 20, 40, 50, 60, 80, 90, 100",0
,,n257,,"50, 100, 200, 400",
,,n259,,CA_n259M,
CA_n78A-n257G-n259A,CA_n257GCA_n78A-n257A/GCA_n78A-n259A,n78,,"10, 15, 20, 40, 50, 60, 80, 90, 100",0
,,n257,,CA_n257G,
,,n259,,"50, 100, 200, 400",
CA_n78A-n257G-n259G,CA_n257GCA_n259GCA_n78A-n257A/GCA_n78A-n259A/G,n78,,"10, 15, 20, 40, 50, 60, 80, 90, 100",0
,,n257,,CA_n257G,
,,n259,,CA_n259G,
CA_n78A-n257G-n259H,CA_n257GCA_n259G/HCA_n78A-n257A/GCA_n78A-n259A/G/H,n78,,"10, 15, 20, 40, 50, 60, 80, 90, 100",0
,,n257,,CA_n257G,
,,n259,,CA_n259H,
CA_n78A-n257G-n259I,CA_n257GCA_n259G/H/ICA_n78A-n257A/GCA_n78A-n259A/G/H/I,n78,,"10, 15, 20, 40, 50, 60, 80, 90, 100",0
,,n257,,CA_n257G,
,,n259,,CA_n259I,
CA_n78A-n257G-n259J,CA_n257GCA_n259G/H/I/JCA_n78A-n257A/GCA_n78A-n259A/G/H/I/J,n78,,"10, 15, 20, 40, 50, 60, 80, 90, 100",0
,,n257,,CA_n257G,
,,n259,,CA_n259J,
CA_n78A-n257G-n259K,CA_n257GCA_n259G/H/I/J/KCA_n78A-n257A/GCA_n78A-n259A/G/H/I/J/K,n78,,"10, 15, 20, 40, 50, 60, 80, 90, 100",0
,,n257,,CA_n257G,
,,n259,,CA_n259K,
CA_n78A-n257G-n259L,CA_n257GCA_n259G/H/I/J/K/LCA_n78A-n257A/GCA_n78A-n259A/G/H/I/J/K/L,n78,,"10, 15, 20, 40, 50, 60, 80, 90, 100",0
,,n257,,CA_n257G,
,,n259,,CA_n259L,
CA_n78A-n257G-n259M,CA_n257GCA_n259G/H/I/J/K/L/MCA_n78A-n257A/GCA_n78A-n259A/G/H/I/J/K/L/M,n78,,"10, 15, 20, 40, 50, 60, 80, 90, 100",0
,,n257,,CA_n257G,
,,n259,,CA_n259M,
CA_n78A-n257H-n259A,CA_n257G/H CA_n78A-n257A/G/HCA_n78A-n259A,n78,,"10, 15, 20, 40, 50, 60, 80, 90, 100",0
,,n257,,CA_n257H,
,,n259,,"50, 100, 200, 400",
CA_n78A-n257H-n259G,CA_n257G/HCA_n259GCA_n78A-n257A/G/HCA_n78A-n259A/G,n78,,"10, 15, 20, 40, 50, 60, 80, 90, 100",0
,,n257,,CA_n257H,
,,n259,,CA_n259G,
CA_n78A-n257H-n259H,CA_n257G/HCA_n259G/H CA_n78A-n257A/G/HCA_n78A-n259A/G/H,n78,,"10, 15, 20, 40, 50, 60, 80, 90, 100",0
,,n257,,CA_n257H,
,,n259,,CA_n259H,
CA_n78A-n257H-n259I,CA_n257G/HCA_n259G/H/I CA_n78A-n257A/G/HCA_n78A-n259A/G/H/I,n78,,"10, 15, 20, 40, 50, 60, 80, 90, 100",0
,,n257,,CA_n257H,
,,n259,,CA_n259I,
CA_n78A-n257H-n259J,CA_n257G/HCA_n259G/H/I/J CA_n78A-n257A/G/HCA_n78A-n259A/G/H/I/J,n78,,"10, 15, 20, 40, 50, 60, 80, 90, 100",0
,,n257,,CA_n257H,
,,n259,,CA_n259J,
CA_n78A-n257H-n259K,CA_n257G/HCA_n259G/H/I/J/K CA_n78A-n257A/G/HCA_n78A-n259A/G/H/I/J/K,n78,,"10, 15, 20, 40, 50, 60, 80, 90, 100",0
,,n257,,CA_n257H,
,,n259,,CA_n259K,
CA_n78A-n257H-n259L,CA_n257G/HCA_n259G/H/I/J/K/L CA_n78A-n257A/G/HCA_n78A-n259A/G/H/I/J/K/L,n78,,"10, 15, 20, 40, 50, 60, 80, 90, 100",0
,,n257,,CA_n257H,
,,n259,,CA_n259L,
CA_n78A-n257H-n259M,CA_n257G/HCA_n259G/H/I/J/K/L/M CA_n78A-n257A/G/HCA_n78A-n259A/G/H/I/J/K/L/M,n78,,"10, 15, 20, 40, 50, 60, 80, 90, 100",0
,,n257,,CA_n257H,
,,n259,,CA_n259M,
CA_n78A-n257I-n259A,CA_n257G/H/I CA_n78A-n257A/G/H/ICA_n78A-n259A,n78,,"10, 15, 20, 40, 50, 60, 80, 90, 100",0
,,n257,,CA_n257I,
,,n259,,"50, 100, 200, 400",
CA_n78A-n257I-n259G,CA_n257G/H/ICA_n259GCA_n78A-n257A/G/H/ICA_n78A-n259A/G,n78,,"10, 15, 20, 40, 50, 60, 80, 90, 100",0
,,n257,,CA_n257I,
,,n259,,CA_n259G,
CA_n78A-n257I-n259H,CA_n257G/H/ICA_n259G/H CA_n78A-n257A/G/H/ICA_n78A-n259A/G/H,n78,,"10, 15, 20, 40, 50, 60, 80, 90, 100",0
,,n257,,CA_n257I,
,,n259,,CA_n259H,
CA_n78A-n257I-n259I,CA_n257G/H/ICA_n259G/H/ICA_n78A-n257A/G/H/ICA_n78A-n259A/G/H/I,n78,,"10, 15, 20, 40, 50, 60, 80, 90, 100",0
,,n257,,CA_n257I,
,,n259,,CA_n259I,
CA_n78A-n257I-n259J,CA_n257G/H/ICA_n259G/H/I/JCA_n78A-n257A/G/H/ICA_n78A-n259A/G/H/I/J,n78,,"10, 15, 20, 40, 50, 60, 80, 90, 100",0
,,n257,,CA_n257I,
,,n259,,CA_n259J,
CA_n78A-n257I-n259K,CA_n257G/H/ICA_n259G/H/I/J/KCA_n78A-n257A/G/H/ICA_n78A-n259A/G/H/I/J/K,n78,,"10, 15, 20, 40, 50, 60, 80, 90, 100",0
,,n257,,CA_n257I,
,,n259,,CA_n259K,
CA_n78A-n257I-n259L,CA_n257G/H/ICA_n259G/H/I/J/K/LCA_n78A-n257A/G/H/ICA_n78A-n259A/G/H/I/J/K/L,n78,,"10, 15, 20, 40, 50, 60, 80, 90, 100",0
,,n257,,CA_n257I,
,,n259,,CA_n259L,
CA_n78A-n257I-n259M,CA_n257G/H/ICA_n259G/H/I/J/K/L/MCA_n78A-n257A/G/H/ICA_n78A-n259A/G/H/I/J/K/L/M,n78,,"10, 15, 20, 40, 50, 60, 80, 90, 100",0
,,n257,,CA_n257I,
,,n259,,CA_n259M,
CA_n79A-n257A-n259A,CA_n79A-n257ACA_n79A-n259A,n79,,"40, 50, 60, 80, 100",0
,,n257,,"50, 100, 200, 400",
,,n259,,"50, 100, 200, 400",
CA_n79A-n257A-n259G,CA_n259GCA_n79A-n257ACA_n79A-n259A/G,n79,,"40, 50, 60, 80, 100",0
,,n257,,"50, 100, 200, 400",
,,n259,,CA_n259G,
CA_n79A-n257A-n259H,CA_n259G/H CA_n79A-n257ACA_n79A-n259A/G/H,n79,,"40, 50, 60, 80, 100",0
,,n257,,"50, 100, 200, 400",
,,n259,,CA_n259H,
CA_n79A-n257A-n259I,CA_n259G/H/ICA_n79A-n257ACA_n79A-n259A/G/H/I,n79,,"40, 50, 60, 80, 100",0
,,n257,,"50, 100, 200, 400",
,,n259,,CA_n259I,
CA_n79A-n257A-n259J,CA_n259G/H/I/JCA_n79A-n257ACA_n79A-n259A/G/H/I/J,n79,,"40, 50, 60, 80, 100",0
,,n257,,"50, 100, 200, 400",
,,n259,,CA_n259J,
CA_n79A-n257A-n259K,CA_n259G/H/I/J/KCA_n79A-n257ACA_n79A-n259A/G/H/I/J/K,n79,,"40, 50, 60, 80, 100",0
,,n257,,"50, 100, 200, 400",
,,n259,,CA_n259K,
CA_n79A-n257A-n259L,CA_n259G/H/I/J/K/LCA_n79A-n257ACA_n79A-n259A/G/H/I/J/K/L,n79,,"40, 50, 60, 80, 100",0
,,n257,,"50, 100, 200, 400",
,,n259,,CA_n259L,
CA_n79A-n257A-n259M,CA_n259G/H/I/J/K/L/MCA_n79A-n257ACA_n79A-n259A/G/H/I/J/K/L/M,n79,,"40, 50, 60, 80, 100",0
,,n257,,"50, 100, 200, 400",
,,n259,,CA_n259M,
CA_n79A-n257G-n259A,CA_n257GCA_n79A-n257A/GCA_n79A-n259A,n79,,"40, 50, 60, 80, 100",0
,,n257,,CA_n257G,
,,n259,,"50, 100, 200, 400",
CA_n79A-n257G-n259G,CA_n257GCA_n259GCA_n79A-n257A/GCA_n79A-n259A/G,n79,,"40, 50, 60, 80, 100",0
,,n257,,CA_n257G,
,,n259,,CA_n259G,
CA_n79A-n257G-n259H,CA_n257GCA_n259G/H CA_n79A-n257A/GCA_n79A-n259A/G/H,n79,,"40, 50, 60, 80, 100",0
,,n257,,CA_n257G,
,,n259,,CA_n259H,
CA_n79A-n257G-n259I,CA_n257GCA_n259G/H/I CA_n79A-n257A/GCA_n79A-n259A/G/H/I,n79,,"40, 50, 60, 80, 100",0
,,n257,,CA_n257G,
,,n259,,CA_n259I,
CA_n79A-n257G-n259J,CA_n257GCA_n259G/H/I/JCA_n79A-n257A/GCA_n79A-n259A/G/H/I/J,n79,,"40, 50, 60, 80, 100",0
,,n257,,CA_n257G,
,,n259,,CA_n259J,
CA_n79A-n257G-n259K,CA_n257GCA_n259G/H/I/J/KCA_n79A-n257A/GCA_n79A-n259A/G/H/I/J/K,n79,,"40, 50, 60, 80, 100",0
,,n257,,CA_n257G,
,,n259,,CA_n259K,
CA_n79A-n257G-n259L,CA_n257GCA_n259G/H/I/J/K/LCA_n79A-n257A/GCA_n79A-n259A/G/H/I/J/K/L,n79,,"40, 50, 60, 80, 100",0
,,n257,,CA_n257G,
,,n259,,CA_n259L,
CA_n79A-n257G-n259M,CA_n257GCA_n259G/H/I/J/K/L/M CA_n79A-n257A/GCA_n79A-n259A/G/H/I/J/K/L/M,n79,,"40, 50, 60, 80, 100",0
,,n257,,CA_n257G,
,,n259,,CA_n259M,
CA_n79A-n257H-n259A,CA_n257G/H CA_n79A-n257A/G/HCA_n79A-n259A,n79,,"40, 50, 60, 80, 100",0
,,n257,,CA_n257H,
,,n259,,"50, 100, 200, 400",
CA_n79A-n257H-n259G,CA_n257G/HCA_n259GCA_n79A-n257A/G/HCA_n79A-n259A/G,n79,,"40, 50, 60, 80, 100",0
,,n257,,CA_n257H,
,,n259,,CA_n259G,
CA_n79A-n257H-n259H,CA_n257G/HCA_n259G/HCA_n79A-n257A/G/HCA_n79A-n259A/G/H,n79,,"40, 50, 60, 80, 100",0
,,n257,,CA_n257H,
,,n259,,CA_n259H,
CA_n79A-n257H-n259I,CA_n257G/HCA_n259G/H/ICA_n79A-n257A/G/HCA_n79A-n259A/G/H/I,n79,,"40, 50, 60, 80, 100",0
,,n257,,CA_n257H,
,,n259,,CA_n259I,
CA_n79A-n257H-n259J,CA_n257G/HCA_n259G/H/I/JCA_n79A-n257A/G/HCA_n79A-n259A/G/H/I/J,n79,,"40, 50, 60, 80, 100",0
,,n257,,CA_n257H,
,,n259,,CA_n259J,
CA_n79A-n257H-n259K,CA_n257G/HCA_n259G/H/I/J/KCA_n79A-n257A/G/HCA_n79A-n259A/G/H/I/J/K,n79,,"40, 50, 60, 80, 100",0
,,n257,,CA_n257H,
,,n259,,CA_n259K,
CA_n79A-n257H-n259L,CA_n257G/HCA_n259G/H/I/J/K/LCA_n79A-n257A/G/HCA_n79A-n259A/G/H/I/J/K/L,n79,,"40, 50, 60, 80, 100",0
,,n257,,CA_n257H,
,,n259,,CA_n259L,
CA_n79A-n257H-n259M,CA_n257G/HCA_n259G/H/I/J/K/L/MCA_n79A-n257A/G/HCA_n79A-n259A/G/H/I/J/K/L/M,n79,,"40, 50, 60, 80, 100",0
,,n257,,CA_n257H,
,,n259,,CA_n259M,
CA_n79A-n257I-n259A,CA_n257G/H/ICA_n79A-n257A/G/H/ICA_n79A-n259A,n79,,"40, 50, 60, 80, 100",0
,,n257,,CA_n257I,
,,n259,,"50, 100, 200, 400",
CA_n79A-n257I-n259G,CA_n257G/H/ICA_n259GCA_n79A-n257A/G/H/ICA_n79A-n259A/G,n79,,"40, 50, 60, 80, 100",0
,,n257,,CA_n257I,
,,n259,,CA_n259G,
CA_n79A-n257I-n259H,CA_n257G/H/ICA_n259G/HCA_n79A-n257A/G/H/ICA_n79A-n259A/G/H,n79,,"40, 50, 60, 80, 100",0
,,n257,,CA_n257I,
,,n259,,CA_n259H,
CA_n79A-n257I-n259I,CA_n257G/H/ICA_n259G/H/ICA_n79A-n257A/G/H/ICA_n79A-n259A/G/H/I,n79,,"40, 50, 60, 80, 100",0
,,n257,,CA_n257I,
,,n259,,CA_n259I,
CA_n79A-n257I-n259J,CA_n257G/H/ICA_n259G/H/I/JCA_n79A-n257A/G/H/ICA_n79A-n259A/G/H/I/J,n79,,"40, 50, 60, 80, 100",0
,,n257,,CA_n257I,
,,n259,,CA_n259J,
CA_n79A-n257I-n259K,CA_n257G/H/ICA_n259G/H/I/J/KCA_n79A-n257A/G/H/ICA_n79A-n259A/G/H/I/J/K,n79,,"40, 50, 60, 80, 100",0
,,n257,,CA_n257I,
,,n259,,CA_n259K,
CA_n79A-n257I-n259L,CA_n257G/H/ICA_n259G/H/I/J/K/LCA_n79A-n257A/G/H/ICA_n79A-n259A/G/H/I/J/K/L,n79,,"40, 50, 60, 80, 100",0
,,n257,,CA_n257I,
,,n259,,CA_n259L,
CA_n79A-n257I-n259M,CA_n257G/H/ICA_n259G/H/I/J/K/L/MCA_n79A-n257A/G/H/ICA_n79A-n259A/G/H/I/J/K/L/M,n79,,"40, 50, 60, 80, 100",0
,,n257,,CA_n257I,
,,n259,,CA_n259M,
