Date,Meeting,TDoc,CR,Rev,Cat,Subject/Comment,New version
2007-12,RP#38,RP-071037,,,,Approved version in TSG RAN#38,8.0.0
2008-03,RP#39,RP-080123,2,,,Updates of TS36.133,8.1.0
2008-05,RP#40,RP-080325,3,,,Updates of TS36.133,8.2.0
2008-09,RP#41,RP-080644,006,1,,E-UTRAN TDD intra frequency measurements when DRX is used,8.3.0
2008-09,RP#41,RP-080644,008,1,,E-UTRAN TDD - UTRAN TDD measurements,8.3.0
2008-09,RP#41,RP-080644,012,,,RSRQ reporting Range,8.3.0
2008-09,RP#41,RP-080644,018,1,,Interfrequency and UTRA interRAT DRX peformance requirements,8.3.0
2008-09,RP#41,RP-080644,020,1,,Additions to UE transmit timing requirements,8.3.0
2008-09,RP#41,RP-080644,043,,,Received interference power measurement performance requirement,8.3.0
2008-09,RP#41,RP-080644,044,,,Cell Synchronization requirement for E-UTRA TDD,8.3.0
2008-09,RP#41,RP-080644,047,,,Power Headroom Requirements,8.3.0
2008-09,RP#41,RP-080644,048,,,Event Triggering and Reporting Criteria Capability Requirements,8.3.0
2008-09,RP#41,RP-080642,004,,,Correction of E-UTRAN to UTRAN TDD handover,8.3.0
2008-09,RP#41,RP-080642,016,1,,Definition of Symbols,8.3.0
2008-09,RP#41,RP-080642,019,1,,Idle mode requirements updates,8.3.0
2008-09,RP#41,RP-080642,021,1,,General updates to 36.133,8.3.0
2008-09,RP#41,RP-080642,023,1,,Handover requirements for E-UTRAN to cdma200 HRPD/1x,8.3.0
2008-09,RP#41,RP-080642,024,,,Inter-frequency and inter-RAT measurement requirements for multiple layer monitoring,8.3.0
2008-09,RP#41,RP-080642,025,,,Side conditions for UE measurement procedures and measurement performance requirements,8.3.0
2008-09,RP#41,RP-080642,026,,,Correction to cell reselection Requirement from E-UTRAN to HRPD/cdma200 1x,8.3.0
2008-09,RP#41,RP-080642,027,,,IRAT Measurement requirements in TS 36.133,8.3.0
2008-09,RP#41,RP-080713,022,1,,Corrections to Handover requirements,8.3.0
2008-09,RP#41,RP-080713,028,,,Measurement reporting requirements,8.3.0
2008-09,RP#41,RP-080713,029,2,,RRC re-establishment requirements,8.3.0
2008-09,RP#41,RP-080713,032,,,Correction to UE measurement requirements,8.3.0
2008-09,RP#41,RP-080713,033,,,Correction for the definition of interruption time,8.3.0
2008-09,RP#41,RP-080713,040,1,,Correction to idle mode higher priority search requirements,8.3.0
2008-09,RP#41,RP-080713,045,,,E-UTRAN TDD  inter frequency measurement requirements,8.3.0
2008-09,RP#41,RP-080713,046,,,Updates of the Measurement procedures in RRC_Connected state from RAN 4#47bis and RAN 4#48,8.3.0
2008-12,RP#42,RP-080919,53,,,"Introduction of 700MHz Bands 12, 14 and 17",8.4.0
2008-12,RP#42,RP-080928,88,1,,CR to 36.133 on Radio Link Failure Monitoring,8.4.0
2008-12,RP#42,RP-080929,51,,,Correction to idle mode requirements,8.4.0
2008-12,RP#42,RP-080929,52,,,Definition of out of service area,8.4.0
2008-12,RP#42,RP-080929,54,,,Measurement requirements for UTRAN TDD cells in idle state,8.4.0
2008-12,RP#42,RP-080929,69,2,,Correction of Inter-RAT UTRA cell reselection requirement,8.4.0
2008-12,RP#42,RP-080929,55,,,Correction of E_UTRAN cell measurement requirements in idle state,8.4.0
2008-12,RP#42,RP-080930,76,,,Correction to HO Requirements,8.4.0
2008-12,RP#42,RP-080931,71,,,Random access requirements,8.4.0
2008-12,RP#42,RP-080932,85,,,Cell phase synchronization error for large cell,8.4.0
2008-12,RP#42,RP-080932,63,4,,Synchronization Requirements for E-UTRAN to 1xRTT and HRPD Handovers,8.4.0
2008-12,RP#42,RP-080933,49,,,E-UTRAN TDD-TDD intra/inter frequency measurement reporting requirements,8.4.0
2008-12,RP#42,RP-080933,50,,,E-UTRAN FDD – UTRAN FDD Measurement reporting requirements,8.4.0
2008-12,RP#42,RP-080933,58,,,Measurement requirement for E-UTRAN TDD to UTRAN TDD/FDD when DRX is used,8.4.0
2008-12,RP#42,RP-080933,60,,,Interfrequency and GSM measurement performance requirements in large DRX,8.4.0
2008-12,RP#42,RP-080933,62,,,Correction of implementation margin  for transmission gap.,8.4.0
2008-12,RP#42,RP-080933,72,,,Alignement  of DRX cycle dependent requirements,8.4.0
2008-12,RP#42,RP-080933,73,1,,Alignement of side conditions for mobility measurements,8.4.0
2008-12,RP#42,RP-080933,66,1,,Measurement models in RRC_CONNECTED,8.4.0
2008-12,RP#42,RP-080933,78,1,,Limitation of maximum number of layers for multiple monitoring,8.4.0
2008-12,RP#42,RP-080933,83,1,,GSM Cell identification requirements for parallel monitoring,8.4.0
2008-12,RP#42,RP-080933,87,,,UE transmit timing requirement,8.4.0
2008-12,RP#42,RP-080933,56,,,Correction of TS 36.133 clause 8.1.2.1.1.,8.4.0
2008-12,RP#42,RP-080934,77,,,Correction to RSRQ Report Mapping,8.4.0
2008-12,RP#42,,86,,,Missing side conditions for RSRP and RSRQ,8.4.0
2008-12,RP#42,RP-080935,81,1,,Phase I RRM Test Cases,8.4.0
2008-12,RP#42,,80,1,,Test Configuration for RRM Tests: Measurement Reference Channels and OCNG,8.4.0
2008-12,RP#42,RP-080936,75,,,Cdma200 1xRTT Measurement Requirements,8.4.0
2008-12,RP#42,RP-080937,74,1,,E-UTRA to UTRA cell search requirements for SON,8.4.0
2009-03,RP#43,RP-090182,101,1,,Correction of A3-offset parameter in RRM test case,8.5.0
2009-03,RP#43,RP-090182,105,,,Some Editorial Corrections,8.5.0
2009-03,RP#43,RP-090182,145,,,Clarifications for the DRX state,8.5.0
2009-03,RP#43,RP-090183,89,,,Modification on measurements of UTRAN TDD cells,8.5.0
2009-03,RP#43,RP-090183,91,,,Clarification of the correct behavior when Treselection is not a multiple of idle mode reselection evaluation period,8.5.0
2009-03,RP#43,RP-090183,98,,,Clarification of ‘Out of Service Area’ Concept and Definition,8.5.0
2009-03,RP#43,RP-090183,118,,,Radio link monitoring,8.5.0
2009-03,RP#43,RP-090183,142,1,,Update of RRC_IDLE state mobility side conditions,8.5.0
2009-03,RP#43,RP-090183,150,,,UE measurement capability in Idle mode,8.5.0
2009-03,RP#43,RP-090184,133,,,Removal of RRC re-establishment procedure delay,8.5.0
2009-03,RP#43,RP-090184,138,1,,Correction for the UE Re-establishment delay requirement,8.5.0
2009-03,RP#43,RP-090185,92,2,,Cell phase synchronization accuracy,8.5.0
2009-03,RP#43,RP-090185,97,,,Radio link monitoring in DRX,8.5.0
2009-03,RP#43,RP-090185,120,,,UE Transmit Timing,8.5.0
2009-03,RP#43,RP-090185,137,1,,Clarification of the reference point for the UE initial transmission timing control requirement,8.5.0
2009-03,RP#43,RP-090186,90,,,Correction of clause 8.1.2.2.2.2 in TS36.133,8.5.0
2009-03,RP#43,RP-090186,93,1,,cdma2000 1xRTT and HRPD Measurement Requirements,8.5.0
2009-03,RP#43,RP-090186,94,,,Event Triggered Periodic Reporting Requirements for IRAT Measurements,8.5.0
2009-03,RP#43,RP-090186,95,,,Measurement Reporting Requirements for E-UTRAN TDD – UTRAN TDD Measurements,8.5.0
2009-03,RP#43,RP-090186,99,1,,Clarification of UE behavior when measurement gap is used,8.5.0
2009-03,RP#43,RP-090186,100,,,E-UTRA to UTRA cell search requirements in DRX for SON,8.5.0
2009-03,RP#43,RP-090186,110,1,,Correction to GSM BSIC Requirements for Parallel Monitoring,8.5.0
2009-03,RP#43,RP-090186,117,,,Alignment of terminology for GAP,8.5.0
2009-03,RP#43,RP-090186,134,,,Inter frequency and Inter RAT cell search requirement when DRX is used,8.5.0
2009-03,RP#43,RP-090186,139,,,Correction of E-UTRAN FDD – UTRAN FDD measurements when no DRX,8.5.0
2009-03,RP#43,RP-090186,146,,,Addition of the definition of “when DRX is used”,8.5.0
2009-03,RP#43,RP-090186,147,1,,Corrections to E-UTRAN inter-frequency side conditions,8.5.0
2009-03,RP#43,RP-090187,96,,,Correction to Intra-frequency RSRP Accuracy Requirements,8.5.0
2009-03,RP#43,RP-090187,136,1,,Power Headroom reporting delay,8.5.0
2009-03,RP#43,RP-090370,103,1,,E-UTRAN -GSM Handover Test Case,8.5.0
2009-03,RP#43,RP-090370,104,1,,E-UTRAN FDD - UTRAN TDD Cell Search Test Cases in Fading,8.5.0
2009-03,RP#43,RP-090370,106,1,,E-UTRA FDD to UTRA FDD Handover Test Case,8.5.0
2009-03,RP#43,RP-090370,107,1,,Correction of E-UTRA FDD-FDD Intra-frequency cell reselection test case,8.5.0
2009-03,RP#43,RP-090370,108,1,,Correction of E-UTRA FDD-FDD priority based Inter-frequency cell reselection test case,8.5.0
2009-03,RP#43,RP-090370,111,,,E-UTRAN TDD - UTRAN FDD Handover Test Case,8.5.0
2009-03,RP#43,RP-090370,112,1,,E-UTRAN FDD - GSM Cell Search Test Case in AWGN,8.5.0
2009-03,RP#43,RP-090370,113,,,E-UTRAN - UTRAN FDD Cell Search Test Cases in Fading,8.5.0
2009-03,RP#43,RP-090370,114,1,,E-UTRAN UE Timing Accuracy Related Test Cases,8.5.0
2009-03,RP#43,RP-090370,115,1,,Inclusion of MBSFN Configurations for RRM Test Cases,8.5.0
2009-03,RP#43,RP-090370,116,,,E-UTRAN FDD  HRPD Cell Reselection Test Case; HRPD of Low Priority,8.5.0
2009-03,RP#43,RP-090370,122,1,,Clarification on Annex A.9: Measurement performance requirements,8.5.0
2009-03,RP#43,RP-090370,125,,,E-UTRA TDD – UTRA TDD cell reselection: UTRA is of higher priority,8.5.0
2009-03,RP#43,RP-090370,126,,,E-UTRA TDD – UTRA TDD cell reselection: UTRA is of lower priority,8.5.0
2009-03,RP#43,RP-090370,127,,,E-UTRA FDD – UTRA TDD cell reselection,8.5.0
2009-03,RP#43,RP-090370,128,1,,E-UTRA TDD-UTRA TDD cell search (fading),8.5.0
2009-03,RP#43,RP-090370,129,1,,E-UTRA TDD-UTRA TDD handover,8.5.0
2009-03,RP#43,RP-090370,132,1,,Addition of E-UTRA FDD to UTRA FDD reselection test cases,8.5.0
2009-03,RP#43,RP-090370,141,1,,Correction and introduction of some test related parameters,8.5.0
2009-03,RP#43,RP-090370,143,,,Description of Annex A in TS 36.133,8.5.0
2009-03,RP#43,RP-090370,148,,,Reselection from E-UTRA to GSM cell test case,8.5.0
2009-03,RP#43,RP-090370,149,,,Radio Link Monitoring Test Cases,8.5.0
2009-05,RP#44,RP-090546,151,,,E-UTRA FDD  UTRA TDD HO delay test case,8.6.0
2009-05,RP#44,RP-090546,153,,,Correction of CQI reporting periodicity for TDD RLM test cases,8.6.0
2009-05,RP#44,RP-090546,157,,,Correction to inter RAT reselection requirements to exclude equal priority. (Technically Endorsed CR in R4-50bis - R4-091092),8.6.0
2009-05,RP#44,RP-090546,167,,,Clarification of the number of monitoring carriers in idle mode. (Technically Endorsed CR in R4-50bis - R4-091394),8.6.0
2009-05,RP#44,RP-090546,180,,,Correction of Core spec references in A.9 Measurements performance test cases,8.6.0
2009-05,RP#44,RP-090546,984,,,UTRA FDD-E-UTRA FDD/ TDD handover test cases,8.6.0
2009-05,RP#44,RP-090546,184,,,SON ANR  UTRAN FDD Cell Search Test Case,8.6.0
2009-05,RP#44,RP-090546,187,,,E-UTRAN FDD  cdma2000 1x RTT Cell Reselection Test Case; Cdma2000 1X of Low Priority,8.6.0
2009-05,RP#44,RP-090546,188,,,E-UTRAN FDD  cdma2000 HO Test cases,8.6.0
2009-05,RP#44,RP-090546,190,,,E-UTRAN Random Access Test Cases,8.6.0
2009-05,RP#44,RP-090546,191,,,E-UTRAN RRC Re-establishment Test Cases,8.6.0
2009-05,RP#44,RP-090546,192,,,E-UTRAN TDD - GSM Cell Search Test Case in AWGN,8.6.0
2009-05,RP#44,RP-090546,197,,,Correction to E-UTRAN FDD - GSM Handover Test case,8.6.0
2009-05,RP#44,RP-090546,173,1,,Correction of cell reselection test cases,8.6.0
2009-05,RP#44,RP-090546,179,1,,Test cases of E-UTRA TDD intra-frequency cell search in fading environment when DRX is used,8.6.0
2009-05,RP#44,RP-090546,152,1,,E-UTRA TDD  GSM handover test case,8.6.0
2009-05,RP#44,RP-090546,178,1,,Test cases of E-UTRA FDD intra-frequency cell search in fading environment when DRX is used,8.6.0
2009-05,RP#44,RP-090546,201,1,,Test case for E-UTRA FDD  E-UTRA FDD inter frequency cell search when DRX is used in fading conditions,8.6.0
2009-05,RP#44,RP-090546,185,1,,Correction to Radio Link Monitoring Tests,8.6.0
2009-05,RP#44,RP-090546,203,,,Correction to E-UTRAN FDD to HRPD Cell Reselection Test Case,8.6.0
2009-05,RP#44,RP-090546,177,1,,Introduction of New Reference Channels and OCNG Patterns for 1.4MHz Bandwidth,8.6.0
2009-05,RP#44,RP-090546,200,2,,Test case for E-UTRA TDD  E-UTRA TDD inter frequency cell search when DRX is used in fading conditions,8.6.0
2009-05,RP#44,RP-090547,158,,,Alignment of inter frequency and inter RAT RRM reselection testcases with core requirements. (Technically Endorsed CR in R4-50bis - R4-091094),8.6.0
2009-05,RP#44,RP-090547,160,,,Correction relating E-UTRAN TDD - UE Transmit Timing Accuracy Tests. (Technically Endorsed CR in R4-50bis - R4-091198),8.6.0
2009-05,RP#44,RP-090547,165,,,Modifications of T3 and the verification point for in-sync test cases. (Technically Endorsed CR in R4-50bis - R4-091386),8.6.0
2009-05,RP#44,RP-090547,172,,,E-UTRAN UE Timing Accuracy Related Test Cases. (Technically Endorsed CR in R4-50bis - R4-091517),8.6.0
2009-05,RP#44,RP-090547,171,1,,Reference measurement Channels for Radio Link Monitoring Tests with 2 Antennas. (Technically Endorsed CR in R4-50bis - R4-091508),8.6.0
2009-05,RP#44,RP-090548,170,,,Misalignment between TS36.133 and TS36.321. (Technically Endorsed CR in R4-50bis - R4-091457),8.6.0
2009-05,RP#44,RP-090548,193,,,Correction to Inter-RAT HO Interruption Time Definition,8.6.0
2009-05,RP#44,RP-090548,195,,,CR c2k RRC delay,8.6.0
2009-05,RP#44,RP-090548,196,,,CR c2k interruption time,8.6.0
2009-05,RP#44,RP-090548,162,,,Clarifications to UE UL timing requirements. (Technically Endorsed CR in R4-50bis - R4-091357),8.6.0
2009-05,RP#44,RP-090548,176,,,Corrections of Random  Access Requirements,8.6.0
2009-05,RP#44,RP-090548,154,,,Correction of TGRP in clause 8.1.2.1.1,8.6.0
2009-05,RP#44,RP-090548,168,,,Clarifications for the Relative RSRP and RSRQ measurement requirements. (Technically Endorsed CR in R4-50bis - R4-091407),8.6.0
2009-05,RP#44,RP-090549,161,,,E-UTRAN  UTRAN HO Command Processing Delay. (Technically Endorsed CR in R4-50bis - R4-091291),8.6.0
2009-05,RP#44,RP-090549,175,,,Corrections of Cell Reselection Requirements in Idle Mode,8.6.0
2009-05,RP#44,RP-090549,181,2,,Removal of [ ] from ranking criteria in Idle mode cell reselection,8.6.0
2009-05,RP#44,RP-090550,156,,,Correction on the TDD-TDD inter frequency measurements. (Technically Endorsed CR in R4-50bis - R4-091071),8.6.0
2009-05,RP#44,RP-090550,159,,,Correction to the Referenced Clause Number for Tinter1. (Technically Endorsed CR in R4-50bis - R4-091153),8.6.0
2009-05,RP#44,RP-090551,166,,,Further clarification of DRX/Non-DRX state. (Technically Endorsed CR in R4-50bis - R4-091389),8.6.0
2009-05,RP#44,RP-090551,202,,,Correction on reference to 3GPP2 specification,8.6.0
2009-05,RP#44,RP-090551,169,,,OCNG simplification. (Technically Endorsed CR in R4-50bis - R4-091410),8.6.0
2009-05,RP#44,RP-090559,155,,,Introduction of Extended LTE800 requirements. (Technically Endorsed CR in R4-50bis - R4-091063),9.0.0
2009-05,RP#45,RP-090817,211,,,Correction to TDD RMC references in RLM test cases,9.1.0
2009-05,RP#45,RP-090880,205,,,Introduction of Reference DRX configurations,9.1.0
2009-05,RP#45,RP-090880,207,,,Addition of DRX configurations into non DRX test cases,9.1.0
2009-05,RP#45,RP-090880,225,,,Correction to HO Test Cases,9.1.0
2009-05,RP#45,RP-090880,227,,,Correction to E-UTRAN  GSM BSIC Identification Requirements with DRX,9.1.0
2009-05,RP#45,RP-090880,259,,,Corrections of Test Cases,9.1.0
2009-05,RP#45,RP-090880,314,,,E-UTRA FDD - E-UTRA FDD and UTRA FDD cell search test cases,9.1.0
2009-05,RP#45,RP-090880,315,,,E-UTRAN Radio Link Monitoring Test Cases in DRX,9.1.0
2009-05,RP#45,RP-090880,316,,,Inter-frequency E-UTRA - E-UTRA HO test cases: unknown target cell,9.1.0
2009-05,RP#45,RP-090880,263,2,,E-UTRA FDD UTRA FDD Blind Handover test case: unknown target cell,9.1.0
2009-05,RP#45,RP-090836,321,1,,Small corrections to Measurements performance tests  parameters,9.1.0
2009-05,RP#45,RP-090836,285,1,,E-UTRAN  GSM Cell Search in DRX Test Cases,9.1.0
2009-05,RP#45,RP-090836,267,,,Set 3.2. E-UTRA TDD to UTRA TDD cell search in DRX under fading,9.1.0
2009-05,RP#45,RP-090836,269,,,Set 3.6. Test case of E-UTRA TDD to E-UTRA TDD and UTRA TDD combined cell search under fading,9.1.0
2009-05,RP#45,RP-090836,271,,,Set 3.12. E-UTRA TDD to UTRA TDD blind handover test,9.1.0
2009-05,RP#45,RP-090836,279,,,E-UTRAN FDD - UTRAN FDD Cell Search in DRX Test Cases,9.1.0
2009-05,RP#45,RP-090836,281,,,E-UTRAN TDD- E-UTRAN TDD and E-UTRAN TDD Inter-frequency Cell Search Test Case,9.1.0
2009-05,RP#45,RP-090836,283,,,E-UTRAN  GSM Blind Handover Test Cases,9.1.0
2009-05,RP#45,RP-090836,287,,,E-UTRAN FDD  cdma2000 Blind HO Test cases,9.1.0
2009-05,RP#45,RP-090836,302,,,RRM Test case for multiple E-UTRAN FDD-FDD Inter-frequency event triggered reporting under fading propagation conditions,9.1.0
2009-05,RP#45,RP-090836,304,,,Fading reselection test case between E-UTRA and UTRA (UTRA of lower priority,9.1.0
2009-05,RP#45,RP-090828,233,,,CR SI HRPD correction,9.1.0
2009-05,RP#45,RP-090879,215,1,,Corrections to Measurements of HRPD cells and cdma2000 1X,9.1.0
2009-05,RP#45,RP-090879,231,,,CR reference correction,9.1.0
2009-05,RP#45,RP-090879,235,1,,Corrections to Measurements of GSM cells in RRC_IDLE,9.1.0
2009-05,RP#45,RP-090879,247,,,Range of Idle Mode Es/Iot side conditions,9.1.0
2009-05,RP#45,RP-090879,249,,,"Removal of [ ] from Tdetect, Tmeasure and Tevaluate",9.1.0
2009-05,RP#45,RP-090879,245,1,,Clarification to applicability of RSRP side conditions in Idle mode,9.1.0
2009-05,RP#45,RP-090879,317,,,CR Idle mode IF measurement condition,9.1.0
2009-05,RP#45,RP-090879,318,,,CR Idle mode IF measurement period,9.1.0
2009-05,RP#45,RP-090879,217,2,,Corrections to E-UTRAN RRC_IDLE state mobility requirements,9.1.0
2009-05,RP#45,RP-090814,265,1,,Correction to Random Access,9.1.0
2009-05,RP#45,RP-090816,221,,,E-UTRAN TDD-TDD inter frequency cell search/measurement requirements when DRX is used,9.1.0
2009-05,RP#45,RP-090816,223,,,E-UTRAN inter RAT measurement requirements,9.1.0
2009-05,RP#45,RP-090816,229,,,Correction to Monitoring of Multiple Layers Using Gaps,9.1.0
2009-05,RP#45,RP-090816,219,1,,E-UTRAN FDD-FDD inter frequency measurements when DRX is used,9.1.0
2009-05,RP#45,RP-090816,322,,,CR GSM measurement period,9.1.0
2009-05,RP#45,RP-090816,323,,,CR cdma2000 1x and HRPD number of carriers,9.1.0
2009-05,RP#45,RP-090816,213,1,,Editorial correction on E-UTRAN inter frequency measurements,9.1.0
2009-05,RP#45,RP-090816,261,1,,E-UTRAN TDD intra frequency measurements,9.1.0
2009-05,RP#45,RP-090816,319,1,,Clarification of the number of monitoring cells for intra frequency measurements,9.1.0
2009-05,RP#45,RP-090815,237,,,Correction of timing advance adjustment accuracy test case,9.1.0
2009-05,RP#45,RP-090815,291,,,Correction to UE Transmit Timing Requirements,9.1.0
2009-12,RP-46,RP-091275,329,,,Defining requirements for UTRA TDD measurements for SON (Technically endorsed at RAN 4 52bis in R4-093512),9.2.0
2009-12,RP-46,RP-091272,332,,,Modification of test case of E-UTRA TDD intra frequency cell reselection (Technically endorsed at RAN 4 52bis in R4-093552),9.2.0
2009-12,RP-46,RP-091272,333,,,Modification of test case of E-UTRA TDD inter frequency cell reselection (Technically endorsed at RAN 4 52bis in R4-093553),9.2.0
2009-12,RP-46,RP-091286,334,,,Introduction of Extended LTE1500 requirements for TS36.133 (Technically endorsed at RAN 4 52bis in R4-093636),9.2.0
2009-12,RP-46,RP-091272,336,,,Addition of E-UTRA TDD to UTRA FDD reselection test cases (Technically endorsed at RAN 4 52bis in R4-093686),9.2.0
2009-12,RP-46,RP-091271,338,,,Correction of missing accuracy requirements for UTRAN FDD (Technically endorsed at RAN 4 52bis in R4-093689),9.2.0
2009-12,RP-46,RP-091275,340,,,CR cdma2000 HRPD measurement period (Technically endorsed at RAN 4 52bis in R4-093720),9.2.0
2009-12,RP-46,RP-091275,342,,,CR cdma2000 1x measurement period (Technically endorsed at RAN 4 52bis in R4-093721),9.2.0
2009-12,RP-46,RP-091272,344,,,Correction for E-UTRAN FDD - UTRAN FDD Cell Search in DRX Test Cases (Technically endorsed at RAN 4 52bis in R4-093890),9.2.0
2009-12,RP-46,RP-091272,346,,,Revise geometry factors for Intra freq Reselection Test Cases,9.2.0
2009-12,RP-46,RP-091271,348,,,"Corrections on RRM parameters for Bands 12, 14, 17",9.2.0
2009-12,RP-46,RP-091271,351,1,,Corrections to PDSCH RMC-s,9.2.0
2009-12,RP-46,RP-091271,353,,,Corrections of TS36.133,9.2.0
2009-12,RP-46,RP-091275,356,1,,UTRA TDD P-CCPCH RSCP absolute accuracy measurement in E-UTRAN,9.2.0
2009-12,RP-46,RP-091275,358,1,,E-UTRAN TDD - UTRAN TDD cell search for SON,9.2.0
2009-12,RP-46,RP-091275,361,,,Cell Search Requirements for Intra-LTE Handover to Unknown Target Cell,9.2.0
2009-12,RP-46,RP-091273,365,,,Combined E-UTRAN interfrequency and GSM cell search test cases (Scenario set 3.2),9.2.0
2009-12,RP-46,RP-091271,367,1,,Correction in UE UTRA TDD P-CCPCH RSCP measurement capability for R9,9.2.0
2009-12,RP-46,RP-091273,374,,,E-UTRAN  GSM RSSI Measurement Accuracy Tests,9.2.0
2009-12,RP-46,RP-091273,375,,,E-UTRAN  UTRAN FDD CPICH RSCP Measurement Accuracy Tests,9.2.0
2009-12,RP-46,RP-091273,376,,,E-UTRAN  UTRAN FDD CPICH Ec/No Measurement Accuracy Tests,9.2.0
2009-12,RP-46,RP-091275,378,,,Cell Timing Change Requirements for Event Triggered Reporting,9.2.0
2009-12,RP-46,RP-091271,380,,,Correction to Power Headroom Requirements,9.2.0
2009-12,RP-46,RP-091271,382,,,Editorial corrections to 36.133,9.2.0
2009-12,RP-46,RP-091271,387,,,Editorial corrections to the time units for RRC Re-establishment test cases,9.2.0
2009-12,RP-46,RP-091272,389,1,,Introduction of cell search test case in DRX to verify L3 filtering,9.2.0
2009-12,RP-46,RP-091271,391,,,Correction to ONCG Patterns,9.2.0
2009-12,RP-46,RP-091275,329,,,Defining requirements for UTRA TDD measurements for SON (Technically endorsed at RAN 4 52bis in R4-093512),9.2.0
2009-12,RP-46,RP-091272,332,,,Modification of test case of E-UTRA TDD intra frequency cell reselection (Technically endorsed at RAN 4 52bis in R4-093552),9.2.0
2009-12,RP-46,RP-091272,333,,,Modification of test case of E-UTRA TDD inter frequency cell reselection (Technically endorsed at RAN 4 52bis in R4-093553),9.2.0
2010-03,RP-47,RP-100254,410,,,Idle mode corrections,9.3.0
2010-03,RP-47,RP-100254,405,1,,UE measurement capability requirements in Idle and Connected,9.3.0
2010-03,RP-47,RP-100254,423,,,Correction to UE Measurement Capability Requirements in Idle Mode,9.3.0
2010-03,RP-47,RP-100254,412,,,Removal of activation time from interRAT handover requirements,9.3.0
2010-03,RP-47,RP-100254,417,1,,Correction to UE Transmit Timing Requirements,9.3.0
2010-03,RP-47,RP-100254,402,,,Correction of E-UTRAN TDD inter frequency measurements_R9,9.3.0
2010-03,RP-47,RP-100254,414,1,,Enhanced GSM Requirements for CSFB,9.3.0
2010-03,RP-47,RP-100254,415,1,,Enhanced UTRA FDD Requirements for CSFB,9.3.0
2010-03,RP-47,RP-100255,399,,,Correction of RSRP value in E-UTRAN FDDFDD Inter frequency reselection test,9.3.0
2010-03,RP-47,RP-100255,397,,,Addition of missing Es/Noc parameters in RRM test cases,9.3.0
2010-03,RP-47,RP-100255,421,,,Correction to RRC Re-establishment Test Case,9.3.0
2010-03,RP-47,RP-100255,427,1,,Correction of UE transmit timing test case,9.3.0
2010-03,RP-47,RP-100255,419,1,,Correction to RLM Test Cases,9.3.0
2010-03,RP-47,RP-100262,407,,,Editorial Corrections in TS36.133(Rel-9),9.3.0
2010-03,RP-47,RP-100263,413,,,Introduction of LTE in 800 MHz for Europe requirements in TS 36.133,9.3.0
2010-03,RP-47,RP-100264,395,,,Corrections for Extended UMTS1500 in TS36.133(Rel-9),9.3.0
2010-03,RP-47,RP-100269,393,,,AOA and TA measurement report mappings,9.3.0
2010-03,RP-47,RP-100269,403,2,,Mapping of UE RxTx time difference measurement,9.3.0
2010-03,RP-47,RP-100266,425,2,,Home eNode B synchronization requirement,9.3.0
2010-03,RP-47,RP-100266,424,2,,Minimum requirements on SI reading for HeNB inbound mobility,9.3.0
2010-06,RP-48,RP-100622,473,,,Clarification on radio link monitoring,9.4.0
2010-06,RP-48,RP-100622,472,,,Corrections of clause numbering on the test case of E-UTRAN FDD-FDD inter-frequency cell search requirements for L3 fitering,9.4.0
2010-06,RP-48,RP-100622,466,1,,Correction to RRM Test Cases,9.4.0
2010-06,RP-48,RP-100622,464,,,Correction to RRM Requirements,9.4.0
2010-06,RP-48,RP-100622,462,1,,Correction to Absolute RSRP/RSRQ Definitions,9.4.0
2010-06,RP-48,RP-100622,457,,,UE Measurement Capability Requirements for CDMA2000,9.4.0
2010-06,RP-48,RP-100622,455,1,,Correction of E-UTRAN Inter-frequency Cell Re-selection Requirements,9.4.0
2010-06,RP-48,RP-100622,451,1,,Correction to idle mode requirements(Rel-9),9.4.0
2010-06,RP-48,RP-100622,449,1,,Editorial corrections to 36.133(Rel-9),9.4.0
2010-06,RP-48,RP-100622,447,,,Correction to TDD intrafrequency accuracy test case,9.4.0
2010-06,RP-48,RP-100622,441,1,,Correction of Io value in E-UTRAN FDD and TDD Inter frequency RSRP tests,9.4.0
2010-06,RP-48,RP-100627,444,2,,Corrections to CSG SI reading core requirement,9.4.0
2010-06,RP-48,RP-100627,445,1,,RSRQ idle mode requirements,9.4.0
2010-06,RP-48,RP-100630,470,1,,Test cases for R9 cell reselection enhancements,9.4.0
2010-06,RP-48,RP-100630,460,,,Missing E-UTRA - UTRA FDD DRX Requirements,9.4.0
2010-06,RP-48,RP-100631,442,2,,Corrections to enhanced cell identification core requirement,9.4.0
2010-06,RP-48,RP-100632,469,,,Applicability of mobility requirements with inter-frequency RSTD measurements,9.4.0
2010-06,RP-48,RP-100632,439,,,UE Rx-Tx Time Difference Measurement Requirements for E-CID,9.4.0
2010-06,RP-48,RP-100632,438,2,,CR UE RX-TX time-difference measurement requirement,9.4.0
2010-06,RP-48,RP-100632,433,5,,RSTD Measurement Requirements for OTDOA,9.4.0
2010-06,RP-48,RP-100632,432,5,,RSTD Accuracy Requirements for OTDOA,9.4.0
2010-09,RP-49,RP-100914,477,1,,Cell identity change time in RRM Test cases,9.5.0
2010-09,RP-49,RP-100919,537,,,A clarification text in the RSTD intra-frequency accuracy requirements,9.5.0
2010-09,RP-49,RP-100920,506,,,Correction of drx-RetransmissionTimer parameters,9.5.0
2010-09,RP-49,RP-100915,508,,,Correction of Io value in RSRP FDD and TDD Intra frequency test,9.5.0
2010-09,RP-49,RP-100920,521,1,,Editorial corrections to 36.133 (R9),9.5.0
2010-09,RP-49,RP-100914,523,,,Alignment of REFSENS  between 36.101 and 36.133(R9),9.5.0
2010-09,RP-49,RP-100920,525,1,,Correction of Time to Trigger unit for 36.133(R9),9.5.0
2010-09,RP-49,RP-100915,505,1,,Corrections to 36.133(R9),9.5.0
2010-09,RP-49,RP-100920,528,1,,E-UTRAN FDD Intra Frequency RSTD Measurement Accuracy test case,9.5.0
2010-09,RP-49,RP-100919,538,1,,Correction to Enhanced BSIC Verification Requirements,9.5.0
2010-09,RP-49,RP-100919,539,,,Enhanced CSFB Requirements with DRX,9.5.0
2010-09,RP-49,RP-100919,540,,,Correction to E-CID Requirements,9.5.0
2010-09,RP-49,RP-100920,544,1,,Addition of UTRA and GSM enhanced cell identification test cases,9.5.0
2010-09,RP-49,RP-100920,547,1,,E-UTRAN FDD UE Rx – Tx Time Difference Measurement Accuracy test case,9.5.0
2010-09,RP-49,RP-100914,479,1,,Scrambling code change time in RRM Test cases,9.5.0
2010-09,RP-49,RP-100914,549,,,Introduction of CSG cell reselection requirements,9.5.0
2010-09,RP-49,RP-100920,527,,,correction of redundant Hysteresis(Hys) for 36.133(R9),9.5.0
2010-09,RP-49,RP-100920,488,2,,Test case for TDD UE Rx-Tx time difference measurement,9.5.0
2010-09,RP-49,RP-100914,483,,,Clarification of Radio link monitoring test cases,9.5.0
2010-09,RP-49,RP-100915,485,,,Test case for E-UTRA TDD event triggered reporting when L3 filtering is used in R9,9.5.0
2010-09,RP-49,RP-100915,487,,,E-UTRA TDD - UTRA TDD cell reselection in fading propagation conditions: UTRA TDD is of lower priority in R9,9.5.0
2010-09,RP-49,RP-100924,492,,,Test case for E-UTRAN TDD in the existence of non-allowed CSG cell,9.5.0
2010-09,RP-49,RP-100915,494,,,PDCCH Aggregation level for RRM tests,9.5.0
2010-09,RP-49,RP-100915,503,,,Correction of ES/Iot value in E-UTRAN RSRQ FDD intra frequency test,9.5.0
2010-09,RP-49,RP-100915,496,,,Corrections to RRM OCNG Patterns,9.5.0
2010-09,RP-49,RP-100919,498,,,RRC timer accuracy requirement,9.5.0
2010-09,RP-49,RP-100915,501,,,Correction of OCNG,9.5.0
2010-09,RP-49,RP-100914,477,1,,Cell identity change time in RRM Test cases,9.5.0
2010-09,RP-49,RP-100919,537,,,A clarification text in the RSTD intra-frequency accuracy requirements,9.5.0
2010-09,RP-49,RP-100920,506,,,Correction of drx-RetransmissionTimer parameters,9.5.0
2010-09,RP-49,RP-100915,508,,,Correction of Io value in RSRP FDD and TDD Intra frequency test,9.5.0
2010-09,RP-49,RP-100920,521,1,,Editorial corrections to 36.133 (R9),9.5.0
2010-09,RP-49,RP-100914,523,,,Alignment of REFSENS  between 36.101 and 36.133(R9),9.5.0
2010-09,RP-49,RP-100920,525,1,,Correction of Time to Trigger unit for 36.133(R9),9.5.0
2010-09,RP-49,RP-100915,505,1,,Corrections to 36.133(R9),9.5.0
2010-09,RP-49,RP-100920,528,1,,E-UTRAN FDD Intra Frequency RSTD Measurement Accuracy test case,9.5.0
2010-09,RP-49,RP-100919,538,1,,Correction to Enhanced BSIC Verification Requirements,9.5.0
2010-09,RP-49,RP-100919,539,,,Enhanced CSFB Requirements with DRX,9.5.0
2010-09,RP-49,RP-100919,540,,,Correction to E-CID Requirements,9.5.0
2010-09,RP-49,RP-100920,544,1,,Addition of UTRA and GSM enhanced cell identification test cases,9.5.0
2010-09,RP-49,RP-100920,547,1,,E-UTRAN FDD UE Rx – Tx Time Difference Measurement Accuracy test case,9.5.0
2010-09,RP-49,RP-100914,479,1,,Scrambling code change time in RRM Test cases,9.5.0
2010-09,RP-49,RP-100914,549,,,Introduction of CSG cell reselection requirements,9.5.0
2010-09,RP-49,RP-100920,527,,,correction of redundant Hysteresis(Hys) for 36.133(R9),9.5.0
2010-09,RP-49,RP-100920,488,2,,Test case for TDD UE Rx-Tx time difference measurement,9.5.0
2010-09,RP-49,RP-100914,483,,,Clarification of Radio link monitoring test cases,9.5.0
2010-09,RP-49,RP-100915,485,,,Test case for E-UTRA TDD event triggered reporting when L3 filtering is used in R9,9.5.0
2010-09,RP-49,RP-100915,487,,,E-UTRA TDD - UTRA TDD cell reselection in fading propagation conditions: UTRA TDD is of lower priority in R9,9.5.0
2010-09,RP-49,RP-100924,492,,,Test case for E-UTRAN TDD in the existence of non-allowed CSG cell,9.5.0
2010-09,RP-49,RP-100915,494,,,PDCCH Aggregation level for RRM tests,9.5.0
2010-09,RP-49,RP-100915,503,,,Correction of ES/Iot value in E-UTRAN RSRQ FDD intra frequency test,9.5.0
2010-09,RP-49,RP-100915,496,,,Corrections to RRM OCNG Patterns,9.5.0
2010-09,RP-49,RP-100919,498,,,RRC timer accuracy requirement,9.5.0
2010-09,RP-49,RP-100915,501,,,Correction of OCNG,9.5.0
2010-09,RP-49,RP-100927,497,,,CR LTE_TDD_2600_US spectrum band definition additions to TS 36.133,10.0.0
2010-12,RP-50,RP-101331,635,,,Corrections to 36.133 performance requirements,10.1.0
2010-12,RP-50,RP-101331,638,,,Correction to intra frequency cell identification time for FDD and TDD,10.1.0
2010-12,RP-50,RP-101331,566,1,,Corrections and Clarifications to TS36.133,10.1.0
2010-12,RP-50,RP-101331,592,2,,Correction to Radio link monitoring test cases,10.1.0
2010-12,RP-50,RP-101332,563,,,PDCCH Aggregation Level for RRM Tests,10.1.0
2010-12,RP-50,RP-101332,571,,,MIMO correlation scenario for RLM test cases,10.1.0
2010-12,RP-50,RP-101332,580,,,Removal of [ ] from PDSCH and PCFICH/PDCCH/PHICH Measurement Channel references in Annex A.,10.1.0
2010-12,RP-50,RP-101332,585,,,Enabling HARQ for RRM Tests,10.1.0
2010-12,RP-50,RP-101335,643,1,,Completion of CSG cell reselection requirements,10.1.0
2010-12,RP-50,RP-101343,568,,,Clarification of measurements requirements for HRPD and cdma2000 1x,10.1.0
2010-12,RP-50,RP-101343,589,,,"Addition of Band 18, 19 and 21 into UE Rx - Tx time difference requirements",10.1.0
2010-12,RP-50,RP-101343,604,,,Correction to Enhanced GSM Cell Identification Requirement,10.1.0
2010-12,RP-50,RP-101343,632,,,Correction of reselection requirement for UTRAN FDD cells,10.1.0
2010-12,RP-50,RP-101343,640,,,Correction to Enhanced UTRA FDD Cell Identification Requirements,10.1.0
2010-12,RP-50,RP-101343,645,,,E-UTRAN TDD Intra Frequency RSTD Measurement Accuracy test case,10.1.0
2010-12,RP-50,RP-101343,621,1,,Correction for Measurements of inter-RAT cells,10.1.0
2010-12,RP-50,RP-101343,598,2,,E-UTRAN FDD intra-frequency RSTD measurement reporting delay test case,10.1.0
2010-12,RP-50,RP-101343,600,2,,E-UTRAN TDD intra-frequency RSTD measurement reporting delay test case,10.1.0
2010-12,RP-50,RP-101356,644,,,Band 42 and 43 parameters for UMTS/LTE 3500 (TDD) for TS 36.133,10.1.0
2010-12,RP-50,RP-101361,552,,,Introduction of L-band in TS36.133,10.1.0
2010-12,RP-50,RP-101388,648,,,Removal of square brackets from scope of TS36.133,10.1.0
2011-04,RP-51,RP-110359,0658,-,,Addition of UE RRM capabilities for CA,10.2.0
2011-04,RP-51,RP-110340,0663,-,,Correction to E-UTRAN TDD in-sync test requirements,10.2.0
2011-04,RP-51,RP-110348,0665,1,,"RSTD requirements, RMC and OCNG patterns",10.2.0
2011-04,RP-51,RP-110350,0669,-,,CR to 36.133: Aligning relavant RRM requirements for Band 41 with the reference sensitivity values in 36.101,10.2.0
2011-04,RP-51,RP-110339,0676,-,,Modification on test case of E-UTRA TDD to UTRA TDD cell reselection(R10),10.2.0
2011-04,RP-51,RP-110339,0681,1,,Value of MS_TXPWR_MAX_CCH for EUTRA-GSM reselection test cases A.4.4.x,10.2.0
2011-04,RP-51,RP-110339,0687,1,,Rearrangement of Time periods for EUTRA-UTRA reselection test case A.4.3.1.1,10.2.0
2011-04,RP-51,RP-110339,0690,1,,"Removal of ""Force to Cell 2"" during initialisation for EUTRA-UTRA reselection test case A.4.3.1.2",10.2.0
2011-04,RP-51,RP-110340,0693,1,,SNR for RRM A.8.x  test cases using ETU70,10.2.0
2011-04,RP-51,RP-110408,0697,1,,Requirements for Minimaztion of Drive Tests (MDT) in LTE,
2011-04,RP-51,RP-110339,0703,-,,Correction to test cases of E-UTRA to UTRA cell reselection when UE is in idle state,10.2.0
2011-04,RP-51,RP-110359,0706,2,,Introduction of measurement requirements for carrier aggregation,10.2.0
2011-04,RP-51,RP-110347,0709,1,,Addition of test cases for FDD intra-frequency SI reading using autonomous gaps with both non DRX and DRX for Rel-10,10.2.0
2011-04,RP-51,RP-110347,0711,1,,Addition of test cases for FDD inter-frequency SI reading using autonomous gaps with both non DRX and DRX for Rel-10,10.2.0
2011-04,RP-51,RP-110359,0713,1,,Introduction of core requirements of radio link monitoring in CA,10.2.0
2011-04,RP-51,RP-110339,0719,1,,Modification on Test Requirements in E-UTRA - UTRA TDD SON Test Case (A.8.7.3) (R10),10.2.0
2011-04,RP-51,RP-110348,0727,2,,Requirements for reporting criteria with positioning measurements,10.2.0
2011-04,RP-51,RP-110340,0736,-,,Correction of RLM evaluation period in DRX,10.2.0
2011-04,RP-51,RP-110340,0739,-,,Correction of inter-frequency measurement accuracy test cases,10.2.0
2011-04,RP-51,RP-110339,0744,-,,Modification on Test Requirements in E-UTRA  GSM cell reselection Test Case (A.4.4) (R10),10.2.0
2011-04,RP-51,RP-110348,0747,1,,Corrections to RSTD measurement for Rel-9,10.2.0
2011-04,RP-51,RP-110348,0748,-,,Correction on FDD Intra Frequency RSTD Measurement Accuracy test case,10.2.0
2011-04,RP-51,RP-110348,0751,1,,RSTD test case corrections,10.2.0
2011-04,RP-51,RP-110344,0753,-,,Correction of serving cell performance requirements for autonomous SI acquisition,10.2.0
2011-06,RP-52,RP-110753,0785,1,,Simplification of frequency dependent requirements in 36.133(Table B.2.2-1 contains erroneous values. These wrong values will be corrected in the RAN#53 meeting.),10.3.0
2011-06,RP-52,RP-110793,754,,,E-UTRAN FDD-FDD inter-frequency RSTD measurement reporting delay test case with the reference cell on the serving carrier frequency,10.3.0
2011-06,RP-52,RP-110793,755,,,E-UTRAN TDD-TDD inter-frequency RSTD measurement reporting delay test case with the reference cell on the serving carrier frequency,10.3.0
2011-06,RP-52,RP-110807,757,,,Core requirements on RRC connection mobility control in CA,10.3.0
2011-06,RP-52,RP-110807,758,,,Timing core requirements in CA,10.3.0
2011-06,RP-52,RP-110807,759,,,Introduction of Handover Requirements for Carrier Aggregation,10.3.0
2011-06,RP-52,RP-110793,760,,,E-UTRAN FDD Inter Frequency RSTD Measurement Accuracy test case,10.3.0
2011-06,RP-52,RP-110793,761,,,E-UTRAN TDD Inter Frequency RSTD Measurement Accuracy test case,10.3.0
2011-06,RP-52,RP-110786,765,,,Rearrangement of Time periods for EUTRA-UTRA reselection test case A.4.3.4.1,10.3.0
2011-06,RP-52,RP-110786,768,,,"Removal of ""Force to Cell 2"" during initialisation for EUTRA -UTRA reselection test cases",10.3.0
2011-06,RP-52,RP-110807,776,,,Introduction of UE interruption requirements in SCC measurements with de-activated SCell,10.3.0
2011-06,RP-52,RP-110794,797,,,Editorial Correction to Cell Re-selection Requirements,10.3.0
2011-06,RP-52,RP-110789,808,,,Correction to side conditions for TDD inter-frequency CGI identification for Rel-10,10.3.0
2011-06,RP-52,RP-110786,814,,,Correction to inter-RAT cell identificiation time in DRX for Rel-10,10.3.0
2011-06,RP-52,RP-110787,817,,,Correction to identification time of UTRA FDD cell for SON in DRX for Rel-10,10.3.0
2011-06,RP-52,RP-110787,822,,,Correction to requirements of E-UTRAN TDDUTRAN TDD measurements for SON when DRX is used for Rel-10,10.3.0
2011-06,RP-52,RP-110807,829,,,Corrrection to the side condition for measurements for E-UTRA carrier aggregation,10.3.0
2011-06,RP-52,RP-110803,850,,,CR Timestamp accuracy requirements for MDT,10.3.0
2011-06,RP-52,RP-110812,778,1,,Add 2GHz S-Band (Band 23) in  36.133,10.3.0
2011-06,RP-52,RP-110796,787,1,,Clarification on inter-frequency layers for RSTD,10.3.0
2011-06,RP-52,RP-110794,780,1,,Correction to RSTD measurement for Rel-10,10.3.0
2011-06,RP-52,RP-110807,852,1,,"Pcmax,c mapping",10.3.0
2011-06,RP-52,RP-110787,771,1,,Clarification of Radio link monitoring test requirements(The CR was not implemented as it is not based on the latest version of the specification),10.3.0
2011-06,RP-52,RP-110807,793,1,,E-CID Measurement Requirements under Pcell Switching,10.3.0
2011-06,RP-52,RP-110807,775,1,,Removal of undefined intra-freq RSRQ relative accuracy requirements in CA,10.3.0
2011-06,RP-52,RP-110789,856,,,Correction on E-UTRAN FDD RSTD intra frequency case,10.3.0
2011-06,RP-52,RP-110796,800,1,,Addition of E-UTRAN FDD/TDD  cdma2000 1xRTT measurements requirement for SON for Rel-10,10.3.0
2011-06,RP-52,RP-110790,804,1,,Addition of test cases for TDD intra-frequency SI reading using autonomous gaps with both non DRX and DRX for Rel-10,10.3.0
2011-06,RP-52,RP-110790,806,1,,Addition of test cases for TDD inter-frequency SI reading using autonomous gaps with both non DRX and DRX for Rel-10,10.3.0
2011-06,RP-52,RP-110787,828,1,,Addition of missing EsNoc parameters in E-UTRAN TDD UTRAN TDD Measurements test cases for Rel-10,10.3.0
2011-06,RP-52,RP-110807,835,1,,Clarification of UE Rx-Tx time difference measurement requirement for carrier aggregation,10.3.0
2011-06,RP-52,RP-110804,859,,,Expanded 1900 MHz addition to 36.133,10.3.0
2011-06,RP-52,RP-110811,860,,,Introduction of RLM requirement for eICIC,10.3.0
2011-06,RP-52,RP-110796,794,1,,E-CID Measurement Requirements under Handover,10.3.0
2011-06,RP-52,RP-110811,762,1,,CR on RLM requirements for eICIC,10.3.0
2011-06,RP-52,RP-110811,788,2,,RSRP and RSRQ measurement requirements for eICIC,10.3.0
2011-06,RP-52,RP-110811,851,1,,CR on RSRP and RSRQ measurement accuracy requirements for eICIC,10.3.0
2011-06,RP-52,RP-110807,802,2,,Addition of OTDOA measurement requirement for E-UTRAN carrier aggregation,10.3.0
2011-09,RP-53,RP-111246,863,,,Thresholds and margins for reporting of neighbour cells in RRM test A.8.9.1,10.4.0
2011-09,RP-53,RP-111246,902,,,Thresholds and margins for RRM tests A.5.2.1 and A.5.2.2,10.4.0
2011-09,RP-53,RP-111246,905,,,Thresholds and margins for RRM tests A.5.2.4 and A.5.2.5,10.4.0
2011-09,RP-53,RP-111247,889,,,Removing [] in clause 8.1.2.2.2.2 for Rel-10,10.4.0
2011-09,RP-53,RP-111247,915,,,Adding condition of UTRA TDD measurement report delay requirements applied,10.4.0
2011-09,RP-53,RP-111247,930,,,Clarify time points and time duration for RLM tests A.7.3.x,10.4.0
2011-09,RP-53,RP-111251,926,1,,Adding enhanced UTRA TDD cell identification requirements for Rel-10,10.4.0
2011-09,RP-53,RP-111251,969,,,CR for E-UTRAN FDD  GSM event triggered reporting in AWGN with enhanced BSIC identification in R10,10.4.0
2011-09,RP-53,RP-111252,894,,,Requirements for RRC Connection Release with Redirection,10.4.0
2011-09,RP-53,RP-111252,960,,,Missing RSRQ in Intra-frequency measurement requirements,10.4.0
2011-09,RP-53,RP-111252,965,1,,Requirements for RRC Connection Release with Redirection for TDD in R10,10.4.0
2011-09,RP-53,RP-111255,946,,,Introduction of Band 22,10.4.0
2011-09,RP-53,RP-111255,979,1,,Modifications of Band 42 and 43,10.4.0
2011-09,RP-53,RP-111263,879,1,,Correction to RRC connection mobility control in CA,10.4.0
2011-09,RP-53,RP-111263,895,2,,RSTD Measurement Requirements under Handover,10.4.0
2011-09,RP-53,RP-111263,896,2,,RSTD Measurement Requirements under Pcell Switching,10.4.0
2011-09,RP-53,RP-111263,920,1,,Editorial corrections for 36.133 (Rel-10),10.4.0
2011-09,RP-53,RP-111263,924,1,,Correction to RRC connection mobility control in CA,10.4.0
2011-09,RP-53,RP-111263,927,,,Modifications on TDD inter frequency measurements with autonomous gaps,10.4.0
2011-09,RP-53,RP-111263,945,1,,Frequency band related requirements to 36.133,10.4.0
2011-09,RP-53,RP-111263,949,1,,Correction of references,10.4.0
2011-09,RP-53,RP-111263,950,,,Alignment of the carrier aggregation terminology,10.4.0
2011-09,RP-53,RP-111263,951,,,Band simplification for core requirements,10.4.0
2011-09,RP-53,RP-111263,952,,,Clarification in inter-frequency RSTD accuracy tests,10.4.0
2011-09,RP-53,RP-111263,953,1,,Editorial corrections for RRM requirements,10.4.0
2011-09,RP-53,RP-111263,961,,,Missing RSRQ in E-UTRA carrier aggregation measurement requirements,10.4.0
2011-09,RP-53,RP-111265,874,1,,Clarification of TDD uplink-downlink subframe configurations applicability for RSTD measurement in CA,10.4.0
2011-09,RP-53,RP-111265,875,3,,CR on UE interruption requirements in SCC measurements with de-activated SCell when common DRX is used,10.4.0
2011-09,RP-53,RP-111265,883,1,,Alignment of terminology for SCell measurement cycle,10.4.0
2011-09,RP-53,RP-111265,921,1,,"Introduction of Pcmax,c reporting requirements for carrier aggregation",10.4.0
2011-09,RP-53,RP-111266,849,3,,RSTD Accuracy Requirements for Carrier Aggregation,10.4.0
2011-09,RP-53,RP-111266,898,1,,Introduction of power headroom reporting requirement for carrier aggregation,10.4.0
2011-09,RP-53,RP-111308,891,1,,RSRP and RSRQ measurement requirements for eICIC,10.4.0
2011-12,RP-54,RP-111681,982,,,Corrections of inter-frequency measurement accuracy RSRP and RSRQ test cases,10.5.0
2011-12,RP-54,RP-111682,984,,,Removing [] in CSFB requirement for Rel-10,10.5.0
2011-12,RP-54,RP-111693,985,,,Reference channel for RLM testing with eICIC,10.5.0
2011-12,RP-54,RP-111683,987,,,Clarification on RSTD test cases,10.5.0
2011-12,RP-54,RP-111690,988,,,RSRP Measurement performance Io corrections,10.5.0
2011-12,RP-54,RP-111686,989,,,RLM measurement requirements for eICIC,10.5.0
2011-12,RP-54,RP-111693,990,,,PDCCH/PCFICH transmission parameters for RLM,10.5.0
2011-12,RP-54,RP-111683,992,,,Clarification on PRS bandwidth,10.5.0
2011-12,RP-54,RP-111735,993,,,Missing RSRQ in intra-frequency measurement requirements for eICIC,10.5.0
2011-12,RP-54,RP-111686,994,1,,Test case for TDD RSRQ Accuracy for Carrier Aggregation,10.5.0
2011-12,RP-54,RP-111686,995,,,Cell identification requirements without DRX,10.5.0
2011-12,RP-54,RP-111693,997,1,,Test case for cell identification with eICIC in E-UTRAN FDD,10.5.0
2011-12,RP-54,RP-111693,998,1,,Test case for cell identification with eICIC in E-UTRAN TDD,10.5.0
2011-12,RP-54,RP-111691,999,1,,Carrier aggregation RSRP measurement test case for TDD,10.5.0
2011-12,RP-54,RP-111690,1001,,,Test case for enhanced UTRA TDD cell identification for R10,10.5.0
2011-12,RP-54,RP-111690,1003,,,Test case for RRC connection release redirection to UTRA TDD for R10,10.5.0
2011-12,RP-54,RP-111735,1005,,,Clarification of the Successful Percentage for Measurement Performance Requirements,10.5.0
2011-12,RP-54,RP-111691,1007,2,,FDD Absolute and Relative RSRQ Accuracy test in CA,10.5.0
2011-12,RP-54,RP-111691,1011,1,,FDD absolute and relative RSRP accuracies test in CA,10.5.0
2011-12,RP-54,RP-111693,1014,1,,E-UTRAN TDD Radio Link Monitoring Test for Out-of-sync under time domain measurement resource restriction,10.5.0
2011-12,RP-54,RP-111735,1016,,,E-UTRAN FDD - UTRAN TDD enhanced cell identification test under AWGN propagation conditions in R10,10.5.0
2011-12,RP-54,RP-111735,1018,1,,E-UTRAN FDD RRC connection release with redirection to UTRAN TDD in R10,10.5.0
2011-12,RP-54,RP-111735,1021,1,,CR for Inter-RAT SI reading,10.5.0
2011-12,RP-54,RP-111687,1022,,,Addition of E-UTRAN FDD - TDD Inter frequency cell reselection test case,10.5.0
2011-12,RP-54,RP-111687,1023,,,Addtion of E-UTRAN TDD - FDD Inter frequency cell reselection test case,10.5.0
2011-12,RP-54,RP-111687,1024,,,Addtion of E-UTRAN FDD - TDD Inter frequency handover test case,10.5.0
2011-12,RP-54,RP-111687,1025,,,Addtion of E-UTRAN TDD - FDD Inter frequency handover test case,10.5.0
2011-12,RP-54,RP-111687,1026,,,Addtion of E-UTRAN TDD-FDD Inter-frequency event triggered reporting under fading propagation conditions in asynchronous cells test case,10.5.0
2011-12,RP-54,RP-111687,1027,1,,Addtion of E-UTRAN FDD-TDD Inter-frequency event triggered reporting under fading propagation conditions in asynchronous cells test case,10.5.0
2011-12,RP-54,RP-111687,1028,,,Addtion of E-UTRAN FDD - TDD inter frequency measurement accuracy test case,10.5.0
2011-12,RP-54,RP-111681,1031,,,Correction for the identification time in DRX for UTRA TDD in R10,10.5.0
2011-12,RP-54,RP-111735,1032,,,Correction the side condition for SCH in R10,10.5.0
2011-12,RP-54,RP-111735,1033,1,,Correction to event triggered reporting for TS 36.133 in R10,10.5.0
2011-12,RP-54,RP-111681,1039,1,,Correction of E-UTRAN TDD-TDD inter frequency handover test case in R10,10.5.0
2011-12,RP-54,RP-111735,1041,,,Clarification of Expected RSTD and Expected RSTD uncertainty in RSTD test cases in R10,10.5.0
2011-12,RP-54,RP-111680,1043,,,Thresholds and margins for RRM tests A.8.11.3 and A.8.11.4,10.5.0
2011-12,RP-54,RP-111683,1046,,,Thresholds and margins for RRM tests A.8.11.5 and A.8.11.6,10.5.0
2011-12,RP-54,RP-111693,1047,2,,RLM Out of Sync Detection Test for eICIC,10.5.0
2011-12,RP-54,RP-111683,1049,,,RRC Connection Release with Redirection from E-UTRAN FDD to GERAN,10.5.0
2011-12,RP-54,RP-111693,1051,,,Colliding CRS in non-MBSFN ABS,10.5.0
2011-12,RP-54,RP-111683,1052,,,RRC Connection Release with Redirection from E-UTRAN TDD to GERAN,10.5.0
2011-12,RP-54,RP-111693,1053,1,,RLM In Sync Detection Test for FDD eICIC,10.5.0
2011-12,RP-54,RP-111693,1054,1,,RLM In Sync Detection Test for FDD eICIC,10.5.0
2011-12,RP-54,RP-111691,1055,1,,FDD Event triggered reporting on deactivated Scell in non-DRX,10.5.0
2011-12,RP-54,RP-111691,1056,1,,TDD Event triggered reporting on deactivated Scell in non-DRX,10.5.0
2011-12,RP-54,RP-111683,1058,,,Adding Band XX,10.5.0
2011-12,RP-54,RP-111690,1061,1,,Optional faster higher priority reselection,10.5.0
2011-12,RP-54,RP-111735,1064,1,,Addition of a test case at lower RSRP level for the serving cell measurement accuracy,10.5.0
2011-12,RP-54,RP-111683,1066,,,Test cases for RRC connection release with redirection to UTRAN FDD,10.5.0
2011-12,RP-54,RP-111735,1072,,,CA definition alignment in test cases,10.5.0
2011-12,RP-54,RP-111683,1074,,,Applicable PRS BW for RSTD accuracy requirements,10.5.0
2012-03,RP-55,RP-120304,1077,1,,RSTD signalling modifications,10.6.0
2012-03,RP-55,RP-120294,1079,1,,Test case for E-UTRA TDD RRC connection release redirection to UTRA TDD without SI provided for R10,10.6.0
2012-03,RP-55,RP-120294,1081,1,,Test case for E-UTRA FDD RRC connection release redirection to UTRA TDD without SI provided for R10,10.6.0
2012-03,RP-55,RP-120291,1084,,,Thresholds and margins for E-UTRAN to C2K RRM reselection test cases (Rel-10),10.6.0
2012-03,RP-55,RP-120294,1087,,,Addition of E-UTRAN TDD-HRPD Cell Reselection: HRPD is of Lower Priority test case R10,10.6.0
2012-03,RP-55,RP-120293,1089,,,Addition of E-UTRAN TDD-cdma2000 1X Cell Reselection: cdma2000 1X is of Lower Priority test case R10,10.6.0
2012-03,RP-55,RP-120293,1091,,,Addition of E-UTRAN TDD-HRPD Handover test case R10,10.6.0
2012-03,RP-55,RP-120294,1093,,,Addition of E-UTRAN TDD-cdma2000 1X Handover test case R10,10.6.010.6.0
2012-03,RP-55,RP-120294,1099,,,Addition of E-UTRAN FDD-TDD inter frequency RSRQ measurement accuracy test case R10,10.6.0
2012-03,RP-55,RP-120300,1112,1,,RLM test cases with SNRs for OOS and INS for E-UTRAN TDD in eICIC,10.6.0
2012-03,RP-55,RP-120304,1115,,,Io difference band-independent in Inter-frequency RSRP TDD TC A.9.1.4,10.6.0
2012-03,RP-55,RP-120292,1118,1,,Thresholds and margins in RRM test case A.8.11.4,10.6.0
2012-03,RP-55,RP-120292,1121,,,TDD PRACH Test cases value of PRACH Configuration Index and first preamble power,10.6.0
2012-03,RP-55,RP-120292,1124,1,,PDSCH and OCNG pattern in PRACH Test cases A.6.2.1 and A.6.2.3,10.6.0
2012-03,RP-55,RP-120300,1134,1,,Clarification of colliding CRS in MBSFN ABS,10.6.0
2012-03,RP-55,RP-120304,1135,,,Editorial corrections on the test cases of RRC connection release with redirection to UTRAN FDD,10.6.0
2012-03,RP-55,RP-120304,1139,1,,Corrections on test case of Event triggered reporting on deactivated Scell in non-DRXCR not implemented as it is based on the wrong version of the spec,10.6.0
2012-03,RP-55,RP-120304,1140,,,Core requirements for E-UTRAN TDD inter-RAT UTRAN FDD SI acquisition using autonomous gaps,10.6.0
2012-03,RP-55,RP-120304,1143,1,,Editorial corrections,10.6.0
2012-03,RP-55,RP-120300,1145,1,,Side condition clarification for eICIC with MBSFN,10.6.0
2012-03,RP-55,RP-120300,1146,,,Clarification on reported cells with eICIC,10.6.0
2012-03,RP-55,RP-120294,1148,,,Correction of RSTD accuracy test cases for TDD,10.6.0
2012-03,RP-55,RP-120300,1151,2,,RLM requirements with autonomous gaps,10.6.0
2012-03,RP-55,RP-120300,1152,1,,SNR levels in out-of-sync RLM test cases for eICIC,10.6.0
2012-03,RP-55,RP-120303,1156,1,,CR for 36.133: B41 REFSENS and MOP changes to accommodate single filter architecture,10.6.0
2012-03,RP-55,RP-120300,1157,,,eICIC measurement accuracy,10.6.0
2012-03,RP-55,RP-120307,1154,1,,Introduction of Band 26/XXVI to TS 36.133,11.0.0
2012-06,RP-56,RP-120782,1162,,,Resolve Band 41 omission between R4-120125 and R4-121106,11.1.0
2012-06,RP-56,RP-120770,1165,1,,Corrections to FDD-TDD Inter-freq RSRP measurement accuracy test case parameters,11.1.0
2012-06,RP-56,RP-120771,1168,,,OCNG and PDSCH for FDD-TDD event triggered reporting test cases,11.1.0
2012-06,RP-56,RP-120771,1171,,,RRC Connection Release with Redirection from E-UTRAN FDD to GERAN without System Information,11.1.0
2012-06,RP-56,RP-120771,1174,,,RRC Connection Release with Redirection from E-UTRAN TDD to GERAN without System Information,11.1.0
2012-06,RP-56,RP-120784,1176,,,OCNG Patterns for MBSFN ABS,11.1.0
2012-06,RP-56,RP-120769,1183,,,Addition of E-UTRAN TDD-FDD Inter-frequency event triggered reporting when DRX is used under fading propagation conditions in asynchronous cells test case R11,11.1.0
2012-06,RP-56,RP-120769,1186,,,Addition of E-UTRAN TDD - FDD Inter-frequency identification of a new CGI of E-UTRA cell using autonomous gaps test case R11,11.1.0
2012-06,RP-56,RP-120769,1189,,,Addition of E-UTRAN FDD-TDD Inter-frequency event triggered reporting when DRX is used under fading propagation conditions in asynchronous cells R11,11.1.0
2012-06,RP-56,RP-120769,1192,,,Addition of E-UTRAN FDD - TDD Inter-frequency identification of a new CGI of E-UTRA cell using autonomous gaps test case R11,11.1.0
2012-06,RP-56,RP-120777,1195,1,,Addition of E-UTRAN TDD-HRPD event triggered reporting under fading propagation conditions test case R11,11.1.0
2012-06,RP-56,RP-120769,1198,,,Addition of E-UTRAN TDD-CDMA2000 1X event triggered reporting under fading propagation conditions test case R11,11.1.0
2012-06,RP-56,RP-120770,1201,,,E-UTRA TDD RRC connection release redirection to UTRA FDD test without SI provided R11,11.1.0
2012-06,RP-56,RP-120784,1205,1,,FDD RSRQ under Time Domain Measurement Resource Restriction with Non-MBSFN ABS R11,11.1.0
2012-06,RP-56,RP-120784,1207,1,,TDD RSRQ under Time Domain Measurement Resource Restriction with Non-MBSFN ABS R11,11.1.0
2012-06,RP-56,RP-120780,1213,,,CR to TS36.133 Corrections on RRC signalling in RLM test cases for eICIC,11.1.0
2012-06,RP-56,RP-120773,1223,,,Test case for event-triggered reporting on deactivated SCell with PCell interruption,11.1.0
2012-06,RP-56,RP-120770,1227,1,,Finalization of Rel.9 cell reselection enhancement related test cases,11.1.0
2012-06,RP-56,RP-120770,1231,,,E-UTRAN FDD to UTRAN FDD RRC connection release with redirection test case when SI is not provided,11.1.0
2012-06,RP-56,RP-120781,1233,,,No interruptions on PCell at SCell activation/ deactivation when measCycleSCell is smaller than 640 ms,11.1.0
2012-06,RP-56,RP-120780,1235,,,Editorial corrections,11.1.0
2012-06,RP-56,RP-120782,1237,1,,Reporting criteria requirements for carrier aggregation,11.1.0
2012-06,RP-56,RP-120784,1239,,,Cell identification requirements with DRX,11.1.0
2012-06,RP-56,RP-120784,1241,1,,Phase II eICIC FDD: absolute and relative RSRP accuracies in non-MBSFN ABS,11.1.0
2012-06,RP-56,RP-120784,1243,1,,Phase II eICIC TDD: absolute and relative RSRP accuracies in non-MBSFN ABS,11.1.0
2012-06,RP-56,RP-120784,1249,,,RLM requirements with autonomous gaps for DRX,11.1.0
2012-06,RP-56,RP-120779,1251,,,CR for 36.133: Aligning RSRQ measurement requirements in TS 36.133 with TS 36.101 regarding the modification of B41 REFSENS,11.1.0
2012-06,RP-56,RP-120777,1260,,,"Bands 22, 23, 42 and 43 side conditions for inter-frequency measurements with autonomous gaps",11.1.0
2012-06,RP-56,RP-120772,1261,,,Clarification on UE Rx-Tx with eICIC,11.1.0
2012-06,RP-56,RP-120767,1271,,,sr-ConfigIndex in TDD DRX test cases,11.1.0
2012-06,RP-56,RP-120782,1273,,,"Remove [ ] from eICIC RSRP, RSRQ Es/Iot side conditions",11.1.0
2012-06,RP-56,RP-120764,1277,1,,RRM: Clarifications to the OCNG patterns,11.1.0
2012-06,RP-56,RP-120784,1279,2,,Intra-Frequency FDD RSRQ Accuracy under Time Domain Measurement Resource Restriction with MBSFN ABS,11.1.0
2012-06,RP-56,RP-120784,1286,1,,eICIC FDD out-of-sync RLM test case in MBSFN ABS,11.1.0
2012-06,RP-56,RP-120784,1288,1,,eICIC TDD out-of-sync RLM test case in MBSFN ABS,11.1.0
2012-06,RP-56,RP-120781,1289,1,,On UE behavior in the uplink subframe after measurement GAP,11.1.0
2012-06,RP-56,RP-120773,1293,1,,Clarification on the number of monitoring layers for CA UEs,11.1.0
2012-06,RP-56,RP-120784,1299,2,,CR on TDD RSRQ test case under Time Domain Measurement Resource Restriction with MBSFN ABS Rel11,11.1.0
2012-06,RP-56,RP-120784,1303,1,,In-Sync RLM test case in MBSFN ABS for E-UTRAN FDD R11,11.1.0
2012-06,RP-56,RP-120784,1306,1,,In-Sync RLM test case in MBSFN ABS for E-UTRAN TDD R11,11.1.0
2012-06,RP-56,RP-120781,1310,,,Inter-frequency and Inter-RAT Requirements for Measurements without Measurement Gaps,11.1.0
2012-06,RP-56,RP-120788,1318,1,,The introduction of Multi-TA timing requirements R11,11.1.0
2012-06,RP-56,RP-120777,1320,1,,Addition of E-UTRAN FDD RSTD measurement accuracy test case in carrier aggregation R11,11.1.0
2012-06,RP-56,RP-120777,1322,,,Addition of E-UTRAN TDD RSTD measurement accuracy test case in carrier aggregation R11,11.1.0
2012-06,RP-56,RP-120779,1328,,,Correction to RLM requirements in eICIC with Autonomous gaps R11,11.1.0
2012-06,RP-56,RP-120769,1331,1,,Correction to E-UTRAN FDD/TDD - UTRAN FDD /TDD enhanced cell identification test case R11,11.1.0
2012-06,RP-56,RP-120770,1336,,,Correction to E-UTRAN TDD redirection to UTRAN FDD test configuration R11,11.1.0
2012-06,RP-56,RP-120780,1337,1,,FDD CA RSTD Measurement Reporting Delay Test Case (Rel-11),11.1.0
2012-06,RP-56,RP-120782,1338,1,,TDD CA RSTD Measurement Reporting Delay Test Case (Rel-11),11.1.0
2012-06,RP-56,RP-120779,1342,,,Correction to RSTD measurement reporting delay requirement in CA R11,11.1.0
2012-06,RP-56,RP-120795,1345,1,,Add  Band 25 Io values R11,11.1.0
2012-06,RP-56,RP-120777,1347,1,,Clarification for cell identification condition in inter-RAT SI reading requirement R11,11.1.0
2012-06,RP-56,RP-120793,1349,,,Introduction of Band 28,11.1.0
2012-06,RP-56,RP-120794,1350,1,,Introduction of Band 44,11.1.0
2012-06,RP-56,RP-120780,1355,,,Editorial corrections,11.1.0
2012-06,RP-56,RP-120766,1361,2,,Correction of a timer period in inter-frequency measurement tests,11.1.0
2012-06,RP-56,RP-120764,1363,1,,UL Transmit Timing Requirements,11.1.0
2012-06,RP-56,RP-120784,1364,2,,Phase IIbis eICIC FDD absolute and relative RSRP accuracy with MBSFN ABS,11.1.0
2012-06,RP-56,RP-120784,1366,2,,Phase IIbis eICIC TDD absolute and relative RSRP accuracy with MBSFN ABS,11.1.0
2012-06,RP-56,RP-120784,1368,,,OCNG correction in Phase I eICIC test cases,11.1.0
2012-06,RP-56,RP-120792,1379,,,Introduction of e850_LB (Band 27) to TS 36.133,11.1.0
2012-09,RP-57,RP-121301,1385,,,Identification of Cell 3 in RRM Test cases A.4.2.7 and A.4.2.8,11.2.0
2012-09,RP-57,RP-121301,1390,,,Making FDD-TDD Inter-freq RSRQ measurement accuracy test case band-agnostic,11.2.0
2012-09,RP-57,RP-121304,1392,,,Thresholds and margins in RRM test cases A.8.16.1 and A.8.16.2,11.2.0
2012-09,RP-57,RP-121295,1398,1,,Modification of Handover Delay Requirement and Test Cases from E-UTRAN to cdma2000 1x (Rel-11),11.2.0
2012-09,RP-57,RP-121302,1400,,,Correction to RSRP/RSRQ measurement accuracy tests in MBSFN R11,11.2.0
2012-09,RP-57,RP-121304,1403,,,Activation/ deactivation core requirement for carrier aggregation R11,11.2.0
2012-09,RP-57,RP-121313,1405,,,Minor corrections for E-UTRAN â€“ GSM measurements without Measurement Gaps and Rx-Tx measurements when PCell is changed,11.2.0
2012-09,RP-57,RP-121304,1407,3,,RRM requirements for CA REFSENSE (Rel-11),11.2.0
2012-09,RP-57,RP-121304,1409,,,Square Bracket Removal for RSTD measurement requirement in Pcell changing and Handover R11,11.2.0
2012-09,RP-57,RP-121304,1411,,,Correction to the E-UTRAN secondary component carrier measurements when common DRX is used R11,11.2.0
2012-09,RP-57,RP-121304,1413,,,Requirements for Inter-frequency Measurements without Gaps when DRX is used R11,11.2.0
2012-09,RP-57,RP-121304,1415,,,Clarification on TDD UL-DL subframe configurations in inter-frequency RSTD measurement without gaps R11,11.2.0
2012-09,RP-57,RP-121301,1418,,,Correction  for E-UTRA TDD RRC connection release redirection to UTRA TDD test case R11,11.2.0
2012-09,RP-57,RP-121340,1419,,,Addition of E-UTRAN FDD - UTRAN FDD identification of a new CGI of UTRAN cell using autonomous gaps,11.2.0
2012-09,RP-57,RP-121340,1420,,,Addition of E-UTRAN TDD - UTRAN FDD identification of a new CGI of UTRAN cell using autonomous gaps,11.2.0
2012-09,RP-57,RP-121301,1423,,,Correction to E-UTRAN TDD-FDD  Inter-frequency event triggered reporting test case R11,11.2.0
2012-09,RP-57,RP-121302,1432,,,Alignment for ABS configurations in RRM Tests R11,11.2.0
2012-09,RP-57,RP-121294,1433,1,,Correction to RSRQ accuracy test cases R11,11.2.0
2012-09,RP-57,RP-121297,1438,,,Radio conditions for PBCH reading in E-UTRA,11.2.0
2012-09,RP-57,RP-121305,1444,,,Introduction of inter-frequency/ RAT measurements in CA,11.2.0
2012-09,RP-57,RP-121302,1449,,,ABS signal transmission configuration for RRM tests,11.2.0
2012-09,RP-57,RP-121340,1450,1,,Table format update for adding new bands,11.2.0
2012-09,RP-57,RP-121301,1454,,,Editorial correction RRM,11.2.0
2012-12,RP-58,RP-121899,1458,-,,Random Access requirements for SCell,11.3.0
2012-12,RP-58,RP-121861,1459,-,,Correction on CA TDD RSTD measurement accuracy test cases R11,11.3.0
2012-12,RP-58,RP-121849,1461,-,,Correction to high priority cell measurement of UTRA TDD R11,11.3.0
2012-12,RP-58,RP-121861,1467,-,,"Clarification of Test Requirements for CA RSRP, RSRQ Test Cases",11.3.0
2012-12,RP-58,RP-121850,1470,-,,Remove [ ] from 10% requirement in RRM Test cases A.4.2.7 and A.4.2.8,11.3.0
2012-12,RP-58,RP-121861,1486,1,,Clean up for CA,11.3.0
2012-12,RP-58,RP-121911,1487,-,,Clarification of CPICH RSCP side conditions,11.3.0
2012-12,RP-58,RP-121867,1489,-,,Editorial corrections,11.3.0
2012-12,RP-58,RP-121867,1497,-,,Band correction in RRM requirements,11.3.0
2012-12,RP-58,RP-121861,1499,-,,Correction to RSTD Measurement Reporting Delay for Carrier Aggregation Test Cases,11.3.0
2012-12,RP-58,RP-121861,1506,-,,Band-dependent RRM requirements for CA,11.3.0
2012-12,RP-58,RP-121872,1507,1,,CR on RLM Requirements for FeICIC,11.3.0
2012-12,RP-58,RP-121854,1516,-,,Correction of OCNG Patterns for UE Rx - Tx Time Difference Test Cases,11.3.0
2012-12,RP-58,RP-121872,1517,1,,Cell identification requirements in FeICIC,11.3.0
2012-12,RP-58,RP-121851,1522,-,,Time offset correction in CA test cases R11,11.3.0
2012-12,RP-58,RP-121854,1529,1,,Clarification on RSTD measurement requirement under HO and Pcell changing,11.3.0
2012-12,RP-58,RP-121910,1530,2,,Introduction the IDC requirements in 36.133 Rel11,11.3.0
2012-12,RP-58,RP-121849,1537,-,,Correction on test cases for handover to UTRAN TDD for Rel11,11.3.0
2012-12,RP-58,RP-121910,1542,-,,Updating RRM requirements in 36.133,11.3.0
2012-12,RP-58,RP-121867,1545,-,,Editorial corrections RRM,11.3.0
2012-12,RP-58,RP-121852,1549,-,,Conditions in CSG reselection requirements,11.3.0
2012-12,RP-58,RP-121852,1553,-,,Correcting inconsistency between inter-RAT UTRA measurements and requirements,11.3.0
2012-12,RP-58,RP-121861,1555,-,,Refsens requirements for CA capable UE,11.3.0
2012-12,RP-58,RP-121854,1558,1,,Intra-frequency RSTD accuracy requirements account for serving cell bandwidth,11.3.0
2012-12,RP-58,RP-121854,1559,1,,Clarification on the total number of cells for RSTD inter-frequency measurement,11.3.0
2012-12,RP-58,RP-121860,1561,1,,Clarification of the TDM pattern conditions,11.3.0
2012-12,RP-58,RP-121873,1562,1,,MDT requirements in Rel11,11.3.0
2012-12,RP-58,RP-121901,1563,-,,Introduction of Band 29,11.3.0
2012-12,,,,,,Editorial Correction,11.3.1
2013-03,RP-59,RP-130268,1477,1,,Correction to Inter-frequency Measurements in CA mode test case R11,11.4.0
2013-03,RP-59,RP-130287,1480,1,,Requirements for RSRP and RSRQ for E-CID Positioning,11.4.0
2013-03,RP-59,RP-130263,1566,,,Secondary Component carrier levels for CA RSRP Test cases A.9.1.6 and A.9.1.7,11.4.0
2013-03,RP-59,RP-130263,1568,,,Remove intra-frequency relative Requirement for CA RSRQ Test Cases,11.4.0
2013-03,RP-59,RP-130263,1572,,,Cell timing for CA RSRP and RSRQ Test cases,11.4.0
2013-03,RP-59,RP-130277,1573,1,,Editorial correction for introduction of Band 29,11.4.0
2013-03,RP-59,RP-130263,1576,,,Clarification of retuning interruption in single carrier operation,11.4.0
2013-03,RP-59,RP-130260,1579,,,RRM: RMC and OCNG pattern for FDD CGI test with autonomous gaps (Rel-11),11.4.0
2013-03,RP-59,RP-130268,1582,,,Correction to CSG proximity requirement,11.4.0
2013-03,RP-59,RP-130268,1584,,,E-UTRAN FDD Proximity Indication RRM Requirements (Rel-11),11.4.0
2013-03,RP-59,RP-130275,1589,1,,Clarification of Cell Identification core requirement in FeICIC,11.4.0
2013-03,RP-59,RP-130283,1591,1,,RSRP/RSRQ measurement accuracy requirements in FeICIC,11.4.0
2013-03,RP-59,RP-130263,1598,,,UE interruption requirements in SCC RSTD measurements with de-activated Scell R11,11.4.0
2013-03,RP-59,RP-130287,1602,,,Timing offset correction in CA RSTD test cases,11.4.0
2013-03,RP-59,RP-130280,1616,,,Editorial corrections for IDC,11.4.0
2013-03,RP-59,RP-130262,1618,,,Editorial corrections for eICIC,11.4.0
2013-03,RP-59,RP-130258,1622,,,Editorial corrections RRM,11.4.0
2013-03,RP-59,RP-130259,1627,,,A clarification on measurement gap pattern in RSTD requirements,11.4.0
2013-03,RP-59,RP-130268,1642,1,,Modification of PRS configuration for RSTD measurement reporting delay test cases(Rel-11),11.4.0
2013-03,RP-59,RP-130261,1644,,,E-UTRAN FDD Proximity Indication Test Case (Rel-11),11.4.0
2013-06,RP-60,RP-130763,1648,,,Correction to test parameters for combined E-UTRA - E-UTRA and GSM cell search - Rel 11,11.5.0
2013-06,RP-60,RP-130770,1649,,,Remove the Brackets in cell identification of FeICIC,11.5.0
2013-06,RP-60,RP-130763,1657,,,Clarification on inter-frequency RSTD measurement accuracy requirement R11,11.5.0
2013-06,RP-60,RP-130765,1659,1,,RRM test configurations for 20MHz R11,11.5.0
2013-06,RP-60,RP-130763,1668,1,,Corrections on RSTD measurement test cases (Rel-11),11.5.0
2013-06,RP-60,RP-130763,1673,,,Remove [ ] from GCI identification Test cases A.8.4.4 and A.8.4.5,11.5.0
2013-06,RP-60,RP-130761,1677,,,Cell 1 levels for RSRP Test cases A.9.1.3 and A.9.1.4,11.5.0
2013-06,RP-60,RP-130765,1679,1,,"RSRP, RSRQ RRM eICIC Test case cleanup",11.5.0
2013-06,RP-60,RP-130761,1683,,,Update on the GSM carrier RSSI measurement period when DRX is used,11.5.0
2013-06,RP-60,RP-130763,1692,,,sr-ConfigIndex in TDD-FDD Inter-frequency event triggered DRX Test case A.8.14.2,11.5.0
2013-06,RP-60,RP-130767,1694,,,Testing of CA tests with multiple BW combinations,11.5.0
2013-06,RP-60,RP-130767,1696,,,Reference measurement channels for 20 MHz Tests,11.5.0
2013-06,RP-60,RP-130765,1702,,,Editorial corrections RRM,11.5.0
2013-06,RP-60,RP-130761,1706,,,Section numbering correction,11.5.0
2013-06,RP-60,RP-130770,1708,1,,Editorial corrections for FeICIC,11.5.0
2013-06,RP-60,RP-130770,1709,1,,Removing an eICIC note on measurements,11.5.0
2013-06,RP-60,RP-130770,1713,,,Clean up for CA,11.5.0
2013-06,RP-60,RP-130763,1716,,,Editorial corrections in RSTD requirements,11.5.0
2013-06,RP-60,RP-130766,1719,,,SCell Activation Delay Requirements in CA,11.5.0
2013-06,RP-60,RP-130765,1721,,,Clarification on supported bandwidth combinations in RSTD requirements with CA,11.5.0
2013-06,RP-60,RP-130770,1723,1,,Impact of REFSENS requirements on the core specification,11.5.0
2013-06,RP-60,RP-130770,1724,,,Correction of the total number of reporting criteria,11.5.0
2013-06,RP-60,RP-130769,1728,1,,Condition clarification in MDT requirements,11.5.0
2013-06,RP-60,RP-130769,1732,,,Band 26 test cases corrections,11.5.0
2013-06,RP-60,RP-130770,1739,,,CR on Interruptions for Intra-band Non-contiguous Carrier Aggregation,11.5.0
2013-06,RP-60,RP-130763,1744,,,Time Alignment Timer in Test Case A.8.2.4,11.5.0
2013-06,RP-60,RP-130763,1745,,,RRM: Adding required measurement gap,11.5.0
2013-06,RP-60,RP-130761,1749,,,"TDD PRACH configuration index for Test Cases A.8.7.2, A.8.15.2",11.5.0
2013-06,RP-60,RP-130763,1752,,,"GSM cell list size for Test Cases A.6.3.10, A.6.3.11",11.5.0
2013-06,RP-60,RP-130763,1755,,,"Neighbour list for Test cases A.8.5.4, A.8.7.4, A.8.9.2",11.5.0
2013-06,RP-60,RP-130763,1758,,,Additional corrections on intra-frequency RSTD test parameters (Rel-11),11.5.0
2013-06,RP-60,RP-130763,1760,,,Additional corrections on inter-frequency RSTD test parameters (Rel-11),11.5.0
2013-06,RP-60,RP-130767,1762,,,Phase I CA 20 MHz Tests: Event triggered reporting on deactivating Scells in non-DRX,11.5.0
2013-06,RP-60,RP-130763,1767,,,Corrections of E-UTRAN FDD CSG Proximity Indication Test Case (Rel-11),11.5.0
2013-06,RP-60,RP-130770,1770,1,,In sync detection with CRS assistance information with non-MBSFN ABS in FDD,11.5.0
2013-06,RP-60,RP-130770,1771,1,,In sync detection with CRS assistance information with non-MBSFN ABS in TDD,11.5.0
2013-06,RP-60,RP-130770,1772,1,,E-UTRAN FDD RLM Out-of-sync Test of FeICIC,11.5.0
2013-06,RP-60,RP-130770,1773,1,,E-UTRAN TDD RLM Out-of-sync Test of FeICIC,11.5.0
2013-06,RP-60,RP-130767,1776,,,E-UTRAN FDD absolute and relative RSRP accuracies for 20MHz in CA R11,11.5.0
2013-06,RP-60,RP-130767,1778,,,E-UTRAN TDD absolute and relative RSRP accuracies for 20MHz in CA R11,11.5.0
2013-06,RP-60,RP-130765,1780,,,Modification of OCNG patterns of RRM test configuration for 20MHz R11,11.5.0
2013-06,RP-60,RP-130761,1782,,,Clarification of Pcell in 36.133 R11,11.5.0
2013-06,RP-60,RP-130767,1784,,,FDD Absolute and relative RSRQ accuracies for CA with 20MHz BW (Rel-11),11.5.0
2013-06,RP-60,RP-130767,1786,,,TDD Absolute and relative RSRQ accuracies for CA with 20MHz BW (Rel-11),11.5.0
2013-06,RP-60,RP-130761,1790,,,Correction on fading propagation condition for CA inter-RAT test cases R11,11.5.0
2013-06,RP-60,RP-130770,1791,,,Clean up for band 44,11.5.0
2013-06,RP-60,RP-130765,1793,1,,E-UTRAN TDD UE Rx-Tx time difference test case in eICIC,11.5.0
2013-06,RP-60,RP-130770,1799,1,,Test case for UE Transmit Timing Accuracy for SCell,11.5.0
2013-06,RP-60,RP-130767,1801,,,CR on measurements without gaps,11.5.0
2013-06,RP-60,RP-130770,1804,1,,Editorial corrections RRM,11.5.0
2013-06,RP-60,RP-130765,1806,1,,Clarification for UE Rx-Tx with eICIC,11.5.0
2013-06,RP-60,RP-130770,1807,2,,Capturing RF requirements in the core specification,11.5.0
2013-06,RP-60,RP-130765,1808,1,,Test case for UE Rx-Tx accuracy with eICIC in FDD,11.5.0
2013-06,RP-60,RP-130770,1812,1,,RSRP and RSRQ relative accuracy requirements for FeICIC,11.5.0
2013-06,RP-60,RP-130765,1814,1,,Adding clarification for begin and end of measurement GAP for Rel-11,11.5.0
2013-06,RP-60,RP-130770,1821,,,Measurement requirements with interruptions due to CA,11.5.0
2013-06,RP-60,RP-130770,1822,,,Clarification on antenna ports in the measured and aggressor cells with FeICIC,11.5.0
2013-06,RP-60,RP-130770,1825,1,,UE Rx-Tx accuracy requirements with FeICIC,11.5.0
2013-06,RP-60,RP-130770,1826,,,UE Rx-Tx measurement requirements with FeICIC,11.5.0
2013-06,RP-60,RP-130770,1827,2,,Test case for cell identification with FeICIC in FDD,11.5.0
2013-06,RP-60,RP-130770,1828,2,,Test case for cell identification with FeICIC in TDD,11.5.0
2013-06,RP-60,RP-130770,1829,1,,Corrections on Wideband RSRQ inter-frequency accuracy requirements,11.5.0
2013-06,RP-60,RP-130791,1769,1,,Introduction of Band 30,12.0.0
09-2013,RP-61,RP-131303,1830,1,,UTRAN FDD CPICH Ec/No measurement accuracy test for 5MHz bandwidth,12.1.0
09-2013,RP-61,RP-131291,1832,,,Correction on the test cases for UE Transmit Timing Accuracy for SCell (Rel-12),12.1.0
09-2013,RP-61,RP-131282,1836,,,Corrections on RSTD CA test parameters (Rel-12),12.1.0
09-2013,RP-61,RP-131282,1839,,,FDD: RSTD measurement reporting test cases for CA with 20MHz BW (Rel-12),12.1.0
09-2013,RP-61,RP-131282,1842,,,TDD: RSTD measurement reporting test cases for CA with 20MHz BW (Rel-12),12.1.0
09-2013,RP-61,RP-131285,1844,,,Timing and RSRP value corrections in Test cases A.9.2.6 and A.9.2.9,12.1.0
09-2013,RP-61,RP-131285,1846,,,Corrections to Bands for 20MHz CA Test cases,12.1.0
09-2013,RP-61,RP-131279,1854,,,Cell time offset in TDD Inter-RAT test cases,12.1.0
09-2013,RP-61,RP-131303,1855,,,EUTRA FDD-UTRA FDD cell reselection: UTRA FDD is of lower priority,12.1.0
09-2013,RP-61,RP-131282,1860,,,Rel-12 CRs on synchronization requirements for E-UTRA to CDMA 2000 handover,12.1.0
09-2013,RP-61,RP-131290,1866,1,,Correct the SNR values for RLM tests with non-MBSFN ABS in FeICIC R12,12.1.0
09-2013,RP-61,RP-131290,1869,1,,E-UTRAN FDD RSRP Measurement Accuracy Test in FeICIC R12,12.1.0
09-2013,RP-61,RP-131290,1871,1,,E-UTRAN TDD RSRP Measurement Accuracy Test in FeICIC R12,12.1.0
09-2013,RP-61,RP-131284,1873,,,E-UTRAN FDD UE Rx-Tx Time difference test in FeICIC R12,12.1.0
09-2013,RP-61,RP-131284,1875,,,E-UTRAN TDD UE Rx-Tx Time difference test in FeICIC R12,12.1.0
09-2013,RP-61,RP-131284,1881,,,Clarification on UE Rx-Tx accuracy requirements in FeICIC R12,12.1.0
09-2013,RP-61,RP-131284,1883,,,Clarification on UE Rx-Tx measurement requirements in FeICIC R12,12.1.0
09-2013,RP-61,RP-131282,1886,,,Clarification on antenna port for timing and eCID test cases R12,12.1.0
09-2013,RP-61,RP-131282,1889,1,,Addition of TDD serving cell measurement accuracy tests R12,12.1.0
09-2013,RP-61,RP-131303,1890,,,Introduction of Band 31 in 36.133,12.1.0
09-2013,RP-61,RP-131303,1891,,,Addition of New OCNG Pattern for 5MHz,12.1.0
09-2013,RP-61,RP-131303,1892,,,E-UTRAN FDD intra-frequency RSRP measurement accuracy for 5MHz bandwidth,12.1.0
09-2013,RP-61,RP-131303,1893,,,E-UTRAN FDD-FDD inter-frequency RSRP measurement accuracy for 5MHz bandwidth,12.1.0
09-2013,RP-61,RP-131303,1894,,,E-UTRAN FDD Radio Link Monitoring Test for Out-of-sync for 5MHz Bandwidth,12.1.0
09-2013,RP-61,RP-131303,1895,,,E-UTRAN FDD-FDD intra-frequency event triggered reporting under fading propagation conditions in asynchronous cells for 5MHz bandwidth,12.1.0
09-2013,RP-61,RP-131303,1896,,,E-UTRAN FDD-FDD intra-frequency Cell Re-selection case for 5MHz bandwidth,12.1.0
09-2013,RP-61,RP-131303,1897,,,E-UTRAN FDD intra-frequency RRC re-establishment for 5MHz bandwidth,12.1.0
09-2013,RP-61,RP-131303,1898,,,E-UTRAN FDD - Contention Based Random Access Test for 5MHz bandwidth,12.1.0
09-2013,RP-61,RP-131303,1899,1,,E-UTRAN FDD - UE Transmit Timing Accuracy Tests for 5MHz bandwidth,12.1.0
09-2013,RP-61,RP-131303,1900,,,E-UTRA FDD- UTRA FDD inter-RAT handover case for 5MHz bandwidth,12.1.0
09-2013,RP-61,RP-131303,1901,1,,E-UTRA FDD- UTRA FDD CPICH RSCP measurement accuracy issues,12.1.0
09-2013,RP-61,RP-131285,1903,,,Clarification of Refesens in WB-RSRQ sections of 36.133 R12,12.1.0
09-2013,RP-61,RP-131290,1905,,,Remove the brackets of FeICIC side conditions R12,12.1.0
09-2013,RP-61,RP-131282,1908,1,,Test cases of E-UTRAN FDD RSTD Measurement Accuracy for Carrier Aggregation for 20MHz R12,12.1.0
09-2013,RP-61,RP-131282,1913,1,,Test cases of E-UTRAN TDD RSTD Measurement Accuracy for Carrier Aggregation for 20MHz R12,12.1.0
09-2013,RP-61,RP-131284,1916,,,Correction to SCH Es/Iot side condition for intra-frequency measurements under time domain measurement resource restriction with CRS assistance information,12.1.0
09-2013,RP-61,RP-131303,1919,,,"E-UTRAN FDD "" Non-contention Based Random Access Test for 5MHz bandwidth",12.1.0
09-2013,RP-61,RP-131282,1921,,,Modification on the requirement for PCell interruption for Rel-12,12.1.0
09-2013,RP-61,RP-131303,1922,,,"E-UTRAN FDD "" Timing Advance Accuracy Test for 5MHz bandwidth",12.1.0
09-2013,RP-61,RP-131282,1928,,,Phase II CA 20 MHz Tests: Event triggered reporting on deactivating SCell and and interruption probability without DRX,12.1.0
09-2013,RP-61,RP-131303,1945,1,,CR on Applicability of 5MHz Test Cases,12.1.0
09-2013,RP-61,RP-131303,1946,1,,E-UTRAN FDD Radio Link Monitoring Test for In-Sync for 5MHz,12.1.0
09-2013,RP-61,RP-131303,1947,,,E-UTRAN FDD Intra-frequency handover test for 5MHz Channel Bandwidth,12.1.0
09-2013,RP-61,RP-131303,1948,,,E-UTRAN FDD Intra-frequency RSRQ Accuracy Test for 5MHz Channel Bandwidth,12.1.0
09-2013,RP-61,RP-131293,1952,,,Editorial corrections RRM,12.1.0
09-2013,RP-61,RP-131303,1954,,,E-UTRAN FDD Inter-frequency RSRQ Accuracy Test for 5MHz Channel Bandwidth,12.1.0
09-2013,RP-61,RP-131293,1955,,,Clarification of CGI reading requirements,12.1.0
09-2013,RP-61,RP-131303,1958,2,,E-UTRAN FDD Radio Link Monitoring Test for In-Sync for 5MHz with DRX,12.1.0
09-2013,RP-61,RP-131285,1961,,,Editorial corrections in capturing RF requirements,12.1.0
09-2013,RP-61,RP-131282,1964,,,Clarification on tests for multiple bandwidths,12.1.0
09-2013,RP-61,RP-131282,1969,,,CR on PCell interrutptions,12.1.0
09-2013,RP-61,RP-131283,1970,,,Time stamp accuracy for RLF and handover failure reporting with eMDT,12.1.0
09-2013,RP-61,RP-131303,1971,,,FDD reference measurement channels for 5 MHz tests,12.1.0
09-2013,RP-61,RP-131303,1972,,,Part II RRM tests: UE intra-frequency measurements with synchronous cells in DRX FDD,12.1.0
09-2013,RP-61,RP-131303,1973,,,Part II RRM tests: E-UTRAN FDD - UTRAN FDD event triggered reporting under fading propagation conditions,12.1.0
09-2013,RP-61,RP-131284,1978,,,Correction of cell identification test case with FeICIC,12.1.0
09-2013,RP-61,RP-131284,1984,,,RLM requirements correction,12.1.0
09-2013,RP-61,RP-131284,1988,,,Clarification on antenna ports in the measured and aggressor cells for UE Rx-Tx with FeICIC,12.1.0
09-2013,RP-61,RP-131290,1990,,,FeICIC FDD Test for In-sync With MBSFN ABS for Rel. 12,12.1.0
09-2013,RP-61,RP-131290,1992,,,FeICIC TDD Test for In-sync With MBSFN ABS for Rel. 12,12.1.0
09-2013,RP-61,RP-131303,1993,,,Correction of the SNR value of Out of sync RLM test for 5MHz,12.1.0
12-2013,RP-62,RP-131927,1996,,,Corrections to CA event triggered tests on deactivated SCell with PCell interruption in non-DRX (Rel-12),12.2.0
12-2013,RP-62,RP-131928,2003,,,Corrections to CA Interruption Requirements,12.2.0
12-2013,RP-62,RP-131926,2009,,,"CRS Es/Iot for eICIC RSRP, RSRQ with MBSFN ABS Test Cases",12.2.0
12-2013,RP-62,RP-131941,2010,,,Correction to RSTD measurement accuracy side condition for Band 31,12.2.0
12-2013,RP-62,RP-131928,2013,,,Amendment on SCell Activation Delay Requirements for other activation actions,12.2.0
12-2013,RP-62,RP-131928,2016,,,Amendment on SCell Activation Delay Requirements in case no RS for measurement,12.2.0
12-2013,RP-62,RP-131936,2019,,,Correction to the SNR values for RLM tests with MBSFN ABS in FeICIC R12,12.2.0
12-2013,RP-62,RP-131936,2023,,,Correction for the RSRP/RSRQ test cases in FeICIC R12,12.2.0
12-2013,RP-62,RP-131928,2031,1,,CR on PCell Interruptions For Inter-band CA During Measurements,12.2.0
12-2013,RP-62,RP-131939,2039,,,Introduction of E-UTRAN TDD WB-RSRQ test case R12,12.2.0
12-2013,RP-62,RP-131925,2044,,,Correction of Proximity Indication Test CaseNot implemented as it is not based on the latest version of the spec,12.2.0
12-2013,RP-62,RP-131939,2053,,,Clarifications for intra-band non-contiguous CA R12,12.2.0
12-2013,RP-62,RP-131939,2058,,,Inter-frequency WB-RSRQ FDD test case,12.2.0
12-2013,RP-62,RP-131928,2071,,,Clarification on Pcell Interruption shall not occur before SF n+5,12.2.0
12-2013,RP-62,RP-131925,2078,,,Correction in RSTD requirements,12.2.0
12-2013,RP-62,RP-131939,2080,,,Editorial corrections RRM,12.2.0
12-2013,RP-62,RP-131939,2084,1,,Band simplification,12.2.0
12-2013,RP-62,RP-131931,2091,,,Requirements clarification under different BWs in FeICIC,12.2.0
12-2013,RP-62,RP-131931,2095,,,Correction in cell search FeICIC test cases,12.2.0
12-2013,RP-62,RP-131936,2097,1,,Correct ABS pattern for FeICIC for In-sync with MBSFN ABS for Rel. 12,12.2.0
12-2013,RP-62,RP-131926,2104,,,Correction to Test cases A.9.2.9 and A.9.2.10,12.2.0
12-2013,RP-62,RP-131942,2106,1,,"Bands applicability in RSRP, RSRQ FDD-FDD Inter frequency tests for 5MHz Bandwidth",12.2.0
12-2013,RP-62,RP-131925,2111,,,Corrections to CGI Reading in Autonomous Gap,12.2.0
12-2013,RP-62,RP-131936,2123,,,Remove the brackets of SNR values in RLM test cases in FeICIC R12,12.2.0
12-2013,RP-62,RP-131967,2129,,,Correction on RMC pattern for 5MHz UE Transmit Timing Accuracy Tests,12.2.0
12-2013,RP-62,RP-131928,2135,,,CSI Reporting in SCell Activation Requirements,12.2.0
12-2013,RP-62,RP-131927,2143,,,Editorial corrections RRM,12.2.0
12-2013,RP-62,RP-131939,2145,,,Applying band simplification,12.2.0
12-2013,RP-62,RP-131939,2151,,,Correction to MTA requirements,12.2.0
12-2013,RP-62,RP-131925,2155,,,Correction in RSTD test cases,12.2.0
12-2013,RP-62,RP-131931,2157,,,Correction to interference clarification in FeICIC requirements,12.2.0
03-2014,RP-63,RP-140389,2236,,,Band simplification clean up,12.3.0
03-2014,RP-63,RP-140368,2234,,,Missing condition in CGI identification  requirements,12.3.0
03-2014,RP-63,RP-140368,2224,,,CSI Reporting in SCell Activation Requirements,12.3.0
03-2014,RP-63,RP-140368,2258,,,Alignment between interruption requirements for RSTD and mobillity measurements for SCell,12.3.0
03-2014,RP-63,RP-140367,2263,,,Correction of Proximity Indication Test Case,12.3.0
03-2014,RP-63,RP-140380,2259,,,Addition of new OCNG pattern for E-UTRA TDD with 5MHz bandwidth,12.3.0
03-2014,RP-63,RP-140380,2260,,,Addition of new RMC for E-UTRA TDD with 5MHz bandwidth,12.3.0
03-2014,RP-63,RP-140380,2261,,,Addition of OCNG pattern for E-UTRA FDD with 5MHz bandwidth without MBSFN,12.3.0
03-2014,RP-63,RP-140381,2169,,,Updates on  test case A.9.1.17 FDD—FDD Inter frequency case for 5MHz Bandwidth for R12,12.3.0
03-2014,RP-63,RP-140389,2170,,,Correction on the SNR values of in-sync RLM test for 5MHz,12.3.0
03-2014,RP-63,RP-140371,2200,1,,Clarification of BW applicability in Rx-Tx Time Difference measurement R12,12.3.0
03-2014,RP-63,RP-140389,2182,,,Clarification on FDD reference measurement channels for 5 MHz tests,12.3.0
03-2014,RP-63,RP-140368,2181,,,Correction on PDSCH allocation in PRS subframe r12,12.3.0
03-2014,RP-63,RP-140367,2192,,,PRS_RA corrections,12.3.0
06-2014,RP-64,RP-140650,2331,3,,Introduction of test cases for 5MHz +5MHz : absolute and relative RSRQ accuracies in CA for FDD and TDDThe CR was not implemented as it contained the wrong content.,12.4.0
06-2014,RP-64,RP-140743,2366,1,,SCell activation and deactivation delay test case for known SCell,12.4.0
06-2014,RP-64,RP-140910,2312,,,Clarification on UE Transmit Timing Accuracy test cases in DRX mode R12,12.4.0
06-2014,RP-64,RP-140910,2267,,,RRM: Clean-up of time offset between cells in RSTD tests (Rel-12),12.4.0
06-2014,RP-64,RP-140910,2354,,,RSTD inter-frequency requirements applicability,12.4.0
06-2014,RP-64,RP-140911,2382,,,RRM: Remove square brackets from eICIC RLM test requirement (Rel-12),12.4.0
06-2014,RP-64,RP-140911,2379,,,Correction to periodicity of ABS pattern in eICIC RRM test cases,12.4.0
06-2014,RP-64,RP-140911,2315,,,Correction for OCNG pattern number in RRM tests R12,12.4.0
06-2014,RP-64,RP-140911,2302,,,Introduce the CGI reading requirements in CA R12,12.4.0
06-2014,RP-64,RP-140911,2360,1,,Test case corrections for eICIC,12.4.0
06-2014,RP-64,RP-140911,2278,,,Removing DPCH for handover from E-UTRAN to UTRA TDD for Rel-12,12.4.0
06-2014,RP-64,RP-140911,2422,,,Clean up the correction on PDSCH allocation in PRS subframe R12,12.4.0
06-2014,RP-64,RP-140911,2319,,,Clarification on E-UTRAN TDD - UE Timing Advance Adjustment Accuracy Test R12,12.4.0
06-2014,RP-64,RP-140914,2416,,,Correction to PCI configuration conditions in FeICIC tests R12,12.4.0
06-2014,RP-64,RP-140914,2338,,,CQI feedback periodicity correction for RLM  in eICIC/FeICIC test setup,12.4.0
06-2014,RP-64,RP-140916,2307,,,E-UTRAN TDD - UE Timing Advance Adjustment Accuracy Test for Scell in sTAG,12.4.0
06-2014,RP-64,RP-140916,2340,1,,Test case for RACH on SCell,12.4.0
06-2014,RP-64,RP-140916,2306,,,E-UTRAN FDD - UE Timing Advance Adjustment Accuracy Test for Scell in sTAG,12.4.0
06-2014,RP-64,RP-140918,2357,,,Editorial corrections RRM,12.4.0
06-2014,RP-64,RP-140918,2364,,,Clean up for Band 29,12.4.0
06-2014,RP-64,RP-140918,2445,,,Removing square brackets in FeICIC test cases,12.4.0
06-2014,RP-64,RP-140923,2387,,,E-UTRAN FDD RSTD measurement reporting in carrier aggregation for 10MHz+5MHz,12.4.0
06-2014,RP-64,RP-140923,2388,,,E-UTRAN TDD RSTD measurement reporting in carrier aggregation for 10MHz+5MHz,12.4.0
06-2014,RP-64,RP-140923,2389,,,E-UTRAN FDD RSTD measurement accuracy in CA for 10MHz+5MHz,12.4.0
06-2014,RP-64,RP-140923,2390,,,E-UTRAN TDD RSTD measurement accuracy in CA for 10MHz+5MHz,12.4.0
06-2014,RP-64,RP-140923,2290,,,E-UTRAN FDD absolute and relative RSRP accuracies in CA for 10MHz+5MHz,12.4.0
06-2014,RP-64,RP-140923,2291,,,E-UTRAN TDD absolute and relative RSRP accuracies in CA for 10MHz+5MHz,12.4.0
06-2014,RP-64,RP-140926,2339,,,Introduction of Band 32/XXXII,12.4.0
06-2014,RP-64,RP-140928,2394,1,,Introduce RRM measurement requirements for eIMTA,12.4.0
06-2014,RP-64,RP-140928,2396,1,,Inter frequency measurements using autonomous gaps,12.4.0
06-2014,RP-64,RP-140930,2374,1,,RRM requirements for TDD-FDD CA,12.4.0
06-2014,RP-64,RP-140937,2412,1,,Introduction of test cases for 5MHz +5MHz : RSTD Measurement Accuracy in Carrier Aggregation for 5 + 5MHz bandwidth,12.4.0
06-2014,RP-64,RP-140937,2330,1,,Introduction of test cases for 5MHz +5MHz : absolute and relative RSRP accuracies in CA for FDD and TDD,12.4.0
06-2014,RP-64,RP-140937,2410,1,,Introduction of test cases for 5MHz +5MHz : RSTD Measurement Reporting Test Case,12.4.0
06-2014,RP-64,RP-140937,2332,2,,Introduction of test cases for 5MHz +5MHz : Event triggered reporting on deactivating Scells in non-DRX FDD and TDD,12.4.0
06-2014,RP-64,RP-140937,2415,1,,Introduction of test cases for 5MHz +5MHz : E-UTRA event triggered reporting on deactivated SCell with PCell interruption in non-DRX,12.4.0
06-2014,RP-64,RP-140939,2294,,,E-UTRAN TDD absolute and relative RSRQ accuracies in CA for 10MHz+5MHz,12.4.0
06-2014,RP-64,RP-140939,2385,,,E-UTRAN FDD Event triggered reporting on deactivating Scells and interruption probability (0.5%) without DRX for 10MHz+5MHz,12.4.0
06-2014,RP-64,RP-140939,2386,,,E-UTRAN TDD Event triggered reporting on deactivating Scells and interruption probability (0.5%) without DRX for 10MHz+5MHz,12.4.0
06-2014,RP-64,RP-140939,2292,,,E-UTRAN FDD absolute and relative RSRQ accuracies in CA for 5MHz+10MHz,12.4.0
06-2014,RP-64,RP-140939,2289,,,E-UTRAN TDD Event triggered reporting under deactivated Scell in non-DRX for 10MHz+5MHz,12.4.0
06-2014,RP-64,RP-140939,2288,,,E-UTRAN FDD Event triggered reporting under deactivated Scell in non-DRX for 10MHz+5MHz,12.4.0
06-2014,RP-64,RP-140945,2384,,,Correct Correlation Matrix and Antenna Configuration for RRM test cases A.8,12.4.0
06-2014,RP-64,RP-140945,2346,1,,E-UTRAN TDD - UE Transmit Timing Accuracy Tests for SCell in sTAG,12.4.0
06-2014,RP-64,RP-140945,2383,,,"Correct Correlation Matrix and Antenna Configuration for RRM test cases A.4, A.7",12.4.0
06-2014,RP-64,RP-140945,2336,2,,New Test Case for UE Transmit Timing Accuracy requirements in DRX,12.4.0
06-2014,RP-64,RP-140945,2268,1,,UE Behaviour after Measurement Gap,12.4.0
06-2014,RP-64,RP-140945,2345,1,,E-UTRAN FDD - UE Transmit Timing Accuracy Tests for SCell in sTAG,12.4.0
06-2014,RP-64,RP-140945,2419,,,Editorial correction for band 31 in 36.133,12.4.0
06-2014,RP-64,RP-140959,2395,2,,Introduce RSRP/RSRQ measurement accuracy requirements for 3DL CA,12.4.0
06-2014,RP-64,RP-140959,2376,3,,"Introduce the support of 3DL CA to TS 36.133 Section 7.8 ""Interruptions with Carrier Aggregation""",12.4.0
06-2014,RP-64,RP-140959,2375,2,,"Introduce the support of 3DL CA to TS 36.133 Section 7.1 ""UE transmit timing""",12.4.0
06-2014,RP-64,RP-140959,2373,2,,SCell activation and deactivation delay requirements for 3 DL CA,12.4.0
09-2014,RP-65,RP-141526,2527,,,Tolerance levels for measurements on UTRAN,12.5.0
09-2014,RP-65,RP-141530,2474,,,Correction to periodicity of ABS pattern in feICIC RRM test cases,12.5.0
09-2014,RP-65,RP-141531,2515,1,,Maximum transmission timing difference,12.5.0
09-2014,RP-65,RP-141536,2502,,,Introduction of test cases for 5MHz +5MHz : absolute and relative RSRQ accuracies in CA for FDD and TDD,12.5.0
09-2014,RP-65,RP-141539,2481,,,Modification on E-UTRAN event triggered reporting under deactivated SCell for 20 MHz bandwidth,12.5.0
09-2014,RP-65,RP-141545,2523,2,,Introduction of BeaconRSSI measurements for WLAN/3GPP Radio Interworking,12.5.0
09-2014,RP-65,RP-141554,2492,,,Interruptions on Activated Serving Cells for 3DL CA,12.5.0
09-2014,RP-65,RP-141554,2495,,,Requirements for UE Measurements Procedures in RRC_CONNECTED State for 3DL CA,12.5.0
09-2014,RP-65,RP-141562,2454,1,,Correction of values in RSTD tests,12.5.0
09-2014,RP-65,RP-141562,2457,,,Clarification to RSTD CA Reporting Delay tests,12.5.0
09-2014,RP-65,RP-141562,2480,1,,Clarification on UE bahavior considering max transmit timing difference between TAGs R12,12.5.0
09-2014,RP-65,RP-141562,2496,1,,Applicability of requirements,12.5.0
09-2014,RP-65,RP-141562,2510,,,Note to clarify that certain requirements do not apply to band 32,12.5.0
09-2014,RP-65,RP-141700,2471,3,,Clarification for ACK/NACK feedback of CGI measurement,12.5.0
12-2014,RP-66,RP-142176,2484,2,,Introducing measurement accuracy requirements for UE category 0 in TS36.133 Clause 9,12.6.0
12-2014,RP-66,RP-142176,2506,3,,Measurements requirements for UE category 0 with 1 Rx,12.6.0
12-2014,RP-66,RP-142143,2534,-,,Correction of PRS Signal Levels in RSTD Reporting Tests,12.6.0
12-2014,RP-66,RP-142144,2538,-,,Correction of Es/Noc values in inter-frequency RSTD tests,12.6.0
12-2014,RP-66,RP-142174,2547,1,,Introduction of PDSCH FRC for TDD UL-DL configuration 0,12.6.0
12-2014,RP-66,RP-142144,2553,1,,Clarification on time to identify the target UTRA TDD cell for blind redirection from E-UTRA to UTRA TDD,12.6.0
12-2014,RP-66,RP-142174,2555,1,,CR on inter frequency RSRP test case for eIMTA,12.6.0
12-2014,RP-66,RP-142174,2556,1,,CR on inter frequency RSRQ test case for eIMTA,12.6.0
12-2014,RP-66,RP-142147,2566,-,,Correction to ABS pattern and CRS Es/Iot in feICIC RRM test cases,12.6.0
12-2014,RP-66,RP-142144,2569,-,,SCell activation and deactivation delay test case for unknown SCell R12,12.6.0
12-2014,RP-66,RP-142157,2573,2,,Clarification on cell identification for TDD config 0,12.6.0
12-2014,RP-66,RP-142177,2585,1,,RSRQ accuracy test case in TDD-FDD CA when Pcell is FDD R12,12.6.0
12-2014,RP-66,RP-142177,2586,1,,RSRQ accuracy test case in TDD-FDD CA when Pcell is TDD R12,12.6.0
12-2014,RP-66,RP-142147,2597,-,,Correction on Io value in CA 20MHz RSRQ test case R12,12.6.0
12-2014,RP-66,RP-142163,2598,-,,Correction on Io value in CA 10MHz+5MHz RSRQ test case R12,12.6.0
12-2014,RP-66,RP-142188,2599,-,,Range increase for RSRQ,12.6.0
12-2014,RP-66,RP-142188,2606,1,,Clarification of parallel reporting criteria (E-UTRA),12.6.0
12-2014,RP-66,RP-142164,2611,1,,Interruptions with RSTD Measurements for 3DL CA,12.6.0
12-2014,RP-66,RP-142164,2614,-,,RRM requirements for RSTD in 3 DL CA,12.6.0
12-2014,RP-66,RP-142177,2619,1,,RSRP accuracy test cases for TDD-FDD CA,12.6.0
12-2014,RP-66,RP-142176,2630,-,,"SI reading requirements for UE category 0 with 1 Rx in FDD, TDD and HD-FDD",12.6.0
12-2014,RP-66,RP-142144,2639,-,,Changes to RSTD CA Reporting Delay tests,12.6.0
12-2014,RP-66,RP-142188,2640,-,,Revision of RSRP absolute accuracy requirements in Rel-12,12.6.0
12-2014,RP-66,RP-142144,2644,-,,Clarifications to RSTD values,12.6.0
12-2014,RP-66,RP-142144,2656,-,,Correction to RSTD Intra Frequency Delay Test Case,12.6.0
12-2014,RP-66,RP-142144,2665,-,,Correction on autonomous time adjustment in MTAG case,12.6.0
12-2014,RP-66,RP-142176,2666,-,,Introduce RLM requirements for LC-MTC in TS36.133,12.6.0
12-2014,RP-66,RP-142174,2669,1,,Introducing test case for TDD-TDD Inter-frequency event triggered reporting for TDD UL/DL configuration 0,12.6.0
12-2014,RP-66,RP-142179,2670,1,,Introducing requirements for small cell enhancement in TS36.133,12.6.0
12-2014,RP-66,RP-142180,2671,2,,Introducing interruption requirements for dual connectivity into TS36.133,12.6.0
12-2014,RP-66,RP-142162,2674,-,,E-UTRAN TDD event triggered reporting under deactivated SCell in non-DRX for 20MHz+10MHz,12.6.0
12-2014,RP-66,RP-142162,2675,-,,E-UTRAN TDD event triggered reporting on deactivating SCell with PCell interruption in non-DRX for 20MHz+10MHz,12.6.0
12-2014,RP-66,RP-142162,2676,-,,E-UTRAN TDD RSTD Measurement Reporting Test Case for 20MHz+10MHz,12.6.0
12-2014,RP-66,RP-142162,2677,-,,TDD RSRP for E-UTRAN Carrier Aggregation for 20MHz+10MHz,12.6.0
12-2014,RP-66,RP-142162,2678,1,,TDD RSRP for E-UTRAN Carrier Aggregation for 20MHz+10MHz,12.6.0
12-2014,RP-66,RP-142162,2679,-,,E-UTRAN TDD RSTD Measurement Accuracy in Carrier Aggregation for 20MHz+10MHz,12.6.0
12-2014,RP-66,RP-142143,2682,1,,Introducing positioning enhancement requirement for UE Rx-Tx accuracy,12.6.0
12-2014,RP-66,RP-142144,2686,-,,Correction on CA test cases in R12,12.6.0
12-2014,RP-66,RP-142188,2687,-,,Correction on E-UTRAN TDD – Non-Contention Based Random Access Test For Scell,12.6.0
12-2014,RP-66,RP-142179,2688,1,,Introduction of RSRP measurement accuracy requirement for DRS based measurement,12.6.0
12-2014,RP-66,RP-142188,2690,1,,Ecat clarification for iRAT,12.6.0
12-2014,RP-66,RP-142180,2694,-,,CR for TS36.133 on Cell phase accuracy for Dual Connectivity,12.6.0
12-2014,RP-66,RP-142180,2695,1,,Introduction of RRM requirements for Dual Connectivity,12.6.0
12-2014,RP-66,RP-142180,2696,1,,Introduction of measurement requirements for Dual Connectivity,12.6.0
12-2014,RP-66,RP-142178,2697,1,,Measurement and reporting of  BLER in section 9,12.6.0
12-2014,RP-66,RP-142177,2698,1,,Introduction of TDD-FDD CA test cases,12.6.0
12-2014,RP-66,RP-142178,2699,1,,CR on measurement for MBSFN MDT,12.6.0
12-2014,RP-66,RP-142188,2707,1,,PCell Interruption in Rel-12 CA,12.6.0
12-2014,RP-66,RP-142158,2708,1,,UE Behaviour after Measurement Gap in CA,12.6.0
12-2014,RP-66,RP-142177,2709,1,,CA RRM Testing for Multiple Duplex Modes,12.6.0
12-2014,RP-66,RP-142177,2710,1,,CA RRM Testing for Fall back CA Configuration,12.6.0
12-2014,RP-66,RP-142188,2712,1,,Introduction of High Doppler measurement accuracy requierments,12.6.0
12-2014,RP-66,RP-142172,2714,1,,Requirements for increased carrier monitoring for idle mode 36.133,12.6.0
12-2014,RP-66,RP-142172,2715,1,,Requirements for increased carrier monitoring in RRC connected state 36.133,12.6.0
12-2014,RP-66,RP-142161,2716,1,,Different TDD configurations in CA,12.6.0
12-2014,RP-66,RP-142178,2722,1,,MBMS requirements in section 9,12.6.0
12-2014,RP-66,RP-142179,2725,1,,Intra-frequency and inter-frequency measurement accuracy requirements with DMTC,12.6.0
12-2014,RP-66,RP-142188,2727,-,,RSTD accuracy requirements for smaller and larger bandwidths,12.6.0
12-2014,RP-66,RP-142149,2736,-,,Corrections to E-UTRAN TDD RLM In-sync under Time Domain Measurement Resource Restriction with CRS assistance information,12.6.0
12-2014,RP-66,RP-142149,2738,-,,Corrections to E-UTRAN TDD RLM Out-of-sync under Time Domain Measurement Resource Restriction with CRS Assistance Information,12.6.0
12-2014,RP-66,RP-142149,2740,-,,Test case for inter-RAT HO to multicarrier UTRA,12.6.0
12-2014,RP-66,RP-142178,2741,-,,CR on parallel reporting criteria for eMBMS,12.6.0
12-2014,RP-66,RP-142186,2742,-,,Introduction of 2UL non-contiguous intra-band CA,12.6.0
12-2014,RP-66,RP-142021,2743,-,,Introduction of 2UL inter-band CA,12.6.0
12-2014,RP-66,RP-142150,2745,-,,Requirements for multicarrier handover from  EUTRA to UTRA,12.6.0
03-2015,RP-77,RP-150387,2747,-,,CR to Correct Implementation Error in FDD RSTD Measurement Reporting Delay Test Case and to Update Io Levels for Certain RSTD Test Cases,12.7.0
03-2015,RP-77,RP-150382,2750,-,,Remove incorrect note from CA RSTD Accuracy tests,12.7.0
03-2015,RP-77,RP-150387,2751,-,,Change Nprs value for 5MHz CA RSTD Accuracy tests,12.7.0
03-2015,RP-77,RP-150066,2754,1,,Maximum allowed layers for multiple monitoring for CA,12.7.0
03-2015,RP-77,RP-150387,2756,-,,DRX correction for interruption with dual connectivity,12.7.0
03-2015,RP-77,RP-150388,2757,-,,Correction of Interruptions with RSTD Measurements for 3DL CA,12.7.0
03-2015,RP-77,RP-150387,2761,1,,RRM requirements for ProSe,12.7.0
03-2015,RP-77,RP-150396,2763,1,,Updating the requirements applicability for TDD config 0,12.7.0
03-2015,RP-77,RP-150394,2764,1,,Cleanup for RSRQ measurement requirement for SCE,12.7.0
03-2015,RP-77,RP-150394,2774,1,,Clean up the correction on discovery signal measurements,12.7.0
03-2015,RP-77,RP-150387,2775,1,,Correction on MBSFN measurements,12.7.0
03-2015,RP-77,RP-150394,2776,-,,Introduce CA measurement accuracy requirements for SCE,12.7.0
03-2015,RP-77,RP-150382,2777,-,,Correction on Io in carrier aggregation test cases,12.7.0
03-2015,RP-77,RP-150387,2783,-,,Introducing accuracy requirement for new RSRQ,12.7.0
03-2015,RP-77,RP-150384,2785,-,,Time-domain measurement resource restriction pattern for serving cell in feICIC RSRP and RSRQ test cases,12.7.0
03-2015,RP-77,RP-150384,2791,-,,CR on typo of referencing section name  in CA measurements,12.7.0
03-2015,RP-77,RP-150393,2797,1,,Clarification including PSCell in Note 1 for Ecat,12.7.0
03-2015,RP-77,RP-150386,2798,1,,Clarification of IncMon requirements for E-UTRA idle state,12.7.0
03-2015,RP-77,RP-150386,2799,1,,Clarification of IncMon requirements for E-UTRA connected state,12.7.0
03-2015,RP-77,RP-150386,2800,1,,Clarification concerning IncMon scaling for non-gap-assisted measurements,12.7.0
03-2015,RP-77,RP-150382,2803,-,,Correction of RMC and OCNG pattern in event triggered tests without measurement gap,12.7.0
03-2015,RP-77,RP-150394,2804,-,,CR on RSRQ requirements for CRS based discovery signal,12.7.0
03-2015,RP-77,RP-150387,2808,-,,Correction to RRM test cases,12.7.0
03-2015,RP-77,RP-150388,2809,-,,Correction to CA Testing with Different CA Configurations,12.7.0
03-2015,RP-77,RP-150393,2811,-,,Principle to test synchronous and asynchronous DC requirements,12.7.0
03-2015,RP-77,RP-150387,2814,-,,Further revision of RSRP requirement for 36.133 release 12,12.7.0
03-2015,RP-77,RP-150387,2815,-,,Additional bandwidths for EUTRAN activation and deactivation of known and unknown SCell in non-DRX,12.7.0
03-2015,RP-77,RP-150387,2816,1,,High Doppler measurement accuracy requirements,12.7.0
03-2015,RP-77,RP-150384,2817,1,,36.133 CR to change CPICH Ec/No to CPICH Ec/Io in EUTRA FDD to UTRA FDD HO test cases,12.7.0
03-2015,RP-77,RP-150388,2822,-,,Maximum Transmission Timing Difference in 3DL CA,12.7.0
03-2015,RP-77,RP-150053,2824,-,,Correction to the implementation of CR 2471r3 (Clarification for ACK/NACK feedback of CGI measurement),12.7.0
06-2015,RP-68,RP-150972,2825,,,3 DL CA Phase I tests # 1-2: Event triggered reporting tests with deactivated SCells in non-DRX for TDD-FDD CA,12.8.0
06-2015,RP-68,RP-150961,2828,,,RMC for 10 MHz for UE category 0 RRM tests,12.8.0
06-2015,RP-68,RP-150957,2829,,,Correction to measurement scaling factor for incmon,12.8.0
06-2015,RP-68,RP-150957,2832,,,RSRP requierment for SCE,12.8.0
06-2015,RP-68,RP-150962,2833r1,1,,CR on FDD-FDD inter-frequency absolute and relative CRS RSRP accuracy test case,12.8.0
06-2015,RP-68,RP-150962,2834r1,1,,CR on TDD-TDD inter-frequency absolute and relative CRS RSRP accuracy test case,12.8.0
06-2015,RP-68,RP-150962,2835r1,1,,CR on FDD absolute and relative CSI-RSRP accuracy test case for E-UTRAN Carrier Aggregation,12.8.0
06-2015,RP-68,RP-150962,2836r1,1,,CR on TDD absolute and relative CSI-RSRP accuracy test case for E-UTRAN Carrier Aggregation,12.8.0
06-2015,RP-68,RP-150962,2837r1,1,,CR on FDD-FDD inter-frequency absolute and relative CSI-RSRP accuracy test case,12.8.0
06-2015,RP-68,RP-150962,2838r1,1,,CR on TDD-TDD inter-frequency absolute and relative CSI-RSRP accuracy test case,12.8.0
06-2015,RP-68,RP-150962,2839r1,1,,CR on FDD intra frequency absolute and relative CSI-RSRP accuracy test case,12.8.0
06-2015,RP-68,RP-150962,2840r1,1,,CR on TDD intra frequency absolute and relative CSI-RSRP accuracy test case,12.8.0
06-2015,RP-68,RP-150962,2842r1,1,,Intra-frequency absolute and relative RSRP accuracies in CRS based discovery signal,12.8.0
06-2015,RP-68,RP-150962,2843r1,1,,Absolute and relative RSRP accuracies for E-UTRAN Carrier Aggregation in CRS based discovery signal,12.8.0
06-2015,RP-68,RP-150962,2845r1,1,,SCE FDD intra-frequency absolute RSRQ accuracy,12.8.0
06-2015,RP-68,RP-150962,2846r1,1,,SCE TDD intra-frequency absolute RSRQ accuracy,12.8.0
06-2015,RP-68,RP-150962,2847,,,SCE FDD absolute RSRQ accuracy for CA,12.8.0
06-2015,RP-68,RP-150962,2848,,,SCE TDD absolute RSRQ accuracy for CA,12.8.0
06-2015,RP-68,RP-150961,2849r1,1,,Test for CGI acqusition requirements for UE category 0,12.8.0
06-2015,RP-68,RP-150961,2850r1,1,,Test for cell identification for UE category 0,12.8.0
06-2015,RP-68,RP-150961,2851,,,Test for handover requirements for UE category 0,12.8.0
06-2015,RP-68,RP-150961,2852,,,Test for RRC re-establishment requirements for UE category 0,12.8.0
06-2015,RP-68,RP-150961,2853r1,1,,HD-FDD handover requirements for UE category 0,12.8.0
06-2015,RP-68,RP-150957,2855r1,1,,Correction of requirements for ProSe in DRX,12.8.0
06-2015,RP-68,RP-150962,2857r1,1,,E-UTRAN FDD intra frequency CRS based discovery signal measurements when DRX is used,12.8.0
06-2015,RP-68,RP-150962,2858r1,1,,E-UTRAN TDD intra frequency CRS based discovery signal measurements when DRX is used,12.8.0
06-2015,RP-68,RP-150962,2859r1,1,,E-UTRAN FDD-FDD inter-frequency event triggered reporting under fading propagation conditions in DRX based on CRS based discovery signal,12.8.0
06-2015,RP-68,RP-150962,2860r1,1,,E-UTRAN TDD-TDD inter-frequency event triggered reporting under fading propagation conditions in DRX based on CRS based discovery signal,12.8.0
06-2015,RP-68,RP-150962,2861r1,1,,E-UTRAN FDD event triggered reporting under deactivated SCell in non-DRX based on CRS based discovery signal,12.8.0
06-2015,RP-68,RP-150962,2862r1,1,,E-UTRAN TDD event triggered reporting under deactivated SCell in non-DRX based on CRS based discovery signal,12.8.0
06-2015,RP-68,RP-150961,2866r1,1,,RSRP accuracy FD-FDD Intra frequency case for UE category 0,12.8.0
06-2015,RP-68,RP-150961,2867r1,1,,RSRP accuracy HD-FDD Intra frequency case for UE category 0,12.8.0
06-2015,RP-68,RP-150961,2868r1,1,,RSRP accuracy TDD Intra frequency case for UE category 0,12.8.0
06-2015,RP-68,RP-150961,2869r1,1,,RSRQ accuracy FD-FDD Intra frequency case for UE category 0,12.8.0
06-2015,RP-68,RP-150961,2870r1,1,,RSRQ accuracy HD-FDD Intra frequency case for UE category 0,12.8.0
06-2015,RP-68,RP-150961,2871r1,1,,RSRQ accuracy TDD Intra frequency case for UE category 0,12.8.0
06-2015,RP-68,RP-150972,2872r1,1,,Test case for 3DL CA: PCell in FDD: Event triggered reporting on deactivated SCells and interruption probability (0.5%) without DRX (TDD-FDD CA),12.8.0
06-2015,RP-68,RP-150972,2873r1,1,,Test case for 3DL CA: PCell in TDD: Event triggered reporting on deactivated SCells and interruption probability (0.5%) without DRX (TDD-FDD CA),12.8.0
06-2015,RP-68,RP-150958,2874r1,1,,Test case for 3DL CA: Event triggered reporting on deactivated SCells and interruption probability (0.5%) without DRX (FDD CA),12.8.0
06-2015,RP-68,RP-150968,2875r1,1,,Test case for 3DL CA: Event triggered reporting on deactivated SCells and interruption probability (0.5%) without DRX (TDD 3 DL CA),12.8.0
06-2015,RP-68,RP-150965,2880,,,OTDOA RSTD Measurements on different secondary component carriers,12.8.0
06-2015,RP-68,RP-150955,2884,,,E-UTRAN TDD-TDD Inter-frequency event triggered reporting under fading propagation conditions in synchronous cells for 20 MHz +20 MHz bandwidth R12,12.8.0
06-2015,RP-68,RP-150958,2885,,,E-UTRAN TDD-TDD Inter-frequency event triggered reporting under fading propagation conditions in synchronous cells for 20 MHz +10 MHz bandwidth R12,12.8.0
06-2015,RP-68,RP-150955,2886,,,E-UTRAN TDD with 20 MHz +20 MHz bandwidth to UTRAN TDD cell search under fading propagation conditions R12,12.8.0
06-2015,RP-68,RP-150958,2887,,,E-UTRAN TDD with 20 MHz +10 MHz bandwidth to UTRAN TDD cell search under fading propagation conditions R12,12.8.0
06-2015,RP-68,RP-150957,2897,,,Further clarification of MBMSBLER reporting in section 9,12.8.0
06-2015,RP-68,RP-150962,2903r1,1,,Test case of FDD-FDD inter-frequency RSRQ measurement accuracy in discovery signal occasions,12.8.0
06-2015,RP-68,RP-150962,2904,,,CR on side conditions for inter-frequency measurement for SCE,12.8.0
06-2015,RP-68,RP-150962,2905,,,CR on test case for RSRQ TDD-TDD inter frequency measurement accuracy requirement for SCE,12.8.0
06-2015,RP-68,RP-150955,2906r1,1,,Maximum Rx difference between Pcell and Scell in section 7.9,12.8.0
06-2015,RP-68,RP-150962,2908r1,1,,FDD-FDD intra frequency event triggered reporting in DRX based on CSI-RS based discovery signal,12.8.0
06-2015,RP-68,RP-150962,2909r1,1,,TDD-TDD intra frequency event triggered reporting in DRX based on CSI-RS based discovery signal,12.8.0
06-2015,RP-68,RP-150962,2910r1,1,,FDD-FDD inter frequency event triggered reporting in DRX based on CSI-RS based discovery signal,12.8.0
06-2015,RP-68,RP-150962,2911r1,1,,TDD-TDD inter frequency event triggered reporting in DRX based on CSI-RS based discovery signal,12.8.0
06-2015,RP-68,RP-150962,2912r1,1,,FDD event triggered reporting under deactivated SCell in non-DRX based on CSI-RS based discovery signal,12.8.0
06-2015,RP-68,RP-150962,2913r1,1,,TDD event triggered reporting under deactivated SCell in non-DRX based on CSI-RS based discovery signal,12.8.0
06-2015,RP-68,RP-150957,2915r2,2,,CR of DC interruption requirements,12.8.0
06-2015,RP-68,RP-150965,2916r1,1,,Event triggered reporting on deactivated SCells in non-DRX (FDD CA),12.8.0
06-2015,RP-68,RP-150965,2917r1,1,,Event triggered reporting on deactivated SCells in non-DRX (TDD CA),12.8.0
06-2015,RP-68,RP-150972,2919r1,1,,Introduction of RRM test case for E-UTRAN TDD-FDD 3 DL CA activation and deactivation of known SCell in non-DRX with PCell in FDD,12.8.0
06-2015,RP-68,RP-150972,2920r1,1,,Introduction of RRM test case for E-UTRAN TDD-FDD 3 DL CA activation and deactivation of known SCell in non-DRX with PCell in TDD,12.8.0
06-2015,RP-68,RP-150972,2921,,,3DL CA Phase I tests #11_3DL FDD CA SCell activation and deactivation for known SCells without DRX,12.8.0
06-2015,RP-68,RP-150965,2921a,,,Correction of implementation of CR 2644 in Table A.9.8.1.1-1,12.8.0
06-2015,RP-68,RP-150972,2922,,,3DL CA Phase I tests #12_3DL TDD CA SCell activation and deactivation for known SCells without DRX,12.8.0
06-2015,RP-68,RP-150959,2922ar2,2,,"Incmon CR  for FDD-FDD Interfrequency correct reporting of measurement events without reduced performance group configured, non DRX",12.8.0
06-2015,RP-68,RP-150959,2923r2,2,,"Incmon CR for TDD-TDD Interfrequency correct reporting of measurement events without reduced performance group configured, non DRX",12.8.0
06-2015,RP-68,RP-150963,2928r1,1,,FDD RLM Test Case for Out-of-sync in DRX for PSCell in asynchronous DC,12.8.0
06-2015,RP-68,RP-150963,2929r1,1,,FDD RLM Test Case for In-sync in DRX for PSCell in asynchronous DC,12.8.0
06-2015,RP-68,RP-150954,2932,,,Correction of Cell Time offset in RSTD CA Test cases (Rel-12),12.8.0
06-2015,RP-68,RP-150963,2933r1,1,,Introduction of DC intra-frequency event triggered reporting with DRX in synchronous FDD DC,12.8.0
06-2015,RP-68,RP-150963,2934r1,1,,Introduction of DC intra-frequency event triggered reporting with DRX in synchronous TDD DC,12.8.0
06-2015,RP-68,RP-150963,2935r1,1,,Introduction of DC intra-frequency event triggered reporting with DRX in asynchronous FDD DC,12.8.0
06-2015,RP-68,RP-150963,2936r1,1,,Introduction of DC inter-frequency event triggered reporting with DRX in synchronous FDD DC,12.8.0
06-2015,RP-68,RP-150963,2937r1,1,,Introduction of DC inter-frequency event triggered reporting with DRX in synchronous TDD DC,12.8.0
06-2015,RP-68,RP-150959,2938r1,1,,Testcases for E-UTRA Incmon idle interfrequency reselection,12.8.0
06-2015,RP-68,RP-150962,2940r2,2,,CR on minimum number of subframes for discovery-based measurements,12.8.0
06-2015,RP-68,RP-150961,2941r1,1,,E-UTRAN FD-FDD Radio Link Monitoring Tests for UE category 0,12.8.0
06-2015,RP-68,RP-150961,2942r1,1,,E-UTRAN HD-FDD Radio Link Monitoring Tests for UE category 0,12.8.0
06-2015,RP-68,RP-150961,2943r1,1,,E-UTRAN TDD Radio Link Monitoring Tests for UE category 0,12.8.0
06-2015,RP-68,RP-150958,2944r1,1,,Absolute and relative RSRP accuracies in FDD 3 DL CA,12.8.0
06-2015,RP-68,RP-150968,2945r1,1,,Absolute and relative RSRP accuracies in TDD 3 DL CA,12.8.0
06-2015,RP-68,RP-150972,2946r1,1,,PCell in FDD: absolute and relative RSRQ accuracies in TDD-FDD 3 DL CA,12.8.0
06-2015,RP-68,RP-150972,2947r1,1,,PCell in TDD: absolute and relative RSRQ accuracies in TDD-FDD 3 DL CA,12.8.0
06-2015,RP-68,RP-150959,2950,,,FDD-FDD Interfrequency correct reporting of measurement events with reduced performance group configured for non DRX IncMon,12.8.0
06-2015,RP-68,RP-150959,2951,,,TDD-TDD Interfrequency correct reporting of measurement events with reduced performance group configured for non DRX IncMon,12.8.0
06-2015,RP-68,RP-150963,2952r1,1,,E-UTRAN FDD Radio Link Monitoring Test for In-sync in DRX for PSCell in synchronous dual connectivity,12.8.0
06-2015,RP-68,RP-150963,2953r1,1,,E-UTRAN TDD Radio Link Monitoring Test for In-sync in DRX for PSCell in synchronous dual connectivity,12.8.0
06-2015,RP-68,RP-150961,2954r1,1,,E-UTRAN FDD PCell interruption at transitions between active and non-active when DRX is used in PSCell in asynchronous dual connectivity,12.8.0
06-2015,RP-68,RP-150958,2955,,,E-UTRAN TDD - UE Transmit Timing Accuracy Tests for SCell for 20 MHz +10 MHz bandwidth R12,12.8.0
06-2015,RP-68,RP-150955,2956,,,E-UTRAN TDD - UE Transmit Timing Accuracy Tests for SCell in sTAG for 20 MHz +20 MHz bandwidth R12,12.8.0
06-2015,RP-68,RP-150958,2957,,,E-UTRAN TDD - UE Transmit Timing Accuracy Tests for SCell in sTAG for 20 MHz +10 MHz bandwidth R12,12.8.0
06-2015,RP-68,RP-150955,2958,,,E-UTRAN TDD – UE Timing Advance Adjustment Accuracy Test for Scell in sTAG for 20 MHz +20 MHz bandwidth R12,12.8.0
06-2015,RP-68,RP-150958,2959,,,E-UTRAN TDD – UE Timing Advance Adjustment Accuracy Test for Scell in sTAG for 20 MHz +10 MHz bandwidth R12,12.8.0
06-2015,RP-68,RP-150965,2962,,,Addition PDSCH RMC for 5MHz with user data,12.8.0
06-2015,RP-68,RP-150972,2967r1,1,,3 DL CA Phase II tests # 1-2: RSRP measurement accuracies for TDD-FDD CA,12.8.0
06-2015,RP-68,RP-150963,2971r1,1,,PSCell Add and Release Delay Tests for Synchronous DC,12.8.0
06-2015,RP-68,RP-150963,2972r1,1,,PSCell Add and Release Delay Tests for Asynchronous DC,12.8.0
06-2015,RP-68,RP-150959,2975r1,1,,Idle mode FDD to UTRA FDD interRAT reselection,12.8.0
06-2015,RP-68,RP-150959,2976r1,1,,Idle mode TDD to UTRA FDD interRAT reselection,12.8.0
06-2015,RP-68,RP-150959,2977,,,"E-UTRA FDD InterRAT UTRA FDD correct reporting of measurement events with reduced performance group configured, non DRX",12.8.0
06-2015,RP-68,RP-150959,2978,,,"E-UTRA TDD InterRAT UTRA FDD correct reporting of measurement events with reduced performance group configured, non DRX",12.8.0
06-2015,RP-68,RP-150963,2979r1,1,,E-UTRAN FDD PCell interruption at transitions between active and non-active when DRX is used in PSCell in synchronous dual connectivity,12.8.0
06-2015,RP-68,RP-150963,2980r1,1,,E-UTRAN TDD PCell interruption at transitions between active and non-active when DRX is used in PSCell in synchronous dual connectivity,12.8.0
06-2015,RP-68,RP-150963,2981r1,1,,E-UTRAN FDD inter-frequency event triggered reporting in asynchronous dual connectivity,12.8.0
06-2015,RP-68,RP-150958,2984r1,1,,Modification for interruption period for SCell (de-)activation with 3DL,12.8.0
06-2015,RP-68,RP-150959,2987r1,1,,Test cases of Idle mode E-UTRA to UTRA TDD interRAT cell reselection for IncMon,12.8.0
06-2015,RP-68,RP-150959,2988r1,1,,"Test cases of Interfrequency correct reporting of measurement events with reduced performance group configured, DRX",12.8.0
06-2015,RP-68,RP-150963,2989r2,2,,E-UTRAN FDD Radio Link Monitoring Test for Out-of-sync in DRX for PSCell in synchronous dual connectivity,12.8.0
06-2015,RP-68,RP-150963,2990r2,2,,E-UTRAN TDD Radio Link Monitoring Test for Out-of-sync in DRX for PSCell in synchronous dual connectivity,12.8.0
06-2015,RP-68,RP-150957,2992,,,CR on interruption during D2D discovery for D2D single RF chain,12.8.0
06-2015,RP-68,RP-150965,2993,,,CR on E-UTRAN TDD-TDD inter frequency measurements when DRX is used,12.8.0
06-2015,RP-68,RP-150965,2998,,,Test case of FDD-FDD inter-frequency new RSRQ measurement accuracy,12.8.0
06-2015,RP-68,RP-150965,2999,,,Test case of TDD-TDD inter-frequency new RSRQ measurement accuracy,12.8.0
06-2015,RP-68,RP-150955,3001,,,Correction to feICIC cell configurations in RLM,12.8.0
06-2015,RP-68,RP-150955,3003,,,Correction to A.8.1.8,12.8.0
06-2015,RP-68,RP-150972,3004r1,1,,CR on absolute and relative RSRQ accuracies in TDD 3DL CA,12.8.0
06-2015,RP-68,RP-150972,3005r1,1,,CR on absolute and relative RSRQ accuracies in FDD 3DL CA,12.8.0
06-2015,RP-68,RP-150965,3006,,,CR for test case of new RSRQ measurement accuracy in FDD,12.8.0
06-2015,RP-68,RP-150965,3007,,,CR for test case of new RSRQ measurement accuracy in TDD,12.8.0
06-2015,RP-68,RP-150972,3008r1,1,,RSTD  measurement reporting in FDD 3 DL CA,12.8.0
06-2015,RP-68,RP-150972,3009r1,1,,RSTD  measurement reporting in TDD 3 DL CA,12.8.0
06-2015,RP-68,RP-150972,3010r1,1,,RSTD measurement accuracy in FDD 3 DL CA,12.8.0
06-2015,RP-68,RP-150972,3011r1,1,,RSTD measurement accuracy in TDD 3 DL CA,12.8.0
06-2015,RP-68,RP-150964,3012r2,2,,Clarification of ProSe requirements in ONC,12.8.0
06-2015,RP-68,RP-150957,3013,,,Correction to Asynchronous Requirements for DC for only FDD-FDD,12.8.0
06-2015,RP-68,RP-150959,3014,,,E-UTRA TDD InterRAT UTRA TDD correct reporting of measurement events with reduced performance group configured non DRX IncMon,12.8.0
06-2015,RP-68,RP-150959,3015,,,E-UTRA FDD InterRAT UTRA TDD correct reporting of measurement events with reduced performance group configured non DRX for IncMon,12.8.0
06-2015,RP-68,RP-150958,3016,,,Correction to E-UTRA TDD event triggered reporting under deactivated SCell in non-DRX for 20 MHz + 10 MHz,12.8.0
06-2015,RP-68,RP-150969,2893,,,Carrier aggragation test cases for band 31,13.0.0
06-2015,RP-68,RP-150974,2966,,,4DL CA RRM requirements for “UE Measurements Procedures in RRC_CONNECTED State”,13.0.0
06-2015,RP-68,RP-150974,2970,1,,RRM Requirements in Section 7 for 4 DL CA,13.0.0
09-2015,RP-69,RP-151475,3020,-,,Correction of Ior/Ioc value in RRM Test case A.4.3.1.1,13.1.0
09-2015,RP-69,RP-151479,3022,-,,Cleanup of 3DL CA RRM Test cases,13.1.0
09-2015,RP-69,RP-151483,3031,-,,Time offset between cells,13.1.0
09-2015,RP-69,RP-151497,3032,-,,Requirements for DC on ACK/NACK reporting for measurements using autonomous gaps,13.1.0
09-2015,RP-69,RP-151475,3034,-,,Interruptions at overlapping addition/release/activation/deactivation of SCells,13.1.0
09-2015,RP-69,RP-151504,3035,-,,RRM Requirements for 3 DL/2UL Inter-band CA,13.1.0
09-2015,RP-69,RP-151483,3037,-,,CR on editorial corrections in TS36133 in Rel-13,13.1.0
09-2015,RP-69,RP-151478,3039,-,,CR on item title of table in clause 8.1.2.4.5.1 in TS36133 in Rel-13,13.1.0
09-2015,RP-69,RP-151500,3041,-,,3DL CA Phase II tests #15_ SCell activation and deactivation for unknown SCells without DRX (FDD 3 DL CA) in Rel-13,13.1.0
09-2015,RP-69,RP-151500,3043,-,,3DL CA Phase II tests #16_SCell activation and deactivation for unknown SCells without DRX (TDD 3 DL CA) in Rel-13,13.1.0
09-2015,RP-69,RP-151475,3045,-,,Modifying test case of E-UTRAN 2DL TDD CA activation of unknown SCell in non-DRX in Rel-13,13.1.0
09-2015,RP-69,RP-151480,3047,-,,CR on delete note in table 8.5.2.1.6.1-1 in TS36133 in Rel-13,13.1.0
09-2015,RP-69,RP-151479,3052,-,,Correction of inconsistency in 3 DL CA Event Triggered Reporting under Deactivated SCells in Non-DRX,13.1.0
09-2015,RP-69,RP-151479,3054,-,,CR on Interruptions at PSCell Addition/release,13.1.0
09-2015,RP-69,RP-151483,3062,-,,Corrections to the RMC configurations in 36.133 R13,13.1.0
09-2015,RP-69,RP-151479,3064,-,,Remove the Brackets in RLM Tests for UE category 0 R13,13.1.0
09-2015,RP-69,RP-151474,3066,1,,Adding SNR values to DC RLM test cases R13,13.1.0
09-2015,RP-69,RP-151486,3068,-,,Correction on Band 31 test cases R13,13.1.0
09-2015,RP-69,RP-151483,3070,-,,Correction to UE transmit timing accuracy tests R13,13.1.0
09-2015,RP-69,RP-151500,3078,-,,Introduction of RRM test case for E-UTRAN TDD-FDD 3DL CA activation and deactivation of unknown SCell in non-DRX with PCell in TDD,13.1.0
09-2015,RP-69,RP-151483,3079,-,,Modifying test case of E-UTRAN 2DL FDD CA activation of unknown SCell in non-DRX,13.1.0
09-2015,RP-69,RP-151500,3080,-,,Introduction of RRM test case for E-UTRAN TDD-FDD 3DL CA activation and deactivation of unknown SCell in non-DRX with PCell in FDD,13.1.0
12-2015,RP-70,RP-152131,3086,-,,"Correction of RSRQ value in RRM Serving Cell Test cases A.9.9.1, A.9.9.2",13.2.0
12-2015,RP-70,RP-152136,3088,-,,Remove brackets in RSTD measurement accuracy R13,13.2.0
12-2015,RP-70,RP-152133,3090,-,,Remove bracket for CSI-RSRP measurement R13,13.2.0
12-2015,RP-70,RP-152133,3094,-,,Correction to E-UTRAN TDD-FDD CA Event Triggered Reporting Under Deactivated SCell in Non-DRX with PCell in FDD R13,13.2.0
12-2015,RP-70,RP-152133,3096,-,,Correction to E-UTRAN TDD-FDD CA Event Triggered Reporting Under Deactivated SCell in Non-DRX with PCell in TDD R13,13.2.0
12-2015,RP-70,RP-152133,3098,-,,Correction to E-UTRAN TDD-FDD CA Event triggered reporting on deactivated SCell with PCell interruption in non-DRX with PCell in FDD R13,13.2.0
12-2015,RP-70,RP-152133,3100,-,,Correction to E-UTRAN TDD-FDD CA Event triggered reporting on deactivated SCell with PCell interruption in non-DRX with PCell in TDD R13,13.2.0
12-2015,RP-70,RP-152133,3102,-,,Correction to RSRP for E-UTRAN TDD-FDD Carrier Aggregation with PCell in FDD R13,13.2.0
12-2015,RP-70,RP-152133,3104,-,,Correction to RSRP for E-UTRAN TDD-FDD Carrier Aggregation with PCell in TDD R13,13.2.0
12-2015,RP-70,RP-152133,3106,-,,Correction to RSRQ for E-UTRAN TDD-FDD Carrier Aggregation with PCell in FDD R13,13.2.0
12-2015,RP-70,RP-152133,3108,-,,Correction to RSRQ for E-UTRAN TDD-FDD Carrier Aggregation with PCell in TDD R13,13.2.0
12-2015,RP-70,RP-152136,3114,-,,Alignment of UE reporting criteria requirements,13.2.0
12-2015,RP-70,RP-152131,3116,-,,Removal of square brackets for some CA requirements,13.2.0
12-2015,RP-70,RP-152133,3118,-,,Cleanup of 3DL CA RRM Test cases,13.2.0
12-2015,RP-70,RP-152134,3121,-,,Correction of definition of antenna connection in some RSTD tests,13.2.0
12-2015,RP-70,RP-152133,3129,-,,Different TDD configurations for OTDOA in CA in release 12,13.2.0
12-2015,RP-70,RP-152157,3131,-,,Introduction of Band 67,13.2.0
12-2015,RP-70,RP-152133,3136,-,,Correction of definition of pTAG and psTAG,13.2.0
12-2015,RP-70,RP-152133,3145,-,,Title of new section A.7.4 in TS36.133 for Rel-13,13.2.0
12-2015,RP-70,RP-152133,3146,-,,SNR levels and Reference channels for DC RLM test cases for Rel-13,13.2.0
12-2015,RP-70,RP-152131,3150,-,,Correction on measurement category for reporting criteria,13.2.0
12-2015,RP-70,RP-152133,3167,-,,Alignment of dB values for 2DL CA activation and deactivation Test cases,13.2.0
12-2015,RP-70,RP-152135,3173,-,,CR on editorial cleanup for D2D RRM requirements,13.2.0
12-2015,RP-70,RP-152136,3178,-,,Correction to Trstd values in 3DL RSTD Measurement Accuracy test cases,13.2.0
12-2015,RP-70,RP-152133,3183,-,,Update of 2DL CA activation and deactivation of unknown SCell Test cases A.8.16.19+A.8.16.20,13.2.0
12-2015,RP-70,RP-152133,3185,-,,Update of 3DL CA activation and deactivation of unknown SCell Test cases A.8.16.41+A.8.16.42,13.2.0
12-2015,RP-70,RP-152133,3187,-,,Update to RRM test case for E-UTRAN TDD-FDD 3DL CA activation and deactivation of unknown SCell in non-DRX with PCell in FDD,13.2.0
12-2015,RP-70,RP-152133,3189,-,,Update to RRM test case for E-UTRAN TDD-FDD 3DL CA activation and deactivation of unknown SCell in non-DRX with PCell in TDD,13.2.0
12-2015,RP-70,RP-152136,3191,-,,Correction to Cells in OTDOA assistance data in 3DL RSTD Measurement Reporting Delay test cases,13.2.0
12-2015,RP-70,RP-152153,3192,2,,CR on RS-SINR accuracy in 36.133,13.2.0
12-2015,RP-70,RP-152136,3195,1,,Correction on RSRQ measurement report mapping R13,13.2.0
12-2015,RP-70,RP-152173,3196,-,,Introduction of Band 45 into TS36.133,13.2.0
12-2015,RP-70,RP-152131,3211,-,,Further Correction of Cell Time offset in RSTD CA test cases (Rel-13),13.2.0
12-2015,RP-70,RP-152155,3213,1,,CR for clearification of band combination in 36133,13.2.0
12-2015,RP-70,RP-152166,3214,1,,CR for RRM requirement up to 3UL CA in 36133,13.2.0
12-2015,RP-70,RP-152152,3216,1,,CR on measurement performance requirements for UE  reporting  SSTD between MeNB and SeNB for dual connectivity enhancements,13.2.0
12-2015,RP-70,RP-152133,3223,-,,Adding the title of A.8.22 in TS 36.133 R13,13.2.0
12-2015,RP-70,RP-152133,3227,-,,Correction on A.8.16.17 E-UTRAN FDD activation and deactivation of known SCell in non-DRX,13.2.0
12-2015,RP-70,RP-152133,3229,-,,Correction on A.8.16.18 E-UTRAN TDD activation and deactivation of known SCell in non-DRX,13.2.0
12-2015,RP-70,RP-152133,3231,-,,Correction on A.8.16.35 3 DL PCell in FDD CA Activation and Deactivation of Known SCell in Non-DRX,13.2.0
12-2015,RP-70,RP-152133,3233,-,,Correction on A.8.16.36 3 DL PCell in TDD CA Activation and Deactivation of Known SCell in Non-DRX,13.2.0
12-2015,RP-70,RP-152133,3235,-,,Correction on A.8.16.37 3DL FDD CA activation and deactivation of known SCell in non-DRX,13.2.0
12-2015,RP-70,RP-152133,3237,-,,Correction on A.8.16.38 3DL TDD CA activation and deactivation of known SCell in non-DRX,13.2.0
12-2015,RP-70,RP-152152,3238,1,,CR on RRM requirements for SSTD reporting for Dual Connectivity,13.2.0
12-2015,RP-70,RP-152152,3239,1,,CR on maximum uplink timing difference for Dual Connectivity,13.2.0
12-2015,RP-70,RP-152152,3240,1,,CR on RRM requirements for 3 DL CC Dual connectivity,13.2.0
12-2015,RP-70,RP-152152,3241,1,,CR on requirements of interruption for 3 DL CC Dual connectivity,13.2.0
12-2015,RP-70,RP-152163,3243,1,,CR on RRM requirements for 5DL CC CA,13.2.0
12-2015,RP-70,RP-152171,3250,-,,Introduction of Band 65,13.2.0
12-2015,RP-70,RP-152172,3251,-,,Introduction of Band 66,13.2.0
12-2015,RP-70,RP-152149,3253,2,,SCell activation/deactivation delay for PUCCH SCell,13.2.0
12-2015,RP-70,RP-152146,3256,1,,Beacon RSSI Reporting Requirements,13.2.0
12-2015,RP-70,RP-152148,3260,1,,Core RRM requirements for LAA,13.2.0
12-2015,RP-70,RP-152148,3262,1,,LAA measurement requirements,13.2.0
12-2015,RP-70,RP-152148,3263,1,,LAA measurement accuracy requirements and measurement report mapping,13.2.0
12-2015,RP-70,RP-152153,3265,-,,RS-SINR measurement requirements,13.2.0
12-2015,RP-70,RP-152153,3268,1,,RS-SINR measurement report mapping,13.2.0
12-2015,RP-70,RP-152154,3269,1,,Extended DRX requirements in RRC_CONNECTED state,13.2.0
12-2015,RP-70,RP-152135,3275,-,,CR on ProSe UE transmission timing in Any Cell Selection State,13.2.0
12-2015,RP-70,RP-152133,3279,-,,Alignment of time when UE starts CSI reporting for activated SCell,13.2.0
03/2016,RP-71,RP-160472,3317,,B,RRM requirements for eMTC in IDLE mode in section 4,13.3.0
03/2016,RP-71,RP-160472,3355,,B,Reference configuration for Rel-13 MTC,13.3.0
03/2016,RP-71,RP-160472,3346,1,B,CR on eMTC positioning,13.3.0
03/2016,RP-71,RP-160472,3369,1,B,Random access requirements for eMTC UEs,13.3.0
03/2016,RP-71,RP-160472,3331,1,F,CR on CGI reading of eMTC,13.3.0
03/2016,RP-71,RP-160472,3354,1,B,Radio link monitoring for Rel-13 MTC UE,13.3.0
03/2016,RP-71,RP-160472,3353,1,B,Measurement accuracy requirements for Rel-13 MTC UE,13.3.0
03/2016,RP-71,RP-160472,3352,1,B,Measurement requirements for Rel-13 MTC UE under normal coverage,13.3.0
03/2016,RP-71,RP-160472,3356,1,B,Measurement requirements for Rel-13 MTC UE under enhanced coverage,13.3.0
03/2016,RP-71,RP-160473,3285,1,B,CR on eD2D RRM requirements: Inter-freq discovery and multicarrier D2D,13.3.0
03/2016,RP-71,RP-160473,3286,1,B,CR on eD2D RRM requirements: UE-NW relays,13.3.0
03/2016,RP-71,RP-160473,3284,1,B,CR on eD2D RRM requirements: OOC Discovery,13.3.0
03/2016,RP-71,RP-160473,3310,2,F,CR of measurement performance on eD2D,13.3.0
03/2016,RP-71,RP-160475,3347,1,B,Correction to SSTD measurement accuracy and reporting range,13.3.0
03/2016,RP-71,RP-160476,3366,1,B,Measurement requirements in RRC CONNECTED state,13.3.0
03/2016,RP-71,RP-160476,3367,2,B,Measurement requirements in RRC IDLE state,13.3.0
03/2016,RP-71,RP-160477,3341,1,F,CR on RSSI measurement,13.3.0
03/2016,RP-71,RP-160477,3351,1,B,RSSI Report Mapping Requirements,13.3.0
03/2016,RP-71,RP-160478,3362,1,F,Corrections in measurement accuracy requirements for LAA,13.3.0
03/2016,RP-71,RP-160488,3321,,A,Correction to feICIC TDD RSRP accuracy OCNG in TS 36.133,13.3.0
03/2016,RP-71,RP-160489,3283,,A,CR for correction to syncOffsetIndicator parameter in D2D resource pool configuration,13.3.0
03/2016,RP-71,RP-160489,3288,,A,"Change OGNG for 3DL CA Event Triggered Reporting on Deactivated SCell with PCell and SCell Interruptions, A.8.16.32+A.8.16.33",13.3.0
03/2016,RP-71,RP-160489,3293,,F,Correction of errors in Annex A Activation/Deactivation Test cases,13.3.0
03/2016,RP-71,RP-160489,3323,,A,CR on E-UTRAN TDD-FDD CA activation and deactivation of known SCell in non-DRX with PCell in FDD for Rel-13,13.3.0
03/2016,RP-71,RP-160489,3326,,A,CR on E-UTRAN TDD-FDD CA activation and deactivation of unknown SCell in non-DRX with PCell in FDD for Rel-13,13.3.0
03/2016,RP-71,RP-160489,3344,,A,Correction on SCE requirements and test cases R13,13.3.0
03/2016,RP-71,RP-160489,3349,,A,Correction to antenna configuration principle,13.3.0
03/2016,RP-71,RP-160489,3372,,A,CR for IncMon requirements alignment 36.133 Rel-13,13.3.0
03/2016,RP-71,RP-160489,3373,,A,Editorial corrections,13.3.0
03/2016,RP-71,RP-160489,3295,1,F,Modification for  MBSFN measurements for R13,13.3.0
03/2016,RP-71,RP-160490,3290,,F,Correction to RS-SINR measurement accuracy requirements,13.3.0
03/2016,RP-71,RP-160490,3297,,F,Modification for interruptions with Carrier Aggregation,13.3.0
03/2016,RP-71,RP-160490,3305,,F,Clarification on timing of interruption for PUCCH SCell activation/deactivation,13.3.0
03/2016,RP-71,RP-160490,3316,,F,Activation and deactivation delay requirements for PUCCH SCell with four downlink SCells,13.3.0
03/2016,RP-71,RP-160490,3339,,F,CR on maximum UL transmission time difference for R13 DC,13.3.0
03/2016,RP-71,RP-160490,3357,,F,Interruptions on RSTD in CA,13.3.0
03/2016,RP-71,RP-160490,3303,1,F,Clarification of SSTD measurement requirements,13.3.0
03/2016,RP-71,RP-160490,3361,1,F,Corrections for intra-frequency measurement requirements for LAA,13.3.0
03/2016,RP-71,RP-160490,3312,1,F,CR on measurement and measurement accuracy for LAA,13.3.0
03/2016,RP-71,RP-160490,3330,2,F,Correction on LAA measurement conditions,13.3.0
03/2016,RP-71,RP-160490,3363,2,F,Reporting criteria for RS-SINR,13.3.0
03/2016,RP-71,RP-160490,3327,2,F,Modification on the SCell activation delay requirement for deactivated SCell under Frame Structure 3,13.3.0
2016/06,RP-72,RP-161128,3374,1,B,CR: MPDCCH RMCs for Cat-M1 RRM Tests,13.4.0
2016/06,RP-72,RP-161128,3375,1,B,CR: PDSCH RMCs for Cat-M1 RRM Tests,13.4.0
2016/06,RP-72,RP-161142,3377,3,F,CR: Intra-frequency handover requirements for Cat-M1 UEs in CEModeA,13.4.0
2016/06,RP-72,RP-161142,3379,1,F,CR: UE transmit timing Requirements for Cat-M1 UEs,13.4.0
2016/06,RP-72,RP-161142,3384,,F,Removal of  conditions for intra-frequency relative RSRQ measurement accuracy requirements under operation with frame structure 3,13.4.0
2016/06,RP-72,RP-161141,3385,,F,Radio Link Monitoring Test for In-sync in DRX for PSCell,13.4.0
2016/06,RP-72,RP-161141,3393,,F,Introduction of test cases for E-UTRAN FDD-TDD and TDD-FDD DC interruption at transitions between active and non-active during DRX in synchronous DC,13.4.0
2016/06,RP-72,RP-161142,3394,,F,CR: Correction to Band 66 notes in E-UTRA band groups,13.4.0
2016/06,RP-72,RP-161141,3395,,F,New test cases: E-UTRAN TDD-FDD DC intra-frequency event triggered reporting with DRX in synchronous DC with PCell in FDD/PCell in TDD,13.4.0
2016/06,RP-72,RP-161142,3396,1,F,New test cases: Event triggered reporting on deactivated SCells and interruption probability (0.5%) without DRX (FDD 4 DL CA and TDD 4 DL CA),13.4.0
2016/06,RP-72,RP-161142,3397,1,F,New test cases: Event triggered reporting on deactivated SCells and interruption probability (0.5%) without DRX (FDD 5 DL CA and TDD 5 DL CA),13.4.0
2016/06,RP-72,RP-161134,3402,1,F,CR on measurement reference channel and OCNG with FS3,13.4.0
2016/06,RP-72,RP-161141,3404,,A,CR on minimum ProSe SCH_RP condition on FDD_F,13.4.0
2016/06,RP-72,RP-161130,3405,,F,CR on minimum ProSe SCH_RP condition on FDD_F,13.4.0
2016/06,RP-72,RP-161142,3406,,F,CR of typo in interruption requirements,13.4.0
2016/06,RP-72,RP-161141,3408,,A,Editorial CR in RSRQ test case for CA in CRS based discovery signal,13.4.0
2016/06,RP-72,RP-161141,3411,,F,CR on TDD-FDD DC Radio Link Monitoring Test for Out-of-sync,13.4.0
2016/06,RP-72,RP-161142,3418,,F,Editorial correction in RRM requirements,13.4.0
2016/06,RP-72,RP-161142,3421,1,F,Reporting criteria for LAA,13.4.0
2016/06,RP-72,RP-161142,3423,,F,Channel occupancy measurement requirements,13.4.0
2016/06,RP-72,RP-161142,3428,,F,Inter-frequency RSSI measurement requirements,13.4.0
2016/06,RP-72,RP-161134,3429,1,B,RSRP and RSRQ accuracy requirements,13.4.0
2016/06,RP-72,RP-161142,3430,,F,Editorial correction in LAA requirements,13.4.0
2016/06,RP-72,RP-161142,3432,,F,RS-SINR accuracy requirements with CA,13.4.0
2016/06,RP-72,RP-161142,3433,1,F,RS-SINR measurement requirements with CA,13.4.0
2016/06,RP-72,RP-161142,3434,,F,4 DL PCell in FDD Event triggered reporting on deactivated SCells in non-DRX # 3,13.4.0
2016/06,RP-72,RP-161142,3435,,F,4 DL PCell in TDD Event triggered reporting on deactivated SCells in non-DRX # 4,13.4.0
2016/06,RP-72,RP-161142,3436,,F,5 DL PCell in FDD Event triggered reporting on deactivated SCells in non-DRX # 1,13.4.0
2016/06,RP-72,RP-161142,3437,,F,5 DL PCell in TDD Event triggered reporting on deactivated SCells in non-DRX # 2,13.4.0
2016/06,RP-72,RP-161141,3439,,A,Correction on E-UTRAN TDD-FDD CA activation and deactivation of known/unknown SCell in non-DRX with PCell in FDD for Rel-13,13.4.0
2016/06,RP-72,RP-161141,3442,,A,CR on E-UTRAN TDD-FDD CA activation and deactivation of known SCell in non-DRX with PCell in TDD for Rel-13,13.4.0
2016/06,RP-72,RP-161141,3444,,A,CR on E-UTRAN TDD-FDD CA activation and deactivation of unknown SCell in non-DRX with PCell in TDD for Rel-13,13.4.0
2016/06,RP-72,RP-161141,3446,,A,Corrections on PDSCH RMC for UE category 0 R13,13.4.0
2016/06,RP-72,RP-161142,3450,1,F,5 DL FDD CA Event Triggered Reporting with Deactivated SCells in Non-DRX,13.4.0
2016/06,RP-72,RP-161142,3451,1,F,5 DL TDD CA Event Triggered Reporting with Deactivated SCells in Non-DRX,13.4.0
2016/06,RP-72,RP-161142,3452,1,F,4 DL FDD CA Event Triggered Reporting with 3 deactivated SCells in Non-DRX,13.4.0
2016/06,RP-72,RP-161142,3453,1,F,4 DL TDD CA Event Triggered Reporting with 3 deactivated SCells in Non-DRX,13.4.0
2016/06,RP-72,RP-161142,3455,,F,RSTD CA interruption on SCC in release 13,13.4.0
2016/06,RP-72,RP-161134,3460,1,B,CR on testing principle of Carrier Aggregation under operation with Frame 3 with Different Duplex Modes,13.4.0
2016/06,RP-72,RP-161132,3466,1,F,E-UTRAN TDD-FDD Addition and Release Delay of known PSCell in Synchronous DC with PCell in FDD,13.4.0
2016/06,RP-72,RP-161132,3467,1,F,E-UTRAN TDD-FDD Addition and Release Delay of known PSCell in Synchronous DC with PCell in TDD,13.4.0
2016/06,RP-72,RP-161142,3474,2,F,maintenance on radio link monitoring for Rel-13 MTC UE,13.4.0
2016/06,RP-72,RP-161142,3475,2,F,Maintenance on measurement requirements for Rel-13 MTC UE under normal coverage,13.4.0
2016/06,RP-72,RP-161142,3476,2,F,Maintenance on measurement requirements for Rel-13 MTC UE under CEModeB,13.4.0
2016/06,RP-72,RP-161142,3478,1,F,CR for eMTC RLM,13.4.0
2016/06,RP-72,RP-161141,3479,,F,New Test cases: E-UTRAN TDD-FDD DC inter-frequency event triggered reporting with DRX in synchronous DC with PCell in FDD/PCell in TDD,13.4.0
2016/06,RP-72,RP-161142,3483,,B,Measurement accuracy requirements for Rel-13 MTC UE,13.4.0
2016/06,RP-72,RP-161142,3484,1,F,Timing requirements for eMTC,13.4.0
2016/06,RP-72,RP-161141,3487,,A,"Physical channels undefined in RRM Test cases A.9.1.22, A.9.1.23",13.4.0
2016/06,RP-72,RP-161141,3489,,A,Cleanup of Dual Connectivity RRM Test cases,13.4.0
2016/06,RP-72,RP-161141,3494,-,A,Corrections to values for 3DL RSTD test cases,13.4.0
2016/06,RP-72,RP-161141,3497,-,A,Removal of duplicated parameter from 3DL RSTD reporting delay test cases,13.4.0
2016/06,RP-72,RP-161129,3498,2,B,2DL/2UL FDD CA activation and deactivation of known PUCCH SCell without valid TA in non-DRX,13.4.0
2016/06,RP-72,RP-161142,3502,1,F,Rx-Tx time difference reportingCR not implemented: Not based on the latest version of the spec.,13.4.0
2016/06,RP-72,RP-161141,3506,-,A,"Corrections in A.8.16.12, A.8.16.21, A.8.16.22, A.8.16.30, A.9.1.15 and A.9.1.37",13.4.0
2016/06,RP-72,RP-161141,3510,-,A,Editorial corrections,13.4.0
2016/06,RP-72,RP-161134,3512,-,B,CSI-RSRP measurement accuracy requirements,13.4.0
2016/06,RP-72,RP-161142,3515,-,F,A clarification on LAA band,13.4.0
2016/06,RP-72,RP-161142,3516,-,F,Editorial corrections for LAA,13.4.0
2016/06,RP-72,RP-161142,3519,1,F,Inter-frequency measurement requirements,13.4.0
2016/06,RP-72,RP-161128,3521,2,F,eMTC requirements with eDRX in RRC_CONNECTED,13.4.0
2016/06,RP-72,RP-161141,3526,-,F,CR on correction for section number of A.7.3.29,13.4.0
2016/06,RP-72,RP-161139,3528,-,A,CR on correction for test cases in A.8.16.17x Rel-13,13.4.0
2016/06,RP-72,RP-161142,3530,-,F,Editral correction for title in section A.8 and A.9 Rel-13,13.4.0
2016/06,RP-72,RP-161141,3533,-,F,3DL/3UL TDD CA - UE Transmit Timing Accuracy Tests for 2SCells,13.4.0
2016/06,RP-72,RP-161142,3534,1,F,Test cases for E-UTRAN DC Inter-frequency identification of a new CGI of E-UTRA cell using autonomous gaps,13.4.0
2016/06,RP-72,RP-161128,3535,1,B,UE Timing Advance Adjustment Accuracy Test for Cat-M1 UE in CEModeA,13.4.0
2016/06,RP-72,RP-161168,3536,-,F,E-UTRAN 4DL CA activation and deactivation of know SCell in non-DRX,13.4.0
2016/06,RP-72,RP-161168,3537,-,F,E-UTRAN 5DL CA activation and deactivation of know SCell in non-DRX,13.4.0
2016/06,RP-72,RP-161141,3539,-,A,PCC and SCC assignment in 20MHz+10MHz test case A.9.1.24,13.4.0
2016/06,RP-72,RP-161142,3541,1,F,Modifications on LAA SCell activation delay requirements,13.4.0
2016/06,RP-72,RP-161133,3544,1,B,Antenna connection method for RLM and RRM tests with 4RX,13.4.0
2016/06,RP-72,RP-161132,3548,1,B,Dual connectivity enhancements test case : SSTD accuracy,13.4.0
2016/06,RP-72,RP-161132,3549,-,B,Dual connectivity enhancements test case : SSTD delay with DRX,13.4.0
2016/06,RP-72,RP-161132,3550,-,B,Dual connectivity enhancements test case : SSTD delay in non DRX,13.4.0
2016/06,RP-72,RP-161142,3553,-,F,Absolute and relative RSRP accuracies in FDD 4DL CA# 3,13.4.0
2016/06,RP-72,RP-161142,3554,-,F,Absolute and relative RSRP accuracies in TDD 4DL CA# 4,13.4.0
2016/06,RP-72,RP-161142,3555,1,F,PCell in FDD: absolute and relative RSRP accuracies in TDD-FDD 5 DL CA # 1,13.4.0
2016/06,RP-72,RP-161142,3556,1,F,PCell in TDD: absolute and relative RSRP accuracies in TDD-FDD 5 DL CA # 2,13.4.0
2016/06,RP-72,RP-161142,3557,-,F,Absolute and relative RSRQ accuracies in 5 DL FDD CA # 7,13.4.0
2016/06,RP-72,RP-161142,3558,-,F,Absolute and relative RSRQ accuracies in 5 DL TDD CA # 8,13.4.0
2016/06,RP-72,RP-161141,3559,-,F,Test Case on Random Acces for 3 DL/3UL TDD CA,13.4.0
2016/06,RP-72,RP-161129,3560,1,B,SCell activation and deactivation of known PUCCH Scell in TDD CA without valid TA,13.4.0
2016/06,RP-72,RP-161142,3562,-,F,E-UTRAN-WLAN RSSI event triggered reporting in non-DRX,13.4.0
2016/06,RP-72,RP-161128,3563,1,B,CR for Cat-M1 CEMode A RLM test cases: DRX FDD,13.4.0
2016/06,RP-72,RP-161128,3564,1,B,CR for Cat-M1 CEMode A RLM test cases: DRX HD-FDD,13.4.0
2016/06,RP-72,RP-161128,3565,1,B,CR for Cat-M1 CEMode A RLM test cases: DRX TDD,13.4.0
2016/06,RP-72,RP-161132,3567,-,B,CR on activation and deactivation of known SCell for 3DL CC DC,13.4.0
2016/06,RP-72,RP-161132,3568,-,B,CR on additional test requirements for Maximum transmission timing difference for DC,13.4.0
2016/06,RP-72,RP-161142,3569,-,F,CR on TDD-FDD 4DL CA activation and deactivation of known SCell in non-DRX,13.4.0
2016/06,RP-72,RP-161142,3570,1,F,CR on TDD-FDD 5DL CA activation and deactivation of known SCell in non-DRX,13.4.0
2016/06,RP-72,RP-161142,3571,-,F,CR on TDD-FDD 4DL CA activation and deactivation of unknown SCell in non-DRX,13.4.0
2016/06,RP-72,RP-161142,3572,1,F,CR on TDD-FDD 5DL CA activation and deactivation of unknown SCell in non-DRX,13.4.0
2016/06,RP-72,RP-161126,3573,1,B,CR on RRM requirements in Section 3 for NB-IoT,13.4.0
2016/06,RP-72,RP-161126,3574,1,B,Draft CR on RRM requirements in Annex B for NB-IoT,13.4.0
2016/06,RP-72,RP-161142,3578,1,F,Editorial corrections of an incorrect note for Band 32,13.4.0
2016/06,RP-72,RP-161142,3587,1,F,Modification on intra-frequency discovery signal measurement requirements in LAA,13.4.0
2016/06,RP-72,RP-161142,3591,2,F,Modification on CA requirements in LAA,13.4.0
2016/06,RP-72,RP-161141,3596,-,A,Correction of SCE event trigged reporting test cases for CSI-RS based discovery signal R13,13.4.0
2016/06,RP-72,RP-161129,3602,1,B,2DL/2UL TDD-FDD CA (TDD PCell) activation and deactivation of known PUCCH SCell without valid TA in non-DRX,13.4.0
2016/06,RP-72,RP-161132,3603,-,B,CR: Introduction of testing principle for different combination of duplex modes DC,13.4.0
2016/06,RP-72,RP-161141,3605,-,A,CR of RLM requirement for PSCell in dual connectivity R12,13.4.0
2016/06,RP-72,RP-161132,3606,-,B,E-UTRAN FDD - FDD DC intra-frequency identification of a new CGI of E-UTRA cell using autonomous gaps in synchronous DC,13.4.0
2016/06,RP-72,RP-161132,3607,-,B,E-UTRAN FDD - FDD DC intra-frequency identification of a new CGI of E-UTRA cell using autonomous gaps in asynchronous DC,13.4.0
2016/06,RP-72,RP-161132,3608,-,B,E-UTRAN TDD - TDD DC intra-frequency identification of a new CGI of E-UTRA cell using autonomous gaps in synchronous DC,13.4.0
2016/06,RP-72,RP-161142,3609,1,F,CR on UE transmit timing requirement,13.4.0
2016/06,RP-72,RP-161142,3612,-,F,PCell in FDD: absolute and relative RSRP accuracies in FDD-TDD 4DL CA,13.4.0
2016/06,RP-72,RP-161142,3613,-,F,PCell in TDD: absolute and relative RSRP accuracies in TDD-FDD 4DL CA.,13.4.0
2016/06,RP-72,RP-161142,3614,-,F,absolute and relative RSRP accuracies in FDD 5 DL CA,13.4.0
2016/06,RP-72,RP-161142,3615,-,F,absolute and relative RSRP accuracies in TDD 5 DL CA,13.4.0
2016/06,RP-72,RP-161128,3616,1,B,E-UTRAN Intra frequency case for Cat-M1 UE in normal coverage,13.4.0
2016/06,RP-72,RP-161128,3617,1,B,E-UTRAN FDD-FDD intra-frequency event triggered reporting under fading propagation conditions for Cat-M1 UE in CEModeA,13.4.0
2016/06,RP-72,RP-161128,3618,1,B,E-UTRAN HD-FDD intra-frequency event triggered reporting under fading propagation conditions for Cat-M1 UE in CEModeA,13.4.0
2016/06,RP-72,RP-161128,3619,1,B,E-UTRAN TDD-TDD intra-frequency event triggered reporting under fading propagation conditions for Cat-M1 UE in CEModeA,13.4.0
2016/06,RP-72,RP-161128,3620,1,B,CR on RSRP Intra frequency test cases for Cat-M1 UE in CEModeA,13.4.0
2016/06,RP-72,RP-161128,3621,-,B,PRACH configuration for eMTC,13.4.0
2016/06,RP-72,RP-161142,3622,2,F,CR on eMTC eDRX,13.4.0
2016/06,RP-72,RP-161128,3629,3,B,FD-FDD Radio Link Monitoring Test for Out-of-sync for Cat-M1 UE in CEModeA,13.4.0
2016/06,RP-72,RP-161128,3630,3,B,FD-FDD Radio Link Monitoring Test for In-sync for Cat-M1 UE in CEModeA,13.4.0
2016/06,RP-72,RP-161128,3631,3,B,HD-FDD Radio Link Monitoring Test for Out-of-sync for Cat-M1 UE in CEModeA:CR Not implemented as there are no track changes,13.4.0
2016/06,RP-72,RP-161128,3632,3,B,HD-FDD Radio Link Monitoring Test for In-sync for Cat-M1 UE in CEModeA,13.4.0
2016/06,RP-72,RP-161128,3633,3,B,TDD Radio Link Monitoring Test for Out-of-sync for Cat-M1 UE in CEModeA,13.4.0
2016/06,RP-72,RP-161128,3634,3,B,TDD Radio Link Monitoring Test for In-sync for Cat-M1 UE in CEModeA,13.4.0
2016/06,RP-72,RP-161132,3636,1,B,E-UTRAN FDD-FDD DC event triggered reporting under deactivated SCell with PCell and PSCell interruption in non-DRX in synchronous DC,13.4.0
2016/06,RP-72,RP-161132,3637,1,B,E-UTRAN FDD-FDD DC event triggered reporting under deactivated SCell with PCell and PSCell interruption in non-DRX in asynchronous DC,13.4.0
2016/06,RP-72,RP-161126,3638,1,B,Uplink transmit timing adjustments in HD-FDD operation,13.4.0
2016/06,RP-72,RP-161132,3639,1,B,E-UTRAN TDD-TDD DC event triggered reporting under deactivated SCell with PCell and PSCell interruption in non-DRX in synchronous DC,13.4.0
2016/06,RP-72,RP-161142,3640,1,F,4 DL CA PCell in FDD FDD-TDD RSRQ for E-UTRAN in Carrier Aggregation,13.4.0
2016/06,RP-72,RP-161142,3641,2,F,4 DL CA PCell in TDD TDD-FDD RSRQ for E-UTRAN in Carrier Aggregation,13.4.0
2016/06,RP-72,RP-161142,3642,2,F,5 DL PCell in FDD RSRQ for E-UTRAN in Carrier Aggregation,13.4.0
2016/06,RP-72,RP-161142,3643,2,F,5 DL PCell in TDD RSRQ for E-UTRAN in Carrier Aggregation,13.4.0
2016/06,RP-72,RP-161129,3644,1,B,2DL/2UL TDD-FDD CA (FDD PCell) activation and deactivation of known PUCCH SCell without valid TA in non-DRX,13.4.0
2016/06,RP-72,RP-161142,3647,2,F,CR: RRC re-establishment requirements for Cat-M1 UEs,13.4.0
2016/06,RP-72,RP-161128,3648,1,B,CR: Cat-M1 PRACH test cases for FDD in CEModeA,13.4.0
2016/06,RP-72,RP-161128,3649,1,B,CR: Cat-M1 PRACH test cases for HD-FDD in CEModeA,13.4.0
2016/06,RP-72,RP-161128,3650,1,B,CR: Cat-M1 PRACH test cases for TDD in CEModeA,13.4.0
2016/06,RP-72,RP-161128,3651,1,B,CR: Cat-M1 Intra-frequency handover test cases for CEModeA,13.4.0
2016/06,RP-72,RP-161142,3653,1,B,UE transmit timing test for eMTC UEs in CEModeA,13.4.0
2016/06,RP-72,RP-161128,3654,1,B,RRC Re-establishment test for eMTC UEs in CEModeA,13.4.0
2016/06,RP-72,RP-161142,3655,1,F,Defining of ProSe periodicity for ProSe inter-frequency and CA operation,13.4.0
2016/06,RP-72,RP-161141,3657,-,F,Editorial corrections in Rel-12 Cat-0 requirements,13.4.0
2016/06,RP-72,RP-161126,3659,2,B,Draft CR on RRC_IDLE state requirements for NB-IOT,13.4.0
2016/06,RP-72,RP-161168,3664,-,F,E-UTRAN 4DL CA activation and deactivation for unknown SCells without DRX,13.4.0
2016/06,RP-72,RP-161168,3665,-,F,E-UTRAN 5DL CA activation and deactivation of unknown SCell in non-DRX,13.4.0
2016/06,RP-72,RP-161142,3666,1,F,CR: Intra-frequency handover requirements for Cat-M1 UEs in CEModeB,13.4.0
2016/06,RP-72,RP-161126,3667,-,B,Modification on RRC re-establishment requirement for NB-IoT,13.4.0
2016/06,RP-72,RP-161126,3668,-,B,Modification for random access requirement for NB-IoT,13.4.0
2016/06,RP-72,RP-161126,3669,-,B,Intra-frequency Absolute NRSRP Accuracy for UE Category NB1 in Normal Mode,13.4.0
2016/06,RP-72,RP-161126,3670,-,B,Intra-frequency Absolute NRSRP Accuracy for UE Category NB1 in Enhanced Mode,13.4.0
2016/06,RP-72,RP-161126,3671,-,B,Intra-frequency Absolute NRSRQ Accuracy for UE Category NB1 in Normal Mode,13.4.0
2016/06,RP-72,RP-161126,3672,-,B,Intra-frequency Absolute NRSRQ Accuracy for UE Category NB1 in Enhanced Mode,13.4.0
2016/06,RP-72,RP-161126,3673,-,B,Inter-frequency Absolute NRSRP Accuracy for UE Category NB1 in Normal Mode,13.4.0
2016/06,RP-72,RP-161126,3674,-,B,Inter-frequency Absolute NRSRP Accuracy for UE Category NB1 in Enhanced Mode,13.4.0
2016/06,RP-72,RP-161126,3675,1,B,CR on measurement requirement in RRC_CONNECTED state for NB-IoT,13.4.0
2016/06,RP-72,RP-161126,3676,-,B,CR on Radio Link Monitoring for NB-IoT,13.4.0
2016/06,RP-72,RP-161125,3495,-,B,Introduction of Band 70 to 36.133,14.0.0
2016/06,RP-72,RP-161124,3579,1,B,Introduction of 2.6GHz SDL,14.0.0
2016/09,RP-73,RP-161634,3679,-,A,"Duration of T3 in RRM 3DL Test cases A.8.16.31, A.8.16.32, A.8.16.33, A.8.16.34.",14.1.0
2016/09,RP-73,RP-161640,3681,-,A,"Duration of T3 in RRM 4DL/5DL Test cases A.8.16.55, A.8.16.56, A.8.16.73, A.8.16.74.",14.1.0
2016/09,RP-73,RP-161613,3683,-,A,Square bracket removal for RLM antenna connection for 4 Rx capable UEs,14.1.0
2016/09,RP-73,RP-161614,3685,-,A,LAA channel occupancy test,14.1.0
2016/09,RP-73,RP-161783,3687,-,A,LBT model for LAA RRM tests,14.1.0
2016/09,RP-73,RP-161614,3689,-,A,LAA Average RSSI accuracy test,14.1.0
2016/09,RP-73,RP-161619,3690,1,B,Higher resolution RSTD measurement report mapping,14.1.0
2016/09,RP-73,RP-161616,3691,2,B,eLAA RRM requirements,14.1.0
2016/09,RP-73,RP-161612,3695,-,A,Intra-frequency FDD test cases for RS-SINR,14.1.0
2016/09,RP-73,RP-161612,3697,-,A,Intra-frequency TDD test cases for RS-SINR,14.1.0
2016/09,RP-73,RP-161638,3699,-,A,Applicability of intra-frequency maximum measurement time requirements,14.1.0
2016/09,RP-73,RP-161638,3703,-,A,Known cell requirements,14.1.0
2016/09,RP-73,RP-161783,3705,-,A,Channel occupancy accuracy requirements,14.1.0
2016/09,RP-73,RP-161780,3707,-,A,CR: Reference NPRACH Configuration for NB-IoT RRM test cases,14.1.0
2016/09,RP-73,RP-161637,3709,-,A,CR: Corrections on Section 4.6 “Cell Selection and Re-selection Requirements for UE category NB1,14.1.0
2016/09,RP-73,RP-161639,3715,-,A,CR: Correction of E-CID RSRP measurement requirements for Cat-M1 UEs,14.1.0
2016/09,RP-73,RP-161610,3717,-,A,CR: OCNG patterns for Cat-M1 RRM Tests,14.1.0
2016/09,RP-73,RP-161610,3719,-,A,CR: Correction of Cat-M1 Intra-frequency handover test cases for CEModeA,14.1.0
2016/09,RP-73,RP-161610,3721,-,A,CR: Correction of Transmit Timing Accuracy Tests for Cat-M1 UE in CEModeA,14.1.0
2016/09,RP-73,RP-161782,3725,-,A,CR: Cat-M1 PRACH test cases for FDD in Enhanced Coverage,14.1.0
2016/09,RP-73,RP-161782,3727,-,A,CR: Cat-M1 PRACH test cases for HD-FDD in Enhanced Coverage,14.1.0
2016/09,RP-73,RP-161782,3729,-,A,CR: Cat-M1 PRACH test cases for TDD in Enhanced Coverage,14.1.0
2016/09,RP-73,RP-161612,3740,-,A,CR on RS-SINR TDD-FDD inter-frequency accuracy test case,14.1.0
2016/09,RP-73,RP-161612,3741,-,A,CR on RS-SINR FDD-TDD inter-frequency accuracy test case,14.1.0
2016/09,RP-73,RP-161612,3743,-,A,CR on RS-SINR measurement accuracy requirements,14.1.0
2016/09,RP-73,RP-161617,3744,1,B,CR of core requirements for V2V service,14.1.0
2016/09,RP-73,RP-161783,3751,-,A,CR of FDD intrafrequency absolute and relative RSRP accuracy test for SCell with FS3,14.1.0
2016/09,RP-73,RP-161783,3752,-,A,CR of TDD intrafrequency absolute and relative RSRP accuracy test for SCell with FS3,14.1.0
2016/09,RP-73,RP-161783,3753,-,A,CR of FDD intrafrequency RSRQ meaurement accuracy test for SCell with FS3,14.1.0
2016/09,RP-73,RP-161783,3754,-,A,CR of TDD intrafrequency RSRQ meaurement accuracy test for SCell with FS3,14.1.0
2016/09,RP-73,RP-161627,3755,-,F,CR of Applicability of requirements for xDL2UL CA,14.1.0
2016/09,RP-73,RP-161781,3757,-,A,CR for Cat-M1 CEMode A RLM test cases: DRX FDD,14.1.0
2016/09,RP-73,RP-161781,3759,-,A,CR for Cat-M1 CEMode A RLM test cases: DRX HD-FDD,14.1.0
2016/09,RP-73,RP-161781,3761,-,A,CR for Cat-M1 CEMode A RLM test cases: DRX TDD,14.1.0
2016/09,RP-73,RP-161640,3767,-,A,CR on modification on report mapping of TADV measurement in TS36.133 for Rel-14,14.1.0
2016/09,RP-73,RP-161636,3769,-,A,Editing change in TS36.133 for Rel-14,14.1.0
2016/09,RP-73,RP-161614,3771,-,A,LAA SCell activation and deactivation for known SCells without DRX,14.1.0
2016/09,RP-73,RP-161783,3773,-,A,Event triggered reporting on LAA deactivated SCells and interruption probability (0.5%) without DRX,14.1.0
2016/09,RP-73,RP-161631,3785,-,A,Correction to RSTD Test Cases for 1.4 MHz,14.1.0
2016/09,RP-73,RP-161635,3787,-,F,Correction to Band 66 notes in E-UTRA band groups in Rel-14,14.1.0
2016/09,RP-73,RP-161609,3791,-,A,RMCs for NPDSCH and NPDCCH for in-band for NB-IoT test cases,14.1.0
2016/09,RP-73,RP-161634,3804,-,A,Resolving TBDs in HD-FDD RLM test-cases for Rel-12 category 0 UEs,14.1.0
2016/09,RP-73,RP-161610,3806,-,A,E-UTRAN UE Transmit Timing Accuracy Tests for Cat-M1 UE in CEModeB,14.1.0
2016/09,RP-73,RP-161610,3811,-,A,RRC Re-establishment test for eMTC UEs in CEModeB,14.1.0
2016/09,RP-73,RP-161635,3828,-,A,Correction to DL RMCs for Cell1 in A 8.16.25,14.1.0
2016/09,RP-73,RP-161612,3832,-,A,CR on FDD-FDD inter-frequency RS-SINR accuracy test case R14,14.1.0
2016/09,RP-73,RP-161612,3834,-,A,CR on TDD-TDD inter-frequency RS-SINR accuracy test case R14,14.1.0
2016/09,RP-73,RP-161638,3838,-,A,Difinition and abbreviation of frame structure 3,14.1.0
2016/09,RP-73,RP-161638,3840,-,A,Editorial correction on LAA measurement requirements,14.1.0
2016/09,RP-73,RP-161614,3842,-,A,Intra-frequency event triggered reporting under fading propagation conditions in synchronous cells in non-DRX based on CRS under Operation with Frame Structure 3,14.1.0
2016/09,RP-73,RP-161614,3844,-,A,Intra-frequency event triggered reporting under fading propagation conditions in synchronous cells in DRX based on CRS under Operation with Frame Structure 3,14.1.0
2016/09,RP-73,RP-161638,3846,-,A,CR on inter-frequency infinite measurement in LAA R14,14.1.0
2016/09,RP-73,RP-161638,3848,-,A,Correction on discovery signal conditions in LAA R14,14.1.0
2016/09,RP-73,RP-161616,3849,1,B,CR on RACH in eLAA,14.1.0
2016/09,RP-73,RP-161785,3854,-,A,Modification on inter-frequency CSI-RS related test cases R14,14.1.0
2016/09,RP-73,RP-161785,3857,-,A,Modification on CSI-RS related CA test cases R14,14.1.0
2016/09,RP-73,RP-161785,3860,-,A,Correction on discovery signal conditions for SCE R14,14.1.0
2016/09,RP-73,RP-161785,3863,-,A,Correction of Band group for TDD SCE test R14,14.1.0
2016/09,RP-73,RP-161785,3866,-,A,Correction on accuracy test cases for CRS based measurement R14,14.1.0
2016/09,RP-73,RP-161610,3868,-,A,E-UTRAN Intra frequency case for Cat-M1 UE in enhanced coverage R14,14.1.0
2016/09,RP-73,RP-161610,3870,-,A,E-UTRAN FDD-FDD intra-frequency event triggered reporting under fading propagation conditions for Cat-M1 UE in CEModeB R14,14.1.0
2016/09,RP-73,RP-161610,3872,-,A,E-UTRAN HD-FDD intra-frequency event triggered reporting under fading propagation conditions for Cat-M1 UE in CEModeB R14,14.1.0
2016/09,RP-73,RP-161610,3874,-,A,E-UTRAN TDD-TDD intra-frequency event triggered reporting under fading propagation conditions for Cat-M1 UE in CEModeB R14,14.1.0
2016/09,RP-73,RP-161610,3876,-,A,RSRP Intra frequency case for Cat-M1 UE in CEModeB R14,14.1.0
2016/09,RP-73,RP-161782,3878,-,A,CR on PRACH configuration reference R14,14.1.0
2016/09,RP-73,RP-161639,3884,-,A,CR on eMTC maintenance R14,14.1.0
2016/09,RP-73,RP-161639,3886,-,A,CGI requirement for eMTC R14,14.1.0
2016/09,RP-73,RP-161639,3890,-,A,Correction on UE Category M1 measurement requirement R14,14.1.0
2016/09,RP-73,RP-161637,3892,-,A,CR for NB-IoT RRC re-establishment R14,14.1.0
2016/09,RP-73,RP-161637,3900,-,A,Modification on requirement of measurement in RRC_CONNECTED for NB-IoT R14,14.1.0
2016/09,RP-73,RP-161637,3904,-,A,CR for Conditions on NSCH Ês/Iot of identified and of the neighbour cell R14,14.1.0
2016/09,RP-73,RP-161780,3906,-,A,CR for OCNG pattern for NB-IoT standalone operation R14,14.1.0
2016/09,RP-73,RP-161609,3908,1,A,HD-FDD Intra-frequency RRC Re-establishment for UE category NB1 under normal coverage R14,14.1.0
2016/09,RP-73,RP-161609,3910,1,A,HD-FDD Inter-frequency RRC Re-establishment for UE category NB1 under enhanced coverage R14,14.1.0
2016/09,RP-73,RP-161609,3914,-,A,CR: RMCs for NPDCCH RMCs for standalone and guard band NB-IoT test cases R14,14.1.0
2016/09,RP-73,RP-161609,3915,-,A,CR: RMCs for NPDCCH RMCs for standalone and guard band NB-IoT test cases R14,14.1.0
2016/09,RP-73,RP-161780,3916,-,A,CR of OCNG pattern for guard band for NB-IoT test cases R14,14.1.0
2016/09,RP-73,RP-161609,3918,-,A,Introduce inter-frequency NRSRQ measurement accuracy requirement R14,14.1.0
2016/09,RP-73,RP-161609,3920,-,A,Modification on Conditions for NB-IoT inter-frequency Accuracy Requirements for UE Category NB1 R14,14.1.0
2016/09,RP-73,RP-161784,3923,-,A,CR of test principle for DC test cases with different bandwidth combinations R14,14.1.0
2016/09,RP-73,RP-161780,3926,1,A,CR OCNG pattern for in-band RRM tests,14.1.0
2016/09,RP-73,RP-161634,3930,-,A,CR for correction to some parameters in D2D RRM tests,14.1.0
2016/09,RP-73,RP-161614,3934,-,A,Inter-frequency event triggered reporting,14.1.0
2016/09,RP-73,RP-161614,3935,1,A,Intra-frequency absolute and relative CSI-RSRP accuracies for SCell with FS3,14.1.0
2016/09,RP-73,RP-161616,3937,1,B,Clarification for TAGs with FS3 cells,14.1.0
2016/09,RP-73,RP-161609,3945,-,A,E-UTRAN UE Timing Advance Adjustment Accuracy Test for NB-IoT UE in Enhanced Coverage,14.1.0
2016/09,RP-73,RP-161781,3947,-,A,HD-FDD Radio Link Monitoring Test for Out-of-sync for Cat-M1 UE in CEModeA,14.1.0
2016/09,RP-73,RP-161781,3858,-,A,Corrections on FD-FDD Radio Link Monitoring Test for Out-of-sync for Cat-M1 UE in CEModeA,14.1.0
2016/09,RP-73,RP-161781,3960,-,A,Corrections on FD-FDD Radio Link Monitoring Test for In-sync for Cat-M1 UE in CEModeA,14.1.0
2016/09,RP-73,RP-161781,3962,-,A,Corrections on HD-FDD Radio Link Monitoring Test for In-sync for Cat-M1 UE in CEModeA,14.1.0
2016/09,RP-73,RP-161781,3964,-,A,Corrections on TDD Radio Link Monitoring Test for Out-of-sync for Cat-M1 UE in CEModeA,14.1.0
2016/09,RP-73,RP-161781,3966,-,A,Corrections on TDD Radio Link Monitoring Test for In-sync for Cat-M1 UE in CEModeA,14.1.0
2016/09,RP-73,RP-161637,3969,-,A,Correction CR on UE Measurement Capability for NB-IOT,14.1.0
2016/09,RP-73,RP-161637,3972,-,A,Correction to Radio Link Monitoring Requirements for NB-IoT,14.1.0
2016/09,RP-73,RP-161609,3973,-,A,Power headroom reporting requirements,14.1.0
2016/09,RP-73,RP-161611,3974,-,A,CR on eD2D RRM tests,14.1.0
2016/12,RP-74,RP-162430,3979,-,A,Correction of RRC re-establishment delay for eMTC,14.2.0
2016/12,RP-74,RP-162430,3980,2,A,Correction of transmit timing for category M1,14.2.0
2016/12,RP-74,RP-162384,3990,-,A,UE Timing Advance Adjustment Accuracy Test for Cat-M1 UE in CEModeB,14.2.0
2016/12,RP-74,RP-162423,3997,1,A,Corrections to Antenna connection for 4 Rx capable UEs,14.2.0
2016/12,RP-74,RP-162458,4001,-,A,Corrections on inter-frequency measurement test cases for IncMon in R14,14.2.0
2016/12,RP-74,RP-162424,4006,-,A,Corrections on DC measurements test cases R14,14.2.0
2016/12,RP-74,RP-162424,4008,-,A,Corrections on DC test cases for measurements with autonomous gaps R14,14.2.0
2016/12,RP-74,RP-162385,4010,1,A,Corrections on RLM test cases for Cat-M1 UE in R14,14.2.0
2016/12,RP-74,RP-162433,4017,-,A,CR on RRC re-establishment RRM requirement R14,14.2.0
2016/12,RP-74,RP-162435,4015,-,A,Introduce test requirements for E-UTRAN TDD - TDD Intra frequency handover for UE category 0 R14,14.2.0
2016/12,RP-74,RP-162426,4027,-,A,CR on eDRX maintenance R14,14.2.0
2016/12,RP-74,RP-162431,4029,-,A,CR on TDD CEModeB measurement requirement R14,14.2.0
2016/12,RP-74,RP-162431,4031,-,A,CR on eMTC maintenance R14,14.2.0
2016/12,RP-74,RP-162459,4043,-,A,Correction on the test cases of autonomous gaps in R14,14.2.0
2016/12,RP-74,RP-162387,4071,1,B,eLAA RRM requirements,14.2.0
2016/12,RP-74,RP-162384,4083,-,A,CR: Cat-M1 Editoral Corrections,14.2.0
2016/12,RP-74,RP-162385,4098,1,F,Correction to RRC reestablishment test case in CE mode A,14.2.0
2016/12,RP-74,RP-162385,4102,1,F,Correction to transmit timing accuracy test case in CE mode A,14.2.0
2016/12,RP-74,RP-162430,4104,2,A,Modification to Handover Delay in CE ModeA,14.2.0
2016/12,RP-74,RP-162430,4108,1,A,Modification to Handover Delay in CE ModeB,14.2.0
2016/12,RP-74,RP-162434,4112,1,F,Corrections on NPDCCH  transmission parameters,14.2.0
2016/12,RP-74,RP-162429,4116,-,A,CR on finalization of RS-SINR measurement accuracy requirements,14.2.0
2016/12,RP-74,RP-162428,4123,-,A,Correction on the discovery signal measurements under FS3 R14,14.2.0
2016/12,RP-74,RP-162428,4125,-,A,Editorial correction on the measurement applicability in LAA R14,14.2.0
2016/12,RP-74,RP-162416,4128,-,A,"Corrections to 3DL CA Event triggered reporting Test cases A.8.16.29, A.8.16.30",14.2.0
2016/12,RP-74,RP-162459,4134,-,A,CR on CSI-RS based measurement conditions R14,14.2.0
2016/12,RP-74,RP-162432,4144,-,A,Correction to levels in LTE-WLAN RRM test,14.2.0
2016/12,RP-74,RP-162431,4148,-,A,Correction to RRC re-establishment requirements in eMTC,14.2.0
2016/12,RP-74,RP-162431,4150,-,A,Requirements for RRC Connection Release with Redirection in eMTC,14.2.0
2016/12,RP-74,RP-162434,4152,-,A,Requirements for redirection to non-amchor carrier,14.2.0
2016/12,RP-74,RP-162434,4158,-,A,CR on PTW length in cell reselection requirement for NB-IoT,14.2.0
2016/12,RP-74,RP-162385,4160,-,A,CR for Cat-M1 CEMode A RLM DRX test cases,14.2.0
2016/12,RP-74,RP-162424,4161,-,A,Modifications on SSTD measurement reporting,14.2.0
2016/12,RP-74,RP-162384,4163,1,A,CR on cell re-selection test case for Cat-M1 in normal coverage,14.2.0
2016/12,RP-74,RP-162382,4167,1,A,CR on RRC re-establishment test case for Cat-M1 in CE Mode A,14.2.0
2016/12,RP-74,RP-162382,4169,-,A,CR on RRC re-establishment test case for Cat-M1 in CE Mode B,14.2.0
2016/12,RP-74,RP-162433,4170,-,A,Correction of transmit timing for NB-IoT,14.2.0
2016/12,RP-74,RP-162415,4175,-,A,PCC and SCC assignment in 20MHz+10MHz test case A.8.20.2B and A.9.2.27,14.2.0
2016/12,RP-74,RP-162418,4178,-,A,Remove redundant requirement for Intra-frequency relative CSI-RSRP,14.2.0
2016/12,RP-74,RP-162420,4181,-,A,"Correct InformationBitPayload for Sub-Frame 1, 6 and Max T-put of TDD PDSCH RMC",14.2.0
2016/12,RP-74,RP-162382,4185,-,A,"Correction to Es/Noc, Es/Iot and RSRP values in Idle mode re-selection test in normal coverage",14.2.0
2016/12,RP-74,RP-162382,4187,-,A,Corrections to rsrp-ThresholdsPrach and test requirement in Random Access Test in enhanced coverage,14.2.0
2016/12,RP-74,RP-162405,4194,-,B,Introduction of Band 48 to 36.133,14.2.0
2016/12,RP-74,RP-162435,4198,-,A,4 DL CA PCell in FDD FDD-TDD RSRQ for E-UTRAN in Carrier Aggregation,14.2.0
2016/12,RP-74,RP-162435,4200,-,A,4 DL CA PCell in TDD TDD-FDD RSRQ for E-UTRAN in Carrier Aggregation,14.2.0
2016/12,RP-74,RP-162435,4204,-,A,5 DL PCell in TDD RSRQ for E-UTRAN in Carrier Aggregation,14.2.0
2016/12,RP-74,RP-162379,4206,-,A,Clarification to applicability of NRSRQ for UE category NB1,14.2.0
2016/12,RP-74,RP-162433,4208,-,A,Introducing agreed measurement period for NB IoT connected mode,14.2.0
2016/12,RP-74,RP-162456,4210,2,A,Introducing agreed measurement accuracy for NB IoT,14.2.0
2016/12,RP-74,RP-162388,4217,2,B,CR for RRM requirements  in idle mode  for high speed conditions,14.2.0
2016/12,RP-74,RP-162382,4221,-,A,CR: E-UTRAN FDD-FDD Intra frequency handover for Cat-M1 UEs in CEModeB (Rel-14),14.2.0
2016/12,RP-74,RP-162382,4223,-,A,CR: E-UTRAN HD-FDD Intra frequency handover for Cat-M1 UEs in CEModeB (Rel-14),14.2.0
2016/12,RP-74,RP-162382,4225,-,A,CR: E-UTRAN TDD-TDD Intra frequency handover for Cat-M1 UEs in CEModeB (Rel-14),14.2.0
2016/12,RP-74,RP-162391,4228,2,B,CR to introduce handover requirements for mobility enhancement,14.2.0
2016/12,RP-74,RP-162409,4229,1,F,CR on reliability of GNSS,14.2.0
2016/12,RP-74,RP-162386,4232,1,A,CR for Inter-frequency event triggered reporting,14.2.0
2016/12,RP-74,RP-162379,4237,-,A,CR on UE Transmit Timing Accuracy Tests for NB-IoT UE,14.2.0
2016/12,RP-74,RP-162379,4239,-,A,CR for PHR requirement for NB-IoT R14,14.2.0
2016/12,RP-74,RP-162379,4241,-,A,CR for NPDCCH RMC R14,14.2.0
2016/12,RP-74,RP-162380,4243,-,A,CR for NPDSCH RMC R14,14.2.0
2016/12,RP-74,RP-162456,4245,1,F,CR on test parameter for RRC re-establishment R14,14.2.0
2016/12,RP-74,RP-162380,4246,-,F,CR on NB-IoT measurement conditions R14,14.2.0
2016/12,RP-74,RP-162380,4248,-,A,HD-FDD radio Link Monitoring Test for Out-of-sync in DRX for UE category NB1 under normal coverage R14,14.2.0
2016/12,RP-74,RP-162380,4250,-,A,HD-FDD radio Link Monitoring Test for Out-of-sync in DRX for UE category NB1 under enhanced coverage R14,14.2.0
2016/12,RP-74,RP-162382,4252,-,A,Correction on test parameter in RSRP Intra frequency case for Cat-M1 UE in CE mode A R14,14.2.0
2016/12,RP-74,RP-162382,4254,-,A,Correction on test parameter in RSRP Intra frequency case for Cat-M1 UE in CE mode B R14,14.2.0
2016/12,RP-74,RP-162382,4256,-,A,Introduce RSRP accuracy test case for Band 31 for Cat-M1 UE R14,14.2.0
2016/12,RP-74,RP-162383,4258,-,A,Introduce 5MHz Bandwidth MPDCCH Reference Channel for Cat-M1 UE R14,14.2.0
2016/12,RP-74,RP-162383,4260,-,A,Introduce 5MHz Bandwidth MPDSCH Reference Channel for Cat-M1 UE R14,14.2.0
2016/12,RP-74,RP-162383,4262,-,A,Introduce 5MHz Bandwidth OCNG for Cat-M1 UE R14,14.2.0
2016/12,RP-74,RP-162433,4264,-,A,CR on RRC re-establishment RRM requirement R14,14.2.0
2016/12,RP-74,RP-162433,4266,-,A,CR on paging interruption for NB-IoT R14,14.2.0
2016/12,RP-74,RP-162430,4270,-,A,CR on CGI reading of eMTC R14,14.2.0
2016/12,RP-74,RP-162430,4272,-,A,CR on handover of eMTC R14,14.2.0
2016/12,RP-74,RP-162383,4280,-,A,CR on modification of cell reselection test case R14,14.2.0
2016/12,RP-74,RP-162420,4288,-,A,Corrections on DC interruption test cases R14,14.2.0
2016/12,RP-74,RP-162388,4291,1,B,CR on the enhanced RRM requirements in connected mode under high speed scenario,14.2.0
2016/12,RP-74,RP-162392,4293,3,B,CR on interruption requirements in SRS switching,14.2.0
2016/12,RP-74,RP-162418,4299,-,A,Correction on SCE test cases R14,14.2.0
2016/12,RP-74,RP-162420,4302,-,A,Correction on the test cases of RSTD Mesaurement in R14,14.2.0
2016/12,RP-74,RP-162420,4305,-,A,Corrections on the test cases of UE measurement procedures and measurement performance requirements in R14,14.2.0
2016/12,RP-74,RP-162383,4309,1,A,SI reading tests for eMTC UEs in CEModeB,14.2.0
2016/12,RP-74,RP-162456,4315,1,A,RLM in-sync test DRX under enhanced coverage,14.2.0
2016/12,RP-74,RP-162456,4316,1,A,RLM in-sync test with DRX under normal coverage,14.2.0
2016/12,RP-74,RP-162456,4319,1,A,Intra-frequency cell reselection under normal coverage for NB-IOT,14.2.0
2016/12,RP-74,RP-162383,4321,1,A,Applicability rule for eMTC test cases in CEModeA and CEModeB,14.2.0
2016/12,RP-74,RP-162387,4343,1,F,eLAA requirements corrections,14.2.0
2016/12,RP-74,RP-162420,4348,-,A,RRM: Correction to TCs A.7.1.7A and A.7.1.7B (Rel-14),14.2.0
201/6/12,RP-74,RP-162383,4352,-,A,Correction to the handover test case in CE mode A,14.2.0
2016/12,RP-74,RP-162414,4354,-,A,PCFICH/PDCCH/PHICH Reference channel in UE Cat 0 new CGI RRM test cases,14.2.0
2016/12,RP-74,RP-162392,4355,1,B,Requirements with SRS carrier based switching,14.2.0
2016/12,RP-74,RP-162417,4358,-,A,Correction to RRM tests on dual connectivity,14.2.0
2016/12,RP-74,RP-162430,4361,-,A,Correction of paging interruption for eMTC,14.2.0
2016/12,RP-74,RP-162380,4362,1,A,CR on RLM in-sync test without DRX under normal coverage,14.2.0
2016/12,RP-74,RP-162380,4364,1,A,CR on RLM in-sync test without DRX under enhanced coverage,14.2.0
2016/12,RP-74,RP-162392,4365,1,F,Correction on random access requirement for SRS switching,14.2.0
2016/12,RP-74,RP-162407,4366,-,B,Introduction of new bands for NB-IoT in 36.133,14.2.0
2017/03,RP-75,RP-170595,4368,,A,Correction to transmit timing accuracy test case in Cat-m1 CE mode B,14.3.0
2017/03,RP-75,RP-170596,4372,,A,Correction to the intra-frequency reselection requirements in Cat-m1 enhanced coverage,14.3.0
2017/03,RP-75,RP-170595,4374,,A,Correction to intra-frequency handover test case in CE mode B,14.3.0
2017/03,RP-75,RP-170595,4376,,A,Correction to intra-frequency handover test case in CE mode A,14.3.0
2017/03,RP-75,RP-170597,4378,,A,Modification the intra-frequency event triggered reporting test cases in Cat-m1 CE mode B,14.3.0
2017/03,RP-75,RP-170596,4380,,A,Correction to the CGI requirement test case in Cat-M1,14.3.0
2017/03,RP-75,RP-170597,4382,,A,Editorial correction to the CGI requirements,14.3.0
2017/03,RP-75,RP-170596,4384,,A,Correction to payload sizes in reference channels for Cat-m1,14.3.0
2017/03,RP-75,RP-170598,4388,1,F,CR Update to Radio Link Monitoring Requirements for NB-IoT,14.3.0
2017/03,RP-75,RP-170598,4390,,A,Correction CR on RRC_IDLE state requirements for NB-IOT,14.3.0
2017/03,RP-75,RP-170563,4391,2,B,CR for RRM core requirement for Cat.1 UE with single receiver chain (Part 1),14.3.0
2017/03,RP-75,RP-170563,4392,1,B,CR for RRM core requirement for Cat.1 UE with single receiver chain (Part 2),14.3.0
2017/03,RP-75,RP-170596,4395,,A,Correction to prach-ConfigIndex for TDD Random Access Test for Cat-M1,14.3.0
2017/03,RP-75,RP-170596,4399,,A,Corrections to UE Cat M1 Intra-frequency Event triggered Reporting CE Mode A Test Cases,14.3.0
2017/03,RP-75,RP-170588,4401,,A,Correct 4DL Act-deact Unknown SCell Test Cases A.8.16.63 and A.8.16.64,14.3.0
2017/03,RP-75,RP-170600,4403,,A,Correct parameters for UE Category NB1 Reselection Test Case A.4.2.18,14.3.0
2017/03,RP-75,RP-170595,4405,,A,Correct Frequency hopping parameters for UE Cat M1 PDSCH Reference channel,14.3.0
2017/03,RP-75,RP-170596,4407,,A,Correction to OCNG pattern for CatM1 FD-FDD and HD-FDD re-establishment TCs,14.3.0
2017/03,RP-75,RP-170596,4420,,A,Corrections to UE Cat M1 Intra-frequency Event triggered Reporting CE Mode B Test Cases,14.3.0
2017/03,RP-75,RP-170597,4424,,A,RRM: Corrections to eMTC PRACH TC A.6.2.10 and A.6.2.11 (Rel-14),14.3.0
2017/03,RP-75,RP-170559,4428,1,B,CR on Initiation/Cease of SLSS Transmissions,14.3.0
2017/03,RP-75,RP-170559,4430,2,B,CR on Autonomous Resource Selection/Reselection measurements,14.3.0
2017/03,RP-75,RP-170559,4431,1,B,CR on PSSCH-RSRP measurement accuracy requirement,14.3.0
2017/03,RP-75,RP-170559,4432,1,B,CR on Intra-Frequency S-RSRP Measurement Accuracy Requirements,14.3.0
2017/03,RP-75,RP-170559,4433,1,B,CR on Side conditions for V2X measurements,14.3.0
2017/03,RP-75,RP-170596,4437,,A,CR on initial PRACH transmit power in RA test for Cat-M1 CEMode B R14,14.3.0
2017/03,RP-75,RP-170554,4438,2,B,CR to introduce test case for V2V interruption,14.3.0
2017/03,RP-75,RP-170560,4439,1,B,CR on feMTC measurement requirements section 4,14.3.0
2017/03,RP-75,RP-170579,4443,,F,CR on HST connected mode measurement requirement,14.3.0
2017/03,RP-75,RP-170557,4444,,F,CR to finalize handover requirements for further mobility enhancement,14.3.0
2017/03,RP-75,RP-170594,4448,,A,Correction to core requirement of RRC re-establishment in Cat-m1,14.3.0
2017/03,RP-75,RP-170594,4450,,A,Correction to core requirement of Handover in Cat-m1,14.3.0
2017/03,RP-75,RP-170597,4452,1,A,Removing square brackets from RLM test case in Cat-m1,14.3.0
2017/03,RP-75,RP-170554,4459,1,B,CR on UE transmission timing accuracy test for V2V,14.3.0
2017/03,RP-75,RP-170559,4460,2,B,CR on interruption requirements for V2X,14.3.0
2017/03,RP-75,RP-170559,4461,2,B,CR on Selection / Reselection of Synchronization Reference for V2X,14.3.0
2017/03,RP-75,RP-170559,4462,1,B,CR on S-RSSI measurement accuracy requirement for V2X,14.3.0
2017/03,RP-75,RP-170559,4463,1,B,CR on Congestion Control Measurements Requirements for V2X,14.3.0
2017/03,RP-75,RP-170577,4464,1,B,CR on Introducing inter-cell synchronization requirements for MBMS R14,14.3.0
2017/03,RP-75,RP-170600,4466,,A,CR on RRC re-establishment test case R14,14.3.0
2017/03,RP-75,RP-170601,4472,,A,Remove square brackets in NB-IoT performance requirement R14,14.3.0
2017/03,RP-75,RP-170581,4477,,A,Correction on test parameter in RSRP Intra frequency case for UE category 0 R14,14.3.0
2017/03,RP-75,RP-170595,4480,,A,Correction on RSRP level in RSRP Intra frequency case for Cat-M1 UE in CEModeB R14,14.3.0
2017/03,RP-75,RP-170595,4482,,A,Correction of 8.13 Measurements for UE Category M1 R14,14.3.0
2017/03,RP-75,RP-170564,4484,1,A,CR on WLAN RSSI R14,14.3.0
2017/03,RP-75,RP-170594,4489,1,A,Not implement CRs for eMTC R14,14.3.0
2017/03,RP-75,RP-170560,4502,1,B,CR on E-CID RSRP RSRQ measurement requirement for FeMTC,14.3.0
2017/03,RP-75,RP-170600,4508,,A,CR for the correction on the testcases of HD-FDD Radio Link Monitoring for UE category NB1 in R14,14.3.0
2017/03,RP-75,RP-170603,4510,1,A,Correction on measurement performance requirements for UE category M1 in R14,14.3.0
2017/03,RP-75,RP-170585,4513,,A,CR for the correction on the testcases of Proximity-based Services and measurement performance requirement in R14,14.3.0
2017/03,RP-75,RP-170555,4514,1,B,CR on measurement accuarcy requirements under high speed scenarios,14.3.0
2017/03,RP-75,RP-170591,4518,1,F,Remove the bracket in LAA  requirements R14,14.3.0
2017/03,RP-75,RP-170592,4520,,A,Correction on LAA test cases R14,14.3.0
2017/03,RP-75,RP-170592,4522,,A,Correction on p-C-r10 value for LAA test cases R14,14.3.0
2017/03,RP-75,RP-170584,4525,,A,Correction on SCE event triggered reporting for CSI-RS based test cases R14,14.3.0
2017/03,RP-75,RP-170559,4529,1,B,CR on UE transmission timing requirements for V2X,14.3.0
2017/03,RP-75,RP-170601,4543,1,A,Test on Intra-frequency cell reselection in enhanced coverage,14.3.0
2017/03,RP-75,RP-170595,4545,,A,Correction to Cat-M1 UE RRC re-establishment tests,14.3.0
2017/03,RP-75,RP-170581,4550,,A,Correction of RMC reference in the cat-0 HD-FDD intra-frequency test case,14.3.0
2017/03,RP-75,RP-170594,4552,,A,Clarification on measurement reporting delay for eMTC,14.3.0
2017/03,RP-75,RP-170560,4554,3,B,Introducing intra-frequency measurement requirements for UE category M2 in normal coverage/CEModeA,14.3.0
2017/03,RP-75,RP-170560,4555,1,B,Introducing intra-frequency measurement requirements for UE category M2 in enhanced coverage/CEModeB,14.3.0
2017/03,RP-75,RP-170560,4556,2,B,Introducing inter-frequency measurement requirements for UE category M2 in normal coverage/CEModeA,14.3.0
2017/03,RP-75,RP-170560,4557,3,B,Introducing inter-frequency measurement requirements for UE category M2 in enhanced coverage/CEModeB,14.3.0
2017/03,RP-75,RP-170598,4565,,A,Correction to redirection to NB-IoT non-anchor carrier,14.3.0
2017/03,RP-75,RP-170594,4567,,A,Correction to RRC release with redirection in eMTC,14.3.0
2017/03,RP-75,RP-170582,4575,1,A,PCC and SCC assignment in 20MHz+10MHz test case A.8.16.21 and A.8.20.4B,14.3.0
2017/03,RP-75,RP-170603,4578,1,A,5 DL PCell in FDD RSRQ for E-UTRAN in Carrier Aggregation,14.3.0
2017/03,RP-75,RP-170598,4582,1,A,Capturing agreements for NB-IoT,14.3.0
2017/03,RP-75,RP-170591,4598,3,F,LAA SCC requirements with multiple SCCs,14.3.0
2017/03,RP-75,RP-170553,4599,1,F,Correction in UE transmit Timing Requirements with eLAA SCell,14.3.0
2017/03,RP-75,RP-170592,4601,,A,Correction of LAA RRM test cases,14.3.0
2017/06,RP-76,RP-171309,4603,,A,PDSCH allocation parameters for UE Cat M1 RSRP Test Cases,14.4.0
2017/06,RP-76,RP-171303,4605,,F,Cat NB1 RRM Test Case A.4.2.18/19 update for 5MHz Ch BW,14.4.0
2017/06,RP-76,RP-171278,4606,,F,CR on applicability of requirements for CA,14.4.0
2017/06,RP-76,RP-171264,4608,1,B,Introduction of non-uniform gap pattern,14.4.0
2017/06,RP-76,RP-171301,4612,,A,CR: NB-IoT Radio Link Monitoring Performance Test for Out-of-Sync in Normal Coverage,14.4.0
2017/06,RP-76,RP-171307,4619,,A,LAA RRM: Correction to test case titles (Rel-14),14.4.0
2017/06,RP-76,RP-171309,4621,,A,eMTC RRM: Correction to prach test cases (Rel-14),14.4.0
2017/06,RP-76,RP-171309,4623,,A,eMTC RRM: Alignment of used OCNG patterns (Rel-14),14.4.0
2017/06,RP-76,RP-171301,4625,,A,NB-IoT RRM: Correction to NOCNG definition (Rel-14),14.4.0
2017/06,RP-76,RP-171311,4627,,A,CA RRM: 5DL CA test case titles for inter-mode (FDD-TDD) scenarios (Rel-14),14.4.0
2017/06,RP-76,RP-171264,4629,,B,RSTD requirements for short MGL,14.4.0
2017/06,RP-76,RP-171283,4633,1,F,Correction to RRC connected state requirements for CA,14.4.0
2017/06,RP-76,RP-171284,4636,1,F,CR on CGI reading requirement with SRS switching,14.4.0
2017/06,RP-76,RP-171308,4650,1,A,CR on measurement condition in B.1.3 R14,14.4.0
2017/06,RP-76,RP-171279,4655,1,B,Introduction of new bands for NB-IoT in 36.133,14.4.0
2017/06,RP-76,RP-171296,4686,1,A,Band groups for category 0 operation,14.4.0
2017/06,RP-76,RP-171308,4688,,A,Band groups for category 0 operation,14.4.0
2017/06,RP-76,RP-171298,4692,1,A,Prose Operation during CA,14.4.0
2017/06,RP-76,RP-171267,4695,3,F,PHR reporting for NB-IOT low-power class UEs,14.4.0
2017/06,RP-76,RP-171309,4698,,A,Correction to Cat-M1 UE RRC re-establishment tests,14.4.0
2017/06,RP-76,RP-171266,4701,3,B,Timing requirements for Cat-M2,14.4.0
2017/06,RP-76,RP-171264,4703,1,B,CR on NCSG configuration,14.4.0
2017/06,RP-76,RP-171264,4704,2,B,CR on per-CC based measurement gap configuration,14.4.0
2017/06,RP-76,RP-171269,4706,3,F,CR for correction for RRM core requirement for Cat.1bis UE,14.4.0
2017/06,RP-76,RP-171269,4707,1,B,CR for RRM measurement requirement for Cat.1bis UE,14.4.0
2017/06,RP-76,RP-171269,4708,3,B,CR for RRM tests for Cat.1 UE with single receiver chain,14.4.0
2017/06,RP-76,RP-171309,4714,,A,Correction to event triggered reporting test cases in eMTC,14.4.0
2017/06,RP-76,RP-171299,4716,,A,Correction to inter-frequency requirements in NB-IOT,14.4.0
2017/06,RP-76,RP-171288,4719,1,F,Clarification on requirements for RSTD based on CRS and PRS,14.4.0
2017/06,RP-76,RP-171284,4721,1,F,SRS switching and SI reading,14.4.0
2017/06,RP-76,RP-171267,4728,1,B,Requirements on NPRACH Transmission in Enhanced NB-IoT,14.4.0
2017/06,RP-76,RP-171299,4760,,A,Maintenance of core requirements for UE Cat.NB1 R14,14.4.0
2017/06,RP-76,RP-171267,4761,3,B,Applicability of requirements for UE Cat.NB2,14.4.0
2017/06,RP-76,RP-171267,4762,,B,RRM tests for UE Cat.NB2,14.4.0
2017/06,RP-76,RP-171301,4764,,A,CR on test parameters for UE transmit timing for UE Cat.NB1 R14,14.4.0
2017/06,RP-76,RP-171301,4766,,A,CR for PHR requirement for NB-IoT R14,14.4.0
2017/06,RP-76,RP-171301,4770,,A,CR on conditions for NRSRP and NRSRQ accuracy R14,14.4.0
2017/06,RP-76,RP-171301,4772,,A,CR on Io range for NB-IoT measurement accuracy R14,14.4.0
2017/06,RP-76,RP-171301,4776,,A,CR for cell reselection test parameter for NB-IoT R14,14.4.0
2017/06,RP-76,RP-171302,4778,1,F,Correction on T2 time duration for RLM in-sync test R14,14.4.0
2017/06,RP-76,RP-171266,4797,3,B,CR on UE Rx-Tx measurement requirement for FeMTC,14.4.0
2017/06,RP-76,RP-171266,4798,1,B,CR on UE Rx-Tx accuracy requirement for FeMTC,14.4.0
2017/06,RP-76,RP-171262,4808,,B,Test case for CA interruption at SRS carrier based switching,14.4.0
2017/06,RP-76,RP-171262,4809,1,B,Test case for DC interruption at SRS carrier based switching,14.4.0
2017/06,RP-76,RP-171257,4812,1,B,CR on measurement accuracy requirements under high speed scenarios,14.4.0
2017/06,RP-76,RP-171257,4813,5,B,Test case for cell reselection on idle mode under high speed scenario,14.4.0
2017/06,RP-76,RP-171257,4814,3,B,Test case for measurement reporting on connected mode under high speed scenario,14.4.0
2017/06,RP-76,RP-171283,4815,1,F,Remove bracket in measurement core requirements in high speed,14.4.0
2017/06,RP-76,RP-171296,4816,,F,Correction on Io for SCE test case A.8.22.8,14.4.0
2017/06,RP-76,RP-171309,4819,,A,CR on RA test for Cat-M1 normal coverage R14,14.4.0
2017/06,RP-76,RP-171266,4821,3,F,Refinement of idle mode requirements for feMTC in R14,14.4.0
2017/06,RP-76,RP-171267,4823,1,B,CR on NRSRP mapping table,14.4.0
2017/06,RP-76,RP-171267,4824,,B,CR on NRSRQ mapping table,14.4.0
2017/06,RP-76,RP-171256,4829,,F,CR on V2V RRM performance requirements corrections,14.4.0
2017/06,RP-76,RP-171282,4830,1,F,CR on V2X RRM core requirements corrections,14.4.0
2017/06,RP-76,RP-171307,4834,,A,LAA RRM: Correction to test case A.9.11.x and A.9.12.x (Rel-14),14.4.0
2017/06,RP-76,RP-171309,4836,,A,eMTC RRM: Correction to MPDCCH and PDSCH Reference Measurement Channels (Rel-14),14.4.0
2017/06,RP-76,RP-171281,4837,,F,CR on side condition for reliability of GNSS,14.4.0
2017/06,RP-76,RP-171298,4839,1,A,Correction to RRM 4DL FDD CA test cases,14.4.0
2017/06,RP-76,RP-171307,4841,,A,Corrections to LAA Event-triggered reporting Test Cases A.8.26,14.4.0
2017/06,RP-76,RP-171299,4843,,A,Rel-14 CR on the applicability of RRC procedures,14.4.0
2017/06,RP-76,RP-171259,4844,1,B,E-UTRAN FDD - FDD Intra frequency RACH-less handover,14.4.0
2017/06,RP-76,RP-171259,4845,1,B,E-UTRAN FDD - FDD Inter frequency RACH-less handover,14.4.0
2017/06,RP-76,RP-171259,4846,1,B,E-UTRAN TDD - TDD Intra frequency RACH-less handover,14.4.0
2017/06,RP-76,RP-171259,4847,1,B,E-UTRAN TDD - TDD Inter frequency RACH-less handover,14.4.0
2017/06,RP-76,RP-171264,4853,1,B,E-UTRAN FDD-FDD Inter-frequency event triggered reporting with MGL=3ms under fading propagation conditions in synchronous cells,14.4.0
2017/06,RP-76,RP-171264,4854,1,B,E-UTRAN TDD-TDD Inter-frequency event triggered reporting with MGL=3ms under fading propagation conditions in synchronous cells,14.4.0
2017/06,RP-76,RP-171298,4860,,A,CA RRM: 4DL CA test parameter correction for A.8.16.51 and A.8.16.52 (Rel-14),14.4.0
2017/06,RP-76,RP-171296,4863,,A,PCC and SCC assignment in 20MHz+10MHz test case A.8.16.22,14.4.0
2017/06,RP-76,RP-171264,4864,1,B,Introduction of additional gap patterns and measurement capabilities for measurement gap enhancement,14.4.0
2017/06,RP-76,RP-171265,4867,1,B,CR on reference configurations for V2X RRM,14.4.0
2017/06,RP-76,RP-171281,4868,1,B,Correction on reliability of GNSS singal for V2V,14.4.0
2017/06,RP-76,RP-171282,4869,1,B,CR on reliability of GNSS singal for V2X,14.4.0
2017/06,RP-76,RP-171301,4873,,A,CR on T311 timer in RRC re-establishment test case R14,14.4.0
2017/06,RP-76,RP-171300,4875,,A,Introduce NPDCCH RMC with DCI format N0 R14,14.4.0
2017/06,RP-76,RP-171302,4877,,A,Correction on UE transmit timing test for NB-IoT R14,14.4.0
2017/06,RP-76,RP-171303,4879,,A,Correction on timing advance test for NB-IoT R14,14.4.0
2017/06,RP-76,RP-171299,4881,,A,Maintenance CR on NB-IoT core requirements R14,14.4.0
2017/06,RP-76,RP-171302,4883,,A,Correction on side condition for RRC re-establishment test cases R14,14.4.0
2017/06,RP-76,RP-171259,4885,,B,E-UTRAN FDD - UE Transmit Timing Accuracy Test for RACH-less Handover,14.4.0
2017/06,RP-76,RP-171259,4886,,B,E-UTRAN TDD - UE Transmit Timing Accuracy Test for RACH-less Handover,14.4.0
2017/06,RP-76,RP-171310,4888,,A,Correction on transmit timing requirement R14,14.4.0
2017/06,RP-76,RP-171267,4889,1,B,CR on intra frequency RSTD measurement requirement for eNB-IOT,14.4.0
2017/06,RP-76,RP-171267,4890,1,B,CR on inter frequency RSTD measurement requirement for eNB-IOT,14.4.0
2017/06,RP-76,RP-171267,4891,1,B,CR on intra frequency RSTD accuracy requirement for eNB-IOT,14.4.0
2017/06,RP-76,RP-171267,4892,1,B,CR on inter frequency RSTD accuracy requirement for eNB-IOT,14.4.0
2017/06,RP-76,RP-171266,4893,1,B,CR on intra frequency RSTD measurement requirement for FeMTC,14.4.0
2017/06,RP-76,RP-171266,4894,1,B,CR on inter frequency RSTD measurement requirement for FeMTC,14.4.0
2017/06,RP-76,RP-171266,4906,1,B,CR on applicability rule for FeMTC in R14,14.4.0
2017/06,RP-76,RP-171266,4909,1,A,CR on UE timer accuracy for FeMTC in R14,14.4.0
2017/06,RP-76,RP-171311,4911,1,A,4DL FDD RSRQ for E-UTRAN in Carrier Aggregation in R14,14.4.0
2017/06,RP-76,RP-171311,4913,1,A,4DL TDD RSRQ for E-UTRAN in Carrier Aggregation in R14,14.4.0
2017/06,RP-76,RP-171311,4915,1,A,Correction on the test cases of RLM for Cat-M1 UE in R14,14.4.0
2017/06,RP-76,RP-171282,4917,1,F,CR on Modification of Selection/Reselection of V2X Synchronization Reference,14.4.0
2017/06,RP-76,RP-171265,4918,,B,CR on UE Transmission Timing Accuracy Tests for V2X,14.4.0
2017/06,RP-76,RP-171285,4926,,F,Modification on LAA measurement considering Inter-frequency RSSI measurement R14,14.4.0
2017/06,RP-76,RP-171307,4928,,A,Corrections on the LAA test cases R14,14.4.0
2017/06,RP-76,RP-171297,4931,,A,Update of some SCE test case,14.4.0
2017/06,RP-76,RP-171311,4933,,A,Event triggered reporting on deactivated SCells and interruption probability (0.5%) without DRX (FDD-TDD 4DL CA) R14,14.4.0
2017/06,RP-76,RP-171311,4935,,A,Event triggered reporting on deactivated SCells and interruption probability (0.5%) without DRX (TDD-FDD 4 DL CA) R14,14.4.0
2017/06,RP-76,RP-171303,4937,,A,Inter-frequency cell reselection under enhanced coverage for NB-IOT,14.4.0
2017/06,RP-76,RP-171266,4938,3,B,CONNECTED mode requirements for feMTC UEs in CEModeA,14.4.0
2017/06,RP-76,RP-171266,4939,3,B,CONNECTED mode requirements for feMTC UEs in CEModeB,14.4.0
2017/06,RP-76,RP-171308,4941,1,A,Timing advance requirements for Cat M1 UEs,14.4.0
2017/06,RP-76,RP-171266,4942,1,B,Introduction of enhanced RLM requirements for feMTC,14.4.0
2017/06,RP-76,RP-171303,4953,,A,Contention Based Random Access Test for UE category NB1 UEs in Normal Coverage,14.4.0
2017/06,RP-76,RP-171303,4955,,A,Contention Based Random Access Test for UE category NB1 UEs in Enhanced Coverage,14.4.0
2017/06,RP-76,RP-171302,4956,,A,CR: NB-IoT Radio Link Monitoring Performance Test for Out-of-Sync in Enhanced Coverage,14.4.0
2017/06,RP-76,RP-171297,4959,1,A,Correction to RSTD test cases for carrier aggregation (R14),14.4.0
2017/06,RP-76,RP-171269,4960,1,B,CR for RSTD measurement requirement for Cat.1bis UE,14.4.0
2017/06,RP-76,RP-171302,4963,,A,Correction to inter-frequency RRC re-establishment test case in NB-IOT,14.4.0
2017/06,RP-76,RP-171259,4968,,B,CR for E-UTRAN TDD intra-frequency MBB handover test cases,14.4.0
2017/06,RP-76,RP-171259,4969,,B,CR for E-UTRAN FDD intra-frequency MBB handover test cases,14.4.0
2017/06,RP-76,RP-171259,4970,,F,CR for correction of handover test cases,14.4.0
2017/06,RP-76,RP-171286,4971,,F,CR for correction of handover requirements for mobility enhancement,14.4.0
2017/06,RP-76,RP-171266,4972,1,B,Enhanced Handover Requirement for FeMTC,14.4.0
2017/06,RP-76,RP-171266,4974,,F,CR on 36.133: Intra and inter-frequency RSRP and RSRQ measurement accuracies for UE cat M1,14.4.0
2017/06,RP-76,RP-171285,4982,1,F,Requirements applicability for eLAA,14.4.0
2017/06,RP-76,RP-171307,4984,,A,Corrections in LAA requirements,14.4.0
2017/06,RP-76,RP-171261,4985,4,B,RRM requirements with eMBMS enhancements,14.4.0
2017/06,RP-76,RP-171266,4986,1,F,Measurement requirements under discontonuous MPDCCH monitoring,14.4.0
2017/06,RP-76,RP-171266,4990,1,F,Introducing gapless measurement requirement for eMTC R14,14.4.0
2017/06,RP-76,RP-171264,4997,1,B,Introduction of test cases for burst gap,14.4.0
2017/06,RP-76,RP-171264,4998,1,B,Introduction of test cases for NCSG,14.4.0
2017/09,RP-77,RP-171933,5004,2,B,Introduction of event triggered reporting LAA test cases for multiple Scells,14.5.0
2017/09,RP-77,RP-171967,5007,,A,Updates to Intra-freq Event-triggered reporting Test cases for UE Cat 0,14.5.0
2017/09,RP-77,RP-171971,5009,,A,Reference Channels in UE Cat M1 RRC Re-establishment test cases,14.5.0
2017/09,RP-77,RP-171971,5011,,A,OCNG and RMCs in UE Cat M1 Handover TCs,14.5.0
2017/09,RP-77,RP-171971,5015,,A,Es/Iot and RSRP values in UE Cat M1 Re-selection test cases,14.5.0
2017/09,RP-77,RP-171971,5017,,A,Reference PRACH Configurations for Cat M1 test cases,14.5.0
2017/09,RP-77,RP-171971,5019,,A,PRACH Configurations and parameters for Cat M1 test cases A.6.2.10/11/12,14.5.0
2017/09,RP-77,RP-171971,5021,,A,PRACH Configuration for Cat M1 test case A.6.2.15This CR was NOT implemented as it didn't use revison marks,14.5.0
2017/09,RP-77,RP-171972,5025,,A,Correction to RLM test cases Category NB1.,14.5.0
2017/09,RP-77,RP-171973,5028,,A,CA RRM: Correction of Cell 3 Es/Iot for T2 and T4 for TC A.8.16.55 and 56 (Rel-14),14.5.0
2017/09,RP-77,RP-171967,5031,,A,CA RRM: Correction of PRS Subframe Offset for TC A.8.17.10 and  A.8.17.11 (Rel-14),14.5.0
2017/09,RP-77,RP-171971,5033,,A,eMTC RRM: Corrections to Timing Advance Adjustment Accuracy test for Cat-M1 UE (Rel-14),14.5.0
2017/09,RP-77,RP-171972,5035,,A,NB-IoT RRM: Correction of antenna configuration of LTE and NBIoT cells in Inband RRM scenarios (Rel-14),14.5.0
2017/09,RP-77,RP-171972,5037,,A,NB-IoT RRM: Corrections to the NOCNG definition (Rel-14),14.5.0
2017/09,RP-77,RP-171943,5042,,F,Update applicability of V2V Interruption requriement,14.5.0
2017/09,RP-77,RP-171943,5043,,F,Correction to V2X requirements for Initiation/Cease of SLSS transmissions,14.5.0
2017/09,RP-77,RP-171942,5044,1,B,CR on measurement performance scaling with MPDCCH monitoring CEModeA,14.5.0
2017/09,RP-77,RP-171942,5045,1,B,CR on measurement performance scaling with MPDCCH monitoring CEModeB,14.5.0
2017/09,RP-77,RP-171943,5055,1,F,Remove bracket in V2X core requirements,14.5.0
2017/09,RP-77,RP-171969,5058,,A,Correction CR on adding band group to RS-SINR measurement conditions,14.5.0
2017/09,RP-77,RP-171932,5061,2,B,RRM requirements with FeMBMS,14.5.0
2017/09,RP-77,RP-171941,5062,1,F,CR for correcting transmit timing requirement of eLAA,14.5.0
2017/09,RP-77,RP-171943,5066,,F,Clarification on V2X requirements for V2X UEs in RRC_CONNECTED state,14.5.0
2017/09,RP-77,RP-171942,5068,1,F,Gapsharing due to RSTD measurements for Rel-14 MTC in CEModeA,14.5.0
2017/09,RP-77,RP-171942,5070,1,F,Gap sharing due to RSTD measurements for Rel-14 MTC in CEModeB,14.5.0
2017/09,RP-77,RP-171935,5073,,F,CR on evaluation time of GNSS synchronization source reliability,14.5.0
2017/09,RP-77,RP-171943,5076,,F,Completing V2V Interruption test case,14.5.0
2017/09,RP-77,RP-171972,5078,,A,NB-IoT RRM: Corrections to invalid configuration for In-band Intra-frequency scenairos (Rel-14),14.5.0
2017/09,RP-77,RP-171968,5080,,A,LAA RRM: Remove Square brackets from TCs A.9.1.60 and A.9.1.61 (Rel-14),14.5.0
2017/09,RP-77,RP-171971,5082,,A,eMTC RRM: MPDSCH Repetitions in CEModeA test cases with DRX (Rel-14),14.5.0
2017/09,RP-77,RP-171932,5083,1,B,RRM performance requirements with FeMBMS,14.5.0
2017/09,RP-77,RP-171940,5084,,F,CR on BS synchronization requirements for eMBMS enhancements,14.5.0
2017/09,RP-77,RP-171935,5085,,B,CR on Initiation/Cease of SLSS Transmissions Tests for V2X,14.5.0
2017/09,RP-77,RP-171935,5086,,B,CR on Synchronization Reference Selection / Reselection Tests for V2X,14.5.0
2017/09,RP-77,RP-171935,5088,1,B,CR on Congestion Control Measurement Tests for V2X,14.5.0
2017/09,RP-77,RP-171935,5089,1,B,CR on Interruptions Tests for V2X,14.5.0
2017/09,RP-77,RP-171972,5095,,A,Correction on RLM core requirements for NB-IoT,14.5.0
2017/09,RP-77,RP-171972,5097,1,F,Correction on cell reselection test case for NB-IoT,14.5.0
2017/09,RP-77,RP-171937,5099,1,B,Introduce 5MHz NPDSCH RMC pattern for NB-IoT,14.5.0
2017/09,RP-77,RP-171937,5100,,B,Introduce 5MHz NPDCCH RMC pattern for NB-IoT,14.5.0
2017/09,RP-77,RP-171937,5101,,B,Correction on RRC re-establishment test case for NB-IoT,14.5.0
2017/09,RP-77,RP-171973,5103,,A,Event triggered reporting on deactivated SCells and interruption probability (0.5%) without DRX (FDD-TDD 5DL CA),14.5.0
2017/09,RP-77,RP-171973,5105,,A,Event triggered reporting on deactivated SCells and interruption probability (0.5%) without DRX (TDD-FDD 5DL CA),14.5.0
2017/09,RP-77,RP-171936,5106,,F,Correction on the applicability rules for FeMTC in R14,14.5.0
2017/09,RP-77,RP-171942,5107,1,F,Correction on the measurement requirement for FeMTC in R14,14.5.0
2017/09,RP-77,RP-171936,5108,1,B,CR on conditions for E-UTRAN inter-frequency measruements by UE cat M1 in RRC_CONNECTED State in R14,14.5.0
2017/09,RP-77,RP-171936,5109,2,B,CR on conditions for measurements procedures in RRC_CONNECTED State for cat M2 in R14,14.5.0
2017/09,RP-77,RP-171936,5110,1,B,CR on conditions for measurements procedures in RRC_IDLE State for cat M2 in R14,14.5.0
2017/09,RP-77,RP-171940,5112,1,F,CR on correction on the band groups in R14,14.5.0
2017/09,RP-77,RP-171933,5116,1,B,FDD-TDD 3DL Event triggered reporting on deactivated FS3 SCell and FDD PCell interruption in non-DRX,14.5.0
2017/09,RP-77,RP-171933,5117,1,B,TDD-TDD 3DL Event triggered reporting on deactivated FS3 SCell and FDD PCell interruption in non-DRX,14.5.0
2017/09,RP-77,RP-171969,5119,,A,CR on RSRP range of eMTC Rel-14,14.5.0
2017/09,RP-77,RP-171942,5120,1,F,CR on intra frequency RSTD measurement requirement for FeMTC,14.5.0
2017/09,RP-77,RP-171942,5121,1,F,CR on inter frequency RSTD measurement requirement for FeMTC,14.5.0
2017/09,RP-77,RP-171936,5127,1,F,CR on 36.133 Intra and inter-frequency RSRP and RSRQ measurement accuracies for UE cat M1,14.5.0
2017/09,RP-77,RP-171972,5129,1,F,CR for NB-IoT Transmit Timing Test,14.5.0
2017/09,RP-77,RP-171969,5133,1,A,Restructuring of Handover Requirements in FeMTC,14.5.0
2017/09,RP-77,RP-171942,5134,,F,Corrections to enhanced RLM core requirements,14.5.0
2017/09,RP-77,RP-171942,5135,,F,Corrections to E-CID UE Rx-Tx requirements,14.5.0
2017/09,RP-77,RP-171973,5139,,F,Correction to LAA RRM measurement requirement R14,14.5.0
2017/09,RP-77,RP-171932,5141,2,B,Inter-frequency measurement requirement for FeMBMS unicast mixed cell,14.5.0
2017/09,RP-77,RP-171936,5143,2,B,CR on inter frequency RSTD accuracy requirement for FeMTC,14.5.0
2017/09,RP-77,RP-171936,5145,1,B,CR on UE Rx-Tx accuracy requirement for FeMTC,14.5.0
2017/09,RP-77,RP-171973,5146,,A,Correction to LAA RRM test cases,14.5.0
2017/09,RP-77,RP-171942,5147,,F,CR on UE Rx - Tx measurement requirement for Cat-M1,14.5.0
2017/09,RP-77,RP-171942,5148,,F,CR on UE Rx - Tx measurement requirement for Cat-M2,14.5.0
2017/09,RP-77,RP-171948,5056,1,B,Introduction of the FDD L-band (Band 74) into 36.133,15.0.0
2017/09,RP-77,RP-171946,5059,,B,Introduction of Band 72 in TS36.133,15.0.0
2017/09,RP-77,RP-171952,5072,,B,CR to 36.133: Introduction of Band 71,15.0.0
2017/09,RP-77,RP-171950,5074,1,B,Introduction of Extended 1.5 GHz SDL bands 75 and 76,15.0.0
2017/09,RP-77,RP-171949,5136,1,B,Introduction of TDD L-band into TS 36.133,15.0.0
2017-12,RAN#78,RP-172607,5162,,A,Correction of test requirement for LAA Test cases A.8.26.x,15.1.0
2017-12,RAN#78,RP-172593,5163,1,B,Introduction of Band 73 into TS 36.133,15.1.0
2017-12,RAN#78,RP-172580,5174,,A,Introduction of NB-IoT RSTD measurement requirement,15.1.0
2017-12,RAN#78,RP-172609,5175,,A,Clarification on the SNR transition in NB-IoT RLM test for in-sync,15.1.0
2017-12,RAN#78,RP-172574,5192,,A,cell identification test case for FeMTC in CEModeA with discontinuous MPDCCH monitoring,15.1.0
2017-12,RAN#78,RP-172574,5194,,A,cell identification test case for FeMTC in CEModeA in DRX,15.1.0
2017-12,RAN#78,RP-172574,5196,,A,cell identiciation test case for serving cell without gap for FeMTC,15.1.0
2017-12,RAN#78,RP-172579,5197,,A,RSRP accuracy test case for FeMTC in CEModeA,15.1.0
2017-12,RAN#78,RP-172574,5210,,A,CR for MPDCCH RMCs for Category M2 UE RRM tests (R15),15.1.0
2017-12,RAN#78,RP-172574,5212,,A,CR for Rx-Tx time difference tests for UE category M1/M2 (R15),15.1.0
2017-12,RAN#78,RP-172574,5214,,A,CR for transmit timing accuracy tests for UE category M2 (R15),15.1.0
2017-12,RAN#78,RP-172575,5222,,A,CR for feMTC inter-frequency HO test cases CEModeA R15,15.1.0
2017-12,RAN#78,RP-172575,5224,,A,CR for feMTC inter-frequency HO test cases CEModeB R15,15.1.0
2017-12,RAN#78,RP-172575,5226,,A,CR for feMTC intra-frequency HO test cases CEModeA without SFN acquisition R15,15.1.0
2017-12,RAN#78,RP-172575,5228,,A,CR for feMTC intra-frequency HO test cases CEModeB without SFN acquisition R15,15.1.0
2017-12,RAN#78,RP-172581,5230,,A,CR on measurement gap enhancement,15.1.0
2017-12,RAN#78,RP-172575,5231,,A,CR on absolute RSRP accuracy for R15 non-BL/CE UE(The CR was not implemented as it is replaced by CR 5472),15.1.0
2017-12,RAN#78,RP-172607,5236,1,A,Correction on coverage enhancement level for cat-M1 in IDLE state,15.1.0
2017-12,RAN#78,RP-172607,5238,1,A,Correction of cell reselection margin for Cat-M1,15.1.0
2017-12,RAN#78,RP-172607,5240,1,A,Removal of squarebrackets from the cat-M2 timing requirements,15.1.0
2017-12,RAN#78,RP-172583,5243,1,A,Correction on coverage enhancement level for cat-M1 in IDLE state for Rel-15 MTC,15.1.0
2017-12,RAN#78,RP-172574,5246,1,A,Correction to Rel-15 cat-M1 cell re-selection and RRC re-establishment test cases,15.1.0
2017-12,RAN#78,RP-172578,5250,,A,FD-FDD Inter-freuency cell re-selection test for cat-M1,15.1.0
2017-12,RAN#78,RP-172578,5251,,A,HD-FDD Inter-frequency cell re-selection test for cat-M1 UEs in normal coverage,15.1.0
2017-12,RAN#78,RP-172579,5252,,A,TDD-TDD Inter-freuency cell re-selection test for cat-M1 UEs in normal coverage,15.1.0
2017-12,RAN#78,RP-172578,5256,,A,FD-FDD Inter-freuency RRC re-establishment est for cat-M1 UEs in CEModeA,15.1.0
2017-12,RAN#78,RP-172578,5257,,A,HD-FDD Inter-freuency RRC re-establishment est for cat-M1 UEs in CEModeA,15.1.0
2017-12,RAN#78,RP-172579,5258,,A,TDD-TDD Inter-freuency RRC re-establishment est for cat-M1 UEs in CEModeA,15.1.0
2017-12,RAN#78,RP-172576,5265,,A,E-UTRAN FD-FDD Early Out-of-sync reporting Test for Cat-M1 UE in CEModeA,15.1.0
2017-12,RAN#78,RP-172576,5266,,A,E-UTRAN HD-FDD Early Out-of-sync reporting Test for Cat-M1 UE in CEModeA,15.1.0
2017-12,RAN#78,RP-172577,5267,,A,E-UTRAN TDD Early Out-of-sync reporting Test for Cat-M1 UE in CEModeA,15.1.0
2017-12,RAN#78,RP-172576,5268,,A,E-UTRAN FD-FDD Early In-Sync reporting Test for Cat-M1 UE in CEModeA,15.1.0
2017-12,RAN#78,RP-172576,5269,,A,E-UTRAN HD-FDD Early In-Sync reporting Test for Cat-M1 UE in CEModeA,15.1.0
2017-12,RAN#78,RP-172577,5270,,A,E-UTRAN TDD Early In-Sync reporting Test for Cat-M1 UE in CEModeA,15.1.0
2017-12,RAN#78,RP-172571,5295,3,B,Clarification of LTE requirements applicability for NSA NR,15.1.0
2017-12,RAN#78,RP-172571,5305,2,B,CR on NR PSCell Addition and Release Delay,15.1.0
2017-12,RAN#78,RP-172575,5307,,A,CR on 36.133 Intra and inter-frequency RSRP and RSRQ measurement accuracies for UE cat M1 CE Mode B,15.1.0
2017-12,RAN#78,RP-172585,5308,,A,CR to Correct Pool Configuration and FRC for CBR test,15.1.0
2017-12,RAN#78,RP-172607,5313,,A,"Correction of OCNG for LAA Test cases A.8.26.x, A.9.1.x, A.9.2.x",15.1.0
2017-12,RAN#78,RP-172609,5318,,A,Add 5MHz eCell Channel BW scenario in NB-IoT Random Access Test cases,15.1.0
2017-12,RAN#78,RP-172609,5320,,A,Add 5MHz eCell Channel BW scenario in NB-IoT Transmit Timing Accuracy Test case,15.1.0
2017-12,RAN#78,RP-172609,5322,,A,Add 5MHz eCell Channel BW scenario in NB-IoT RLM In-sync Test cases,15.1.0
2017-12,RAN#78,RP-172609,5325,,A,Clarification on the SNR transition in NB-IoT RLM test for out-of-sync,15.1.0
2017-12,RAN#78,RP-172607,5328,,A,Correction to Test Parameters for FS3 Channel Occupancy tests,15.1.0
2017-12,RAN#78,RP-172586,5333,,A,CR on V2X requirements for asynchronous SyncRef UE Selection / Reselection (Rel-15),15.1.0
2017-12,RAN#78,RP-172587,5335,1,B,CR on Clarification for MTTD and MTRD for shortened TTI,15.1.0
2017-12,RAN#78,RP-172583,5337,,A,CR on requirement applicability for R15 non-BL/CE UE,15.1.0
2017-12,RAN#78,RP-172571,5339,2,B,CR on TS36.133 on interruptions for NSA LTE NR EN-DC,15.1.0
2017-12,RAN#78,RP-172571,5340,1,B,"Introduction of NR references, definitions and abbreviations in 36.133",15.1.0
2017-12,RAN#78,RP-172587,5341,1,B,TX timing requirements for sTTI and reduced processing time,15.1.0
2017-12,RAN#78,RP-172587,5342,,B,CGI interruption requirements for sTTI and processing time reduction,15.1.0
2017-12,RAN#78,RP-172587,5343,,B,ProSe interruption requirements for sTTI and processing time reduction,15.1.0
2017-12,RAN#78,RP-172587,5344,1,B,Transmit timing adjustment delay,15.1.0
2017-12,RAN#78,RP-172587,5345,1,B,STTI definition for 36.133,15.1.0
2017-12,RAN#78,RP-172594,5346,,B,CR to 36.133: Introduction of Band 49,15.1.0
2017-12,RAN#78,RP-172585,5348,,A,Clarification on UE  synchronization behaviour during the evaluation of GNSS reliability,15.1.0
2017-12,RAN#78,RP-172611,5358,,A,RRM NB-IoT: Correction to transmit timing accuracy test under enhanced coverage (Rel-15),15.1.0
2017-12,RAN#78,RP-172613,5361,,A,RRM 4DL: Correction of cell powers for TC A.9.2.46 (Rel-15),15.1.0
2017-12,RAN#78,RP-172608,5366,,A,CR for RLM tests for non-BL/CE UE (R15),15.1.0
2017-12,RAN#78,RP-172587,5367,1,B,Introduction of MRTD/MTTD requirement for sTTI,15.1.0
2017-12,RAN#78,RP-172608,5370,1,A,Introducing PBCH repetition for eMTC RRM test case,15.1.0
2017-12,RAN#78,RP-172583,5378,,A,Clarification on measurement reporting delay for FeMTC,15.1.0
2017-12,RAN#78,RP-172578,5380,,A,Inter-freuency cell re-selection test for cat-M1 in enhanced coverage,15.1.0
2017-12,RAN#78,RP-172578,5382,,B,Inter-freuency RRC re-establishment est for cat-M1 UEs in CEModeB,15.1.0
2017-12,RAN#78,RP-172576,5386,,B,E-UTRAN FD-FDD Enhanced RLM Tests for Cat-M1 UE in CEModeB,15.1.0
2017-12,RAN#78,RP-172576,5387,,B,E-UTRAN HD-FDD Enhanced RLM Tests for Cat-M1 UE in CEModeB,15.1.0
2017-12,RAN#78,RP-172577,5388,,B,E-UTRAN TDD Enhanced RLM Tests for Cat-M1 UE in CEModeB,15.1.0
2017-12,RAN#78,RP-172585,5390,,A,CR on Autonomous Resource Selection/Reselection Measurement Tests for V2X R15,15.1.0
2017-12,RAN#78,RP-172610,5393,,A,Correctoin on cell reselectoin test case,15.1.0
2017-12,RAN#78,RP-172610,5396,,A,Correctoin on random access test case,15.1.0
2017-12,RAN#78,RP-172610,5399,,A,Correction on NPRACH configuration in RRC re-establishment test cases,15.1.0
2017-12,RAN#78,RP-172580,5401,,A,Test case for random access on non-anchor carrier,15.1.0
2017-12,RAN#78,RP-172585,5403,,A,Update the maximum DRX cycle length in connected mode,15.1.0
2017-12,RAN#78,RP-172606,5407,,A,Correct the core requirements refered in multiple TDD-TDD inter-frequency measurements test cases.,15.1.0
2017-12,RAN#78,RP-172575,5432,,A,FDD cell identification test case for FeMTC in CEModeB with discontinuous MPDCCH monitoring R15,15.1.0
2017-12,RAN#78,RP-172578,5433,,A,HD-FDD cell identification test case for FeMTC in CEModeB with discontinuous MPDCCH monitoring R15,15.1.0
2017-12,RAN#78,RP-172579,5434,,A,TDD cell identification test case for FeMTC in CEModeB with discontinuous MPDCCH monitoring R15,15.1.0
2017-12,RAN#78,RP-172575,5435,,A,FDD cell identification test case for FeMTC in CEModeB in DRX R15,15.1.0
2017-12,RAN#78,RP-172578,5436,,A,HD-FDD cell identification test case for FeMTC in CEModeB in DRX R15,15.1.0
2017-12,RAN#78,RP-172579,5437,,A,TDD cell identification test case for FeMTC in CEModeB in DRX R15,15.1.0
2017-12,RAN#78,RP-172578,5438,,A,FDD RSRP accuracy test case for FeMTC in CEModeB R15,15.1.0
2017-12,RAN#78,RP-172578,5439,,A,HD-FDD RSRP accuracy test case for FeMTC in CEModeB R15,15.1.0
2017-12,RAN#78,RP-172579,5440,,A,TDD RSRP accuracy test case for FeMTC in CEModeB R15,15.1.0
2017-12,RAN#78,RP-172585,5444,,A,CR on E-CID for eNB-IOT normal coverage R15,15.1.0
2017-12,RAN#78,RP-172585,5445,,A,CR on E-CID for eNB-IOT enhanced coverage R15,15.1.0
2017-12,RAN#78,RP-172580,5448,,A,CR for intra RSTD accuracy test case for eNB-IOT positioning in normal coverage R15,15.1.0
2017-12,RAN#78,RP-172580,5449,,A,CR for intra RSTD accuracy test case for eNB-IOT positioning in enhanced coverage R15,15.1.0
2017-12,RAN#78,RP-172580,5450,,A,CR for inter RSTD accuracy test case for eNB-IOT positioning in normal coverage R15,15.1.0
2017-12,RAN#78,RP-172580,5451,,A,CR for inter RSTD accuracy test case for eNB-IOT positioning in enhanced coverage R15,15.1.0
2017-12,RAN#78,RP-172585,5452,,A,CR on NB-IOT RSTD requirement R15,15.1.0
2017-12,RAN#78,RP-172583,5455,,A,CR on HD-FDD requirement for FeMTC R15,15.1.0
2017-12,RAN#78,RP-172587,5456,,B,CR on sTTI related definitions,15.1.0
2017-12,RAN#78,RP-172587,5458,1,B,CR on SCell activation and deactivation for sTTI and Spt,15.1.0
2017-12,RAN#78,RP-172587,5459,1,B,CR on Measurement reporting delay for shorten TTI and reduced processing time,15.1.0
2017-12,RAN#78,RP-172587,5460,,B,Power headroom with shorten TTI and reduced processing time,15.1.0
2017-12,RAN#78,RP-172587,5461,,B,CR on DRX state for sTTI,15.1.0
2017-12,RAN#78,RP-172571,5463,2,B,CR for TS36.133 on inter-RAT measurement requirement for NR,15.1.0
2017-12,RAN#78,RP-172571,5467,1,B,CR on measurement gap patterns in TS 36.133,15.1.0
2017-12,RAN#78,RP-172571,5468,3,B,CR on event triggering and reporting criteria for NR,15.1.0
2017-12,RAN#78,RP-172580,5470,,A,Correction of placement of NRSRQ mapping table,15.1.0
2017-12,RAN#78,RP-172575,5472,,A,CR on introduction of measurement requirements for non-BL CE UE,15.1.0
2017-12,RAN#78,RP-172575,5474,,A,CR on introduction of remaining measurement requirements for non-BL CE UE in CE Mode B,15.1.0
2017-12,RAN#78,RP-172571,5475,3,B,Introduction of requirement on EN-DC SSTD measurements,15.1.0
2017-12,RAN#78,RP-172574,5477,,A,Applicability of FeMTC RRM Test Cases,15.1.0
2017-12,RAN#78,RP-172571,5478,1,B,E-UTRA Inter-frequency Measurement Requirements for NSA Operation,15.1.0
2017-12,RAN#78,RP-172571,5479,1,B,LTE and NR cell naming convention in 36.133,15.1.0
2017-12,RAN#78,RP-172571,5480,1,B,CR for 36.133 on Number of carriers being monitored,15.1.0
2017-12,RAN#78,RP-172571,5483,2,B,Endorsed CR on NR PSCell Addition and Release Delay with modifications,15.1.0
2017-12,RAN#78,RP-172576,5496,,A,E-UTRAN FD-FDD intra-frequency RSTD measurement period for FeMTC,15.1.0
2017-12,RAN#78,RP-172577,5497,,A,E-UTRAN HD-FDD intra-frequency RSTD measurement period for FeMTC,15.1.0
2017-12,RAN#78,RP-172577,5498,,A,E-UTRAN TDD intra-frequency RSTD measurement period for FeMTC,15.1.0
2017-12,RAN#78,RP-172576,5499,,A,E-UTRAN FD-FDD intra-frequency RSTD measurement accuracy for FeMTC,15.1.0
2017-12,RAN#78,RP-172577,5500,,A,E-UTRAN HD-FDD intra-frequency RSTD measurement accuracy for FeMTC,15.1.0
2017-12,RAN#78,RP-172577,5501,,A,E-UTRAN TDD intra-frequency RSTD measurement accuracy for FeMTC,15.1.0
2017-12,RAN#78,RP-172576,5502,,A,E-UTRAN FD-FDD inter-frequency RSTD measurement period for FeMTC,15.1.0
2017-12,RAN#78,RP-172577,5503,,A,E-UTRAN HD-FDD inter-frequency RSTD measurement period for FeMTC,15.1.0
2017-12,RAN#78,RP-172577,5504,,A,E-UTRAN TDD inter-frequency RSTD measurement period for FeMTC,15.1.0
2017-12,RAN#78,RP-172576,5505,,A,E-UTRAN FD-FDD inter-frequency RSTD measurement accuracy for FeMTC,15.1.0
2017-12,RAN#78,RP-172577,5506,,A,E-UTRAN HD-FDD inter-frequency RSTD measurement accuracy for FeMTC,15.1.0
2017-12,RAN#78,RP-172577,5507,,A,E-UTRAN TDD inter-frequency RSTD measurement accuracy for FeMTC,15.1.0
2017-12,RAN#78,RP-172579,5510,1,A,Reference correction,15.1.0
2017-12,RAN#78,RP-172583,5514,,A,CR on inter frequency measurement requirement R15,15.1.0
2017-12,RAN#78,RP-172583,5516,,A,CR on UE Rx-Tx measurement requirement R15,15.1.0
2018-03,RAN#79,RP-180264,5518,4,F,CR on TS36.133 on interruptions for NSA EN-DC,15.2.0
2018-03,RAN#79,RP-180264,5521,2,F,Number of carriers,15.2.0
2018-03,RAN#79,RP-180264,5524,1,F,Editorial corrections for NSA NR,15.2.0
2018-03,RAN#79,RP-180264,5526,1,F,CR on NR PSCell addition and release delay,15.2.0
2018-03,RAN#79,RP-180296,5528,,A,Remove [ ] from UE Cat 1bis RRM requirements (Rel-15),15.2.0
2018-03,RAN#79,RP-180291,5530,,A,Correction of test requirement for LAA Test cases A.8.26.x,15.2.0
2018-03,RAN#79,RP-180293,5536,,A,Correction to Reference NPRACH Configurations,15.2.0
2018-03,RAN#79,RP-180293,5539,,A,Finalising NB-IoT NPRACH Test cases A.6.2.16 and A.6.2.17,15.2.0
2018-03,RAN#79,RP-180293,5542,,A,Correction to NB-IoT UE Transmit Timing Accuracy Test cases,15.2.0
2018-03,RAN#79,RP-180291,5545,1,A,Correction to successful report rate threshold for FS3 channel occupancy tests,15.2.0
2018-03,RAN#79,RP-180291,5548,,A,Correction to incorrect reference for A8.26.9 and A8.26.10,15.2.0
2018-03,RAN#79,RP-180291,5551,,A,Correction to OCNG pattern for FS3 RSSI and channel occupancy tests,15.2.0
2018-03,RAN#79,RP-180297,5553,1,A,CR for applibility correction for non-BLCE UE R15,15.2.0
2018-03,RAN#79,RP-180299,5555,,A,Correction of test requirements for RSTD intra-frequency reporting delay for Cat1Bis (Rel-15),15.2.0
2018-03,RAN#79,RP-180299,5557,,A,Correction of test requirements for RSTD inter-frequency reporting delay for Cat1Bis (Rel-15),15.2.0
2018-03,RAN#79,RP-180299,5559,,A,Correction of test requirements for RSTD measurement performance for Cat1Bis (Rel-15),15.2.0
2018-03,RAN#79,RP-180299,5561,,A,RRM-Cat1Bis: Missing references to the core requirements (Rel-15),15.2.0
2018-03,RAN#79,RP-180298,5563,,A,Corrections on enhanced RLM tests in CEModeA (R15)The CR was partially implemented as it was not based on the latest version of the spec,15.2.0
2018-03,RAN#79,RP-180281,5566,,A,Correction for LAA channel occupancy test (R15),15.2.0
2018-03,RAN#79,RP-180294,5569,,A,Correction for LAA RSSI measurement accuracy requirement (R15),15.2.0
2018-03,RAN#79,RP-180264,5571,1,F,Requirements for LTE incmon with NR,15.2.0
2018-03,RAN#79,RP-180296,5573,,A,Changes to conditions for V2X GNSS reliability requirements,15.2.0
2018-03,RAN#79,RP-180279,5575,,B,CR to 36.133: Introduction of Band 85 (B12-extended),15.2.0
2018-03,RAN#79,RP-180297,5577,,A,Updating HO requirement without SFN acquisition for feMTC R15,15.2.0
2018-03,RAN#79,RP-180298,5579,,A,Updating HO test cases without SFN acquisition for feMTC CEModeA R15,15.2.0
2018-03,RAN#79,RP-180298,5581,,A,Updating HO test cases without SFN acquisition for feMTC CEModeB R15,15.2.0
2018-03,RAN#79,RP-180264,5582,1,F,Interruption time for MG in EN-DC,15.2.0
2018-03,RAN#79,RP-180297,5591,,A,CR on RRM measurement requirements for UE cat M1 R15,15.2.0
2018-03,RAN#79,RP-180298,5593,1,A,CR on intra RSTD accuracy requirement for FeMTC R15,15.2.0
2018-03,RAN#79,RP-180295,5595,1,A,CR on non-uniform gap inter frequency requirements when DRX is used R15,15.2.0
2018-03,RAN#79,RP-180264,5596,,F,CR on TS36133 for event triggering and reporting criteria,15.2.0
2018-03,RAN#79,RP-180295,5598,,A,Correction on interruption test cases for SRS switching in CA R15,15.2.0
2018-03,RAN#79,RP-180295,5600,,A,Correction on interruption test cases for SRS switching in DC R15,15.2.0
2018-03,RAN#79,RP-180264,5601,,F,CR on measurement gap patterns in TS 36.133,15.2.0
2018-03,RAN#79,RP-180295,5603,1,A,Clean-up for high speed performance enhancement,15.2.0
2018-03,RAN#79,RP-180296,5605,,A,CR on introducing PSSCH RMC configuration for V2X UE autonomous resource selection/reselection measurement tests R15,15.2.0
2018-03,RAN#79,RP-180293,5613,,A,Editorial change on RLM requirement,15.2.0
2018-03,RAN#79,RP-180296,5618,,A,CR for intra frequency RSTD reporting delay test case for eNB-IOT positioning R15,15.2.0
2018-03,RAN#79,RP-180296,5619,,A,CR for inter frequency RSTD reporting delay test case for eNB-IOT positioning R15,15.2.0
2018-03,RAN#79,RP-180264,5622,1,B,CR on TS36.133 for UE capability in idle mode,15.2.0
2018-03,RAN#79,RP-180264,5624,,F,CR on TS36.133 for NR RRM measurement in EN-DC,15.2.0
2018-03,RAN#79,RP-180264,5625,1,F,CR on TS36.133 for inter-frequency E-UTRAN RRM measurement in EN-DC,15.2.0
2018-03,RAN#79,RP-180264,5628,2,B,CR on TS36.133 for inter-RAT handover from E-UTRAN to NR,15.2.0
2018-03,RAN#79,RP-180264,5631,1,F,CR on TS36.133 for UE measurement capability related to EN-DC operation,15.2.0
2018-03,RAN#79,RP-180264,5632,1,F,CR on TS36.133 for EN-DC SSTD measurement,15.2.0
2018-03,RAN#79,RP-180294,5642,,A,CR for 36.133 introducing band 68,15.2.0
2018-03,RAN#79,RP-180293,5645,,A,Clarification on coverage enhancement level for cat-NB1 in IDLE state,15.2.0
2018-03,RAN#79,RP-180297,5647,,A,Clarification on enhanced RLM requirements for FeMTC,15.2.0
2018-03,RAN#79,RP-180298,5649,1,A,Editorial correction to test cases on SI reading test in DRX for cat-M1 in CEModeB,15.2.0
2018-03,RAN#79,RP-180296,5656,,A,Editorial correction in RSTD requirements for UE category 1bis,15.2.0
2018-03,RAN#79,RP-180296,5658,,A,OTDOA NB-IoT: Corrections to core and test requirements for NB-IOT Positioning tests (Rel-15),15.2.0
2018-03,RAN#79,RP-180298,5660,,A,OTDOA eMTC: Corrections to core and test requirements for eMTC Positioning tests (Rel-15),15.2.0
2018-03,RAN#79,RP-180278,5661,,B,Introduction of TDD 3.3-3.4GHz band (band 52),15.2.0
2018-06,RAN#80,RP-181075,5687,,B,CR for 36.133 on UE measurement capability for NR SA UE without NR PCell,15.3.0
2018-06,RAN#80,RP-181075,5782,,B,On TDD inter-RAT SFTD measurement requirements,15.3.0
2018-06,RAN#80,RP-181075,5831,1,B,CR for 36.133 Clarification on the total number of carrier frequency layers,15.3.0
2018-06,RAN#80,RP-181075,5735,4,B,Introduction of inter-RAT SFTD measurement requirement,15.3.0
2018-06,RAN#80,RP-181075,5783,1,B,On inter-RAT SFTD interruption requirements,15.3.0
2018-06,RAN#80,RP-181076,5719,,F,CR on TS36.133 for NR RRM measurement in EN-DC,15.3.0
2018-06,RAN#80,RP-181076,5666,1,F,Applicability of EN-DC requirements in 36.133,15.3.0
2018-06,RAN#80,RP-181076,5761,,F,CR on short gap for LTE measurement in TS36.133,15.3.0
2018-06,RAN#80,RP-181076,5790,,F,CR on inter-frequency measurement in EN-DC for 36.133,15.3.0
2018-06,RAN#80,RP-181076,5800,1,F,CR on TS36.133 for NR PSCell addition delay,15.3.0
2018-06,RAN#80,RP-181076,5799,2,F,CR on TS36.133 for inter-RAT 3G measurement in EN-DC,15.3.0
2018-06,RAN#80,RP-181076,5759,2,F,CR on TS36.133 on interruptions for NSA EN-DC,15.3.0
2018-06,RAN#80,RP-181076,5760,2,F,CR on TS36.133 for inter-RAT handover from E-UTRAN to NR,15.3.0
2018-06,RAN#80,RP-181077,5772,1,F,CR on interruption for SCell activation and deactivation with sTTI,15.3.0
2018-06,RAN#80,RP-181077,5757,1,D,Editorial corrections to STTI and short processing time requirements,15.3.0
2018-06,RAN#80,RP-181077,5758,2,B,ONCG and RMC definitions for slot and subslot RRM testing in LTE,15.3.0
2018-06,RAN#80,RP-181077,5791,2,B,Test case principle for sTTI,15.3.0
2018-06,RAN#80,RP-181077,5792,2,B,E-UTRAN FDD – UE Timing Advance Adjustment Delay Test for sTTI and processing time reduction,15.3.0
2018-06,RAN#80,RP-181077,5833,,B,E-UTRAN TDD – UE Timing Advance Adjustment Delay Test for sTTI and processing time reduction,15.3.0
2018-06,RAN#80,RP-181079,5665,1,B,CR on interruption and addition/release requirement for V2X carrier aggregation,15.3.0
2018-06,RAN#80,RP-181079,5788,2,B,CR on Synchronization Reference Source Selection/Reselection requirements for V2X CA,15.3.0
2018-06,RAN#80,RP-181079,5769,2,F,CR on V2X CA requirements corrections,15.3.0
2018-06,RAN#80,RP-181082,5817,3,B,Introducing RRC_INACTIVE mode mobility requirements for 36133,15.3.0
2018-06,RAN#80,RP-181083,5754,,B,RSTD measurement requirements with new gaps,15.3.0
2018-06,RAN#80,RP-181083,5826,,B,Introduction of High-velocity support for  muting for Rel-15 MTC,15.3.0
2018-06,RAN#80,RP-181083,5803,1,F,CR on CGI requirements for CEmodeB,15.3.0
2018-06,RAN#80,RP-181083,5805,1,F,CR on new gap impact on intra-frequency RSTD requirements for M1,15.3.0
2018-06,RAN#80,RP-181083,5806,1,F,CR on new gap impact on intra-frequency RSTD requirements for M2,15.3.0
2018-06,RAN#80,RP-181083,5753,2,B,Introduction of measurement gaps for dense PRS,15.3.0
2018-06,RAN#80,RP-181083,5825,3,B,Introduction of CRS muting requirements for Rel-15 MTC,15.3.0
2018-06,RAN#80,RP-181084,5717,1,B,CR for relaxed monitoring of cell reselection,15.3.0
2018-06,RAN#80,RP-181084,5796,,B,CR for TDD NB-IoT RRM requirement,15.3.0
2018-06,RAN#80,RP-181084,5827,,B,Side conditions for supporting TDD NB-IOT,15.3.0
2018-06,RAN#80,RP-181084,5797,1,B,CR for serving cell measurement relaxation for WUS-capable UE,15.3.0
2018-06,RAN#80,RP-181085,5765,4,B,Introduction of network-based CRS interference mitigation,15.3.0
2018-06,RAN#80,RP-181093,5736,,B,Introduction of 1UL and more than 5DL CA into 36.133,15.3.0
2018-06,RAN#80,RP-181100,5756,1,F,Introduction of generic duplex modes test cases for 3/4/5DL CA,15.3.0
2018-06,RAN#80,RP-181100,5762,1,F,Introduction of generic duplex modes test cases on RSRP and RSRQ accuracy for 3/4/5DL CA,15.3.0
2018-06,RAN#80,RP-181100,5743,1,F,New generic TC: 4DL CA Activation and Deactivation,15.3.0
2018-06,RAN#80,RP-181100,5744,1,F,New generic TC: 5DL CA Activation and Deactivation,15.3.0
2018-06,RAN#80,RP-181100,5742,2,F,New generic TC: 3DL CA Activation and Deactivation,15.3.0
2018-06,RAN#80,RP-181110,5673,,A,Correction of test parameters for LAA Test cases A.9.1.60 and A.9.1.61,15.3.0
2018-06,RAN#80,RP-181110,5679,,A,Specify Measurement BW for LAA Test cases A.8.26.3/4 and A.8.26.9/10,15.3.0
2018-06,RAN#80,RP-181110,5750,,A,Correction to Test Parameters for FS3 Channel Occupancy tests,15.3.0
2018-06,RAN#80,RP-181111,5775,,A,Correction to eMTC CGI reading delay requirement R15,15.3.0
2018-06,RAN#80,RP-181112,5670,,A,Remove [ ] from Physical channels for NB-IoT Test case A.6.1.16,15.3.0
2018-06,RAN#80,RP-181112,5676,,A,Update parameters for NB-IoT Tx Timing Test case A.7.1.18,15.3.0
2018-06,RAN#80,RP-181112,5778,,A,Correction to the delay requirement for RRC connection redirection to non-anchor carrier for NB-IoT R15,15.3.0
2018-06,RAN#80,RP-181113,5664,,A,Editorial changes to single carrier RLM test case for 4 Rx capable Ues R15,15.3.0
2018-06,RAN#80,RP-181113,5747,,A,Corrections to CA activation and deactivation test cases (Rel-15),15.3.0
2018-06,RAN#80,RP-181114,5691,,A,Intra-frequency RSTD measurement period requirements with gaps for Cat M1 UE,15.3.0
2018-06,RAN#80,RP-181114,5693,,A,Intra-frequency RSTD measurement period requirements with gaps for Cat M2 UE,15.3.0
2018-06,RAN#80,RP-181114,5695,,A,Correction for intra-frequency RSTD accuracy requirements with gaps for Cat M1 UE,15.3.0
2018-06,RAN#80,RP-181114,5697,,A,Correction for intra-frequency RSTD accuracy requirements with gaps for Cat M2 UE,15.3.0
2018-06,RAN#80,RP-181114,5709,1,A,CR on intra-frequency RSTD measurement requirements for UE cat M1 in CE mode B,15.3.0
2018-06,RAN#80,RP-181114,5711,1,A,CR on intra-frequency RSTD measurement requirements for UE cat M2,15.3.0
2018-06,RAN#80,RP-181115,5725,,A,OTDOA NB-IoT: Corrections to test requirements for NB-IOT Positioning tests (Rel-15),15.3.0
2018-06,RAN#80,RP-181115,5699,1,A,Correction in SRS switching requirements,15.3.0
2018-06,RAN#80,RP-181115,5752,,A,Remaining square brackets in eNB-IoT RSTD requirements (Rel-15),15.3.0
2018-06,RAN#80,RP-181115,5787,,A,CR on modification of GNSS reliability requirements for V2X R15,15.3.0
2018-06,RAN#80,RP-181115,5795,,A,CR on NB-IoT test case Random Access on Non-anchor Carrier (A.6.2.18) R15,15.3.0
2018-06,RAN#80,RP-181116,5768,1,A,Correction to Category 1bis test case and requirement R15,15.3.0
2018-06,RAN#80,RP-181116,5785,1,A,CR on modification of interruption requirement for V2V R15,15.3.0
2018-09,RAN#81,RP-181897,5840,,F,Number of frequency layers for inter-frequency RSTD in NSA NR in 36.133,15.4.0
2018-09,RAN#81,RP-181897,5843,,F,Correcting inactive state requirements in 36133,15.4.0
2018-09,RAN#81,RP-181897,5842,1,F,Correcting UE measurement capability with same MO configured by MN and SN on TS36.133(The CR was not implemented as it is replaced by CR 5897r1),15.4.0
2018-09,RAN#81,RP-181897,5837,2,F,CR 36.133 Correction of EN-DC SFTD core requirement in DRX,15.4.0
2018-09,RAN#81,RP-181897,5835,1,F,Interuption requirements for EN-DC in 36.133,15.4.0
2018-09,RAN#81,RP-181897,5841,2,F,CR on inter-RAT NR measurements iin idle in 36.133,15.4.0
2018-09,RAN#81,RP-181897,5848,2,B,Interruption Requirements on LTE Serving Cells due to BWP Switching,15.4.0
2018-09,RAN#81,RP-181897,5856,,F,Interuption requirements for EN-DC in 36.133,15.4.0
2018-09,RAN#81,RP-181897,5866,,F,CR to TS36.133 for editorial correction of NR NSA measurement capability,15.4.0
2018-09,RAN#81,RP-181897,5868,,F,Introduction on Gap sharing for EN-DC in TS36.133,15.4.0
2018-09,RAN#81,RP-181897,5886,,F,Correction of EN-DC SFTD core requirement,15.4.0
2018-09,RAN#81,RP-181897,5885,1,F,Clarification of inter-RAT SFTD core requirement,15.4.0
2018-09,RAN#81,RP-181897,5897,1,F,Correcting UE measurement capability with same MO configured by MN and SN on TS36.133,15.4.0
2018-09,RAN#81,RP-181897,5940,2,F,CR on NR PScell addition,15.4.0
2018-09,RAN#81,RP-181897,5857,1,F,CR on TS36.133 for handover from E-UTRAN to NR,15.4.0
2018-09,RAN#81,RP-181897,5909,1,B,CR to 36.133 on introduction of SFTD measurement accuracy requirements,15.4.0
2018-09,RAN#81,RP-181897,5867,3,F,CR on TS36.133 for inter-RAT NR measurements in idle,15.4.0
2018-09,RAN#81,RP-181899,5913,,F,Indicator for high-speed operation for Rel-15 cat-M1/M2,15.4.0
2018-09,RAN#81,RP-181899,5879,1,B,Clarification of the requirement for dense PRS gap in eFeMTC UE R15,15.4.0
2018-09,RAN#81,RP-181899,5891,1,F,CR on RLM requirements for UE configured with dense PRS gaps,15.4.0
2018-09,RAN#81,RP-181899,5936,1,F,Updated requirements for measurement gaps for dense PRS,15.4.0
2018-09,RAN#81,RP-181899,5916,1,F,Remaining work on CRS muting for Cat-M1/M2,15.4.0
2018-09,RAN#81,RP-181900,5930,1,B,Addition of NSSS-based RRM measurement accuracy requirement,15.4.0
2018-09,RAN#81,RP-181900,5892,1,F,CR on WUS RRM requirements,15.4.0
2018-09,RAN#81,RP-181903,5858,1,F,CR on Interruption and Delay of CC addition/release,15.4.0
2018-09,RAN#81,RP-181904,5895,,F,Correcting UE measurement capability in Inactive state for 36133,15.4.0
2018-09,RAN#81,RP-181905,5876,1,B,Addition of Scell activation/interruption requiremetn for dormant SCell,15.4.0
2018-09,RAN#81,RP-181905,5944,2,B,CR introducing enhanced utilization of CA and direct activation,15.4.0
2018-09,RAN#81,RP-181905,5942,2,B,CR introducing enhanced utilization of CA and idle mode measurements for early reporting,15.4.0
2018-09,RAN#81,RP-181906,5931,1,F,Applicability requirement for network-based CRS-IM,15.4.0
2018-09,RAN#81,RP-181911,5861,,A,Correction of test parameters for LAA Test cases A.9.1.60 and A.9.1.61,15.4.0
2018-09,RAN#81,RP-181911,5872,,A,Clarification of the measurement gap offset in LAA inter-frequency measurement test R15,15.4.0
2018-09,RAN#81,RP-181912,5917,,A,Correcton to category M1 PDSCH RMCs,15.4.0
2018-09,RAN#81,RP-181913,5914,,A,Correction on gap ID usage for UE category M1/M2,15.4.0
2018-09,RAN#81,RP-181913,5935,,A,Correction in inter-frequency RSTD measurement period requirements in FeMTC,15.4.0
2018-09,RAN#81,RP-181914,5901,,A,CR on modification of V2X initiation/cease of SLSS transmission test for eNB as Timing Reference R15,15.4.0
2018-09,RAN#81,RP-181914,5903,,A,CR on modification of V2X initiation/cease of SLSS transmission test for SyncRef UE as Timing Reference R15,15.4.0
2018-09,RAN#81,RP-181914,5905,,A,CR on modification of V2X congestion control measurement test R15,15.4.0
2018-09,RAN#81,RP-181915,5853,,A,Corrections to NB-IoT RSTD test cases (Rel-15),15.4.0
2018-09,RAN#81,RP-181915,5855,,A,Correct 5MHz eCell PRB# for Cat NB1 Test Case A.4.2.18,15.4.0
2018-09,RAN#81,RP-181915,5874,,A,Introduction of MSG3-based channel quality report for NB-IoT,15.4.0
2018-09,RAN#81,RP-181917,5925,,B,Introduction of Event Triggered Reporting test cases with generic duplex modes for 6DL/7DL CA,15.4.0
2018-09,RAN#81,RP-181917,5926,,B,Introduction of Activation and Deactivation test cases with generic duplex modes for 6DL/7DL CA,15.4.0
2018-09,RAN#81,RP-181917,5927,,B,Introduction of generic duplex modes test cases on RSRP accuracy for 6DL/7DL CA,15.4.0
2018-09,RAN#81,RP-181917,5928,,B,Introduction of generic duplex modes test cases on RSRQ accuracy for 6DL/7DL CA,15.4.0
2018-09,RAN#81,RP-181917,5851,1,F,Corrections to generic CA RRM test cases (Rel-15),15.4.0
2018-12,RAN#82,RP-182360,5946,,F,Interuption requirements correction for EN-DC in 36.133,15.5.0
2018-12,RAN#82,RP-182360,5948,,F,CR on UE measurement capability with MOs configured by MN and SN in TS36.133,15.5.0
2018-12,RAN#82,RP-182366,5954,,A,Finalize MSG3-based channel quality report for NB-IoT,15.5.0
2018-12,RAN#82,RP-182366,5955,1,B,RMC for NB-IoT TDD RRM test cases,15.5.0
2018-12,RAN#82,RP-182365,5956,1,F,Addition of side condition for CGI reading delay for Rel-15 eFeMTC UE,15.5.0
2018-12,RAN#82,RP-182365,5959,1,F,Applicability rules for UE supporting new gaps,15.5.0
2018-12,RAN#82,RP-182365,5960,2,B,Intra-frequency FDD test cases for RSTD measurement period under new measurement gaps for CE Mode A,15.5.0
2018-12,RAN#82,RP-182365,5961,1,B,Intra-frequency HD-FDD test cases for RSTD measurement period under new measurement gaps for CE Mode A,15.5.0
2018-12,RAN#82,RP-182365,5962,1,B,Intra-frequency TDD test cases for RSTD measurement period under new measurement gaps for CE Mode A,15.5.0
2018-12,RAN#82,RP-182365,5964,1,B,Inter-frequency HD-FDD test cases for RSTD measurement period under new measurement gaps for CE Mode A,15.5.0
2018-12,RAN#82,RP-182365,5965,1,B,Inter-frequency TDD test cases for RSTD measurement period under new measurement gaps for CE Mode A,15.5.0
2018-12,RAN#82,RP-182383,5967,1,A,Correction in RSTD measurement requirements,15.5.0
2018-12,RAN#82,RP-182360,5968,2,F,"CR to 36.133 on SFTD measurement requirements (Section 8.17.2, 8.1.2.4.25)",15.5.0
2018-12,RAN#82,RP-182365,5983,3,F,Requirements for high velocity measurement for efeMTC,15.5.0
2018-12,RAN#82,RP-182361,5987,,F,CR on interruption during DRX operation in TS 36.133,15.5.0
2018-12,RAN#82,RP-182383,6001,,A,Correction to inter-frequency handover test case for UE category M1/M2 in CEModeB,15.5.0
2018-12,RAN#82,RP-182361,6017,1,F,CR 36.133 Inter-RAT and EN-DC SFTD measurement accuracy for FR2,15.5.0
2018-12,RAN#82,RP-182379,6024,,A,CR 36.133 Correction of references in OCNG patterns Rel-15,15.5.0
2018-12,RAN#82,RP-182366,6026,,A,CR 36.133 Correction of NB-IoT OCNG patterns Rel-15,15.5.0
2018-12,RAN#82,RP-182366,6027,1,B,Introduction of OCNG patterns for NB-IoT TDD,15.5.0
2018-12,RAN#82,RP-182386,6028,1,F,UE known dormant SCell condition and activation delay requirements for unknown dormant SCell,15.5.0
2018-12,RAN#82,RP-182384,6030,,A,Correction to downlink channel quality reporting R15,15.5.0
2018-12,RAN#82,RP-182371,6032,1,B,RRM test for dormant SCell,15.5.0
2018-12,RAN#82,RP-182384,6035,,A,Correction to RSTD measurement accuracy requirement in NB-IoT R15,15.5.0
2018-12,RAN#82,RP-182362,6038,4,B,"CR for 36.133 on E-UTRAN measurement to support gap pattern 4, 6,7,8,10 (section 8.1.2.1, 8.1.2.3.1.2, 8.1.2.3.2.2, 8.17.3)",15.5.0
2018-12,RAN#82,RP-182365,6039,,B,Inter-frequency FDD test cases for RSTD measurement period under new measurement gaps for CE Mode A,15.5.0
2018-12,RAN#82,RP-182361,6040,,F,CR for correction on measurement gap sharing in EN-DC,15.5.0
2018-12,RAN#82,RP-182381,6043,,A,Correction to FDD-FS3 Intra-frequency event triggered reporting in DRX,15.5.0
2018-12,RAN#82,RP-182388,6044,,F,Correction to DL CA Activation and Deactivation Test cases,15.5.0
2018-12,RAN#82,RP-182384,6051,1,A,NB-IoT RSTD accuracy tests using Type 2 NPRS - Rel15,15.5.0
2018-12,RAN#82,RP-182360,6052,2,F,CR on updating requirement for BWP switching interruption in TS36.133 (Section 7.32.2.7),15.5.0
2018-12,RAN#82,RP-182382,6058,,A,Corrections to feMTC RRM test case A.8.1.28 (Rel-15),15.5.0
2018-12,RAN#82,RP-182388,6061,,F,Corrections to generic CA RRM test cases up to 5 DL CCs (Rel-15),15.5.0
2018-12,RAN#82,RP-182388,6062,,F,Corrections to generic CA RRM test cases for 6 and 7 DL CCs  (Rel-15),15.5.0
2018-12,RAN#82,RP-182366,6065,,B,Introducing TDD NPRACH configuration for NB test cases,15.5.0
2018-12,RAN#82,RP-182366,6066,1,B,TDD contention based random access test case under normal coverage,15.5.0
2018-12,RAN#82,RP-182366,6067,1,B,TDD contention based random access test case under enhanced coverage,15.5.0
2018-12,RAN#82,RP-182366,6068,1,B,TDD contention based random access test case on non-anchor carriers,15.5.0
2018-12,RAN#82,RP-182367,6069,1,B,TDD intra-frequency RSTD measurement accuracy test case under normal coverage,15.5.0
2018-12,RAN#82,RP-182367,6070,1,B,TDD inter-frequency RSTD measurement accuracy test case under normal coverage,15.5.0
2018-12,RAN#82,RP-182367,6071,1,B,TDD intra-frequency RSTD measurement accuracy test case under enhanced coverage,15.5.0
2018-12,RAN#82,RP-182367,6072,1,B,TDD inter-frequency RSTD measurement accuracy test case under enhanced coverage,15.5.0
2018-12,RAN#82,RP-182367,6073,2,B,TDD idle intra-frequency RSTD measurement test case under enhanced coverage,15.5.0
2018-12,RAN#82,RP-182367,6074,2,B,TDD idle inter-frequency RSTD measurement test case under enhanced coverage,15.5.0
2018-12,RAN#82,RP-182366,6075,,F,CR on TDD support in conditions for NB-IoT measurements,15.5.0
2018-12,RAN#82,RP-182367,6076,2,F,CR on TDD support in measurement accuracy requirements for NB-IoT,15.5.0
2018-12,RAN#82,RP-182366,6079,1,A,CR on NRSRP accuracy applicability for UE Category NB1 and NB2 R15,15.5.0
2018-12,RAN#82,RP-182367,6087,,A,CR on NB random access test cases R15,15.5.0
2018-12,RAN#82,RP-182370,6089,1,B,Introducing principle for LTE UE connected to 5GC test cases,15.5.0
2018-12,RAN#82,RP-182361,6092,1,F,CR on PSCell addition delay in TS36.133(The CR was not implemented as it is not based on the latest version of the specification),15.5.0
2018-12,RAN#82,RP-182361,6093,,F,Defining MG starting point in 36.133,15.5.0
2018-12,RAN#82,RP-182367,6095,,A,Introduction of MSG3-based channel quality reporting test,15.5.0
2018-12,RAN#82,RP-182367,6097,1,B,CR introducing out-of-sync RLM test for NB-IoT TDD in normal coverage with DRX,15.5.0
2018-12,RAN#82,RP-182367,6098,1,B,CR introducing out-of-sync RLM test for NB-IoT TDD in enhanced coverage with DRX,15.5.0
2018-12,RAN#82,RP-182367,6099,1,B,CR introducing in-sync RLM test for NB-IoT TDD in normal coverage with DRX,15.5.0
2018-12,RAN#82,RP-182367,6100,1,B,CR introducing in-sync RLM test for NB-IoT TDD in enhanced coverage with DRX,15.5.0
2018-12,RAN#82,RP-182367,6101,1,B,CR introducing in-sync RLM test for NB-IoT TDD in normal coverage without DRX,15.5.0
2018-12,RAN#82,RP-182367,6102,1,B,CR introducing in-sync RLM test for NB-IoT TDD in enhanced coverage without DRX,15.5.0
2018-12,RAN#82,RP-182367,6103,1,B,CR introducing Out-of-sync RLM test for NB-IoT TDD in normal coverage without DRX in stand alone mode,15.5.0
2018-12,RAN#82,RP-182367,6104,1,B,CR introducing Out-of-sync RLM test for NB-IoT TDD in enhanced coverage without DRX in guard band,15.5.0
2018-12,RAN#82,RP-182386,6105,1,F,UE known dormant SCell condition,15.5.0
2018-12,RAN#82,RP-182386,6108,1,F,Introducing enhanced utilization of CA and direct activation in HO,15.5.0
2018-12,RAN#82,RP-182366,6113,1,B,Cell re-selection test case for TDD Intra frequency case for UE category NB1 in in-band mode in normal coverage,15.5.0
2018-12,RAN#82,RP-182366,6114,1,B,TDD Inter-frequency RRC Re-establishment for UE category NB1 in In-Band mode under normal coverage,15.5.0
2018-12,RAN#82,RP-182366,6115,1,B,UE Transmit Timing Accuracy Test for category NB1 UE In-Band in Normal coverage,15.5.0
2018-12,RAN#82,RP-182367,6118,1,B,UE Transmit Timing Accuracy Test for category NB1 UE In-Band in Enhanced coverage,15.5.0
2018-12,RAN#82,RP-182367,6119,1,B,UE Timing advance adjustment test Test for category NB1 UE standalone under Enhanced coverage,15.5.0
2018-12,RAN#82,RP-182366,6120,1,B,TDD Intra-frequency RRC Re-establishment for UE category NB1 in In-Band mode under enhanced coverage,15.5.0
2018-12,RAN#82,RP-182366,6121,1,B,Cell re-selection test case for TDD Inter- frequency case for UE category NB1 in in-band mode in enhanced coverage,15.5.0
2018-12,RAN#82,RP-182366,6122,1,B,Cell re-selection test case for TDD Intra frequency case for UE category NB1 in in-band mode in enhanced coverage,15.5.0
2018-12,RAN#82,RP-182365,6124,2,F,Correction of references in CONNECTED mode requirements for category M1,15.5.0
2018-12,RAN#82,RP-182366,6127,1,B,Introduction of enhanced PHR for category NB1,15.5.0
2018-12,RAN#82,RP-182366,6128,,B,Remaining work on minimum WUS reception requirements for NB-IoT,15.5.0
2018-12,RAN#82,RP-182365,6129,,B,Introduction of WUS requirements for efeMTC,15.5.0
2018-12,RAN#82,RP-182386,6132,1,F,Addition of missing Band 71 in 36.133 NB-IoT bands,15.5.0
2018-12,RAN#82,RP-182385,6134,,A,Corrections on V2X core requirements in TS36.133 R15,15.5.0
2018-12,RAN#82,RP-182385,6136,,A,Corrections on Conditions for Selection/Reselection to Intra-frequency SyncRef UE R15,15.5.0
2018-12,RAN#82,RP-182382,6149,,A,Clarification on the applicability of side condition for CE UE R15,15.5.0
2018-12,RAN#82,RP-182383,6153,,A,Applicability of non-BL CE requriements for Cat-1bis(The CR was partially implemented as it is not based on the latest version of the specification),15.5.0
2018-12,RAN#82,RP-182365,6155,1,F,Correction to CRS muting applicability in efeMTC,15.5.0
2018-12,RAN#82,RP-182360,6156,1,F,Introduction of search window for 4ms MGL in LTE interfrequency requirements(The CR was partially implemented as this CR is clashes with CR#6038r4),15.5.0
2018-12,RAN#82,RP-182360,6157,2,F,Corrections to DRX cycle for EN-DC operation,15.5.0
2018-12,RAN#82,RP-182360,6158,2,F,Correction of side condition in FR2 handover in section 6.1.1,15.5.0
2018-12,RAN#82,RP-182386,6160,2,F,SIB5 reporting corrections for Idle Mode CA Measurement,15.5.0
2018-12,RAN#82,RP-182386,6167,1,F,Corrections in network-based CRS interference mitigation requirements,15.5.0
2018-12,RAN#82,RP-182365,6168,2,B,Intra-frequency FDD test cases for RSTD measurement period under new measurement gaps for CE Mode B,15.5.0
2018-12,RAN#82,RP-182365,6169,2,B,Intra-frequency HD-FDD test cases for RSTD measurement period under new measurement gaps for CE Mode B,15.5.0
2018-12,RAN#82,RP-182365,6170,2,B,Intra-frequency TDD test cases for RSTD measurement period under new measurement gaps for CE Mode B,15.5.0
2018-12,RAN#82,RP-182365,6171,1,B,Inter-frequency FDD test cases for RSTD measurement period under new measurement gaps for CE Mode B,15.5.0
2018-12,RAN#82,RP-182365,6172,1,B,Inter-frequency HD-FDD test cases for RSTD measurement period under new measurement gaps for CE Mode B,15.5.0
2018-12,RAN#82,RP-182365,6173,2,B,Inter-frequency TDD test cases for RSTD measurement period under new measurement gaps for CE Mode B,15.5.0
2018-12,RAN#82,RP-182383,6175,,A,Correction in FeMTC RSTD test cases,15.5.0
2018-12,RAN#82,RP-182362,6176,,B,Inter-RAT NR measurement accuracy requirements,15.5.0
2018-12,RAN#82,RP-182360,6177,,F,Side conditions for inter-RAT NR measurements in EN-DC case,15.5.0
2018-12,RAN#82,RP-182360,6178,,F,Side conditions for inter-RAT NR measurements in non-EN-DC case,15.5.0
2018-12,RAN#82,RP-182379,6186,,A,Corrections to incmon testcases,15.5.0
2018-12,RAN#82,RP-182369,6187,,B,CR on introducing test cases of Synchronization Reference Source Selection/Reselection requirements for V2X CA,15.5.0
2018-12,RAN#82,RP-182369,6188,,B,CR on introducing test cases of interruptions due to V2X CA,15.5.0
2018-12,RAN#82,RP-182377,6015,,B,CR adding_B65 for NB1&NB2,16.0.0
2018-12,RAN#82,RP-182376,6096,1,B,CR to 36.133: Introduction of Band 53,16.0.0
2019-03,RAN#83,RP-190414,6192,,A,Correction to FDD-FS3 Intra-frequency event triggered reporting in DRX,16.1.0
2019-03,RAN#83,RP-190413,6197,,A,Clarifications on HD-FDD NB-IoT Out-of-sync RLM test cases,16.1.0
2019-03,RAN#83,RP-190413,6201,,A,Corrections to HD-FDD NB-IoT In-Sync RLM tests,16.1.0
2019-03,RAN#83,RP-190413,6205,,A,Clarification on test requirements for transmit timing accuracy for HD-FDD Category NB1 UE,16.1.0
2019-03,RAN#83,RP-190406,6207,,A,Clarification on test requirements for transmit timing accuracy for TDD Category NB1 UE,16.1.0
2019-03,RAN#83,RP-190416,6210,,A,Clarifications to HD-FDD Idle State Positioning Measurement test for NB1,16.1.0
2019-03,RAN#83,RP-190406,6212,,A,Clarifications to TDD Idle State Positioning Measurement test for NB1,16.1.0
2019-03,RAN#83,RP-190399,6223,,A,Corrections on SFTD R16 (8.1.2.4.26.1),16.1.0
2019-03,RAN#83,RP-190411,6230,,A,Correction to Incmon test cases for reselection from E-UTRA FDD/TDD to UTRA,16.1.0
2019-03,RAN#83,RP-190399,6234,,A,Inter-RAT NR measurements in 36.133 for SA,16.1.0
2019-03,RAN#83,RP-190413,6246,1,A,CR on NB random access test cases R16,16.1.0
2019-03,RAN#83,RP-190416,6249,1,A,CR on MSG3 based channel quality report requirements R16,16.1.0
2019-03,RAN#83,RP-190406,6258,,A,CR on Cat NB2 UE test cases applicability R16,16.1.0
2019-03,RAN#83,RP-190399,6260,1,A,CR on BWP switch interruptions on LTE PCell in EN-DC R16,16.1.0
2019-03,RAN#83,RP-190421,6262,,A,Adding section 8.18 in 36.133,16.1.0
2019-03,RAN#83,RP-190417,6265,,A,Correction to the non-BL UE applicability,16.1.0
2019-03,RAN#83,RP-190417,6268,,A,Correction of reference number in Cat-M HO requirements,16.1.0
2019-03,RAN#83,RP-190421,6270,,A,Finalizing efeMTC CRS muting applicability,16.1.0
2019-03,RAN#83,RP-190399,6274,,A,Measurement requirements for NE-DC,16.1.0
2019-03,RAN#83,RP-190399,6276,,A,CR for measurement gap applicability for NE-DC,16.1.0
2019-03,RAN#83,RP-190399,6280,,A,CR on E-UTRAN E-UTRAN inter-frequency and inter-RAT  measurements with EN-DC in TS36.133 R16,16.1.0
2019-03,RAN#83,RP-190402,6282,,A,CR on corrections on SFTD measurements accuracy in TS36.133 R16,16.1.0
2019-03,RAN#83,RP-190399,6284,,A,CR on gap sharing and CSSF definition in TS36.133 R16,16.1.0
2019-03,RAN#83,RP-190408,6288,,A,Applicability rule for 8Rx RLM R16,16.1.0
2019-03,RAN#83,RP-190416,6291,,A,Correction of NB-IoT MSG3-based channel quality report test case,16.1.0
2019-03,RAN#83,RP-190399,6293,,A,"CR on E-UTRA SCell (de)activation interruptions for EN-DC (36.133, Rel-16)",16.1.0
2019-03,RAN#83,RP-190399,6295,,A,"CR on interruption requirements for NE-DC (36.133, Rel-16)",16.1.0
2019-03,RAN#83,RP-190400,6297,,A,CR on E-UTRA SCell (de)activation applicability for NE-DC (36.133),16.1.0
2019-03,RAN#83,RP-190416,6304,,A,Corrections to NB-IOT RSTD reporting delay core requirements (Rel-16),16.1.0
2019-03,RAN#83,RP-190416,6307,,A,Corrections to NB-IOT RSTD reporting accuracy test requirements for normal coverage (Rel-16),16.1.0
2019-03,RAN#83,RP-190416,6310,,A,Corrections to NB-IOT RSTD reporting accuracy test requirements for enhanced coverage (Rel-16),16.1.0
2019-03,RAN#83,RP-190417,6316,1,A,Correction to side conditions for cat-M,16.1.0
2019-03,RAN#83,RP-190421,6320,1,A,Maintenace CR on WUS requirements for cat-M Ues,16.1.0
2019-03,RAN#83,RP-190420,6322,1,A,Maintenace CR on WUS requirements for Rel-16 NB-IoT,16.1.0
2019-03,RAN#83,RP-190400,6324,,A,Requirements for RRC connection release with redirection delay from LTE to NR,16.1.0
2019-03,RAN#83,RP-190422,6326,1,A,IDLE mode measurement requirements for euCA,16.1.0
2019-03,RAN#83,RP-190407,6328,1,A,Introduction of IDLE mode measurement accuracy requirements,16.1.0
2019-03,RAN#83,RP-190407,6330,1,A,CR introducing test case for enhanced utilization of CA and  idle mode measurements for early reporting,16.1.0
2019-03,RAN#83,RP-190400,6333,1,A,CR on inter-RAT NR measurements (36.133-rel16),16.1.0
2019-03,RAN#83,RP-190400,6335,1,A,CR on NR PSCell addition delay in EN-DC (36.133-rel16),16.1.0
2019-03,RAN#83,RP-190420,6337,,A,Clean-up in network-based CRS interference mitigation requirements,16.1.0
2019-03,RAN#83,RP-190400,6343,1,A,UE measurements capability in RRC_IDLE for EN-DC capable UE,16.1.0
2019-03,RAN#83,RP-190400,6345,1,A,Introduction of NE-DC in 36.133,16.1.0
2019-03,RAN#83,RP-190400,6347,1,A,Requirements for NGEN-DC,16.1.0
2019-03,RAN#83,RP-190414,6348,,A,CR to 36.133 for corrections on section A.9.10 and section A.9.13,16.1.0
2019-03,RAN#83,RP-190400,6349,,A,Corrections on SFTD mesurement requirements for EN-DC,16.1.0
2019-03,RAN#83,RP-190400,6350,,A,Corrections on SFTD accuracy requirements,16.1.0
2019-03,RAN#83,RP-190399,6351,1,A,CR for MO merging in 36.133,16.1.0
2019-03,RAN#83,RP-190400,6352,,A,CR for SFTD in 36.133,16.1.0
2019-06,RAN#84,RP-191265,6360,,A,Corrections to TDD in-sync RLM test cases for NB-IoT,16.2.0
2019-06,RAN#84,RP-191265,6362,,A,Corrections to TDD inter-frequency idle state positioning measurement test in NB1,16.2.0
2019-06,RAN#84,RP-191265,6373,,A,CR on Cat NB2 UE test cases applicability R16,16.2.0
2019-06,RAN#84,RP-191265,6379,1,A,Maintenance on TDD inter-frequency re-establishment test cases R16,16.2.0
2019-06,RAN#84,RP-191265,6381,,A,Maintenance on side conditions for NSSS measurement accuracy requirements R16,16.2.0
2019-06,RAN#84,RP-191265,6383,,A,CR on TDD intra frequency idle RSTD accuracy test cases R16,16.2.0
2019-06,RAN#84,RP-191266,6385,,A,CR on serving cell measurement relaxation for NB-IoT R16,16.2.0
2019-06,RAN#84,RP-191238,6387,,A,Maintenance CR on event triggering and reporting criteria R16,16.2.0
2019-06,RAN#84,RP-191238,6397,,A,Introduction of UE measurement capability for NE-DC in 36.133,16.2.0
2019-06,RAN#84,RP-191238,6404,,A,"CR for starting point of measurement gap in LTE, ENDC and NEDC in TS 36.133 R16",16.2.0
2019-06,RAN#84,RP-191239,6410,1,A,CR on PSCell addition delay R16,16.2.0
2019-06,RAN#84,RP-191238,6428,,A,Interruption Requirement for RRC based BWP Switching on LTE Serving Cells,16.2.0
2019-06,RAN#84,RP-191238,6431,1,A,CR on TS36.133 for UE behavior after MG (Section 8.1.2),16.2.0
2019-06,RAN#84,RP-191264,6438,,A,Correction to side conditions for cat-M,16.2.0
2019-06,RAN#84,RP-191239,6443,,A,Side condition for NR handover,16.2.0
2019-06,RAN#84,RP-191267,6449,,A,Correction to event triggered reporting on Deactivated SCell,16.2.0
2019-06,RAN#84,RP-191258,6453,,A,Correction to timing advance adjustment accuracy test for Cat-M1 UE,16.2.0
2019-06,RAN#84,RP-191239,6458,,A,maintenance CR on redirection requirements R16,16.2.0
2019-06,RAN#84,RP-191238,6460,,A,CR for NE-DC interruptions due to BWP switch R16,16.2.0
2019-06,RAN#84,RP-191260,6465,,A,Maintenance on HD-FDD inter-frequency re-establishment test cases R16,16.2.0
2019-06,RAN#84,RP-191265,6467,,A,CR on TDD inter frequency idle RSTD accuracy test cases R16,16.2.0
2019-06,RAN#84,RP-191265,6469,,A,endorsed CR for serving cell RRM measurement relaxation test case R16,16.2.0
2019-06,RAN#84,RP-191239,6475,,A,Requirements for RRC connection release with redirection delay from LTE to NR,16.2.0
2019-06,RAN#84,RP-191264,6478,,A,CR introducing test cases for direct activation of Scell,16.2.0
2019-06,RAN#84,RP-191239,6480,,A,PSCell addition delay in FR2 36.133 rel-16,16.2.0
2019-06,RAN#84,RP-191256,6481,,B,Introduction of bands 87 and 88 into TS 36.133,16.2.0
2019-06,RAN#84,RP-191264,6483,,A,Corrections to idle mode CA measurement accuracy test,16.2.0
2019-06,RAN#84,RP-191264,6485,,A,Clarification on WUS EPRE in requirements for WUS reception for UE category M1,16.2.0
2019-06,RAN#84,RP-191238,6487,,A,Correction CR for inter-RAT NR measurement before EN-DC in 36.133,16.2.0
2019-06,RAN#84,RP-191260,6491,,A,CR on threshold for FS3 RSSI and channel occupancy tests R16,16.2.0
2019-06,RAN#84,RP-191238,6493,,A,CR on reselection criterion in inter-RAT NR measurements (36.133-rel16),16.2.0
2019-06,RAN#84,RP-191238,6495,1,A,CR to 36.133 on SFTD accuracy,16.2.0
2019-06,RAN#84,RP-191238,6505,,A,Correction on the Tiu in handover in TS36.133 R16,16.2.0
2019-06,RAN#84,RP-191260,6512,,A,Corrections on inter-frequency RS-SINR measurement accuracy test in TS36.133 R16,16.2.0
2019-06,RAN#84,RP-191261,6518,,A,CR for eMTC re-establishment test case,16.2.0
2019-06,RAN#84,RP-191261,6521,,A,CR for eMTC RSTD test cases,16.2.0
2019-06,RAN#84,RP-191239,6532,,A,CR 36.133 Correction to SFTD interruption requirements (Rel-16),16.2.0
2019-06,RAN#84,RP-191260,6536,,A,Corrections to NB-IoT PRACH test cases (Rel-16),16.2.0
2019-06,RAN#84,RP-191267,6538,,A,Adding missing bands in the bands grouping,16.2.0
2019-06,RAN#84,RP-191239,6540,1,A,RSTD requirements for NE-DC,16.2.0
2019-06,RAN#84,RP-191260,6543,,A,Adding missing UE Rx-Tx time difference measurement mapping for TDD,16.2.0
2019-06,RAN#84,RP-191239,6545,1,A,Reporting criteria for NE-DC and EN-DC,16.2.0
2019-09,RAN#85,RP-192052,6552,,A,Correction to NB-IoT RSTD delay test case (Rel 16),16.3.0
2019-09,RAN#85,RP-192051,6562,1,A,Corrections to test case for HD – FDD Inter frequency reselection case for UE Category NB1 In-Band mode in enhanced coverage,16.3.0
2019-09,RAN#85,RP-192055,6565,,A,CR on Cat NB2 UE test cases applicability R16,16.3.0
2019-09,RAN#85,RP-192055,6567,,A,maintenance CR on synchronized TDD NB test cases R16,16.3.0
2019-09,RAN#85,RP-192055,6569,,A,CR on NB1 timing test cases R16,16.3.0
2019-09,RAN#85,RP-192047,6577,,A,CR on interruptions due to RRC based BWP switch for EN-DC R16,16.3.0
2019-09,RAN#85,RP-192047,6579,,A,CR on BWP switch interruptions for NE-DC R16,16.3.0
2019-09,RAN#85,RP-192052,6584,,A,Clarification of Rmax for NB-IoT MSG3-based channel quality report,16.3.0
2019-09,RAN#85,RP-192047,6586,,A,"CR on applicability of gap in LTE, ENDC and NEDC in 36.133 R16",16.3.0
2019-09,RAN#85,RP-192047,6588,,A,CR on default gap sharing scheme in 36.133 R16,16.3.0
2019-09,RAN#85,RP-192047,6590,,A,CR on handover requirements in 36.133 R16,16.3.0
2019-09,RAN#85,RP-192047,6592,,A,CR on PSCell addition in ENDC R16,16.3.0
2019-09,RAN#85,RP-192041,6593,1,B,CR on idle mode requirements in HST scenario,16.3.0
2019-09,RAN#85,RP-192041,6594,1,B,CR on Pcell measurement enhancement requirements in HST scenario,16.3.0
2019-09,RAN#85,RP-192043,6598,1,B,CR of adding LTE B42/B43 for UE category NB1/NB2 and CAT M1/M2 in R16,16.3.0
2019-09,RAN#85,RP-192043,6599,1,B,CR of adding LTE B7 for UE category NB1/NB2 in R16,16.3.0
2019-09,RAN#85,RP-192047,6601,1,A,Editorial corrections in 36.133,16.3.0
2019-09,RAN#85,RP-192055,6602,1,F,Applicability of non-BL CE UE requirements in release 16,16.3.0
2019-09,RAN#85,RP-192052,6606,,A,Correction of section numbering in handover requirements,16.3.0
2019-09,RAN#85,RP-192055,6610,,A,Clarification of normal and enhanced coverage UE requirements in IDLE mode for Rel-16,16.3.0
2019-09,RAN#85,RP-192041,6611,1,B,UE Autonomous Timing Adjustment Requirement under High Speed Scenario,16.3.0
2019-09,RAN#85,RP-192041,6616,1,B,Measurement requirements for LTE further high speed enhancements,16.3.0
2019-09,RAN#85,RP-192047,6618,1,A,Correction of interruption requirements for EN-DC in 36.133 R16,16.3.0
2019-09,RAN#85,RP-192047,6622,1,A,Correction of interruption requirements for NE-DC in 36.133 R16,16.3.0
2019-09,RAN#85,RP-192047,6624,1,A,Correction to MG interruption due to NE-DC in 36.133 R16,16.3.0
2019-09,RAN#85,RP-192040,6625,1,B,CR for Tx timing requirements for PUR transmission,16.3.0
2019-09,RAN#85,RP-192040,6626,,B,CR for relaxed serving cell monitoring for Rel-16 eMTC,16.3.0
2019-12,RAN#86,RP-193043,6677,,A,Correction to misused variables in intra-frequency cell identification requirements,16.4.0
2019-12,RAN#86,RP-193038,6680,1,A,CR on handover 36.133 -R16,16.4.0
2019-12,RAN#86,RP-193043,6685,,A,CR on clarification on RSSI measurement requirement R16,16.4.0
2019-12,RAN#86,RP-193006,6686,1,B,CR to 36.133 on interruption requirements for NR V2X,16.4.0
2019-12,RAN#86,RP-193026,6687,1,B,CR: RRM test definition for Rel-16 HST,16.4.0
2019-12,RAN#86,RP-193024,6688,2,B,CR: RRM core requirement for 5G broadcast,16.4.0
2019-12,RAN#86,RP-193038,6691,1,A,CR on E-UTRA Inter-frequency Measurements when Configured with E-UTRA-NR Dual Connectivity Operation in TS36.133 (section 8.17.3),16.4.0
2019-12,RAN#86,RP-193026,6695,,F,Adding the IE flag in R16 HST,16.4.0
2019-12,RAN#86,RP-193025,6696,2,B,CR on RRM requirements for DAPS in femobility,16.4.0
2019-12,RAN#86,RP-193047,6701,,A,Correction RAN4 requirements for a Dormant Scell,16.4.0
2019-12,RAN#86,RP-193047,6703,,A,Measurements interruption requirements for an SCell in Dormant state,16.4.0
2019-12,RAN#86,RP-193047,6705,,A,Correction to interruption requirement introduction to include dormant Scell,16.4.0
2019-12,RAN#86,RP-193047,6707,,A,Removal of brackets from euCA performance requirements,16.4.0
2019-12,RAN#86,RP-193047,6709,,A,Correction to test case A.8.16.104,16.4.0
2019-12,RAN#86,RP-193047,6711,,A,Correction to S-measure threshold applicability in IDLE mode measurements,16.4.0
2019-12,RAN#86,RP-193025,6712,1,B,CR Introduction of handover delay requirements for conditional handover (section 5.1),16.4.0
2019-12,RAN#86,RP-193038,6716,,A,CR for 36133 editorial for section 7.6 and 7.31 in Rel-16,16.4.0
2019-12,RAN#86,RP-193038,6717,,A,Mirror CR for editorial changes for section 8.1.2.4.21 – 8.1.2.4.26 and 8.17.4,16.4.0
2019-12,RAN#86,RP-193049,6724,1,A,Correction of feMTC test cases,16.4.0
2019-12,RAN#86,RP-193046,6726,,A,Cat-1bis clarification to RSRQ measurements,16.4.0
2019-12,RAN#86,RP-193046,6731,,A,CR on maintaining core requirements and tests for V4X synchronization reference source selection/reselection R16,16.4.0
2019-12,RAN#86,RP-193046,6734,,A,CR on maintaining interruption tests due to V2X sidelink communication R16,16.4.0
2019-12,RAN#86,RP-193024,6735,1,B,CR on numerology switching delay and interruptions requirements with FeMBMS for LTE-based 5G broadcast,16.4.0
2019-12,RAN#86,RP-193023,6744,1,B,CR on serving cell measurement configured with WUS in Rel-16 NB IoT,16.4.0
2019-12,RAN#86,RP-193047,6746,,A,Correction to direct Scell activation requirements R16,16.4.0
2019-12,RAN#86,RP-193047,6748,,A,Correction to direct Scell activation during HO requirements R16,16.4.0
2019-12,RAN#86,RP-193047,6750,,A,Adding interruption length requirements for direct Scell activation R16,16.4.0
2019-12,RAN#86,RP-193047,6752,,A,Update to interruption requirements due to measurement on dormant Scell R16,16.4.0
2019-12,RAN#86,RP-193047,6754,,A,Adding interruption length requirements for dormant state transition R16,16.4.0
2019-12,RAN#86,RP-193038,6756,,A,Correction on inter-frequency RSTD measurement requirements (cat-A),16.4.0
2019-12,RAN#86,RP-193008,6757,,B,Introducing euCA related interruption requirements for EN-DC in 36.133,16.4.0
2019-12,RAN#86,RP-193008,6758,,B,Introducing euCA related interruption requirements for NE-DC in 36.133,16.4.0
2019-12,RAN#86,RP-193026,6769,,B,UE Autonomous Timing Adjustment Requirement under High Speed Scenario,16.4.0
2019-12,RAN#86,RP-193043,6773,,A,Clarifications on RSSI and Channel Occupancy measurement requirements in LTE LAA,16.4.0
2019-12,RAN#86,RP-193023,6774,,B,Connected mode channel quality report for UE category NB1,16.4.0
2019-12,RAN#86,RP-193023,6775,,B,MSG3-based channel quality report in non-anchor carrier for UE category NB1,16.4.0
2019-12,RAN#86,RP-193023,6776,,B,NB-IoT PUR transmit timing requirements,16.4.0
2019-12,RAN#86,RP-193043,6781,,A,Correction of reference in subclause 5.3.2,16.4.0
2019-12,RAN#86,RP-193038,6783,,A,"Editorial updates (36.133, section 8.19)",16.4.0
2019-12,RAN#86,RP-193049,6791,,A,Applicability of relaxed neighbour cell monitoring for category M1/M2,16.4.0
2020-03,RAN#87-e,RP-200413,6794,2,F,CR on correction of measurement delay requirements for LTE HST in TS36.133,16.5.0
2020-03,RAN#87-e,RP-200405,6795,2,B,"CR on logged MDT requirements (2, 4.3)",16.5.0
2020-03,RAN#87-e,RP-200413,6796,,F,CR to TS 36.133: Finalization on RRM requirements for Rel-16 LTE HST,16.5.0
2020-03,RAN#87-e,RP-200418,6818,,B,Introduction of Rel-16 WUS reception requirements for cat-M1/M2,16.5.0
2020-06,RAN#88,RP-200983,6826,,A,[CR] RRC release with redirection 36.133 R16 Cat A,16.6.0
2020-06,RAN#88,RP-201042,6827,1,B,CR to address NR-U in inter-RAT SFTD measurements in 36.133,16.6.0
2020-06,RAN#88,RP-201042,6828,1,B,CR to address NR-U in EN-DC SFTD measurements in 36.133,16.6.0
2020-06,RAN#88,RP-200990,6836,,A,CR to RRM MPDSCH Repetitions in CE ModeA test case,16.6.0
2020-06,RAN#88,RP-201042,6837,2,B,Introduction of addition and release of NR PSCell operating with CCA in EN-DC,16.6.0
2020-06,RAN#88,RP-200975,6840,1,B,36.133 CR on cell identification in connected mode for,16.6.0
2020-06,RAN#88,RP-201055,6842,1,F,Finalisation of requirements in 36.133 R16,16.6.0
2020-06,RAN#88,RP-200992,6844,,A,Editorial correction of E-UTRAN FDD,16.6.0
2020-06,RAN#88,RP-201042,6846,1,B,Updates to general section for NR-U in 36.133,16.6.0
2020-06,RAN#88,RP-200975,6848,2,B,Cell re-selection for EUTRAN-NR  high speed  in TS36.133,16.6.0
2020-06,RAN#88,RP-200988,6851,,A,CR on Number of carriers to monitor for IDLE mode measurements,16.6.0
2020-06,RAN#88,RP-201042,6854,1,B,CR to TS 36.133: adding handover to NR-U,16.6.0
2020-06,RAN#88,RP-200962,6856,1,B,Introduction of RLM requirements with enhanced MPDCCH,16.6.0
2020-06,RAN#88,RP-200962,6857,1,B,Introduction of DL channel quality report for eMTC,16.6.0
2020-06,RAN#88,RP-200990,6861,,A,CR to TS 36.133: Change of SR-ConfigIndex in eMTC RLM DRX test cases (Rel-16),16.6.0
2020-06,RAN#88,RP-200983,6863,,F,CR to 36.133 on NR reporting criteria,16.6.0
2020-06,RAN#88,RP-200968,6866,,B,CR on downlink channel quality measurement requirement for Rel-16 NB IoT,16.6.0
2020-06,RAN#88,RP-200968,6867,1,B,CR on non-anchor RRM measurement requirements in enhanced coverage for Rel-16 NB IoT,16.6.0
2020-06,RAN#88,RP-200968,6868,2,B,CR on non-anchor RRM measurement requirements in normal coverage for Rel-16 NB IoT,16.6.0
2020-06,RAN#88,RP-200968,6869,2,B,CR on measurement requriements for RSRP change based TA validation,16.6.0
2020-06,RAN#88,RP-200968,6870,1,B,CR on updating RRM requirement for new introduced UE specific DRX cycles for Rel-16 NB-IoT,16.6.0
2020-06,RAN#88,RP-200968,6874,,A,CR on NB-IoT cell reselection margin in enhanced coverage in Rel-16 (Cat A),16.6.0
2020-06,RAN#88,RP-201045,6875,1,B,CR on DL interruption on LTE carriers at Tx switching between two uplink carriers,16.6.0
2020-06,RAN#88,RP-201047,6876,1,B,CR on impact on LTE RRM measurement due to NR SRS carrier switching,16.6.0
2020-06,RAN#88,RP-200963,6877,2,F,CR on DAPS handover,16.6.0
2020-06,RAN#88,RP-201047,6878,2,B,CR on NR SRS carrier switching interruption in TS 36.133,16.6.0
2020-06,RAN#88,RP-200983,6880,,A,Correction on gap pattern applicability in TS 36.133 R16,16.6.0
2020-06,RAN#88,RP-200983,6882,,A,CR to remove RSTD requirements for NE-DC in 36.133 R16,16.6.0
2020-06,RAN#88,RP-200966,6884,,B,CR on interruption requirements for direct SCell activation for 36.133,16.6.0
2020-06,RAN#88,RP-201047,6885,1,B,CR on Multiple SCell activation/deactivation interruption requirements 36133,16.6.0
2020-06,RAN#88,RP-201047,6887,,B,CR to 36.133 on CGI reading of LTE cell,16.6.0
2020-06,RAN#88,RP-200962,6888,,B,CR on for quality reporting,16.6.0
2020-06,RAN#88,RP-200962,6889,1,B,CR to add additional timing requirements for PUR,16.6.0
2020-06,RAN#88,RP-200989,6893,,A,Correction to eMTC inter-frequency reselection margin R16,16.6.0
2020-06,RAN#88,RP-200962,6894,1,B,RSS based RSRP measurement to IDLE mode for eMTC in normal coverage,16.6.0
2020-06,RAN#88,RP-200962,6895,1,B,RSS based RSRP measurement to IDLE mode for eMTC in enhanced coverage,16.6.0
2020-06,RAN#88,RP-200962,6896,1,B,RSS based RSRP measurement to CONNECTED mode for eMTC,16.6.0
2020-06,RAN#88,RP-200962,6902,2,B,Introduction of requirements for preconfigured uplink resource transmission for cat-M1,16.6.0
2020-06,RAN#88,RP-200983,6906,,A,Correction to RRC release with redirection requirements in 36.133 Rel-16,16.6.0
2020-06,RAN#88,RP-201042,6907,,B,Interruption due to BWP switching at consistent UL failure in 36.133,16.6.0
2020-06,RAN#88,RP-200969,6908,1,B,Applicability of 2-step RA and 4-step RA  in RRM requirements in 36.133,16.6.0
2020-06,RAN#88,RP-201047,6909,1,B,CR on 36133 interruption requirements for BWP switching on multiple CCs,16.6.0
2020-06,RAN#88,RP-200963,6910,,F,CR on 36133 LTE CHO,16.6.0
2020-06,RAN#88,RP-201042,6911,,B,RRC release with redirection requirements in NR-U in 36.133,16.6.0
2020-06,RAN#88,RP-200990,6912,,A,Finalisation of requirements in 36.133 R16,16.6.0
2020-09,RAN#89,RP-201512,6916,,A,Correction to intra-frequency event triggered reporting test case in CEModeA,16.7.0
2020-09,RAN#89,RP-201500,6917,1,B,NR CGI measurements with autonomous gaps for 36.133,16.7.0
2020-09,RAN#89,RP-201497,6922,,F,36.133 CR on cell identification in connected mode for EUTRAN-NR measurement for Rel-16 NR HST,16.7.0
2020-09,RAN#89,RP-201497,6924,,F,Correction to cell re-selection for EUTRAN-NR  high speed  in TS36.133,16.7.0
2020-09,RAN#89,RP-201500,6925,,B,Impact of CGI reading on RLM,16.7.0
2020-09,RAN#89,RP-201512,6931,1,B,CR to TS 36.133 to address NR-U inter-RAT measurements,16.7.0
2020-09,RAN#89,RP-201506,6932,,F,CR 36.133 (8.17.2.2.a) Clarification of UE behaviour,16.7.0
2020-09,RAN#89,RP-201509,6933,,F,CR on  serving cell measurement on non-anchor carrier for NB-IoT,16.7.0
2020-09,RAN#89,RP-201509,6934,1,F,CR on PUR requirements for NB-IoT,16.7.0
2020-09,RAN#89,RP-201512,6936,,A,CR on  NB-IoT Intra frequency with serving cell measurement relaxation test case 4.2.38 R16 (Cat A),16.7.0
2020-09,RAN#89,RP-201511,6938,,F,Draft CR on DAPS handover,16.7.0
2020-09,RAN#89,RP-201512,6941,,A,Correction on UE measurement capability in NR idle mode R16,16.7.0
2020-09,RAN#89,RP-201512,6943,,A,CR to measurement capability for NE-DC in 36133 R16,16.7.0
2020-09,RAN#89,RP-201494,6944,2,B,CR to introduce EMR in 36.133,16.7.0
2020-09,RAN#89,RP-201494,6945,,B,CR on interruption for direct activation of multiple SCells 36133,16.7.0
2020-09,RAN#89,RP-201494,6946,2,B,CR on interruption requirements for SCell dormancy 36133,16.7.0
2020-09,RAN#89,RP-201500,6948,1,F,CR to 36.133 for CGI reading,16.7.0
2020-09,RAN#89,RP-201508,6949,1,F,CR on RSS based measurement requriements,16.7.0
2020-09,RAN#89,RP-201508,6950,1,F,CR on RLM requriements based on enhanced MPDCCH,16.7.0
2020-09,RAN#89,RP-201508,6951,1,F,CR on PUR related requirements,16.7.0
2020-09,RAN#89,RP-201508,6953,1,B,Introduction of measurement accuracy requirements for RSS based RSRP measurements for cat-M1/M2,16.7.0
2020-09,RAN#89,RP-201508,6954,1,F,Correction of eMTC DL channel quality report mapping table and RSS measurement requirements,16.7.0
2020-09,RAN#89,RP-201512,6955,1,B,RRC_IDLE state inter-RAT moblity requirements for NR-U,16.7.0
2020-09,RAN#89,RP-201506,6956,,F,Correction to RACH delay in HO delay requirements in NR-U,16.7.0
2020-09,RAN#89,RP-201506,6957,,F,Correction to RACH delay in RRC release requirements in NR-U in 36.133,16.7.0
2020-09,RAN#89,RP-201500,6959,,B,CR to 36.133 on CGI reading of E-UTRA cell in NE-DC,16.7.0
2020-12,RAN#90,RP-202433,6962,1,B,"CR for TS36.133, Adding requirements for CSI-RS based L3 measurement",16.8.0
2020-12,RAN#90,RP-202442,6963,,F,CR to TS 36.133: Add information on the inter-band EN-DC configurations with no DL interruption,16.8.0
2020-12,RAN#90,RP-202435,6964,1,F,CR on IDLE state cell re-selection requirements for HST in 36.133,16.8.0
2020-12,RAN#90,RP-202512,6967,,A,CR on maintaining V2X test cases in TS36.133 R16,16.8.0
2020-12,RAN#90,RP-202475,6968,,B,Test cases for inter-frequency DAPS handover,16.8.0
2020-12,RAN#90,RP-202479,6969,1,F,Correction on the synchronous condition for DAPS handover,16.8.0
2020-12,RAN#90,RP-202483,6970,,F,CR on PUR requirements for NB-IoT,16.8.0
2020-12,RAN#90,RP-202483,6971,1,F,CR on RRM requirements for short DRX with eDRX configured for Rel-16 NB-IoT,16.8.0
2020-12,RAN#90,RP-202444,6972,1,F,CR to 36.133: Correction to NR CGI reading interruption requirements,16.8.0
2020-12,RAN#90,RP-202444,6973,1,B,CR to 36.133: Introduce requirements for mandatory gap pattern,16.8.0
2020-12,RAN#90,RP-202430,6976,2,B,CR on EMR requirements in 36.133,16.8.0
2020-12,RAN#90,RP-202444,6978,1,F,CR on CGI reading requirements 36.133,16.8.0
2020-12,RAN#90,RP-202478,6979,1,F,CR on RSS measurement requirements,16.8.0
2020-12,RAN#90,RP-202478,6980,1,B,CR to introduce measurement requirements for eMTC in RRC_Inactive,16.8.0
2020-12,RAN#90,RP-202494,6984,1,F,CR on performance requirements tests for euCA.,16.8.0
2020-12,RAN#90,RP-202491,6987,,A,CR 36.133 Correction to test cases for SCell Hibernation (Rel-16),16.8.0
2020-12,RAN#90,RP-202430,6988,1,F,CR 36.133 Removal of brackets for NR SCell Dormancy,16.8.0
2020-12,RAN#90,RP-202486,6990,,A,CR 36.133 Removal of brackets for SFTD measurements (Rel-16),16.8.0
2020-12,RAN#90,RP-202444,6996,1,F,Maintenance CR on NR CGI reading in 36.133,16.8.0
2020-12,RAN#90,RP-202479,6997,1,F,Correction on LTE conditional handover,16.8.0
2020-12,RAN#90,RP-202414,6999,1,F,Terminology updates for NR-U,16.8.0
2020-12,RAN#90,RP-202444,7000,,F,Missing requirements for LTE SRS carrier-based switching,16.8.0
2020-12,RAN#90,RP-202513,7005,,A,Correction to test parameters for FDD and TDD intra-frequency RSRP for Cat-M1 UE in CEModeA,16.8.0
2020-12,RAN#90,RP-202475,7008,,B,Introduction of intra-frequency sync and async LTE DAPS HO test cases,16.8.0
2020-12,RAN#90,RP-202478,7009,1,F,Correction to RSS based measurement requirements,16.8.0
2020-12,RAN#90,RP-202473,7010,,B,Big CR: Introduction of Rel-16 eMTC RRM performance requirements (TS 36.133),16.8.0
2020-12,RAN#90,RP-202474,7011,,B,Big CR: Introduction of Rel-16 Nb-IoT RRM RRM performance requirements (TS 36.133),16.8.0
2020-12,RAN#90,RP-202475,7012,,B,Test cases for LTE conditional handover,16.8.0
2020-12,RAN#90,RP-202449,6994,1,B,Big CR on FR2 new FWA UE RRM requirements in TS 36.133,17.0.0
2021-03,RAN#91,RP-210110,7016,1,B,CR of adding LTE B24 for UE category NB1/NB2 in R17,17.1.0
2021-03,RAN#91,RP-210120,7022,,A,CR: Correction of eMTC RLM test cases,17.1.0
2021-03,RAN#91,RP-210106,7024,,A,Correction Rel-16 eMTC RRM performance requirements,17.1.0
2021-03,RAN#91,RP-210071,7026,,A,CR on interruption requirements of BWP switch on multiple CCs for EN-DC,17.1.0
2021-03,RAN#91,RP-210108,7028,,A,CR on maintenance for measurement on non-anchor carrier for NB-IoT,17.1.0
2021-03,RAN#91,RP-210107,7030,,A,Clarification on asynchronous DAPS handover,17.1.0
2021-03,RAN#91,RP-210104,7032,,A,Test cases for inter-frequency DAPS handover,17.1.0
2021-03,RAN#91,RP-210169,7035,1,F,Inclusive language review in TS 36.133,17.1.0
2021-03,RAN#91,RP-210114,7037,,A,Clarification for performance requirements tests for euCA,17.1.0
2021-03,RAN#91,RP-210115,7040,,A,CR 36.133 (A.8.16.106) Correction of test case for direct SCell activation at addition,17.1.0
2021-03,RAN#91,RP-210087,7042,,A,CR 36.133 Removal of brackets for SCell dormancy,17.1.0
2021-03,RAN#91,RP-210104,7044,,A,CR on 36133 LTE FDD-TDD inter-F sync DAPS HO TCs - Cat-A,17.1.0
2021-03,RAN#91,RP-210084,7046,,A,Terminology updates for NR-U in 36.133,17.1.0
2021-03,RAN#91,RP-210104,7048,,A,Addition of missing async FDD-TDD and TDD-FDD LTE interband interfrquency DAPS handover tests,17.1.0
2021-03,RAN#91,RP-210084,7050,,A,Applicability of RA with CCA on RRM requirements in NR-U in 36.133,17.1.0
2021-03,RAN#91,RP-210121,7053,,A,Correction to applicability of E-UTRAN E-CID measurements requirements for NE-DC,17.1.0
2021-03,RAN#91,RP-210119,7057,,A,Correction to requirements for NCSG patterns,17.1.0
2021-03,RAN#91,RP-210117,7060,,A,CR to remove intra-frequency ECID requirements for NE-DC 36133 R17,17.1.0
2021-03,RAN#91,RP-210117,7063,,A,CR to idle more requirements in 36133 R17,17.1.0
2021-03,RAN#91,RP-210087,7065,,A,CR on EMR requirements in 36.133 R17,17.1.0
2021-03,RAN#91,RP-210081,7069,,A,CR to introduce new measurement gap patterns for positioning in 36.133 R17,17.1.0
2021-03,RAN#91,RP-210071,7071,,A,CR on CGI reading report delay 36.133 R17,17.1.0
2021-03,RAN#91,RP-210105,7073,,A,CR on eMTC RRM requirements R17,17.1.0
2021-03,RAN#91,RP-210113,7076,,A,CR on TC for eMTC RSTD measurement R17,17.1.0
2021-03,RAN#91,RP-210112,7079,,A,CR on CRS muting for eMTC R17,17.1.0
2021-06,RAN#92,RP-211093,7083,,A,Time synchronization assumption for RSS-based neighbor cell measurements,17.2.0
2021-06,RAN#92,RP-211095,7085,,A,CR on core requirements maintenance of IDLE mode inter-RAT measurement for NR-U R17,17.2.0
2021-06,RAN#92,RP-211095,7087,,A,CR on PSCell Addition requirements for NR-U R17,17.2.0
2021-06,RAN#92,RP-211098,7091,,A,CR on maintenance of BWP Switch on multiple CCs 36133 R17,17.2.0
2021-06,RAN#92,RP-211107,7100,,A,CR on requirements of cell reselection for NB-IoT R17,17.2.0
2021-06,RAN#92,RP-211088,7107,,A,Correction to interruption to LTE serving cells for measurements on deactivated NR SCell_R17,17.2.0
2021-06,RAN#92,RP-211093,7109,,A,Correction of RLM test parameters for MPDCCH performance improvement,17.2.0
2021-06,RAN#92,RP-211089,7111,,A,CR on applicability of requirements for NE-DC operation and SMTC determination 36133 R17,17.2.0
2021-06,RAN#92,RP-211119,7115,,A,CR on LTE-NR EMR requirements 36133 R17,17.2.0
2021-06,RAN#92,RP-211119,7117,,A,Big CR: Introduction of Rel-16 MR-DC EMR RRM performance requirements (TS 36.133) R17,17.2.0
2021-06,RAN#92,RP-211109,7119,,A,CR on MG for PRS measurement 36.133 R17,17.2.0
2021-06,RAN#92,RP-211095,7126,,A,Terminology updates for NR-U in 36.133,17.2.0
2021-06,RAN#92,RP-211095,7128,,A,Big CR: Introduction of Rel-16 NR-U RRM performance,17.2.0
2021-09,RAN#93,RP-211919,7129,,B,CR on adding B24 for Cat-M1_M2 36.133,17.3.0
2021-09,RAN#93,RP-211923,7134,,A,Big CR to TS 36.133: LTE RRM maintenance (Rel-17),17.3.0
2021-12,RAN#94,RP-212847,7136,,A,Big CR to TS 36.133: LTE RRM maintenance (Rel-17),17.4.0
2022-03,RAN#95,RP-220351,7137,1,B,Big CR of RRM requirements for Rel-17 NB-IoT and eMTC,17.5.0
2022-03,RAN#95,RP-220347,7141,1,B,CR to TS 36.133: implementation of LTE_upper_700MHz_A band 103,17.5.0
2022-03,RAN#95,RP-220368,7142,,B,Big CR: RRM requirements for Rel-17 NR FeRRM (TS 36.133),17.5.0
2022-03,RAN#95,RP-220346,7143,,B,Big CR: RRM requirements for Rel-17 Further Multi-RAT Dual-Connectivity enhancements (TS 36.133),17.5.0
2022-03,RAN#95,RP-220336,7147,,A,Big CR to TS 36.133: LTE RRM maintenance (Rel-17),17.5.0
2022-06,RAN#96,RP-221678,7148,1,F,Correction of Configuration Parameters for Test 1 in Test Case A.7.1.11,17.6.0
2022-06,RAN#96,RP-221681,7149,1,F,CR on HO with PSCell for EN-DC to EN-DC in TS36.133 R17,17.6.0
2022-06,RAN#96,RP-221682,7150,1,F,Maintenance CR for SCG activation delay on 36.133 R17,17.6.0
2022-06,RAN#96,RP-221681,7153,1,F,Correction on HO with PSCell requirements in 36133,17.6.0
2022-06,RAN#96,RP-221681,7154,1,F,CR on SRS antenna port switching requirements 36.133,17.6.0
2022-06,RAN#96,RP-221682,7155,1,F,Draft CR on Interruptions at A-TRS based SCell activation/deactivation (36.133),17.6.0
2022-06,RAN#96,RP-221678,7156,1,F,CR on maintenance for NB-IoT R17,17.6.0
2022-06,RAN#96,RP-221676,7157,,B,Big CR for RedCap for TS 36.133,17.6.0
2022-06,RAN#96,RP-221681,7158,1,F,CR on requirements for HO with PSCell when PSCell is on CCA in EN-DC to EN-DC scenario,17.6.0
2022-06,RAN#96,RP-221669,7160,,B,CR on adding B48 for M1/M2/NB1/NB2,17.6.0
2022-06,RAN#96,RP-221653,7162,,A,Big CR on TS 36.133 Maintenance (Rel-17),17.6.0
2022-09,RAN#97-e,RP-222050,7169,,F,TS36.133 CR on SCG activation/deactivation,17.7.0
2022-09,RAN#97-e,RP-222050,7170,,B,Interruptions due to RRM measurements on deactivated SCG,17.7.0
2022-09,RAN#97-e,RP-222032,7171,,F,draftCR on inter-RAT NR measurement for RedCap,17.7.0
2022-09,RAN#97-e,RP-222032,7172,1,B,Big CR for RedCap for TS 36.133,17.7.0
2022-09,RAN#97-e,RP-222029,7173,,F,CR on maintenance of neighbour cell measurement for NB-IoT,17.7.0
2022-09,RAN#97-e,RP-222032,7174,1,F,Changes to RRC_IDLE mode requirements for RedCap for TS 38.133,17.7.0
2022-09,RAN#97-e,RP-222029,7175,,B,Big CR for NB_IOTenh4_LTE_eMTC6_RRM (Rel-17),17.7.0
2022-09,RAN#97-e,RP-222034,7176,1,F,CR on correction of fine timing for HO with PSCell when PSCell is on CCA in EN-DC to EN-DC scenario,17.7.0
2022-09,RAN#97-e,RP-222026,7180,,F,Big CR for 36.133 maintenance (Rel-17),17.7.0
2022-12,RAN#98-e,RP-223308,7182,1,F,Maintenance CR on HO with PSCell where PSCell is on CCA,17.8.0
