Date,Meeting,TDoc,CR,Rev,Cat,Subject/Comment,New version
11-2007,R4#45,R4-72206,,,,TS36.101V0.1.0 approved by RAN4,
12-2007,RP#38,RP-070979,,,,Approved version at TSG RAN #38,8.0.0
03-2008,RP#39,RP-080123,3,,,TS36.101 - Combined updates of E-UTRA UE requirements,8.1.0
05-2008,RP#40,RP-080325,4,,,TS36.101 - Combined updates of E-UTRA UE requirements,8.2.0
09-2008,RP#41,RP-080638,5r1,,,Addition of Ref Sens figures for 1.4MHz and 3MHz Channel bandwiidths,8.3.0
09-2008,RP#41,RP-080638,7r1,,,Transmitter intermodulation requirements,8.3.0
09-2008,RP#41,RP-080638,10,,,CR for clarification of additional spurious emission requirement,8.3.0
09-2008,RP#41,RP-080638,15,,,Correction of In-band Blocking Requirement,8.3.0
09-2008,RP#41,RP-080638,18r1,,,TS36.101: CR for section 6: NS_06,8.3.0
09-2008,RP#41,RP-080638,19r1,,,TS36.101: CR for section 6: Tx modulation,8.3.0
09-2008,RP#41,RP-080638,20r1,,,TS36.101: CR for UE minimum power,8.3.0
09-2008,RP#41,RP-080638,21r1,,,TS36.101: CR for UE OFF power,8.3.0
09-2008,RP#41,RP-080638,24r1,,,TS36.101: CR for section 7: Band 13 Rx sensitivity,8.3.0
09-2008,RP#41,RP-080638,26,,,UE EVM Windowing,8.3.0
09-2008,RP#41,RP-080638,29,,,Absolute ACLR limit,8.3.0
09-2008,RP#41,RP-080731,23r2,,,TS36.101: CR for section 6: UE to UE co-existence,8.3.0
09-2008,RP#41,RP-080731,30,,,Removal of [ ] for UE Ref Sens figures,8.3.0
09-2008,RP#41,RP-080731,31,,,"Correction of PA, PB definition to align with RAN1 specification",8.3.0
09-2008,RP#41,RP-080731,37r2,,,UE Spurious emission band UE co-existence,8.3.0
09-2008,RP#41,RP-080731,44,,,Definition of specified bandwidths,8.3.0
09-2008,RP#41,RP-080731,48r3,,,Addition of Band 17,8.3.0
09-2008,RP#41,RP-080731,50,,,Alignment of the UE ACS requirement,8.3.0
09-2008,RP#41,RP-080731,52r1,,,Frequency range for Band 12,8.3.0
09-2008,RP#41,RP-080731,54r1,,,Absolute power tolerance for LTE UE power control,8.3.0
09-2008,RP#41,RP-080731,55,,,TS36.101 section 6: Tx modulation,8.3.0
09-2008,RP#41,RP-080732,6r2,,,DL FRC definition for UE Receiver tests,8.3.0
09-2008,RP#41,RP-080732,46,,,Additional UE demodulation test cases,8.3.0
09-2008,RP#41,RP-080732,47,,,Updated descriptions of FRC,8.3.0
09-2008,RP#41,RP-080732,49,,,Definition of UE transmission gap,8.3.0
09-2008,RP#41,RP-080732,51,,,Clarification on High Speed train model in 36.101,8.3.0
09-2008,RP#41,RP-080732,53,,,Update of symbol and definitions,8.3.0
09-2008,RP#41,RP-080743,56,,,Addition of MIMO (4x2) and (4x4) Correlation Matrices,8.3.0
12-2008,RP#42,RP-080908,94r2,,,CR TX RX channel frequency separation,8.4.0
12-2008,RP#42,RP-080909,105r1,,,UE Maximum output power for Band 13,8.4.0
12-2008,RP#42,RP-080909,60,,,UL EVM equalizer definition,8.4.0
12-2008,RP#42,RP-080909,63,,,Correction of UE spurious emissions,8.4.0
12-2008,RP#42,RP-080909,66,,,Clarification for UE additional spurious emissions,8.4.0
12-2008,RP#42,RP-080909,72,,,Introducing ACLR requirement for coexistance with UTRA 1.6MHZ channel from 36.803,8.4.0
12-2008,RP#42,RP-080909,75,,,Removal of [] from Section 6 transmitter characteristcs,8.4.0
12-2008,RP#42,RP-080909,81,,,Clarification for PHS band protection,8.4.0
12-2008,RP#42,RP-080909,101,,,Alignement for the measurement interval for transmit signal quality,8.4.0
12-2008,RP#42,RP-080909,98r1,,,Maximum power,8.4.0
12-2008,RP#42,RP-080909,57r1,,,CR UE spectrum flatness,8.4.0
12-2008,RP#42,RP-080909,71r1,,,UE in-band emission,8.4.0
12-2008,RP#42,RP-080909,58r1,,,CR Number of TX exceptions,8.4.0
12-2008,RP#42,RP-080951,99r2,,,CR UE output power dynamic,8.4.0
12-2008,RP#42,RP-080951,79r1,,,LTE UE transmitter intermodulation,8.4.0
12-2008,RP#42,RP-080910,91,,,Update of Clause 8,8.4.0
12-2008,RP#42,RP-080950,106r1,,,Structure of Clause 9 including CSI requirements for PUCCH mode 1-0,8.4.0
12-2008,RP#42,RP-080911,59,,,CR UE ACS test frequency offset,8.4.0
12-2008,RP#42,RP-080911,65,,,Correction of spurious response parameters,8.4.0
12-2008,RP#42,RP-080911,80,,,Removal of LTE UE narrowband intermodulation,8.4.0
12-2008,RP#42,RP-080911,90r1,,,Introduction of Maximum Sensitivity Degradation,8.4.0
12-2008,RP#42,RP-080911,103,,,Removal of [] from Section 7 Receiver characteristic,8.4.0
12-2008,RP#42,RP-080912,62,,,Alignement of TB size n Ref Meas channel for RX characteristics,8.4.0
12-2008,RP#42,RP-080912,78,,,TDD Reference Measurement channel for RX characterisctics,8.4.0
12-2008,RP#42,RP-080912,73r1,,,Addition of 64QAM DL referenbce measurement channel,8.4.0
12-2008,RP#42,RP-080912,74r1,,,Addition of UL Reference Measurement Channels,8.4.0
12-2008,RP#42,RP-080912,104,,,Reference measurement channels for PDSCH performance requirements (TDD),8.4.0
12-2008,RP#42,RP-080913,68,,,MIMO Correlation Matrix Corrections,8.4.0
12-2008,RP#42,RP-080915,67,,,Correction to the figure with the Transmission Bandwidth configuration,8.4.0
12-2008,RP#42,RP-080916,77,,,Modification to EARFCN,8.4.0
12-2008,RP#42,RP-080917,85r1,,,New Clause 5 outline,8.4.0
12-2008,RP#42,RP-080919,102,,,Introduction of Bands 12 and 17 in 36.101,8.4.0
12-2008,RP#42,RP-080927,84r1,,,Clarification of HST propagation conditions,8.4.0
03-2009,RP#43,RP-090170,156r2,,,A-MPR table for NS_07,8.5.0
03-2009,RP#43,RP-090170,170,,,Corrections of references (References to tables and figures),8.5.0
03-2009,RP#43,RP-090170,108,,,Removal of [ ] from Transmitter Intermodulation,8.5.0
03-2009,RP#43,RP-090170,155,,,E-UTRA ACLR for below 5 MHz bandwidths,8.5.0
03-2009,RP#43,RP-090170,116,,,Clarification of PHS band including the future plan,8.5.0
03-2009,RP#43,RP-090170,119,,,Spectrum emission mask for 1.4 MHz and 3 MHz bandwidhts,8.5.0
03-2009,RP#43,RP-090170,120,,,Removal of “Out-of-synchronization handling of output power” heading,8.5.0
03-2009,RP#43,RP-090170,126,,,UE uplink power control,8.5.0
03-2009,RP#43,RP-090170,128,,,Transmission BW Configuration,8.5.0
03-2009,RP#43,RP-090170,130,,,Spectrum flatness,8.5.0
03-2009,RP#43,RP-090170,132r2,,,PUCCH EVM,8.5.0
03-2009,RP#43,RP-090170,134,,,UL DM-RS EVM,8.5.0
03-2009,RP#43,RP-090170,140,,,Removal of ACLR2bis requirements,8.5.0
03-2009,RP#43,RP-090171,113,,,In-band blocking,8.5.0
03-2009,RP#43,RP-090171,127,,,In-band blocking and sensitivity requirement for band 17,8.5.0
03-2009,RP#43,RP-090171,137r1,,,Wide band intermodulation,8.5.0
03-2009,RP#43,RP-090171,141,,,Correction of reference sensitivity power level of Band 9,8.5.0
03-2009,RP#43,RP-090172,109,,,AWGN level for UE DL demodulation performance tests,8.5.0
03-2009,RP#43,RP-090172,124,,,Update of Clause 8: additional test cases,8.5.0
03-2009,RP#43,RP-090172,139r1,,,Performance requirement structure for TDD PDSCH,8.5.0
03-2009,RP#43,RP-090172,142r1,,,Performance requirements and reference measurement channels for TDD PDSCH demodulation with UE-specific reference symbols,8.5.0
03-2009,RP#43,RP-090172,145,,,Number of information bits in DwPTS,8.5.0
03-2009,RP#43,RP-090172,160r1,,,MBSFN-Unicast demodulation test case,8.5.0
03-2009,RP#43,RP-090172,163r1,,,MBSFN-Unicast demodulation test case for TDD,8.5.0
03-2009,RP#43,RP-090173,162,,,Clarification of EARFCN for 36.101,8.5.0
03-2009,RP#43,RP-090369,110,,,Correction to UL Reference Measurement Channel,8.5.0
03-2009,RP#43,RP-090369,114,,,"Addition of MIMO (4x4, medium) Correlation Matrix",8.5.0
03-2009,RP#43,RP-090369,121,,,Correction of 36.101 DL RMC table notes,8.5.0
03-2009,RP#43,RP-090369,125,,,Update of Clause 9,8.5.0
03-2009,RP#43,RP-090369,138r1,,,Clarification on OCNG,8.5.0
03-2009,RP#43,RP-090369,161,,,CQI reference measurement channels,8.5.0
03-2009,RP#43,RP-090369,164,,,PUCCH 1-1 Static Test Case,8.5.0
03-2009,RP#43,RP-090369,111,,,Reference Measurement Channel for TDD,8.5.0
03-2009,RP#44,,,,,Editorial correction in Table 6.2.4-1,8.5.1
05-2009,RP#44,RP-090540,167,,,Boundary between E-UTRA fOOB and spurious emission domain for 1.4 MHz and 3 MHz bandwiths. (Technically Endorsed CR in R4-50bis - R4-091205),8.6.0
05-2009,RP#44,RP-090540,168,,,EARFCN correction for TDD DL bands. (Technically Endorsed CR in R4-50bis - R4-091206),8.6.0
05-2009,RP#44,RP-090540,169,,,Editorial correction to in-band blocking table. (Technically Endorsed CR in R4-50bis - R4-091238),8.6.0
05-2009,RP#44,RP-090540,171,,,CR PRACH EVM. (Technically Endorsed CR in R4-50bis - R4-091308),8.6.0
05-2009,RP#44,RP-090540,172,,,CR EVM correction. (Technically Endorsed CR in R4-50bis - R4-091309),8.6.0
05-2009,RP#44,RP-090540,177,,,CR power control accuracy. (Technically Endorsed CR in R4-50bis - R4-091418),8.6.0
05-2009,RP#44,RP-090540,179,,,Correction of SRS requirements. (Technically Endorsed CR in R4-50bis - R4-091426),8.6.0
05-2009,RP#44,RP-090540,186,,,Clarification for EVM. (Technically Endorsed CR in R4-50bis - R4-091512),8.6.0
05-2009,RP#44,RP-090540,187,,,Removal of [ ] from band 17 Refsens values and ACS offset frequencies,8.6.0
05-2009,RP#44,RP-090540,191,,,Completion of band17 requirements,8.6.0
05-2009,RP#44,RP-090540,192,,,"Removal of 1.4 MHz and 3 MHz bandwidths from bands 13, 14 and 17.",8.6.0
05-2009,RP#44,RP-090540,223,,,CR: 64 QAM EVM,8.6.0
05-2009,RP#44,RP-090540,201,,,CR In-band emissions,8.6.0
05-2009,RP#44,RP-090540,203,,,CR EVM exclusion period,8.6.0
05-2009,RP#44,RP-090540,204,,,CR In-band emissions timing,8.6.0
05-2009,RP#44,RP-090540,206,,,CR Minimum Rx exceptions,8.6.0
05-2009,RP#44,RP-090540,207,,,CR UL DM-RS EVM,8.6.0
05-2009,RP#44,RP-090540,218r1,,,A-MPR table for NS_07,8.6.0
05-2009,RP#44,RP-090540,205r1,,,CR In-band emissions in shortened subframes,8.6.0
05-2009,RP#44,RP-090540,200r1,,,CR PUCCH EVM,8.6.0
05-2009,RP#44,RP-090540,178r2,,,No additional emission mask indication. (Technically Endorsed CR in R4-50bis - R4-091421),8.6.0
05-2009,RP#44,RP-090540,220r1,,,Spectrum emission requirements for band 13,8.6.0
05-2009,RP#44,RP-090540,197r2,,,CR on aggregate power tolerance,8.6.0
05-2009,RP#44,RP-090540,196r2,,,CR: Rx  IP2 performance,8.6.0
05-2009,RP#44,RP-090541,198r1,,,Maximum output power relaxation,8.6.0
05-2009,RP#44,RP-090542,166,,,Update of performance requirement for TDD PDSCH with MBSFN configuration. (Technically Endorsed CR in R4-50bis - R4-091180),8.6.0
05-2009,RP#44,RP-090542,175,,,Adding AWGN levels  for some TDD DL performance requirements. (Technically Endorsed CR in R4-50bis - R4-091406),8.6.0
05-2009,RP#44,RP-090542,182,,,OCNG Patterns for Single Resource Block FRC Requirements. (Technically Endorsed CR in R4-50bis - R4-091504),8.6.0
05-2009,RP#44,RP-090542,170r1,,,Update of Clause 8: PHICH and PMI delay. (Technically Endorsed CR in R4-50bis - R4-091275),8.6.0
05-2009,RP#44,RP-090543,183,,,Requirements for frequency-selective fading test. (Technically Endorsed CR in R4-50bis - R4-091505),8.6.0
05-2009,RP#44,RP-090543,199,,,CQI requirements under AWGN conditions,8.6.0
05-2009,RP#44,RP-090543,188r1,,,Adaptation of UL-RMC-s for supporting more UE categories,8.6.0
05-2009,RP#44,RP-090543,193r1,,,Correction of the LTE UE downlink reference measurement channels,8.6.0
05-2009,RP#44,RP-090543,184r1,,,Requirements for frequency non-selective fading tests. (Technically Endorsed CR in R4-50bis - R4-091506),8.6.0
05-2009,RP#44,RP-090543,185r1,,,Requirements for PMI reporting. (Technically Endorsed CR in R4-50bis - R4-091510),8.6.0
05-2009,RP#44,RP-090543,221r1,,,Correction to DL RMC-s for Maximum input level for supporting more UE-Categories,8.6.0
05-2009,RP#44,RP-090543,216,,,Addition of 15 MHz and 20 MHz bandwidths into band 38,8.6.0
05-2009,RP#44,RP-090559,180,,,Introduction of Extended LTE800 requirements. (Technically Endorsed CR in R4-50bis - R4-091432),9.0.0
09-2009,RP#45,RP-090826,239,,,A-MPR for Band 19,9.1.0
09-2009,RP#45,RP-090822,225,,,LTE UTRA ACLR1 centre frequency definition for 1.4 and 3 MHz BW,9.1.0
09-2009,RP#45,RP-090822,227,,,Harmonization of text for LTE Carrier leakage,9.1.0
09-2009,RP#45,RP-090822,229,,,Sensitivity requirements for Band 38 15 MHz and 20 MHz bandwidths,9.1.0
09-2009,RP#45,RP-090822,236,,,Operating band edge relaxation of maximum output power for Band 18 and 19,9.1.0
09-2009,RP#45,RP-090822,238,,,Addition of 5MHz channel bandwidth for Band 40,9.1.0
09-2009,RP#45,RP-090822,245,,,Removal of unnecessary requirements for 1.4 and 3 MHz bandwidths on bands 13 and 17,9.1.0
09-2009,RP#45,RP-090877,261,,,Correction of LTE UE ACS test parameter,9.1.0
09-2009,RP#45,RP-090877,263R1,,,Correction of LTE UE ACLR test parameter,9.1.0
09-2009,RP#45,RP-090877,286,,,Uplink power and RB allocation for receiver tests,9.1.0
09-2009,RP#45,RP-090877,320,,,CR Sensitivity relaxation for small BW,9.1.0
09-2009,RP#45,RP-090877,324,,,Correction of Band 3 spurious emission band UE co-existence,9.1.0
09-2009,RP#45,RP-090877,249R1,,,CR Pcmax definition (working assumption),9.1.0
09-2009,RP#45,RP-090877,330,,,Spectrum flatness clarification,9.1.0
09-2009,RP#45,RP-090877,332,,,Transmit power: removal of TC and modification of REFSENS note,9.1.0
09-2009,RP#45,RP-090877,282R1,,,Additional SRS relative power requirement and update of measurement definition,9.1.0
09-2009,RP#45,RP-090877,284R1,,,Power range applicable for relative tolerance,9.1.0
09-2009,RP#45,RP-090878,233,,,TDD UL/DL configurations for CQI reporting,9.1.0
09-2009,RP#45,RP-090878,235,,,Further clarification on CQI test configurations,9.1.0
09-2009,RP#45,RP-090878,243,,,Corrections to UL- and DL-RMC-s,9.1.0
09-2009,RP#45,RP-090878,247,,,Reference measurement channel for multiple PMI requirements,9.1.0
09-2009,RP#45,RP-090878,290,,,CQI reporting test for a scenario with frequency-selective interference,9.1.0
09-2009,RP#45,RP-090878,265R2,,,CQI reference measurement channels,9.1.0
09-2009,RP#45,RP-090878,321R1,,,CR RI Test,9.1.0
09-2009,RP#45,RP-090875,231,,,Correction of parameters for demodulation performance requirement,9.1.0
09-2009,RP#45,RP-090875,241R1,,,UE categories for performance tests and correction to RMC references,9.1.0
09-2009,RP#45,RP-090875,333,,,Clarification of Ês  definition in the demodulation requirement,9.1.0
09-2009,RP#45,RP-090875,326,,,Editorial corrections and updates to PHICH PBCH test cases.,9.1.0
09-2009,RP#45,RP-090875,259R3,,,Test case numbering in section 8 Performance tests,9.1.0
12-2009,RP-46,RP-091264,335,,,Test case numbering in TDD PDSCH performance test (Technically endorsed at RAN 4 52bis in R4-093523),9.2.0
12-2009,RP-46,RP-091261,337,,,Adding beamforming model for user-specfic reference signal (Technically endorsed at RAN 4 52bis in R4-093525),9.2.0
12-2009,RP-46,RP-091263,339R1,,,Adding redundancy sequences to PMI test (Technically endorsed at RAN 4 52bis in R4-093581),9.2.0
12-2009,RP-46,RP-091264,341,,,Throughput value correction at FRC for Maximum input level (Technically endorsed at RAN 4 52bis in R4-093660),9.2.0
12-2009,RP-46,RP-091261,343,,,Correction to the modulated E-UTRA interferer (Technically endorsed at RAN 4 52bis in R4-093662),9.2.0
12-2009,RP-46,RP-091264,345R1,,,OCNG: Patterns and present use in tests (Technically endorsed at RAN 4 52bis in R4-093664),9.2.0
12-2009,RP-46,RP-091264,347,,,OCNG: Use in receiver and performance tests (Technically endorsed at RAN 4 52bis in R4-093666),9.2.0
12-2009,RP-46,RP-091263,349,,,Miscellaneous corrections on CSI requirements (Technically endorsed at RAN 4 52bis in R4-093676),9.2.0
12-2009,RP-46,RP-091261,351,,,Removal of RLC modes (Technically endorsed at RAN 4 52bis in R4-093677),9.2.0
12-2009,RP-46,RP-091261,353,,,CR Rx diversity requirement (Technically endorsed at RAN 4 52bis in R4-093703),9.2.0
12-2009,RP-46,RP-091261,355,,,A-MPR notation in NS_07 (Technically endorsed at RAN 4 52bis in R4-093706),9.2.0
12-2009,RP-46,RP-091263,359,,,Single- and multi-PMI requirements (Technically endorsed at RAN 4 52bis in R4-093846),9.2.0
12-2009,RP-46,RP-091263,363,,,CQI reference measurement channel (Technically endorsed at RAN 4 52bis in R4-093970),9.2.0
12-2009,RP-46,RP-091292,364,,,LTE MBSFN Channel Model (Technically endorsed at RAN 4 52bis in R4-094020),9.2.0
12-2009,RP-46,RP-091264,367,,,Numbering of PDSCH (User-Specific Reference Symbols) Demodulation Tests,9.2.0
12-2009,RP-46,RP-091264,369,,,"Numbering of PDCCH/PCFICH, PHICH, PBCH Demod Tests",9.2.0
12-2009,RP-46,RP-091261,371,,,Remove [ ] from Reference Measurement Channels in Annex A,9.2.0
12-2009,RP-46,RP-091264,373R1,,,Corrections to RMC-s for Maximum input level test for low UE categories,9.2.0
12-2009,RP-46,RP-091261,377,,,Correction of UE-category for R.30,9.2.0
12-2009,RP-46,RP-091286,378,,,Introduction of Extended LTE1500 requirements for TS36.101,9.2.0
12-2009,RP-46,RP-091262,384,,,CR: Removal of 1.4 MHz and 3 MHz channel bandwidths from additional spurious emissions requirements for Band 1 PHS protection,9.2.0
12-2009,RP-46,RP-091262,386R3,,,Clarification of measurement conditions of spurious emission requirements at the edge of spurious domain,9.2.0
12-2009,RP-46,RP-091262,390,,,Spurious emission table correction for TDD bands 33 and 38.,9.2.0
12-2009,RP-46,RP-091262,392R2,,,36.101 Symbols and abreviations for Pcmax,9.2.0
12-2009,RP-46,RP-091262,394,,,UTRAACLR1 requirement definition for 1.4 and 3 MHz BW completed,9.2.0
12-2009,RP-46,RP-091263,396,,,Introduction of the ACK/NACK feedback modes for TDD requirements,9.2.0
12-2009,RP-46,RP-091262,404R3,,,CR Power control exception R8,9.2.0
12-2009,RP-46,RP-091262,416R1,,,Relative power tolerance: special case for receiver tests,9.2.0
12-2009,RP-46,RP-091263,420R1,,,CSI reporting: test configuration for CQI fading requirements,9.2.0
12-2009,RP-46,RP-091284,421R1,,,Inclusion of Band 20 UE RF parameters,9.2.0
12-2009,RP-46,RP-091264,425,,,Editorial corrections and updates to Clause 8.2.1 FDD demodulation test cases,9.2.0
12-2009,RP-46,RP-091262,427,,,CR: time mask,9.2.0
12-2009,RP-46,RP-091264,430,,,Correction of the payload size for PDCCH/PCFICH performance requirements,9.2.0
12-2009,RP-46,RP-091263,432,,,Transport format and test point updates to RI reporting test cases,9.2.0
12-2009,RP-46,RP-091263,434,,,Transport format and test setup updates to frequency-selective interference CQI tests,9.2.0
12-2009,RP-46,RP-091263,436,,,CR RI reporting configuration in PUCCH 1-1 test,9.2.0
12-2009,RP-46,RP-091261,438,,,Addition of R.11-1 TDD references,9.2.0
12-2009,RP-46,RP-091292,439,,,Performance requirements for LTE MBMS,9.2.0
12-2009,RP-46,RP-091262,442R1,,,In Band Emissions Requirements Correction CR,9.2.0
12-2009,RP-46,RP-091262,444R1,,,PCMAX definition,9.2.0
03-2010,RP-47,RP-100246,453r1,,,Corrections of various errors in the UE RF requirements,9.3.0
03-2010,RP-47,RP-100246,462r1,,,UTRA ACLR measurement bandwidths for 1.4 and 3 MHz,9.3.0
03-2010,RP-47,RP-100246,493,,,Band 8  Coexistence Requirement Table Correction,9.3.0
03-2010,RP-47,RP-100246,489r1,,,Rel 9 CR for Band 14,9.3.0
03-2010,RP-47,RP-100246,485r1,,,CR Band 1- PHS coexistence,9.3.0
03-2010,RP-47,RP-100247,501,,,Fading CQI requirements for FDD mode,9.3.0
03-2010,RP-47,RP-100247,499,,,CR correction to RI test,9.3.0
03-2010,RP-47,RP-100249,451,,,"Reporting mode, Reporting Interval and Editorial corrections for demodulation",9.3.0
03-2010,RP-47,RP-100249,464r1,,,Corrections to 1PRB PDSCH performance test in presence of MBSFN.,9.3.0
03-2010,RP-47,RP-100249,458r1,,,OCNG corrections,9.3.0
03-2010,RP-47,RP-100249,467,,,Addition of ONCG configuration in DRS performance test,9.3.0
03-2010,RP-47,RP-100249,465r1,,,PDSCH performance tests for low UE categories,9.3.0
03-2010,RP-47,RP-100250,460r1,,,Use of OCNG in CSI tests,9.3.0
03-2010,RP-47,RP-100250,491r1,,,Corrections to CQI test configurations,9.3.0
03-2010,RP-47,RP-100250,469r1,,,Corrections of some CSI test parameters,9.3.0
03-2010,RP-47,RP-100251,456r1,,,TBS correction for RMC UL TDD 16QAM full allocation BW 1.4 MHz,9.3.0
03-2010,RP-47,RP-100262,449,,,Editorial corrections on Band 19 REFSENS,9.3.0
03-2010,RP-47,RP-100263,470r1,,,Band 20 UE RF requirements,9.3.0
03-2010,RP-47,RP-100264,446r1,,,A-MPR for Band 21,9.3.0
03-2010,RP-47,RP-100264,448,,,RF requirements for UE in later releases,9.3.0
03-2010,RP-47,RP-100268,445,,,36.101 CR: Editorial corrections on LTE MBMS reference measurement channels,9.3.0
03-2010,RP-47,RP-100268,454,,,The definition of the Doppler shift for LTE MBSFN Channel Model,9.3.0
03-2010,RP-47,RP-100239,478r3,,,Modification of the spectral flatness requirement and some editorial corrections,9.3.0
06-2010,RP-48,RP-100619,559,,,Corrections of tables for Additional Spectrum Emission Mask,9.4.0
06-2010,RP-48,RP-100619,538,,,Correction of transient time definition for EVM requirements,9.4.0
06-2010,RP-48,RP-100619,557r2,,,CR on UE coexistence requirement,9.4.0
06-2010,RP-48,RP-100619,547r1,,,Correction of antenna configuration and beam-forming model for DRS,9.4.0
06-2010,RP-48,RP-100619,536r1,,,CR: Corrections on MIMO demodulation performance requirements,9.4.0
06-2010,RP-48,RP-100619,528r1,,,Corrections on the definition of PCMAX,9.4.0
06-2010,RP-48,RP-100619,568,,,Relaxation of the PDSCH demodulation requirements due to control channel errors,9.4.0
06-2010,RP-48,RP-100619,566,,,Correction of the UE output power definition for RX tests,9.4.0
06-2010,RP-48,RP-100620,505r1,,,Fading CQI requirements for TDD mode,9.4.0
06-2010,RP-48,RP-100620,521,,,Correction to FRC for CQI index 0,9.4.0
06-2010,RP-48,RP-100620,516r1,,,Correction to CQI test configuration,9.4.0
06-2010,RP-48,RP-100620,532,,,Correction of CQI and PMI delay configuration description for TDD,9.4.0
06-2010,RP-48,RP-100620,574,,,Correction to FDD and TDD CSI test configurations,9.4.0
06-2010,RP-48,RP-100620,571,,,Minimum requirements for Rank indicator reporting,9.4.0
06-2010,RP-48,RP-100628,563,,,LTE MBMS performance requirements (FDD),9.4.0
06-2010,RP-48,RP-100628,564,,,LTE MBMS performance requirements (TDD),9.4.0
06-2010,RP-48,RP-100629,553r2,,,Performance requirements for dual-layer beamforming,9.4.0
06-2010,RP-48,RP-100630,524r2,,,CR: low Category CSI requirement,9.4.0
06-2010,RP-48,RP-100630,519,,,Correction of FRC reference and test case numbering,9.4.0
06-2010,RP-48,RP-100630,526,,,Correction of carrier frequency and EARFCN of Band 21 for TS36.101,9.4.0
06-2010,RP-48,RP-100630,508r1,,,Addition of PDSCH TDD DRS demodulation tests for Low UE categories,9.4.0
06-2010,RP-48,RP-100630,539,,,Specification of minimum performance requirements for low UE category,9.4.0
06-2010,RP-48,RP-100630,569,,,Addition of minimum performance requirements for low UE category TDD CRS single-antenna port tests,9.4.0
06-2010,RP-48,RP-100631,549r3,,,Introduction of sustained downlink data-rate performance requirements,9.4.0
06-2010,RP-48,RP-100683,530r1,,,Band 20 Rx requirements,9.4.0
09-2010,RP-49,RP-100920,614r2,,,Add OCNG to MBMS requirements,9.5.0
09-2010,RP-49,RP-100916,599,,,Correction of PDCCH content for PHICH test,9.5.0
09-2010,RP-49,RP-100920,597r1,,,Beamforming model for transmission on antenna port 7/8,9.5.0
09-2010,RP-49,RP-100920,600r1,,,Correction of full correlation in frequency-selective CQI test,9.5.0
09-2010,RP-49,RP-100920,601,,,Correction on single-antenna transmission fixed reference channel,9.5.0
09-2010,RP-49,RP-100914,605,,,Reference sensitivity requirements for the 1.4 and 3 MHz bandwidths,9.5.0
09-2010,RP-49,RP-100920,608r1,,,CR for DL sustained data rate test,9.5.0
09-2010,RP-49,RP-100919,611,,,Correction of references in section 10 (MBMS performance requirements),9.5.0
09-2010,RP-49,RP-100914,613,,,Band 13 and Band 14 spurious emission corrections,9.5.0
09-2010,RP-49,RP-100919,617r1,,,Rx Requirements,9.5.0
09-2010,RP-49,RP-100926,576r1,,,Clarification on DL-BF simulation assumptions,9.5.0
09-2010,RP-49,RP-100920,582r1,,,Introduction of additional Rel-9 scenarios,9.5.0
09-2010,RP-49,RP-100925,575r1,,,Correction to band 20 ue to ue Co-existence table,9.5.0
09-2010,RP-49,RP-100916,581r1,,,Test configuration corrections to CQI reporting in AWGN,9.5.0
09-2010,RP-49,RP-100916,595,,,Corrections to RF OCNG Pattern OP.1 and 2,9.5.0
09-2010,RP-49,RP-100919,583,,,Editorial corrections of 36.101,9.5.0
09-2010,RP-49,RP-100920,586,,,Addition of minimum performance requirements for low UE category TDD tests,9.5.0
09-2010,RP-49,RP-100914,590r1,,,Downlink power for receiver tests,9.5.0
09-2010,RP-49,RP-100920,591,,,OCNG use and power in beamforming tests,9.5.0
09-2010,RP-49,RP-100916,593,,,Throughput for multi-datastreams transmissions,9.5.0
09-2010,RP-49,RP-100914,588,,,Missing note in Additional spurious emission test with NS_07,9.5.0
09-2010,RP-49,RP-100927,596r2,,,CR LTE_TDD_2600_US spectrum band definition additions to TS 36.101,10.0.0
12-2010,RP-50,RP-101309,680,,,Demodulation performance requirements for dual-layer beamforming,10.1.0
12-2010,RP-50,RP-101325,672,,,Correction on the statement of TB size and subband selection in CSI tests,10.1.0
12-2010,RP-50,RP-101327,652,,,Correction to Band 12 frequency range,10.1.0
12-2010,RP-50,RP-101329,630,,,Removal of [ ] from TDD Rank Indicator requirements,10.1.0
12-2010,RP-50,RP-101329,635r1,,,Test configuration corrections to CQI TDD reporting in AWGN (Rel-10),10.1.0
12-2010,RP-50,RP-101330,645,,,EVM window length for PRACH,10.1.0
12-2010,RP-50,RP-101330,649,,,Removal of NS signalling from TDD REFSENS tests,10.1.0
12-2010,RP-50,RP-101330,642r1,,,Correction of Note 4 In Table 7.3.1-1: Reference sensitivity QPSK PREFSENS,10.1.0
12-2010,RP-50,RP-101341,627,,,Add 20 RB UL Ref Meas channel,10.1.0
12-2010,RP-50,RP-101341,654r1,,,Additional in-band blocking requirement for Band 12,10.1.0
12-2010,RP-50,RP-101341,678,,,Further clarifications for the Sustained Downlink Data Rate Test,10.1.0
12-2010,RP-50,RP-101341,673r1,,,Correction on MBMS performance requirements,10.1.0
12-2010,RP-50,RP-101349,667r3,,,CR Removing brackets of Band 41 reference sensitivity to TS 36.101,10.1.0
12-2010,RP-50,RP-101356,666r2,,,Band 42 and 43 parameters for UMTS/LTE 3500 (TDD) for TS 36.101,10.1.0
12-2010,RP-50,RP-101359,646r1,,,"CR for CA, UL-MIMO, eDL-MIMO, CPE",10.1.0
12-2010,RP-50,RP-101361,620r1,,,Introduction of L-band in TS 36.101,10.1.0
12-2010,RP-50,RP-101379,670r1,,,Correction on the PMI reporting in Multi-Laye Spatial Multiplexing performance test,10.1.0
12-2010,RP-50,RP-101380,679r1,,,Adding antenna configuration in CQI fading test case,10.1.0
01-2011,,,,,,Clause numbering correction,10.1.1
03-2011,RP-51,RP-110359,695,,,Removal of E-UTRA ACLR for CA,10.2.0
03-2011,RP-51,RP-110338,699,,,PDCCH and PHICH performance: OCNG and power settings,10.2.0
03-2011,RP-51,RP-110336,706r1,,,Spurious emissions measurement uncertainty,10.2.0
03-2011,RP-51,RP-110352,707r1,,,REFSENSE in lower SNR,10.2.0
03-2011,RP-51,RP-110338,710,,,PMI performance: Power settings and precoding granularity,10.2.0
03-2011,RP-51,RP-110359,715r2,,,Definition of configured transmitted power for Rel-10,10.2.0
03-2011,RP-51,RP-110359,717,,,Introduction of requirement for adjacent intraband CA image rejection,10.2.0
03-2011,RP-51,RP-110343,719,,,Minimum requirements for the additional Rel-9 scenarios,10.2.0
03-2011,RP-51,RP-110343,723,,,Corrections to power settings for Single layer beamforming with simultaneous transmission,10.2.0
03-2011,RP-51,RP-110343,726r1,,,Correction to the PUSCH3-0 subband tests for Rel-10,10.2.0
03-2011,RP-51,RP-110338,730,,,Removing the square bracket for TS36.101,10.2.0
03-2011,RP-51,RP-110349,739,,,Removal of square brackets for dual-layer beamforming demodulation performance requirements,10.2.0
03-2011,RP-51,RP-110359,751,,,CR: Maximum input level for intra band CA,10.2.0
03-2011,RP-51,RP-110349,754r2,,,UE category coverage for dual-layer beamforming,10.2.0
03-2011,RP-51,RP-110343,756r1,,,Further clarifications for the Sustained Downlink Data Rate Test,10.2.0
03-2011,RP-51,RP-110343,759,,,Removal of square brackets in sustained data rate tests,10.2.0
03-2011,RP-51,RP-110337,762r1,,,Clarification to LTE relative power tolerance table,10.2.0
03-2011,RP-51,RP-110343,764,,,Introducing UE-selected subband CQI tests,10.2.0
03-2011,RP-51,RP-110343,765,,,Verification framework for PUSCH 2-2 and PUCCH 2-1 reporting,10.2.0
04-2011,,,,,,"Editorial: Spec Title correction, removal of “Draft”",10.2.1
06-2011,RP-52,RP-110804,766,,,Add Expanded 1900MHz Band (Band 25) in 36.101,10.3.0
06-2011,RP-52,RP-110795,768,,,Fixing Band 24 inclusion in TS 36.101,10.3.0
06-2011,RP-52,RP-110788,772,,,CR: Corrections for UE to UE co-existence requirements of Band 3,10.3.0
06-2011,RP-52,RP-110812,774,,,Add 2GHz S-Band (Band 23) in 36.101,10.3.0
06-2011,RP-52,RP-110789,782,,,CR: Band 19 A-MPR refinement,10.3.0
06-2011,RP-52,RP-110796,787,,,REFSENS in lower SNR,10.3.0
06-2011,RP-52,RP-110789,805,,,Clarification for MBMS reference signal levels,10.3.0
06-2011,RP-52,RP-110792,810,,,FDD MBMS performance requirements for 64QAM mode,10.3.0
06-2011,RP-52,RP-110787,814,,,Correction on CQI mapping index of RI test,10.3.0
06-2011,RP-52,RP-110789,824,,,Corrections to in-band blocking table,10.3.0
06-2011,RP-52,RP-110794,826,,,Correction of TDD Category 1 DRS and DMRS RMCs,10.3.0
06-2011,RP-52,RP-110794,828,,,TDD MBMS performance requirements for 64QAM mode,10.3.0
06-2011,RP-52,RP-110796,829,,,Correction of TDD RMC for Low SNR Demodulation test,10.3.0
06-2011,RP-52,RP-110796,830,,,Informative reference sensitivity requirements for Low SNR for TDD,10.3.0
06-2011,RP-52,RP-110787,778r1,,,Minor corrections to DL-RMC-s for Maximum input level,10.3.0
06-2011,RP-52,RP-110789,832,,,PDCCH and PHICH performance: OCNG and power settings,10.3.0
06-2011,RP-52,RP-110789,818r1,,,Correction on 2-X PMI test for R10,10.3.0
06-2011,RP-52,RP-110791,816r1,,,Addition of performance requirements for dual-layer beamforming category 1 UE test,10.3.0
06-2011,RP-52,RP-110789,834,,,"Performance requirements for PUCCH 2-0, PUCCH 2-1 and PUSCH 2-2 tests",10.3.0
06-2011,RP-52,RP-110807,835r1,,,CR  for UL MIMO and CA,10.3.0
09-2011,RP-53,RP-111248,862r1,,,Removal of unnecessary channel bandwidths from REFSENS tables,10.4.0
09-2011,RP-53,RP-111248,869r1,,,Clarification on BS precoding information field for RI FDD and PUCCH 2-1 PMI tests,10.4.0
09-2011,RP-53,RP-111248,872r1,,,CR for B14Rx requirement Rrel 10,10.4.0
09-2011,RP-53,RP-111248,890r1,,,CR to TS36.101: Correction on the accuracy test of CQI.,10.4.0
09-2011,RP-53,RP-111248,893,,,CR to TS36.101: Correction on CQI mapping index of TDD RI test,10.4.0
09-2011,RP-53,RP-111248,904,,,Correction of code block numbers for some RMCs,10.4.0
09-2011,RP-53,RP-111248,907,,,Correction to UL RMC for FDD and TDD,10.4.0
09-2011,RP-53,RP-111248,914r1,,,Adding codebook subset restriction for single layer closed-loop spatial multiplexing test,10.4.0
09-2011,RP-53,RP-111251,883,,,Sustained data rate: Correction of the ACK/NACK feedback mode,10.4.0
09-2011,RP-53,RP-111251,929,,,36.101 CR on MBSFN FDD requirements(R10),10.4.0
09-2011,RP-53,RP-111251,938,,,TDD MBMS performance requirements for 64QAM mode,10.4.0
09-2011,RP-53,RP-111252,895,,,Further clarification for the dual-layer beamforming demodulation requirements,10.4.0
09-2011,RP-53,RP-111255,908r1,,,Introduction of Band 22,10.4.0
09-2011,RP-53,RP-111255,939,,,Modifications of Band 42 and 43,10.4.0
09-2011,RP-53,RP-111260,944,,,CR for TS 36.101 Annex B: Static channels for CQI tests,10.4.0
09-2011,RP-53,RP-111262,878r1,,,Correction of CSI reference channel subframe description,10.4.0
09-2011,RP-53,RP-111262,887,,,Correction to UL MIMO,10.4.0
09-2011,RP-53,RP-111262,926r1,,,Power control accuracy for intra-band carrier aggregation,10.4.0
09-2011,RP-53,RP-111262,927r1,,,In-band emissions requirements for intra-band carrier aggregation,10.4.0
09-2011,RP-53,RP-111262,930r1,,,Adding the operating band for UL-MIMO,10.4.0
09-2011,RP-53,RP-111265,848,,,Corrections to intra-band contiguous CA RX requirements,10.4.0
09-2011,RP-53,RP-111265,863,,,Intra-band contiguos CA MPR requirement refinement,10.4.0
09-2011,RP-53,RP-111265,866r1,,,Intra-band contiguous CA EVM,10.4.0
09-2011,RP-53,RP-111266,935,,,Introduction of the downlink CA demodulation requirements,10.4.0
09-2011,RP-53,RP-111266,936r1,,,Introduction of CA UE demodulation requirements for TDD,10.4.0
12-2011,RP-54,RP-111684,947,,,Corrections of UE categories of Rel-10 reference channels for RF requirements,10.5.0
12-2011,RP-54,RP-111684,948,,,Alternative way to define channel bandwidths per operating band for,10.5.0
12-2011,RP-54,RP-111686,949,,,CR for TS36.101: Adding note to the function of MPR,10.5.0
12-2011,RP-54,RP-111680,950,,,Clarification on applying CSI reports during rank switching in RI FDD test - Rel-10,10.5.0
12-2011,RP-54,RP-111734,953r1,,,Corrections for Band 42 and 43 introduction,10.5.0
12-2011,RP-54,RP-111680,956,,,UE spurious emissions,10.5.0
12-2011,RP-54,RP-111682,959,,,Add scrambling identity n_SCID for MU-MIMO test,10.5.0
12-2011,RP-54,RP-111690,960r1,,,P-MPR definition,10.5.0
12-2011,RP-54,RP-111693,962,,,"Pcmax,c Computation Assumptions",10.5.0
12-2011,RP-54,RP-111733,963r1,,,Correction of frequency range for spurious emission requirements,10.5.0
12-2011,RP-54,RP-111680,966,,,General review of the reference measurement channels,10.5.0
12-2011,RP-54,RP-111691,945,,,Corrections of Rel-10 demodulation performance requirementsThis CR is only partially implemented due to confliction with CR 966,10.5.0
12-2011,RP-54,RP-111684,946,,,Corrections of UE categories for Rel-10 CSI requirementsThis CR is only partially implemented due to confliction with CR 966,10.5.0
12-2011,RP-54,RP-111691,982r2,,,Introduction of SDR TDD test scenario for CA UE demodulationThis CR is only partially implemented due to confliction with CR 966,10.5.0
12-2011,RP-54,RP-111693,971r1,,,CR on Colliding CRS for non-MBSFN ABS,10.5.0
12-2011,RP-54,RP-111693,972r1,,,Introduction of eICIC demodulation performance requirements for FDD and TDD,10.5.0
12-2011,RP-54,RP-111686,985,,,Adding missing UL configuration specification in some UE receiver requirements for case of 1 CC UL capable UE,10.5.0
12-2011,RP-54,RP-111684,998,,,Correction and maintenance on CQI and PMI requirements (Rel-10),10.5.0
12-2011,RP-54,RP-111735,1004,,,MPR for CA Multi-cluster,10.5.0
12-2011,RP-54,RP-111691,1005,,,CA demodulation performance requirements for LTE FDD,10.5.0
12-2011,RP-54,RP-111692,1006,,,CQI reporting accuracy test on frequency non-selective scheduling on eDL MIMO,10.5.0
12-2011,RP-54,RP-111692,1007,,,CQI reporting accuracy test on frequency-selective scheduling on eDL MIMO,10.5.0
12-2011,RP-54,RP-111692,1008,,,PMI reporting accuracy test for TDD on eDL MIMO,10.5.0
12-2011,RP-54,RP-111692,1009r1,,,CR for TS 36.101: RI performance requirements,10.5.0
12-2011,RP-54,RP-111692,1010r1,,,CR for TS 36.101: Introduction of static CQI tests (Rel-10),10.5.0
03-2012,RP-55,RP-120291,1014,,,RF: Updates and corrections to the RMC-s related annexes (Rel-10),10.6.0
03-2012,RP-55,RP-120300,1015r1,,,On eICIC ABS pattern,10.6.0
03-2012,RP-55,RP-120300,1016r1,,,On eICIC interference models,10.6.0
03-2012,RP-55,RP-120299,1017r1,,,TS36.101 CR: on eDL-MIMO channel model using cross-polarized antennas,10.6.0
03-2012,RP-55,RP-120304,1020r1,,,TS36.101 CR: Correction to MBMS Performance Test Parameters,10.6.0
03-2012,RP-55,RP-120303,1021,,,Harmonic exceptions in LTE UE to UE co-ex tests,10.6.0
03-2012,RP-55,RP-120304,1023,,,Unified titles for Rel-10 CSI tests,10.6.0
03-2012,RP-55,RP-120300,1033r1,,,Introduction of reference channel for eICIC demodulation,10.6.0
03-2012,RP-55,RP-120304,1040r1,,,Correction of Actual code rate for CSI RMCs,10.6.0
03-2012,RP-55,RP-120304,1041r1,,,Definition of synchronized operation,10.6.0
03-2012,RP-55,RP-120296,1048r1,,,Intra band contiguos CA Ue to Ue Co-ex,10.6.0
03-2012,RP-55,RP-120296,1049r1,,,REL-10 CA specification editorial consistency,10.6.0
03-2012,RP-55,RP-120299,1053,,,Beamforming model for TM9,10.6.0
03-2012,RP-55,RP-120296,1054,,,Requirement for CA demodulation with power imbalance,10.6.0
03-2012,RP-55,RP-120298,1057,,,Updating Band 23 duplex specifications,10.6.0
03-2012,RP-55,RP-120298,1058r1,,,Correcting UE Coexistence Requirements for Band 23,10.6.0
03-2012,RP-55,RP-120304,1059r1,,,CA demodulation performance requirements for LTE TDD,10.6.0
03-2012,RP-55,RP-120304,1061,,,Requirement for CA SDR FDD test scenario,10.6.0
03-2012,RP-55,RP-120293,1064r1,,,TS36.101 RF editorial corrections Rel 10,10.6.0
03-2012,RP-55,RP-120299,1067r1,,,Introduction of TM9 demodulation performance requirements,10.6.0
03-2012,RP-55,RP-120304,1071r1,,,Introduction of a CA demodulation test for UE soft buffer management testing,10.6.0
03-2012,RP-55,RP-120296,1072,,,MPR formula correction For intra-band contiguous CA Bandwidth Class C,10.6.0
03-2012,RP-55,RP-120303,1077r1,,,CR for 36.101: B41 REFSENS and MOP changes to accommodate single filter architecture,10.6.0
03-2012,RP-55,RP-120300,1082,,,TM3 tests for eICIC,10.6.0
03-2012,RP-55,RP-120300,1083r1,,,Introduction of requirements of CQI reporting definition for ecICIC,10.6.0
03-2012,RP-55,RP-120304,1084,,,eDL MIMO CSI requirements,10.6.0
03-2012,RP-55,RP-120306,1070r1,,,Introduction of Band 26/XXVI to TS 36.101,11.0.0
03-2012,RP-55,RP-120310,1074,,,"Band 41 CA CR for TS36.101, section 5",11.0.0
03-2012,RP-55,RP-120310,1075r1,,,"Band 41 CA CR for TS36.101, section 6",11.0.0
03-2012,RP-55,RP-120310,1076,,,"Band 41 CA CR for TS36.101, section 7",11.0.0
06-2012,RP-56,RP-120795,1085r2,,,Modulator specification tightening,11.1.0
06-2012,RP-56,RP-120777,1087r1,,,"Carrier aggregation Relative power tolerance, removal of TBD.",11.1.0
06-2012,RP-56,RP-120783,1089,,,UE spurious emissions for Band 7 and Band 38 coexistence,11.1.0
06-2012,RP-56,RP-120780,1092,,,Deleting square brackets in Reference Measurement Channels,11.1.0
06-2012,RP-56,RP-120779,1097,,,CR to TS36.101: Correction on parameters for the eDL-MIMO CQI and PMI tests,11.1.0
06-2012,RP-56,RP-120780,1098r1,,,CR to TS36.101: Fixed reference channel for PDSCH demodulation performance requirements on eDL-MIMO – NOT implemented as it is based on a wrong version of the spec,11.1.0
06-2012,RP-56,RP-120774,1107,,,RMC correction on eDL-MIMO RI test,11.1.0
06-2012,RP-56,RP-120774,1108r1,,,FRC correction on frequency selective CQI and PMI test (Rel-11),11.1.0
06-2012,RP-56,RP-120774,1111,,,Correction on test point for PMI test (Rel-11),11.1.0
06-2012,RP-56,RP-120784,1114r1,,,Corrections and clarifications on eICIC demodulation test,11.1.0
06-2012,RP-56,RP-120784,1117r1,,,Corrections and clarifications on eICIC CSI tests,11.1.0
06-2012,RP-56,RP-120783,1119r1,,,Corrections on UE performance requirements,11.1.0
06-2012,RP-56,RP-120773,1120,,,Introduction of CA band combination Band1 + Band19 to TS 36.101,11.1.0
06-2012,RP-56,RP-120769,1127,,,Addition of ETU30 channel model,11.1.0
06-2012,RP-56,RP-120773,1140,,,Addition of Maximum Throughput for R.30-1 TDD RMC,11.1.0
06-2012,RP-56,RP-120779,1141,,,CR for 36.101: The clarification of MPR and A-MPR for CA,11.1.0
06-2012,RP-56,RP-120784,1142,,,Corrections for eICIC demod test case with MBSN ABS,11.1.0
06-2012,RP-56,RP-120785,1144,,,Removing brackets of contiguous allocation A-MPR for CA_NS_04,11.1.0
06-2012,RP-56,RP-120784,1149r1,,,Introduction of PDCCH test with colliding RS on MBSFN-ABS,11.1.0
06-2012,RP-56,RP-120784,1153r1,,,Some clarifications and OCNG pattern for eICIC demodulation requirements,11.1.0
06-2012,RP-56,RP-120773,1155,,,Introduction of TDD CA Soft Buffer Limitation,11.1.0
06-2012,RP-56,RP-120795,1156,,,B26 and other editorial corrections,11.1.0
06-2012,RP-56,RP-120779,1161,,,Corrections on CQI and PMI test,11.1.0
06-2012,RP-56,RP-120780,1163,,,FRC for TDD PMI test,11.1.0
06-2012,RP-56,RP-120778,1165r1,,,Clean-up of UL-MIMO for TS36.101,11.1.0
06-2012,RP-56,RP-120782,1171,,,Removal of unnecessary references to single carrier requirements from Interband CA subclauses,11.1.0
06-2012,RP-56,RP-120781,1174,,,PDCCH wrong detection in receiver spurious emissions test,11.1.0
06-2012,RP-56,RP-120776,1184,,,Corrections to 3500 MHz,11.1.0
06-2012,RP-56,RP-120793,1189r2,,,Introduction of Band 44,11.1.0
06-2012,RP-56,RP-120784,1193r1,,,Target SNR setting for eICIC demodulation requirement,11.1.0
06-2012,RP-56,RP-120780,1196,,,Editorial simplification to CA REFSENS UL allocation table,11.1.0
06-2012,RP-56,RP-120778,1199,,,Correction of wrong table refernces in CA receiver tests,11.1.0
06-2012,RP-56,RP-120791,1200r1,,,Introduction of e850_LB (Band 27) to TS 36.101,11.1.0
06-2012,RP-56,RP-120764,1212,,,Correction of PHS protection requirements for TS 36.101,11.1.0
06-2012,RP-56,RP-120793,1213r1,,,Introduction of Band 28 into TS36.101,11.1.0
06-2012,RP-56,RP-120781,1215r1,,,Proposed revision of subclause 4.3A for TS36.101,11.1.0
06-2012,RP-56,RP-120781,1217r1,,,Proposed revision on subclause 6.3.4A for TS36.101,11.1.0
06-2012,RP-56,RP-120795,1219r1,,,Aligning requirements between Band 18 and Band 26 in TS36.101,11.1.0
06-2012,RP-56,RP-120782,1221,,,SNR definition,11.1.0
06-2012,RP-56,RP-120778,1223,,,Correction of CSI configuraiton for CA TM4 tests R11,11.1.0
06-2012,RP-56,RP-120773,1225,,,CR on CA UE receiver timing window R11,11.1.0
06-2012,RP-56,RP-120784,1226,,,Extension of static eICIC CQI test,11.1.0
09-2012,RP-57,RP-121294,1230,,,Correct Transport Block size in 9RB 16QAM Uplink Reference Measurement Channel,11.2.0
09-2012,RP-57,RP-121313,1233r1,,,RF: Corrections to power allocation parameters for transmission mode 8 (Rel-11),11.2.0
09-2012,RP-57,RP-121304,1235,,,RF-CA: non-CA notation and applicability of test points in scenarios without and with CA operation (Rel-11),11.2.0
09-2012,RP-57,RP-121305,1237,,,ACK/NACK feedback modes for FDD and TDD TM4 CA demodulation requirements (Rel-11),11.2.0
09-2012,RP-57,RP-121305,1239,,,Correction of feedback mode for CA TDD demodulation requirements  (resubmission of R4-63AH-0194 for Rel-11),11.2.0
09-2012,RP-57,RP-121302,1241,,,ABS pattern setup for MBSFN ABS test (resubmission of R4-63AH-0204 for Rel-11),11.2.0
09-2012,RP-57,RP-121302,1243,,,CR on eICIC CQI definition test (resubmission of R4-63AH-0205 for Rel-11),11.2.0
09-2012,RP-57,RP-121302,1245,,,Transmission of CQI feedback and other corrections (Rel-11),11.2.0
09-2012,RP-57,RP-121302,1247,,,Target SNR setting for eICIC MBSFN-ABS demodulation requirements (Rel-11),11.2.0
09-2012,RP-57,RP-121335,1248,,,Introduction of CA_1_21 RF requirements into TS36.101,11.2.0
09-2012,RP-57,RP-121300,1251,,,Corrections of spurious emission band UE co-existence applicable in Japan,11.2.0
09-2012,RP-57,RP-121306,1253,,,Correction on RMC for frequency non-selective CQI test,11.2.0
09-2012,RP-57,RP-121306,1255,,,Requirements for the eDL-MIMO CQI test,11.2.0
09-2012,RP-57,RP-121302,1257,,,Clarification on PDSCH test setup under MBSFN ABS,11.2.0
09-2012,RP-57,RP-121316,1258,,,Update of Band 28 requirements,11.2.0
09-2012,RP-57,RP-121313,1262,,,Applicabilty of statement allowing RBW < Meas BW for spurious,11.2.0
09-2012,RP-57,RP-121298,1265,,,Clarification of RB allocation for DRS demodulation tests,11.2.0
09-2012,RP-57,RP-121304,1267,,,Removal of brackets for CA Tx,11.2.0
09-2012,RP-57,RP-121337,1268r1,,,TS 36.101 CR for CA_38,11.2.0
09-2012,RP-57,RP-121327,1269,,,Introduction of CA_B7_B20 in 36.101,11.2.0
09-2012,RP-57,RP-121313,1271,,,Corrections of FRC subframe allocations and other minor problems,11.2.0
09-2012,RP-57,RP-121305,1274,,,Introduction of requirements for TDD CA Soft Buffer Limitation,11.2.0
09-2012,RP-57,RP-121307,1276,,,Correction of eDL-MIMIO CSI RMC tables and references,11.2.0
09-2012,RP-57,RP-121307,1278,,,Correction of MIMO channel model for polarized antennas,11.2.0
09-2012,RP-57,RP-121303,1280,,,Addition of 15 and 20MHz Bandwidths for Band 23 to TS 36.101 (Rel-11),11.2.0
09-2012,RP-57,RP-121334,1283r1,,,Add requirements for inter-band CA of B_1-18 and B_11-18 in TS36.101,11.2.0
09-2012,RP-57,RP-121304,1285r1,,,CR for MPR mask for multi-clustered simultaneous transmission in single CC in Rel-11,11.2.0
09-2012,RP-57,RP-121447,1288r2,,,Introduction of Japanese Regulatory Requirements to LTE Band 8(R11),11.2.0
09-2012,RP-57,RP-121315,1289,,,CR for Band 27 MOP,11.2.0
09-2012,RP-57,RP-121315,1290,,,CR for Band 27 A-MPR,11.2.0
09-2012,RP-57,RP-121316,1291,,,CR to replace protected frequency range with new band number 27,11.2.0
09-2012,RP-57,RP-121215,1292r1,,,Introduction of CA band combination Band3 + Band5 to TS 36.101,11.2.0
09-2012,RP-57,RP-121306,1300r1,,,Requirements for eDL-MIMO RI test,11.2.0
09-2012,RP-57,RP-121306,1304,,,Corrections to TM9 demodulation tests,11.2.0
09-2012,RP-57,RP-121313,1306,,,Correction to PCFICH power parameter setting,11.2.0
09-2012,RP-57,RP-121306,1310r1,,,Correction on frequency non-selective CQI test,11.2.0
09-2012,RP-57,RP-121306,1313r1,,,eDL-MIMO CQI/PMI test,11.2.0
09-2012,RP-57,RP-121313,1316,,,Correction of the definition of unsynchronized operation,11.2.0
09-2012,RP-57,RP-121304,1320r1,,,Correction to Transmit Modulation Quality Tests for Intra-Band CA,11.2.0
09-2012,RP-57,RP-121338,1324r2,,,36.101 CR for LTE_CA_B7,11.2.0
09-2012,RP-57,RP-121331,1325,,,Introduction of CA_3_20 RF requirements into TS36.101,11.2.0
09-2012,RP-57,RP-121316,1326,,,A-MPR table correction for NS_18,11.2.0
09-2012,RP-57,RP-121304,1332r1,,,Bandwidth combination sets for intra-band and inter-band carrier aggregation,11.2.0
09-2012,RP-57,RP-121325,1339,,,Introduction of LTE Advanced Carrier Aggregation of Band 4 and Band 13,11.2.0
09-2012,RP-57,RP-121326,1340r1,,,Introduction of CA configurations CA-12A-4A and CA-17A-4A,11.2.0
09-2012,RP-57,RP-121324,1341,,,Introduction of CA_B3_B7 in 36.101,11.2.0
09-2012,RP-57,RP-121328,1343,,,Introduction of Band 2 + Band 17 inter-band CA configuration into 36.101,11.2.0
09-2012,RP-57,RP-121306,1351,,,FRC for TM9 FDD,11.2.0
09-2012,RP-57,RP-121295,1352,,,Random precoding granularity in PMI tests,11.2.0
09-2012,RP-57,RP-121302,1358,,,Introduction of RI test for eICIC,11.2.0
09-2012,RP-57,RP-121304,1360,,,Notes for deltaTib and deltaRib tables,11.2.0
09-2012,RP-57,RP-121304,1361,,,CR for A-MPR masks for NS_CA_1C,11.2.0
12-2012,RP-58,RP-121884,1362,,,Introduction of CA_3_8 RF requirements to TS 36.101,11.3.0
12-2012,RP-58,RP-121870,1363,,,Removal of square brackets for Band 27 in Table 5.6.1-1,11.3.0
12-2012,RP-58,RP-121861,1366,,,Some changes related to CA tests and overview table of DL measurement channels,11.3.0
12-2012,RP-58,RP-121860,1368,,,Correction of eICIC CQI tests,11.3.0
12-2012,RP-58,RP-121860,1370,,,Correction of eICIC demodulation tests,11.3.0
12-2012,RP-58,RP-121862,1374,,,Correction on CSI-RS subframe offset parameter,11.3.0
12-2012,RP-58,RP-121862,1376,,,Correction on FRC table in CSI test,11.3.0
12-2012,RP-58,RP-121862,1382,,,Correction of reference channel table for TDD eDL-MIMIO RI test,11.3.0
12-2012,RP-58,RP-121850,1386,,,OCNG patterns for Sustained Data rate testing,11.3.0
12-2012,RP-58,RP-121867,1388r1,,,Introduction of one periodic CQI test for CA deployments,11.3.0
12-2012,RP-58,RP-121894,1396,,,Introduction of CA_B5_B12 in 36.101,11.3.0
12-2012,RP-58,RP-121850,1401,,,Introducing the additional frequency bands of 5 MHz x 2 in 1.7 GHz in Japan to Band 3,11.3.0
12-2012,RP-58,RP-121887,1406r1,,,Reference sensitivity for the small bandwidth of CA_4-12,11.3.0
12-2012,RP-58,RP-121860,1407,,,CR on eICIC RI test,11.3.0
12-2012,RP-58,RP-121862,1409,,,Cleaning of 36.101 Performance sections Rel-11,11.3.0
12-2012,RP-58,RP-121861,1416,,,Out-of-band blocking requirements for inter-band carrier aggregation,11.3.0
12-2012,RP-58,RP-121861,1418,,,Adding missed SNR reference values for CA soft buffer tests,11.3.0
12-2012,RP-58,RP-121890,1422,,,Introduction of CA_4A-5A into 36.101,11.3.0
12-2012,RP-58,RP-121867,1431,,,Clean up of specification R11,11.3.0
12-2012,RP-58,RP-121867,1436,,,Band 1 to Band 33 and Band 39 UE coexistence requirements,11.3.0
12-2012,RP-58,RP-121871,1437r1,,,Editorial corrections for Band 26,11.3.0
12-2012,RP-58,RP-121896,1438,,,Introduction of Band 5 + Band 17 inter-band CA configuration into 36.101,11.3.0
12-2012,RP-58,RP-121862,1442,,,Correction of eDL-MIMO RI test and RMC table for the CSI test,11.3.0
12-2012,RP-58,RP-121861,1444,,,Minor correction to ceiling function example - rel11,11.3.0
12-2012,RP-58,RP-121862,1449,,,Correction of SNR definition,11.3.0
12-2012,RP-58,RP-121860,1450,,,Brackets clean up for eICIC CSI/demodulation,11.3.0
12-2012,RP-58,RP-121860,1455,,,CR on eICIC RI testing (Rel-11),11.3.0
12-2012,RP-58,RP-121862,1459,,,Correction on FRC table,11.3.0
12-2012,RP-58,RP-121879,1461r1,,,CR for LTE  B14 HPUE (Power Class 1 ),11.3.0
12-2012,RP-58,RP-121862,1464,,,Adding references to the appropriate beamforming model (Rel-11),11.3.0
12-2012,RP-58,RP-121898,1465r1,,,Introduction of CA_8_20 RF requirements into TS36.101,11.3.0
12-2012,RP-58,RP-121882,1468r1,,,Introduction of inter-band CA_11-18 into TS36.101,11.3.0
12-2012,RP-58,RP-121903,1472r1,,,Introduction of advanced receivers demodulation performance (FDD),11.3.0
12-2012,RP-58,RP-121903,1473r1,,,Introduction of performance requirements for verifying the receiver type for advanced receivers (FDD/TDD),11.3.0
12-2012,RP-58,RP-121886,1474,,,CR to remove the square bracket of A-MPR in TS36.101,11.3.0
12-2012,RP-58,RP-121861,1476,,,Correction of some errors in reference sensitivity for CA in TS 36.101 (R11),11.3.0
12-2012,RP-58,RP-121903,1480r1,,,Introduction of Advanced Receivers Test Cases for TDD,11.3.0
12-2012,RP-58,RP-121901,1490r1,,,Introduction of Band 29,11.3.0
12-2012,RP-58,RP-121849,1494,,,Low-channel Band 1 coexistence with PHS,11.3.0
12-2012,RP-58,RP-121861,1498r1,,,Completion of the tables of bandwidth combinations specified for CA,11.3.0
12-2012,RP-58,RP-121861,1499r1,,,Exceptions to REFSENS requrirements for class A2 CA combinations,11.3.0
12-2012,RP-58,RP-121892,1500,,,Introduction of carrier aggregation configuration CA_4-7,11.3.0
12-2012,RP-58,RP-121870,1504,,,Editorial corrections to Band 27 specifications,11.3.0
12-2012,RP-58,RP-121878,1505,,,Band 28 AMPR for DTV protection,11.3.0
12-2012,RP-58,RP-121852,1509r1,,,UE-UE coexistence between bands with small frequency separation,11.3.0
12-2012,RP-58,RP-121911,1510,,,Adding UE-UE Coexistence Requirement for Band 3 and Band 26,11.3.0
12-2012,RP-58,RP-121866,1513,,,Maintenance of Band 23 UE Coexistence,11.3.0
12-2012,RP-58,RP-121851,1515,,,Corrections to TM4 rank indicator Test 3,11.3.0
12-2012,RP-58,RP-121861,1517,,,Correction of test configuraitons and FRC for CA demodulation with power imbalance,11.3.0
12-2012,RP-58,RP-121860,1518,,,Applicable OFDM symbols of Noc_2 for PDCCH/PCFICH ABS-MBSFN test cases,11.3.0
03-2013,RP-59,RP-130279,1519,,,OCNG patterns for Enhanced Performance Requirements Type A,11.4.0
03-2013,RP-59,RP-130277,1520,,,Corrections on in-band blocking for Band 29 for carrier aggregation,11.4.0
03-2013,RP-59,RP-130268,1523,,,Brackets removal in Rel-11 TM4 rank indicator Test 3,11.4.0
03-2013,RP-59,RP-130279,1524r1,,,Cleanup of Advanced Receivers requirement scenarios for demodulation and CSI (FDD/TDD),11.4.0
03-2013,RP-59,RP-130258,1528,,,Corrections to CQI reporting,11.4.0
03-2013,RP-59,RP-130262,1536,,,Corrections for eICIC performance requirements (rel-11),11.4.0
03-2013,RP-59,RP-130264,1539,,,Correction of CA power imbalance performance requirements,11.4.0
03-2013,RP-59,RP-130287,1543,,,Correction of a symbol for MPR in single carrier for TS 36.101(R11),11.4.0
03-2013,RP-59,RP-130287,1544r1,,,Correction of some inter-band CA requiements for TS 36.101 (R11),11.4.0
03-2013,RP-59,RP-130276,1546,,,Correction of contigous allocation A-MPR for CA_NS_05,11.4.0
03-2013,RP-59,RP-130263,1547r1,,,Clarification of spurious emission domain for CA in TS 36.101 (R11),11.4.0
03-2013,RP-59,RP-130264,1548,,,CR for CA performance requirements,11.4.0
03-2013,RP-59,RP-130284,1553r1,,,Introduction of downlink non-contiguous CA into REL -11 TS 36.101,11.4.0
03-2013,RP-59,RP-130263,1557,,,CA_1C: CA_NS_02 and CA_NS_03 A-MPR REL-11,11.4.0
03-2013,RP-59,RP-130287,1560,,,Editorial corrections to subclause 5,11.4.0
03-2013,RP-59,RP-130267,1562,,,Addition of UE Regional Requirements to Band 23 Based on New Regulatory Order in the US,11.4.0
03-2013,RP-59,RP-130272,1567,,,Band 26: modification of A-MPR for 'NS_15',11.4.0
03-2013,RP-59,RP-130287,1571r1,,,Band 41 requirements for operation in China and Japan,11.4.0
03-2013,RP-59,RP-130260,1574,,,Remove [ ] from CSI test case parameters,11.4.0
03-2013,RP-59,RP-130287,1575,,,Corrections to UE co-existence,11.4.0
03-2013,RP-59,RP-130287,1579,,,UE-UE co-existence between Band 1 and Band 33/39,11.4.0
03-2013,RP-59,RP-130287,1580,,,Correction on reference to note for Band 7 and 38 co-existence,11.4.0
03-2013,RP-59,RP-130263,1584r1,,,Cleanup for CA UE RF requirements,11.4.0
03-2013,RP-59,RP-130263,1586,,,Corrections on UL configuration for CA UE receiver requirements,11.4.0
03-2013,RP-59,RP-130263,1588,,,Correction of Transmit modulation quality requirements for CA,11.4.0
03-2013,RP-59,RP-130268,1590,,,Revision of Common Test Parameters for User-specific Demodulation Tests,11.4.0
03-2013,RP-59,RP-130278,1595,,,Correction for a Band 27 A-MPR table,11.4.0
03-2013,RP-59,RP-130264,1597,,,Correction of CA CQI test setup,11.4.0
03-2013,RP-59,RP-130287,1600r1,,,Correction  of B12 DL Specification in Table 5.5A-2,11.4.0
03-2013,RP-59,RP-130263,1602,,,Correction of table reference,11.4.0
06-2013,RP-60,RP-130765,1604r1,,,Complementary description for definition of MIMO Correlation Matrices using cross polarized antennas,11.5.0
06-2013,RP-60,RP-130763,1607,,,Correction of transport format parameters for CQI index 10 (15 RBs) - Rel 11,11.5.0
06-2013,RP-60,RP-130765,1610,,,Maintenance of Band 23 A-MPR (NS_11) in TS 36.101 (Rel-11),11.5.0
06-2013,RP-60,RP-130770,1613,,,CR for 36.101 : Adding the definition of CA_NS_05 and CA_NS_06  for additional spurious emissions for CA,11.5.0
06-2013,RP-60,RP-130770,1619,,,CR for introducing UE TM3 demodulation performance requirements under high speed,11.5.0
06-2013,RP-60,RP-130765,1623,,,Correction of test parameters for eICIC performance requirements,11.5.0
06-2013,RP-60,RP-130765,1625,,,Correction of test parameters for eICIC CSI requirements,11.5.0
06-2013,RP-60,RP-130765,1627,,,Correction of resource allocation for the multiple PMI Cat 1 UE test,11.5.0
06-2013,RP-60,RP-130766,1629,,,Removal of note 2 from band 28,11.5.0
06-2013,RP-60,RP-130770,1641,,,Correction of the CSI-RS parameter configuration,11.5.0
06-2013,RP-60,RP-130770,1650r1,,,Addition of Band 41 for intra-band non-contiguous CA for 36.101,11.5.0
06-2013,RP-60,RP-130770,1654r1,,,MPR for intra-band non-contiguous CA,11.5.0
06-2013,RP-60,RP-130765,1656,,,Modification of configured output power to account for larger tolerance,11.5.0
06-2013,RP-60,RP-130769,1658r1,,,Missing symbols in the NS_15 table,11.5.0
06-2013,RP-60,RP-130766,1673,,,Corrections to Rx requirements for inter-band CA configurations with REFSENS exceptions,11.5.0
06-2013,RP-60,RP-130770,1681r1,,,Correction for TS 36.101,11.5.0
06-2013,RP-60,RP-130763,1684,,,RF: Corrections to RMC-s for sustained data rate test,11.5.0
06-2013,RP-60,RP-130770,1685,,,Non-contiguous intraband CA channel spacing,11.5.0
06-2013,RP-60,RP-130766,1689,,,Carrier aggregation in multi RAT and multiple band combination terminals,11.5.0
06-2013,RP-60,RP-130766,1691,,,Completion of out-of-band blocking requirements for inter-band CA with one UL,11.5.0
06-2013,RP-60,RP-130767,1695r1,,,CR on the bandwidth coverage issue of CA demodulation performance (Rel-11),11.5.0
06-2013,RP-60,RP-130765,1697,,,Correction on UE maximum output power for intra-band CA (R11),11.5.0
06-2013,RP-60,RP-130770,1698r1,,,CR for introduction of FeICIC demodulation performance requirements,11.5.0
06-2013,RP-60,RP-130770,1701,,,Removing bracket from CA_11A-18A requirments,11.5.0
06-2013,RP-60,RP-130767,1703,,,CR on the bandwidth coverage issue of CA CQI performance (Rel-11),11.5.0
06-2013,RP-60,RP-130766,1705,,,Corrections to ACLR for Rel-11 CA,11.5.0
06-2013,RP-60,RP-130765,1716,,,Corrections to NS_11 A-MPR Table,11.5.0
06-2013,RP-60,RP-130769,1717,,,Corrections to NS_12 A-MPR Table,11.5.0
06-2013,RP-60,RP-130771,1532r1,,,Introduction of CA 1+8 into TS36.101(Rel-12),12.0.0
06-2013,RP-60,RP-130781,1545r1,,,Introduction of LTE Advanced inter-band Carrier Aggregation of Band 3 and Band 28 to TS 36.101,12.0.0
06-2013,RP-60,RP-130785,1608r1,,,Introduction of LTE Advanced inter-band Carrier Aggregation of Band 23 and Band 29 to TS 36.101,12.0.0
06-2013,RP-60,RP-130777,1642r1,,,Introduction of CA B3+19 into TS36.101(Rel-12),12.0.0
06-2013,RP-60,RP-130787,1687,,,Introduction of CA_4A-4A into 36.101,12.0.0
06-2013,RP-60,RP-130795,1712,,,Adding 5MHz CBW for B3 of Inter band CA of B3+26,12.0.0
06-2013,RP-60,RP-130775,1713r1,,,Introduction of LTE Advanced Inter-Band Carrier Aggregation of Band 2 and Band 13,12.0.0
06-2013,RP-60,RP-130790,1723r1,,,Introduction of the LTE 450 band to TS 36.101,12.0.0
06-2013,RP-60,RP-130791,1724r1,,,Introduction of the WCS band to TS 36.101,12.0.0
06-2013,RP-60,RP-130784,1707r1,,,Introduction of CA 19+21 into TS36.101(Rel-12),12.0.0
09-2013,RP-61,RP-131300,1730r1,,,36.101 CR for LTE_CA_C_B3,12.1.0
09-2013,RP-61,RP-131285,1732,,,CR on performance requirements of CA soft buffer managemen (Rel-12),12.1.0
09-2013,RP-61,RP-131303,1733r1,,,CR to introdue TM3 and TM4 test for 5MHz channel bandwidth,12.1.0
09-2013,RP-61,RP-131281,1736,,,CR on applicability of CA sustained data rate tests (Rel-12),12.1.0
09-2013,RP-61,RP-131293,1739,,,Performance requirement for UE under EVA200,12.1.0
09-2013,RP-61,RP-131290,1743,,,CR for introduction of FeICIC PBCH performance requirement,12.1.0
09-2013,RP-61,RP-131290,1745,,,CR for introduction of FeICIC RI reporting requirements,12.1.0
09-2013,RP-61,RP-131292,1747,,,Beamforming model for EPDCCH test,12.1.0
09-2013,RP-61,RP-131303,1748,,,CR to introduce CSI tests for LTE450,12.1.0
09-2013,RP-61,RP-131303,1749,,,CR to extend UE category of the existing 5MHz performance requirements,12.1.0
09-2013,RP-61,RP-131281,1767,,,UE REFSENS when supporting intra-band CA and inter-band CA,12.1.0
09-2013,RP-61,RP-131279,1772,,,Correlation matrix for high speed train demodulation scenarios (Rel-12),12.1.0
09-2013,RP-61,RP-131280,1776,,,Corrections to sustained data rate test (Rel-12),12.1.0
09-2013,RP-61,RP-131303,1781,,,CR to introduce a new PHICH test based on 5MHz,12.1.0
09-2013,RP-61,RP-131303,1782,,,CR placeholder for applicability of new 5MHz tests,12.1.0
09-2013,RP-61,RP-131303,1783r1,,,CR : Proposal of applicability of new 5MHz tests,12.1.0
09-2013,RP-61,RP-131303,1784,,,CR: PHICH tests for 5MHz,12.1.0
09-2013,RP-61,RP-131290,1786,,,CR for introduction of FeICIC CQI requirements,12.1.0
09-2013,RP-61,RP-131281,1794,,,Clarification of  multi-cluster transmission,12.1.0
09-2013,RP-61,RP-131294,1800r1,,,CA UE Coexistence Table update (Release 12),12.1.0
09-2013,RP-61,RP-131302,1802,,,Coexistence between Band 27 and Band 38 (Release 12),12.1.0
09-2013,RP-61,RP-131285,1803,,,Addional requirement for CA_1A-18A into TS36.101,12.1.0
09-2013,RP-61,RP-131296,1804,,,Add requirements for CA_1A-26A into TS36.101,12.1.0
09-2013,RP-61,RP-131281,1807,,,Incorrect REFSENS UL allocation for CA_1C,12.1.0
09-2013,RP-61,RP-131297,1808r1,,,Introduction of CA_2A-4A into 36.101,12.1.0
09-2013,RP-61,RP-131281,1811,,,Contiguous intraband CA REFSENS with one UL,12.1.0
09-2013,RP-61,RP-131281,1822,,,The Pcmax clauses restructured: This CR was NOT implemented as it was based on the wrong version of the spec,12.1.0
09-2013,RP-61,RP-131298,1824,,,Introduction of inter-band CA Band 2+5,12.1.0
09-2013,RP-61,RP-131285,1831,,,MPR for intra-band non-contiguous CA,12.1.0
09-2013,RP-61,RP-131281,1832,,,Correction to Rel-10 A-MPR for CA_NS_04,12.1.0
09-2013,RP-61,RP-131285,1834,,,CR for 36.101 : Add the definition of  5+20MHz for spectrum emission mask for CA,12.1.0
09-2013,RP-61,RP-131303,1839,,,CR to introduce CSI tests for LTE450,12.1.0
09-2013,RP-61,RP-131293,1840,,,Remianed Transmitter requirements for intra-band non-contiguous CA,12.1.0
09-2013,RP-61,RP-131303,1841,,,CR to introdue TM3 and TM4 test for 5MHz channel bandwidth,12.1.0
12-2013,RP-62,RP-131928,1847r1,,,Corrections to the notes in the band UE co-existence requirements table (Rel-12),12.2.0
12-2013,RP-62,RP-131924,1852,,,Clean-up of uplink reference measurement channels (Rel-12),12.2.0
12-2013,RP-62,RP-131946,1857,,,Introduction of CA band combination Band2 + Band12 to TS 36.101,12.2.0
12-2013,RP-62,RP-131954,1858,,,Introduction of CA band combination Band12 + Band25 to TS 36.101,12.2.0
12-2013,RP-62,RP-131931,1867,,,CA_NS_05 Emissions,12.2.0
12-2013,RP-62,RP-131939,1869,,,NS signaling for CA refsens,12.2.0
12-2013,RP-62,RP-131965,1870,,,Introduction of  CA_23A-23A  RF requirements into 36.101,12.2.0
12-2013,RP-62,RP-131928,1877r2,,,Intraband CA channel bandwidth combination table restructuring,12.2.0
12-2013,RP-62,RP-131940,1878,,,Addition of CA_3C missing UE to UE co-existence requirement and corection to SEM,12.2.0
12-2013,RP-62,RP-131959,1885,,,Introduction of LTE_CA_C_B27 to 36.101,12.2.0
12-2013,RP-62,RP-131939,1887,,,CR on correction of definition on Fraction of Maximum Throughput for CA,12.2.0
12-2013,RP-62,RP-131939,1889,,,CR on correction of test configurations of CA soft buffer tests,12.2.0
12-2013,RP-62,RP-131936,1893,,,CR for FeICIC demodulation performance requirements,12.2.0
12-2013,RP-62,RP-131936,1895r1,,,CR on FeICIC PBCH performance requirement,12.2.0
12-2013,RP-62,RP-131936,1897r1,,,CR on RI reporting requirement,12.2.0
12-2013,RP-62,RP-131938,1899,,,Beamforming model for EPDCCH localized test,12.2.0
12-2013,RP-62,RP-131938,1901,,,Downlink physical setup for EPDCCH test,12.2.0
12-2013,RP-62,RP-131926,1904,,,Correction on the UE category for eICIC CQI test,12.2.0
12-2013,RP-62,RP-131931,1906,,,CR for receiver type verification test of CSI-RS based advanced receivers (Rel-12),12.2.0
12-2013,RP-62,RP-131956,1910r1,,,Spurious emission band UE co-existence requirements for cross-region issue,12.2.0
12-2013,RP-62,RP-131928,1916r2,,,Allowed power reductions for multiple transmissions in a subframe,12.2.0
12-2013,RP-62,RP-131967,1917r1,,,The coexistence requirements between Band 39 and Band 3,12.2.0
12-2013,RP-62,RP-131967,1918r1,,,The Pcmax clauses restructured and removal of addition of ΔTc to P-MPR,12.2.0
12-2013,RP-62,RP-131956,1919,,,Configured maximum output power for multiple TAG transmission,12.2.0
12-2013,RP-62,RP-131936,1927r1,,,Configured maximum output power for multiple TAG transmission,12.2.0
12-2013,RP-62,RP-131927,1934,,,CR on correction of FRC of power imbalance test,12.2.0
12-2013,RP-62,RP-131927,1937,,,UE-UE coexistence for Band 40,12.2.0
12-2013,RP-62,RP-131957,1955r1,,,Introduction of LTE Advanced intra-band contiguous Carrier Aggregation in Band 23 to TS 36.101,12.2.0
12-2013,RP-62,RP-131961,1956r1,,,Introduction of CA_3A-3A into TS 36.101,12.2.0
12-2013,RP-62,RP-131937,1957,,,CR Minimum requirement with Different Cell ID and Colliding CRS (with single NZP CSI-RS resource),12.2.0
12-2013,RP-62,RP-131937,1958,,,CR Minimum requirement with Same Cell ID (with multiple NZP CSI-RS resources),12.2.0
12-2013,RP-62,RP-131936,1962,,,Introduction of reference SNR-s for FeICIC demodulation performance requirements,12.2.0
12-2013,RP-62,RP-131938,1964,,,OCNG pattern for EPDCCH test,12.2.0
12-2013,RP-62,RP-131931,1965,,,CA performance requirements for TDD intra-band NC CA,12.2.0
12-2013,RP-62,RP-131958,1966r1,,,CA performance requirements for TDD intra-band NC CA,12.2.0
12-2013,RP-62,RP-131939,1968,,,Introduction of UE TM3 demodulation performance requirements under ETU300,12.2.0
12-2013,RP-62,RP-131937,1970,,,Introduction of test 1-A for CoMP,12.2.0
12-2013,RP-62,RP-131939,1972,,,Modification of TM9 test to verify correct SNR estimation,12.2.0
12-2013,RP-62,RP-131928,1984,,,Correction to blocking requirements and use of Delta_RIB,12.2.0
12-2013,RP-62,RP-131950,1985,,,Introduction of CA band combination Band5 + Band25 to TS 36.101,12.2.0
12-2013,RP-62,RP-131939,1988r1,,,CR on test point clarification for CA demodulation test,12.2.0
12-2013,RP-62,RP-131937,1994,,,CR to Introduce fading CQI test for CoMP (TDD),12.2.0
12-2013,RP-62,RP-131937,1996,,,CR to Introduce channel model for CoMP fading CQI tests,12.2.0
12-2013,RP-62,RP-131937,1998,,,CR to Introduce RI test for CoMP (FDD),12.2.0
12-2013,RP-62,RP-131938,2001r1,,,Distributed EPDCCH Demodulation Test,12.2.0
12-2013,RP-62,RP-131938,2003r1,,,Localized EPDCCH Demodulation Test,12.2.0
12-2013,RP-62,RP-131938,2005r1,,,Localized EPDCCH Demodulation Test,12.2.0
12-2013,RP-62,RP-131937,2007,,,Introduction of DL CoMP FDD static CQI test,12.2.0
12-2013,RP-62,RP-131937,2009,,,Introduction of DL CoMP TDD static CQI test,12.2.0
12-2013,RP-62,RP-131924,2014,,,P-max for Band 38 to Band 7 coexistence,12.2.0
12-2013,RP-62,RP-131948,2015,,,Introduction of CA band combination B5 + B7 to TS 36.101,12.2.0
12-2013,RP-62,RP-131952,2017,,,Introduction of CA band combination B7 + B28 to TS 36.101,12.2.0
12-2013,RP-62,RP-131937,2024,,,Minimum requirement with Same Cell ID (with multiple NZP CSI-RS resources) TDD,12.2.0
12-2013,RP-62,RP-131937,2026,,,CR Minimum requirement with Different Cell ID and Colliding CRS (with single NZP CSI-RS resource) TDD,12.2.0
12-2013,RP-62,RP-131936,2028,,,Editoral change on FeICIC PBCH Noc setup,12.2.0
12-2013,RP-62,RP-131937,2032,,,Introduction of test 1-A for CoMP,12.2.0
12-2013,RP-62,RP-131931,2035r1,,,"Correction of nominal guard bands for bandwidth classes A, B and C",12.2.0
12-2013,RP-62,RP-131937,2042,,,CR to Introduce RI test for CoMP (TDD),12.2.0
12-2013,RP-62,RP-131937,2043,,,CR to Introduce fading CQI test for CoMP (FDD),12.2.0
12-2013,RP-62,RP-131931,2045,,,Correction of TDD PCFICH/PDCCH test parameter table,12.2.0
12-2013,RP-62,RP-131939,2047,,,Add EVA200 to table of channel model parameters,12.2.0
12-2013,RP-62,RP-131963,2050r1,,,Introduction of CA_7A-7A into TS 36.101,12.2.0
12-2013,RP-62,RP-131967,2057,,,Band 41 deployment in Japan,12.2.0
12-2013,RP-62,RP-131926,2059,,,CA_1C: Correction on CA_NS_02 A-MPR table,12.2.0
12-2013,RP-62,RP-131924,2060,,,Simplification of Band 12/17 in-band blocking test cases,12.2.0
12-2013,RP-62,RP-131967,2064,,,Correction of duplicated notes on table 7.3.1A-3,12.2.0
12-2013,RP-62,RP-131938,2066,,,Introduction of EPDCCH TM10 localized test R-12,12.2.0
12-2013,RP-62,RP-131938,2068,,,Introduction of SDR test for PDSCH with EPDCCH scheduling,12.2.0
03-2014,RP-63,RP-140377,2115,,,Editorial Correction for TS36.101 Rel-12,12.3.0
03-2014,RP-63,RP-140371,2108,,,UL-DL configuration and other parameters for FeICIC TDD CQI fading test (Rel-12),12.3.0
03-2014,RP-63,RP-140374,2097,,,CR on TM9 localized ePDCCH test,12.3.0
03-2014,RP-63,RP-140374,2101,,,CR on reference measurement channel for ePDCCH test,12.3.0
03-2014,RP-63,RP-140371,2110,,,CR for TS36.101 COMP demodulation requirements,12.3.0
03-2014,RP-63,RP-140371,2113,,,CR for Combinations of channel model parameters,12.3.0
03-2014,RP-63,RP-140374,2114,,,CR for EPDCCH power allocation (Rel-12),12.3.0
03-2014,RP-63,RP-140371,2106,,,Cleanup of the specification for FeICIC (Rel-12),12.3.0
03-2014,RP-63,RP-140375,2089,,,CR for introduction of 15MHz based single carrier and CA SDR tests in Rel-12,12.3.0
03-2014,RP-63,RP-140375,2080r1,,,CR on TM3 demodulation and soft buffer management test,12.3.0
03-2014,RP-63,RP-140371,2086,,,CR on reference measurement channel for TM10 PDSCH demodulation test,12.3.0
03-2014,RP-63,RP-140241,2174,,,Introduction of 3MHz in Band 8 for CA_8_20 RF requirements into TS36.101,12.3.0
03-2014,RP-63,RP-140417,2173r1,,,Addition of bandwidth combination set for CA_2A-29A and CA_4A-29A,12.3.0
03-2014,RP-63,RP-140387,2071r1,,,Introduction of TDD inter-band CA_B39_B41 into 36.101,12.3.0
03-2014,RP-63,RP-140378,2069,,,CA_3C is adding 100RB+75RB uplink configuration for reference sensitivity,12.3.0
03-2014,RP-63,RP-140388,2070,,,CR for TS36.101 on CA_C_B39,12.3.0
03-2014,RP-63,RP-140386,2072,,,Introduction of CA band B3+B27 to TS36.101,12.3.0
03-2014,RP-63,RP-140374,2074,,,CR of EPDCCH localzied test with TM10 QCL Type-B configuration (Rel-12),12.3.0
03-2014,RP-63,RP-140371,2142,,,Clarification of contiguous and non-contiguous intra-band UE capabilities in the same band,12.3.0
03-2014,RP-63,RP-140385,2161,,,Inrtroduction of additional bandwidth combination set for CA_2A-4A,12.3.0
03-2014,RP-63,RP-140371,2131r1,,,CR to finalize RI test for CoMP,12.3.0
03-2014,RP-63,RP-140368,2147,,,Correction of coding rate for 18RBs in UL RMC table,12.3.0
03-2014,RP-63,RP-140371,2144,,,Channel spacing for non-contiguous intra-band carrier aggregation,12.3.0
03-2014,RP-63,RP-140374,2163,,,Distributed EPDCCH Demodulation Test,12.3.0
03-2014,RP-63,RP-140368,2137,,,Configured transmitted power for CA,12.3.0
03-2014,RP-63,RP-140368,2122,,,CR for 36.101. Editorial correction on OCNG pattern,12.3.0
03-2014,RP-63,RP-140370,2160,,,Correction of table notes for NS_12-NS_15 spurious emissions requirements,12.3.0
03-2014,RP-63,RP-140371,2129r1,,,CR to finalize fading CQI test for CoMP,12.3.0
03-2014,RP-63,RP-140375,2119,,,Introduction of requirements for SNR test for TM9,12.3.0
03-2014,RP-63,RP-140374,2125,,,CR on correction of downlink SDR tests with EPDCCH scheduling,12.3.0
03-2014,RP-63,RP-140371,2127,,,Correction on DL CoMP static CQI tests (Rel 12),12.3.0
06-2014,RP-64,RP-140909,2177r3,,,RF: Corrections to spurious emission requirements with NS different than NS_01 (Rel-12),12.4.0
06-2014,RP-64,RP-140932,2187r1,,,Additional bandwidth combination set for LTE Advanced inter-band Carrier Aggregation of Band 3 and Band 20,12.4.0
06-2014,RP-64,RP-140934,2188,,,Additional bandwidth combination set for LTE Advanced inter-band Carrier Aggregation of Band 7 and Band 20,12.4.0
06-2014,RP-64,RP-140943,2195r1,,,CR for TS 36.101 on introduction CA_41D,12.4.0
06-2014,RP-64,RP-140943,2196r3,,,CR to TS 36.101 on introduction of CA BW class D requirements,12.4.0
06-2014,RP-64,RP-140918,2198,,,CR on correction on TDD IRC CQI test,12.4.0
06-2014,RP-64,RP-140917,2207,,,CR of EPDCCH localzied test with TM10 QCL Type-B configuration (Rel-12): correction of CSI-RS configurations,12.4.0
06-2014,RP-64,RP-140918,2209,,,Clean up of TM9 SNR tests,12.4.0
06-2014,RP-64,RP-140933,2210r1,,,Introduction of band B4+B27 CA to TS36.101,12.4.0
06-2014,RP-64,RP-140942,2213,,,Introduction of CA band combination B1+B20 to TS 36.101,12.4.0
06-2014,RP-64,RP-140917,2216,,,CR for EPDCCH test (Rel-12),12.4.0
06-2014,RP-64,RP-140914,2218,,,CR of modification on FeICIC rank testing (Rel-12),12.4.0
06-2014,RP-64,RP-140914,2220,,,CR on FeICIC PBCH performance requirement (Rel-12),12.4.0
06-2014,RP-64,RP-140918,2222,,,Correction on out-of-band blocking for CA,12.4.0
06-2014,RP-64,RP-140918,2226,,,Update demodualtion performance requirements with new UE categories,12.4.0
06-2014,RP-64,RP-140911,2228,,,Correction for CA sustained data rate test (Rel-12),12.4.0
06-2014,RP-64,RP-140945,2229,,,Correction on wrong annotation for close- loop spatial multiplexing performance,12.4.0
06-2014,RP-64,RP-140911,2233,,,Clarification of Intra-band contiguous CA class C Narrow band blocking requirements,12.4.0
06-2014,RP-64,RP-140911,2239,,,Correction for CA soft buffer test (Rel-12),12.4.0
06-2014,RP-64,RP-140918,2241,,,CR on OCNG and propagation conditions for dual layer TM9 test (Rel-12),12.4.0
06-2014,RP-64,RP-140911,2247,,,Remove [ ] from eICIC TDD RI requirement,12.4.0
06-2014,RP-64,RP-140914,2256,,,Verification of exceptions of REFSENS requirements for carrier aggregation,12.4.0
06-2014,RP-64,RP-140914,2258,,,Applicability of exceptions to reference sensitivity requirements for CA,12.4.0
06-2014,RP-64,RP-140909,2269,,,In-band blocking case numbering re-establisment,12.4.0
06-2014,RP-64,RP-140918,2273,,,CR for TS36.101 FRC tables for COMP demodulation requirements,12.4.0
06-2014,RP-64,RP-140945,2277,,,Editorial correction of note in clause 4.4,12.4.0
06-2014,RP-64,RP-140926,2282r1,,,Editorial correction of note in clause 4.4,12.4.0
06-2014,RP-64,RP-140911,2283,,,Introduction of new bandwidth combination set for CA_1A-5A UE,12.4.0
06-2014,RP-64,RP-140914,2286,,,CR for finalizing DL COMP CSI reporting requirements,12.4.0
06-2014,RP-64,RP-140914,2288,,,CR for adding DL CoMP CSI RMC tables (Rel-12),12.4.0
06-2014,RP-64,RP-140921,2291,,,Simplification of 36.101 Table 5.6A.1-1 for LTE_CA_C_B27,12.4.0
06-2014,RP-64,RP-140914,2293,,,Finalization of CoMP demodulation test cases,12.4.0
06-2014,RP-64,RP-140918,2294,,,Editorial corrections for UE performance requirements for R12,12.4.0
06-2014,RP-64,RP-140937,2295,,,Introduction of CA performance requirements for Band 27 CA,12.4.0
06-2014,RP-64,RP-140931,2296,,,Introduction of CA 1+11 to 36.101 (Rel-12),12.4.0
06-2014,RP-64,RP-140994,2309,,,Inclusion of the out of band emission limit concluded in CEPT into band 28,12.4.0
06-2014,RP-64,RP-140911,2314,,,UE to UE co-existence between B42/B43,12.4.0
06-2014,RP-64,RP-140911,2318,,,Perf: Corrections to CA (Class C) performance with power imbalance (Rel-12),12.4.0
06-2014,RP-64,RP-140920,2319,,,Introduction of CA performance requirements for Band 23 CA,12.4.0
06-2014,RP-64,RP-140914,2321,,,CR of modification on FeICIC rank testing (Rel-12),12.4.0
06-2014,RP-64,RP-140914,2323,,,CR of introducing FeICIC TM9 testing (Rel-12),12.4.0
06-2014,RP-64,RP-140917,2325,,,CR for EPDCCH SDR test (Rel-12),12.4.0
06-2014,RP-64,RP-140911,2328,,,Clean-up CR for demodulation requirements (Rel-12),12.4.0
06-2014,RP-64,RP-140945,2330r1,,,Additional updates of UE categories for demodualtion performance requirements (Rel-12),12.4.0
06-2014,RP-64,RP-140911,2333,,,Throughput calculation for eICIC demodulation requirements,12.4.0
06-2014,RP-64,RP-140914,2335r1,,,Introduction of Band 28 requirements for flexible operation in Japan,12.4.0
06-2014,RP-64,RP-140911,2337r1,,,Add missing Uplink downlink configuration to eICIC TDD RI requirement,12.4.0
06-2014,RP-64,RP-140945,2338,,,Add static propagation condition matrix for 1 x 2,12.4.0
06-2014,RP-64,RP-140911,2341,,,Cleanup of terminology for Rx requirements,12.4.0
06-2014,RP-64,RP-140945,2344,,,CR on separating CA UE demodulation tests from single carrier tests in Rel-12,12.4.0
06-2014,RP-64,RP-140911,2351,,,Test configuration for intra-band contiguous carrier aggregation power control,12.4.0
06-2014,RP-64,RP-140935,2358,,,"Addition of bandwidth combination sets for CA_2A-29A, CA_3A-5A, CA_4A-5A, CA_4A-12A, and CA_4A-29A into 36.101",12.4.0
06-2014,RP-64,RP-140914,2362,,,Correction of test configurations for intra-band non-contiguous aggregation,12.4.0
06-2014,RP-64,RP-140911,2365,,,Clarification on CA bandwidth classes,12.4.0
06-2014,RP-64,RP-140917,2374,,,CR on correction of downlink SDR tests with EPDCCH scheduling,12.4.0
06-2014,RP-64,RP-140922,2377,,,Correction on LTE_CA_C_B39,12.4.0
06-2014,RP-64,RP-140911,2378,,,Corrections on CA CQI tests,12.4.0
06-2014,RP-64,RP-140930,2381r1,,,Introduction of LTE-Advanced CA of Band 8 and Band 40 to TS36.101,12.4.0
06-2014,RP-64,RP-140927,2382r1,,,FRC for DL MIMO enahncement PMI requirements,12.4.0
06-2014,RP-64,RP-140603,2384r2,,,CR for TS 36.101 on introduction CA_40D,12.4.0
06-2014,RP-64,RP-140944,2385r1,,,CR to TS 36.101 on introduction of 3DL intra-band non-contiguous CA requirements,12.4.0
06-2014,RP-64,RP-140938,2387,,,Introduction of CA_2A-2A into TS 36.101,12.4.0
06-2014,RP-64,RP-140927,2392,,,Introduction of 4Tx beam steering model,12.4.0
06-2014,RP-64,RP-140914,2394,,,CA_7C A-MPR Corrections,12.4.0
06-2014,RP-64,RP-140936,2395r2,,,Introduction of a new CA_7C bandwidth combination set into 36.101,12.4.0
06-2014,RP-64,RP-140918,2398,,,CR for TS36.101 CSI RMC table,12.4.0
06-2014,RP-64,RP-140940,2413,,,Introduction of LTE_CA_NC_B42 into 36.101,12.4.0
06-2014,RP-64,RP-140942,2420,,,Introduction of CA band combination B1+B20 to TS 36.101,12.4.0
06-2014,RP-64,RP-140919,2422,,,CA_3C is deleting 75RB+75RB uplink configuration for reference sensitivity,12.4.0
06-2014,RP-64,RP-140914,2425,,,CR on correction for TM10 CSI reporting requirements,12.4.0
09-2014,RP-65,RP-141197,2458r1,,,Introduction of CA_B1_B3_B19 into TS 36.101,12.5.0
09-2014,RP-65,RP-141428,2568,,,Updated REFSENS requirements for band combinations with Band 4 and Band 12,12.5.0
09-2014,RP-65,RP-141468,2508r1,,,Introduction of 3 DL CA for Band 1+3+20,12.5.0
09-2014,RP-65,RP-141469,2571,,,Correction to CA in Band 1+20,12.5.0
09-2014,RP-65,RP-141525,2504r1,,,Perf: Cleanup and better description of DL-RMC-s with dynamic coding rate for CSI requirements (Rel-12),12.5.0
09-2014,RP-65,RP-141525,2565,,,Corrections to UE coex table,12.5.0
09-2014,RP-65,RP-141527,2434,,,Correction on support of a bandwidth combination set,12.5.0
09-2014,RP-65,RP-141527,2452r1,,,Remove the redundant table for FDD 4Tx multi-layer tests and correct the test case number (Rel-12),12.5.0
09-2014,RP-65,RP-141527,2466,,,Unequal DL CC RB allocations in Maximum input level,12.5.0
09-2014,RP-65,RP-141527,2469,,,Intra-band contiguous CA ACS case 2 test clarification,12.5.0
09-2014,RP-65,RP-141527,2484,,,Corrections on delta Tc for UE MOP for intra-band contiguous CA,12.5.0
09-2014,RP-65,RP-141527,2487,,,Removal of Class B in UE TX requirement,12.5.0
09-2014,RP-65,RP-141527,2516r1,,,CR for CA applicability rule in 36.101 in Rel-12,12.5.0
09-2014,RP-65,RP-141527,2519r1,,,Editorial CR for CA performance tests in 36.101 in Rel-12,12.5.0
09-2014,RP-65,RP-141527,2548,,,Correction to NS_20 A-MPR for Band 23,12.5.0
09-2014,RP-65,RP-141530,2447,,,CR of introducing FeICIC TM9 testing (Rel-12),12.5.0
09-2014,RP-65,RP-141530,2454,,,Maintenance of CoMP demodulation performance requirements (Rel-12),12.5.0
09-2014,RP-65,RP-141530,2456,,,Clean-up CR for EPDCCH and FeICIC PBCH (Rel-12),12.5.0
09-2014,RP-65,RP-141530,2471,,,Throughput calculation for feICIC demodulation requirements,12.5.0
09-2014,RP-65,RP-141532,2439,,,CR on correction on CQI reporting TDD CSI meas in case two CSI subframe sets with CRS test (Rel-12),12.5.0
09-2014,RP-65,RP-141532,2441,,,CR on correction on RI reporting CSI meas in case two CSI subframe sets with CRS tests (Rel-12),12.5.0
09-2014,RP-65,RP-141532,2444,,,Clarification of high speed train scenario  in 36.101 (Rel-12),12.5.0
09-2014,RP-65,RP-141532,2478,,,CQI reporting under fading: CQI indices in set,12.5.0
09-2014,RP-65,RP-141532,2490,,,Correction on A-MPR table,12.5.0
09-2014,RP-65,RP-141532,2499,,,RF: Corrections to spurious emission band co-existence requirement for Band 44,12.5.0
09-2014,RP-65,RP-141535,2559,,,Addition of E-UTRA CA configurations and bandwidth combination sets defined for inter-band CA for Band 4 and 27,12.5.0
09-2014,RP-65,RP-141537,2541,,,Band 42 contiguous CA channel bandwidth correction,12.5.0
09-2014,RP-65,RP-141546,2463r1,,,Introduction of PMI reporting requirements for DL MIMO enhancement,12.5.0
09-2014,RP-65,RP-141548,2457r2,,,Introduction of CA_B1_B3 into TS 36.101,12.5.0
09-2014,RP-65,RP-141549,2556,,,Addition of bandwidth combination set for CA_2A-4A,12.5.0
09-2014,RP-65,RP-141550,2566,,,"Addition of 3MHz bandwidth for Band 12 , in the B2+B12 CA combination",12.5.0
09-2014,RP-65,RP-141551,2445,,,Introduction of CA 8+11 to 36.101 (Rel-12),12.5.0
09-2014,RP-65,RP-141553,2491r1,,,Introduction of a new bandwidth combination set for CA_25A-25A into 36.101,12.5.0
09-2014,RP-65,RP-141554,2533r1,,,Introduction of requirements for 3DL inter-band carrier aggregation (FDD),12.5.0
09-2014,RP-65,RP-141554,2534,,,Introduction of requirements for 3DL combinations with Band 30 (FDD),12.5.0
09-2014,RP-65,RP-141557,2461r1,,,Introduction of CA_B19_B42_B42 into TS 36.101,12.5.0
09-2014,RP-65,RP-141559,2460r1,,,Introduction of CA_B1_B42_B42 into TS 36.101,12.5.0
09-2014,RP-65,RP-141560,2427,,,Adding 15MHz channel BW to B40 3DL and new bandwidth combination set for the 2DL,12.5.0
09-2014,RP-65,RP-141561,2488r1,,,Corrections on Maximum input level for intra-band non-contiguous 3DL,12.5.0
09-2014,RP-65,RP-141562,2436,,,Corrections on Maximum input level and ACS for intra-band CA,12.5.0
09-2014,RP-65,RP-141562,2481r1,,,Introduction of CA band combination B41+ B42 to TS 36.101,12.5.0
09-2014,RP-65,RP-141562,2522,,,CR on CA power imbalance tests in Rel-12,12.5.0
09-2014,RP-65,RP-141562,2560,,,CR Reducing MPR for Contiguous CA with Non-Contiguous Resource Allocations,12.5.0
09-2014,RP-65,RP-141563,2555r1,,,UL configuration for CA_4A-12A reference sensitivity,12.5.0
09-2014,RP-65,RP-141563,2557,,,Addition of bandwidth combination set for CA_4A-12A,12.5.0
09-2014,RP-65,RP-141612,2494r2,,,Introduction of inter-band CA_18-28 into TS36.101,12.5.0
09-2014,RP-65,RP-141635,2552r2,,,Introduction of CA_1A-7A into 36.101(Rel-12),12.5.0
09-2014,RP-65,RP-141636,2480r2,,,Introduction of 3DLs CA band combination of Band1 +5 + 7 to TS 36.101 Rel-12,12.5.0
09-2014,RP-65,RP-141653,2435r3,,,"Introduction of 3 Band Carrier Aggregation (3DL/1UL) of Band 1, Band 3 and Band 8 to TS 36.101",12.5.0
09-2014,RP-65,RP-141682,2570r1,,,Introduction of CA band combination B1+B7+B20 to TS 36.101,12.5.0
09-2014,RP-65,RP-141708,2492r3,,,"Introduction of 3 Band Carrier Aggregation of Band 1,Band 3 and Band 5 to TS 36.101",12.5.0
12-2014,RP-66,RP-142147,2671,,,Correction of CoMP TDD CSI tests (Rel-12),12.6.0
12-2014,RP-66,RP-142144,2574,,,CR for REFSENSE in lower SNR and change history,12.6.0
12-2014,RP-66,RP-142173,2581,,,CR on 4Tx codebook PMI testing,12.6.0
12-2014,RP-66,RP-142142,2587,,,CR for 1 PRB allocation performance in presence of MBSFN (rel-12),12.6.0
12-2014,RP-66,RP-142144,2590,,,Maintenance of CA demodulation performance requirements (Rel-12),12.6.0
12-2014,RP-66,RP-142147,2592,,,Clean up for FeICIC demodulation performance requirements (Rel-12),12.6.0
12-2014,RP-66,RP-142166,2600,,,Correction of placement of CA_40D in Table,12.6.0
12-2014,RP-66,RP-142162,2601,,,CQI test for TDD CL_C 20MHz+15MHz in Rel-12,12.6.0
12-2014,RP-66,RP-142162,2602,,,Sustained downlink data rate test for TDD CL_C 20MHz+15MHz in Rel-12,12.6.0
12-2014,RP-66,RP-142165,2611,,,Removal of square brackets for CA_B1_B3 and CA_B1_B3_B19,12.6.0
12-2014,RP-66,RP-142147,2620,,,CQI reporting in AWGN: CQI indices in set,12.6.0
12-2014,RP-66,RP-142147,2629,,,CR to fix error of CA capability for CA performance tests in 36.101 in Rel-12,12.6.0
12-2014,RP-66,RP-142144,2637,,,Definition of the bits in the bitmap for indication of modified MPR behavior,12.6.0
12-2014,RP-66,RP-142147,2641,,,Applicability of in-gap and out-of-gap measurements for intra-band NC CA,12.6.0
12-2014,RP-66,RP-142183,2642,,,Introduction of additional bandwidth combination set for CA_2A-5A,12.6.0
12-2014,RP-66,RP-142164,2643,,,Corrections for 3DL inter-band CA band combinations,12.6.0
12-2014,RP-66,RP-142147,2661,,,"Maintenance of TM10 demodulation test configurations on PQI set and ZP-CSIRS ( Rel-12  test 8.3.1.3.2,  8.3.2.4.2 )",12.6.0
12-2014,RP-66,RP-142173,2582r1,,,Introduction of PUSCH 3-2 requirements into TS36.101,12.6.0
12-2014,RP-66,RP-142162,2603r1,,,Normal demodulation test for TDD CL_C 20MHz+15MHz in Rel-12,12.6.0
12-2014,RP-66,RP-142164,2576r1,,,Corrections on Out-of-band blocking requirements for CA Class B and D,12.6.0
12-2014,RP-66,RP-142149,2678,,,CR to specify applicability of CoMP RI test (Rel-12),12.6.0
12-2014,RP-66,RP-142144,2688,,,Removal of bracket for UL MIMO,12.6.0
12-2014,RP-66,RP-142164,2689,,,Corection of B29 REFSENS for CA_2A-29A-30A and CA_4A-29A-30A,12.6.0
12-2014,RP-66,RP-142144,2700,,,Delete the incorrect notes for FDD DMRS demodulation tests (Rel-12),12.6.0
12-2014,RP-66,RP-142160,2594r3,,,Correcting requirements for inter-band CA_18-28 in TS36.101,12.6.0
12-2014,RP-66,RP-142173,2705,,,CR of modification on PMI reporting requirements for DL MIMO enhancement,12.6.0
12-2014,RP-66,RP-142144,2720,,,Band 22 correction in UE to UE co-existance table.,12.6.0
12-2014,RP-66,RP-142147,2722,,,Correction to non-contiguous downlink intraband CA receiver requirements,12.6.0
12-2014,RP-66,RP-142159,2752,,,Removal of dRib from CA_1A-7A,12.6.0
12-2014,RP-66,RP-142147,2723,,,Correction to table format of allowed channel bandwidths of non-contiguous intraband CA,12.6.0
12-2014,RP-66,RP-142164,2643r1,,,Corrections for 3DL inter-band CA band combinations,12.6.0
12-2014,RP-66,RP-142146,2731,,,Modifications for NS_12 and NS_13,12.6.0
12-2014,RP-66,RP-142189,2739,,,Introduction of CA_5-13 into 36.101,12.6.0
12-2014,RP-66,RP-142173,2706r1,,,CR of reference measurement channel for PUSCH3-2 test,12.6.0
12-2014,RP-66,RP-142144,2727r1,,,CR for CA applicability rule in 36.101 in Rel-12,12.6.0
12-2014,RP-66,RP-142188,2676r1,,,CR to remove CA capability column in CA performance test tables (Rel-12),12.6.0
12-2014,RP-66,RP-142173,r3,,,Introduction of PUSCH 3-2 requirements into TS36.101,12.6.0
12-2014,RP-66,RP-142187,2690r1,,,CR on sustained data rate test for 3DL CA,12.6.0
12-2014,RP-66,RP-142187,2681r2,,,CR on normal demodulation test for 3DL CA,12.6.0
12-2014,RP-66,RP-142147,2747r1,,,TS36.101 removal of brackets (RF),12.6.0
12-2014,RP-66,RP-142144,2755,,,Correction to Transmit Modulation Quality for CA,12.6.0
12-2014,RP-66,RP-142144,2710r1,,,Clarification on UL and DL CA,12.6.0
12-2014,RP-66,RP-142144,2717r1,,,Clarification of notes relating to interferer offsets in intraband CA receiver requirement tables.,12.6.0
12-2014,RP-66,RP-142147,2735r1,,,Band 28 and NS_24,12.6.0
12-2014,RP-66,RP-142179,2684r1,,,CR for UE requirements for 256QAM,12.6.0
12-2014,RP-66,RP-142180,2729r1,,,"Introduction of Dual Connectivity to TS 36.101 Rel-12, RF part",12.6.0
12-2014,RP-66,RP-142184,2680r1,,,Introduction of dual uplink inter-band CA in TS 36.101 rel-12,12.6.0
12-2014,RP-66,RP-142182,2701r1,,,Introduction of inter-band CA_1-28 into TS36.101,12.6.0
12-2014,RP-66,RP-142144,2758,,,Correction to Note 2 of Harmonic Signal Exceptions in Spurious Emissions,12.6.0
12-2014,RP-66,RP-142144,2751r2,,,Removal of brackets and TBD from CA feature,12.6.0
12-2014,RP-66,RP-142144,2697r1,,,Maintenance of CA performance requirements (Rel-12),12.6.0
12-2014,RP-66,RP-142187,2679r2,,,CR to introduce CQI test for 3 DL CA,12.6.0
12-2014,RP-66,RP-142185,2721r1,,,Addition of 2UL non-contiguous intraband CA feature,12.6.0
12-2014,RP-66,RP-142144,2704r2,,,UE to UE co-existence between B42/B43,12.6.0
12-2014,RP-66,RP-142176,2685r2,,,Introduction of LC MTC into TS 36.101,12.6.0
12-2014,RP-66,RP-142190,2759r1,,,Introduction of additional band combinations for 3DL inter-band CA,12.6.0
03-2015,RP-67,RP-150387,2760r2,,,Introduce additional bands of LC MTC,12.7.0
03-2015,RP-67,RP-150387,2761,,,CR on corrections to Dual-Layer Spatial Multiplexing with multiple CSI-RS config Rel-12,12.7.0
03-2015,RP-67,RP-150392,2765r1,,,CR for applicability and test rules for TDD-FDD CA performance requirements,12.7.0
03-2015,RP-67,RP-150392,2766,,,Introduction of CQI tests for TDD-FDD CA,12.7.0
03-2015,RP-67,RP-150395,2767r1,,,CR to introduce the SU-MIMO whitening verification test,12.7.0
03-2015,RP-67,RP-150392,2768r1,,,CR on power imbalance test for 3DL CA,12.7.0
03-2015,RP-67,RP-150392,2769,,,CR on sustained data rate test for TDD FDD CA,12.7.0
03-2015,RP-67,RP-150394,2770r1,,,CR for introduction of 256QAM demodulation performance requirements,12.7.0
03-2015,RP-67,RP-150393,2772r1,,,CR: DC UE performance requirements,12.7.0
03-2015,RP-67,RP-150390,2773r1,,,CR: MTC demodulation performance requirements,12.7.0
03-2015,RP-67,RP-150390,2774r1,,,CR: MTC CSI requirements,12.7.0
03-2015,RP-67,RP-150396,2775r1,,,Introduction of the eIMTA functional PDSCH demodulation test,12.7.0
03-2015,RP-67,RP-150387,2776r3,,,CR on RF core requirements for D2D,12.7.0
03-2015,RP-67,RP-150387,2777,,,Modification of CSI reference measurement channel Rel-12,12.7.0
03-2015,RP-67,RP-150388,2779,,,Editorial correction for CA_18A-28A,12.7.0
03-2015,RP-67,RP-150388,2781,,,Removing brackets for CA_1A-28A MSD requirements,12.7.0
03-2015,RP-67,RP-150384,2783,,,Editorial correction on symbols for enhanced performance requirements type A,12.7.0
03-2015,RP-67,RP-150387,2784,,,Corrections on reference measurement channel,12.7.0
03-2015,RP-67,RP-150388,2792,,,Correction of TS 36.101 for the Pcell support of 25+41,12.7.0
03-2015,RP-67,RP-150395,2793r1,,,CR for single cell demodulation test for SU-MIMO,12.7.0
03-2015,RP-67,RP-150391,2794,,,Introduction of CA_3A-42A and CA_3A-42C into 36.101,12.7.0
03-2015,RP-67,RP-150384,2797,,,UL HARQ in PDSCH and PDCCH/PCFICH demod test cases for eICIC/feICIC with MBSFN ABS,12.7.0
03-2015,RP-67,RP-150382,2800,,,Correction to eICIC aggressor cell configurations,12.7.0
03-2015,RP-67,RP-150387,2801,,,R4-73AH-0040: Correction for uplik CA configuration in TS 36.101 Rel-12,12.7.0
03-2015,RP-67,RP-150387,2802r1,,,Correction of MSD levels for CA_1A-8A in TS 36.101 rel-12,12.7.0
03-2015,RP-67,RP-150387,2805,,,Removal of eDL-MIMO term from specification,12.7.0
03-2015,RP-67,RP-150388,2809,,,Clarification of 2UL/3DL contiguous intraband CA REFSENS test,12.7.0
03-2015,RP-67,RP-150392,2811r1,,,CR on TM4 normal demodulation test for 3DL CA,12.7.0
03-2015,RP-67,RP-150392,2812,,,CR on introducing new DL referece measurement channels,12.7.0
03-2015,RP-67,RP-150392,2813r1,,,CR on normal demodulation test for TDD-FDD CA,12.7.0
03-2015,RP-67,RP-150388,2815,,,Additions of bandwidth combination set reference,12.7.0
03-2015,RP-67,RP-150388,2816,,,Correction of band number in Table 5.6A.1-2a for LTE_CA_B4_B12_B30,12.7.0
03-2015,RP-67,RP-150382,2819,,,UE to UE co-existence between B42/B43,12.7.0
03-2015,RP-67,RP-150382,2822,,,Corrections to CA in-band emissions requirement,12.7.0
03-2015,RP-67,RP-150381,2830,,,Uplink RMCs for sustained data rate test,12.7.0
03-2015,RP-67,RP-150382,2833,,,Corrections to the CA power imbalance test,12.7.0
03-2015,RP-67,RP-150392,2839r1,,,CR for soft buffer tests for TDD-FDD CA in 36.101 in Rel-12,12.7.0
03-2015,RP-67,RP-150392,2842,,,Editorial CR for CA UE performance tests in 36.101 in Rel-12,12.7.0
03-2015,RP-67,RP-150387,2847,,,UE spurious emissions structure correction for CA,12.7.0
03-2015,RP-67,RP-150387,2850,,,Correction of PCMAX for uplink inter-band and intra-band carrier aggregation,12.7.0
03-2015,RP-67,RP-150387,2851,,,Exceptions for spurious response for UL CA,12.7.0
03-2015,RP-67,RP-150388,2852r1,,,"Correction of REFSENS, OOBB and uplink configuration for 3DL/1UL CA",12.7.0
03-2015,RP-67,RP-150390,2853,,,SNR definition for category 0 UE,12.7.0
03-2015,RP-67,RP-150390,2854r1,,,FRC for category 0 UE PDSCH performance requirements,12.7.0
03-2015,RP-67,RP-150390,2855r1,,,Introduction of new PHICH and PBCH performance requirements for category 0 UE,12.7.0
03-2015,RP-67,RP-150387,2861,,,Correction to FOOB reference in definition of MPR for contiguous CA with non-contiguous resource allocation,12.7.0
03-2015,RP-67,RP-150387,2862,,,Band 31 update,12.7.0
03-2015,RP-67,RP-150384,2867,,,Implementation of CA configurations specified in later releases,12.7.0
06-2015,RP-68,RP-150958,2870r2,,,Intra-band contiguous CA reference sensitivity definition for Class D,12.8.0
06-2015,RP-68,RP-150961,2881r2,,,CR on MTC CQI tests,12.8.0
06-2015,RP-68,RP-150962,2882r2,,,CR on 256QAM demodulation performance requirements,12.8.0
06-2015,RP-68,RP-150962,2883r3,,,CR on 256QAM sustained data rate tests for single carrier and TDD or FDD CA,12.8.0
06-2015,RP-68,RP-150962,2885r4,,,CR on 256QAM CQI test,12.8.0
06-2015,RP-68,RP-150963,2886r3,,,CR on DC SDR tests,12.8.0
06-2015,RP-68,RP-150963,2887r2,,,Maintenance CR for DC demodualtion performance requirements,12.8.0
06-2015,RP-68,RP-150958,2888,,,CR to restore R.10-2 FDD,12.8.0
06-2015,RP-68,RP-150961,2889r3,,,Introduction of UE category 0 PDSCH/PHICH/PBCH performance requirements,12.8.0
06-2015,RP-68,RP-150954,2901,,,UE to UE co-existence between B42/B43,12.8.0
06-2015,RP-68,RP-150958,2902,,,Correction of maximum aggregated bandwidth for CA_26A-41A,12.8.0
06-2015,RP-68,RP-150957,2903r2,,,Introduction of TDD SU-MIMO whitening verification test,12.8.0
06-2015,RP-68,RP-150958,2904,,,Correction of FRC table for CA demodualtion with power imbalance,12.8.0
06-2015,RP-68,RP-150958,2905r1,,,Add SCell power levels for 2DL CA power imbalance test,12.8.0
06-2015,RP-68,RP-150955,2907,,,Corrections on UL transmit power for CA receiver requirements,12.8.0
06-2015,RP-68,RP-150958,2909,,,Corrections to the CA power imbalance test,12.8.0
06-2015,RP-68,RP-150957,2910r1,,,Clarification on RMC for D2D UE,12.8.0
06-2015,RP-68,RP-150960,2911,,,Correction on TDD eIMTA PDSCH functionality test,12.8.0
06-2015,RP-68,RP-150954,2931,,,3.5 GHz out-of-band blocking,12.8.0
06-2015,RP-68,RP-150965,2933,,,Correction of FRC names,12.8.0
06-2015,RP-68,RP-150954,2936,,,Correction of the 3DL CA REFSENS,12.8.0
06-2015,RP-68,RP-150962,2939r1,,,CR on 256QAM sustained data rate tests for TDD FDD CA,12.8.0
06-2015,RP-68,RP-150958,2940r1,,,Maintenance CR for 3DL CA performance requirements,12.8.0
06-2015,RP-68,RP-150958,2941r1,,,Maintenance CR for TDD FDD CA demodulation performance requirements,12.8.0
06-2015,RP-68,RP-150965,2944,,,Corrections on 2UL intra-band non-contiguous CA requirements,12.8.0
06-2015,RP-68,RP-150958,2947,,,Updates to the definitions of CA capability (Rel-12),12.8.0
06-2015,RP-68,RP-150955,2950,,,Clarification of PDSCH allocation in CSI PUSCH 3-0 feICIC tests (Rel-12),12.8.0
06-2015,RP-68,RP-150954,2956,,,NS value for intra-band contiguous CA configurations not allowed A-MPR,12.8.0
06-2015,RP-68,RP-150957,2958,,,Receiver spurious emissions requirements for downlink-only bands,12.8.0
06-2015,RP-68,RP-150958,2959,,,Amendments to MPR for uplink inter-band and intra-band non-contiguous CA,12.8.0
06-2015,RP-68,RP-150958,2960r1,,,NS values for secondary cells of non-contigous CA configurations,12.8.0
06-2015,RP-68,RP-150955,2961r1,,,Corrections to test configurations for intra-band non-contiguous CA,12.8.0
06-2015,RP-68,RP-150954,2962,,,Corrections to test configurations for 3DL inter-band CA,12.8.0
06-2015,RP-68,RP-150958,2967,,,Adding REFSENS exception requirements for 1+3+26,12.8.0
06-2015,RP-68,RP-150954,2971,,,Corrections to NS_22 and NS_23,12.8.0
06-2015,RP-68,RP-150958,2972,,,Corrections to 41D fallback,12.8.0
06-2015,RP-68,RP-150957,2972,,,Corrections to EVM requirements for ProSe and Annex F of 36.101,12.8.0
06-2015,RP-68,RP-150958,2976,,,Removal of B27 from 2UL CA_7A_20A co-existence protected band list,12.8.0
06-2015,RP-68,RP-150957,2977r1,,,CR on corrections to D2D RF core requirements,12.8.0
06-2015,RP-68,RP-150963,2978r1,,,CR on corrections to D2D RF core requirements,12.8.0
06-2015,RP-68,RP-150957,2979,,,CR clarification of RMC for DL category 0 UE HD-FDD,12.8.0
06-2015,RP-68,RP-150960,2980r1,,,Introducation of TDD eIMTA CQI requirement,12.8.0
06-2015,RP-68,RP-150958,2985,,,Change of 1.4MHz single carrier SNR values for multiple CA configurations,12.8.0
06-2015,RP-68,RP-150954,2992,,,Clarification to spurious emission requirement for the edge of spurious domain,12.8.0
06-2015,RP-68,RP-150955,2996,,,Correction to CA_7C A-MPR in CA-NS_06,12.8.0
06-2015,RP-68,RP-150965,2998r1,,,CR to update UE performance tests for UE DL category in 36.101 in Rel-12,12.8.0
06-2015,RP-68,RP-150965,2999,,,CR to update Annex for new DL category in 36.101 in Rel-12,12.8.0
06-2015,RP-68,RP-150958,3002,,,CR for updating CA applicability rule in 36.101 in Rel-12,12.8.0
06-2015,RP-68,RP-150957,3005r1,,,CR for Rel-12 NAICS - Definitions,12.8.0
06-2015,RP-68,RP-150965,3012r1,,,Clarification on uplink configuration for reference sensitivity of inter-band CA,12.8.0
06-2015,RP-68,RP-150954,3018,,,EVM for Intra-band contiguous UL CA for non-equal Channel BWs,12.8.0
06-2015,RP-68,RP-150958,3019,,,A-MPR correction for CA_39C CA_NS_07,12.8.0
06-2015,RP-68,RP-150958,2780r3,,,Introduction of dual uplink CA into 36.101,13.0.0
06-2015,RP-68,RP-150646,2785r2,,,Introduction of intra-band CA_42D to TS 36.101,13.0.0
06-2015,RP-68,RP-150968,2951r2,,,Introduction of additional 2DL inter-band CA,13.0.0
06-2015,RP-68,RP-150972,2952r1,,,Introduction of additional 3DL inter-band CA,13.0.0
06-2015,RP-68,RP-150974,2953r2,,,Introduction of 4DL inter-band CA,13.0.0
06-2015,RP-68,RP-150975,2994r1,,,Introduction of non-contiguous Carrier Aggregation (CA) in Band 42 for 3DL,13.0.0
06-2015,RP-68,RP-150967,3011r1,,,CR to 36.101: New CA bandwidth classes for FeCA,13.0.0
06-2015,RP-68,RP-150668,3021,,,Introduction of CA_3A-40A to TS 36.101,13.0.0
06-2015,RP-68,RP-150673,3022,,,Introduction of CA_3A-40C to TS 36.101,13.0.0
09-2015,RP-69,RP-151479,3028,,,Table 7.3.1A-0f (2UL CA MSD) notes numbering correction,13.1.0
09-2015,RP-69,RP-151505,3029,,,Additional bandwidth combination set for LTE Advanced intra-band non-contiguous Carrier Aggregation in Band 4,13.1.0
09-2015,RP-69,RP-151479,3031,,,Correction to TDD FDD CA,13.1.0
09-2015,RP-69,RP-151483,3033,,,Alignment of CA Receiver requirements parameters,13.1.0
09-2015,RP-69,RP-151476,3036,,,Correction to CoMP demodulation requirements,13.1.0
09-2015,RP-69,RP-151475,3040,,,Correction to RI test parameters in TS 36.101 (Rel-13),13.1.0
09-2015,RP-69,RP-151475,3050,,,UE co-existence requirements between Band 42 and Japanese bands,13.1.0
09-2015,RP-69,RP-151483,3052,,,Introduction of relaxation rule for multiple 3DL inter-band CA configurations,13.1.0
09-2015,RP-69,RP-151491,3056r1,,,Adding CA_42D to the out of band blocking requirement exception,13.1.0
09-2015,RP-69,RP-151501,3057r1,,,Introduction of finished 4DL inter-band CAs to TS 36.101,13.1.0
09-2015,RP-69,RP-151487,3060r1,,,Corrections on CA reference sensitivity requirements,13.1.0
09-2015,RP-69,RP-151476,3064,,,Correction to RC.2 TDD Nr. HARQ Proc. into TS36.101,13.1.0
09-2015,RP-69,RP-151483,3065,,,Corrections to CSI PUCCH 1-0 static test 4 and PUSCH 3-2 tests,13.1.0
09-2015,RP-69,RP-151488,3066,,,"Corrections in Table 5.6A.1-2, 7.3.1-1A and 7.3.1-1B.",13.1.0
09-2015,RP-69,RP-151479,3068,,,Corrections of Spurious emission band UE co-existence for interband 2UL CA in Table 6.6.3.2A-0,13.1.0
09-2015,RP-69,RP-151483,3070,,,Revisions of Spurious emission band UE co-existence in Table 6.6.3.2-1,13.1.0
09-2015,RP-69,RP-151475,3076,,,Correction to PDCCH/PCFICH test parameters in TS 36.101 (Rel-13),13.1.0
09-2015,RP-69,RP-151475,3080,,,Correction to PMI delay in PMI test for TDD,13.1.0
09-2015,RP-69,RP-151503,3081r1,,,Introduction of dual uplink CA into 36.101,13.1.0
09-2015,RP-69,RP-151479,3083,,,Maintanence CR for MTC CSI performance requirements,13.1.0
09-2015,RP-69,RP-151479,3085,,,Maintanence CR for SCE demodulation and CSI requriements,13.1.0
09-2015,RP-69,RP-151479,3087,,,Maintenance CR for DC demodulation performance requirements and SDR tests,13.1.0
09-2015,RP-69,RP-151479,3089,,,Cleanup of TDD-FDD CA demodulation performance requirments,13.1.0
09-2015,RP-69,RP-151479,3091,,,Cleanup of R12 SU-MIMO Enhanced Performance Type C requirments,13.1.0
09-2015,RP-69,RP-151475,3102,,,Correction on UE maximum output power class of Band 22 for UL MIMO,13.1.0
09-2015,RP-69,RP-151479,3104,,,Removal of square brackets for Cat-0 UE demodulation requirements,13.1.0
09-2015,RP-69,RP-151479,3106,,,Removal of square brackets for LTE-CA_B41_B42,13.1.0
09-2015,RP-69,RP-151490,3107,,,Removal of square brackets for LTE-CA_B41_B42_B42,13.1.0
09-2015,RP-69,RP-151479,3112,,,Corrections on 3DL CA performance requirements,13.1.0
09-2015,RP-69,RP-151489,3113,,,CR 36.101 BW combination for CA_8A_41A,13.1.0
09-2015,RP-69,RP-151479,3114,,,UL DL pairing for CA of B39+B41+B41 and B39+B39+B41,13.1.0
09-2015,RP-69,RP-151498,3116,,,Introduction of additional band combinations for 2DL inter-band CA,13.1.0
09-2015,RP-69,RP-151499,3117,,,Introduction of additional band combinations for 3DL inter-band CA,13.1.0
09-2015,RP-69,RP-151475,3118,,,Minor corrections in 36.101,13.1.0
09-2015,RP-69,RP-151479,3121,,,CR adding clarification for Band 28 restrictions in 36.101,13.1.0
09-2015,RP-69,RP-151494,3123r1,,,Introduction of propagation conditions to handle 4 receivers in the UE,13.1.0
09-2015,RP-69,RP-151504,3125r1,,,Addition on interband CA 2UL/3DL pairs without MSD,13.1.0
09-2015,RP-69,RP-151483,3127,,,CR for UE performance tests for intra-band contiguous CA with minimum channel spacing on Band 41,13.1.0
09-2015,RP-69,RP-151496,3130r2,,,TM9 performance with CRS assistance information,13.1.0
09-2015,RP-69,RP-151495,3133r1,,,Introduction of UL 64QAM to TS 36.101,13.1.0
09-2015,RP-69,RP-151483,3135r1,,,Modification of test parameters for TM9 demodulation with 256QAM (Rel-13),13.1.0
09-2015,RP-69,RP-151485,3137,,,CR to add demodulation tests for new release 13 2CC combinations in 36.101,13.1.0
09-2015,RP-69,RP-151501,3139r1,,,Introduction of 4CC demodulation requirements for FDD and FDD-TDD CA,13.1.0
09-2015,RP-69,RP-151479,3141,,,Correction to FDD-TDD closed loop spatial multiplexing 3CC requirement table,13.1.0
09-2015,RP-69,RP-151473,3143r1,,,Correction to DC supported testable bandwidth list,13.1.0
09-2015,RP-69,RP-151479,3145,,,Clarification of UL configuration for CA demodulation requirements,13.1.0
09-2015,RP-69,RP-151479,3146r1,,,Spreading of harmonic for 2UL interband and 2 ULnon-contiguous intraband CA,13.1.0
09-2015,RP-69,RP-151502,3147,,,Correction to dRib and REFSENS,13.1.0
09-2015,RP-69,RP-151479,3153,,,Corrections to CSI RMCs used for PUSCH 3-2 testing (Rel-13),13.1.0
09-2015,RP-69,RP-151483,3155,,,Corrections to applicability of CSI requirements for low UE categories (Rel-13),13.1.0
09-2015,RP-69,RP-151482,3164,,,CR for Rel-12 NAICS - Demodulation Test,13.1.0
09-2015,RP-69,RP-151482,3165,,,CR for Rel-12 NAICS - Fixed Reference Channels,13.1.0
09-2015,RP-69,RP-151482,3166,,,CR for Rel-12 NAICS - Interference Models,13.1.0
09-2015,RP-69,RP-151482,3167,,,CR for Rel-12 NAICS - CQI Tests,13.1.0
09-2015,RP-69,RP-151205,3168,,,Introduction of CA_7A-40A and CA_7A-40C to TS 36.101,13.1.0
09-2015,RP-69,RP-151593,3170,,,CR for Rel-13 NAICS – TM10 Demodulation and CSI Test,13.1.0
12-2015,RP-70,RP-152158,3172r1,,,Introduction of UE RF requriements for CA_42E,13.2.0
12-2015,RP-70,RP-152137,3173,,,Correction on UL 64QAM measurment channels,13.2.0
12-2015,RP-70,RP-152131,3175,,,Release 13 CAT A CR to align NS_04 values to meet FCC OOBE requirements,13.2.0
12-2015,RP-70,RP-152136,3178,,,Maintenance of eIMTA PDSCH demodulation test,13.2.0
12-2015,RP-70,RP-152136,3180r1,,,Correction for eIMTA CQI tests,13.2.0
12-2015,RP-70,RP-152133,3186,,,Simplified CA fading Test method becomes optional,13.2.0
12-2015,RP-70,RP-152133,3191,,,Correction of the applicable UE categories for 256QAM UE demodulation performance requirements (Rel-13),13.2.0
12-2015,RP-70,RP-152133,3193r1,,,Correction of TDD-FDD CA performance requirements (Rel-13),13.2.0
12-2015,RP-70,RP-152133,3195r1,,,Correction on FDD CA and TDD CA performance requirements (Rel-13),13.2.0
12-2015,RP-70,RP-152163,3196,,,CR on introduction of 5CC FDD/TDD CA demodulation performance requirements,13.2.0
12-2015,RP-70,RP-152163,3197,,,CR on introduction of 5CC TDD FDD CA demodulation performance requirements,13.2.0
12-2015,RP-70,RP-152132,3205,,,Correction of the AMPR table for NS_14 in TS 36.101 R13,13.2.0
12-2015,RP-70,RP-152134,3206,,,Correction of the 2UL CA co-existence table for CA_18A-28A,13.2.0
12-2015,RP-70,RP-152152,3209,,,Introduction of 3DL/2UL DC,13.2.0
12-2015,RP-70,RP-152139,3210r1,,,Correction of uplink configuration for CA_42D,13.2.0
12-2015,RP-70,RP-152133,3212,,,Introduction of dual uplink CA into 36.101,13.2.0
12-2015,RP-70,RP-152133,3214,,,Corrections to the CSI minimum requirement for PUSCH 3-2 (Rel-13),13.2.0
12-2015,RP-70,RP-152133,3216,,,Corrections to MIMO Correlation Matrices using cross polarized antennas (Rel-12),13.2.0
12-2015,RP-70,RP-152157,3221r1,,,Introducing B20 + B67 CA into TS 36.101,13.2.0
12-2015,RP-70,RP-152136,3225,,,CR for UE performance tests for intra-band contiguous CA with minimum channel spacing on Band 41,13.2.0
12-2015,RP-70,RP-152136,3227r1,,,Correction in SNR definition for CSI test,13.2.0
12-2015,RP-70,RP-152130,3232,,,Correction to reference channel for CQI requirements,13.2.0
12-2015,RP-70,RP-152168,3233r1,,,CR 36.101 BW combination for CA_8B,13.2.0
12-2015,RP-70,RP-152164,3241,,,Correction to mandatory 2UL support for 3DL interband CA,13.2.0
12-2015,RP-70,RP-152164,3242,,,Introduction of 2 UL and 3 DL interband cases with MSD,13.2.0
12-2015,RP-70,RP-152132,3246,,,CR on FRC for CDM-multiplexed DM RS,13.2.0
12-2015,RP-70,RP-152132,3249,,,Correction to physical channel for CQI reporting in type A test case,13.2.0
12-2015,RP-70,RP-152133,3255,,,CR for Rel-12 NAICS - Demodulation Test,13.2.0
12-2015,RP-70,RP-152133,3263,,,Correction on CA_4A-4A-5A table reference,13.2.0
12-2015,RP-70,RP-152134,3269r1,,,Clarification of Pcell support in 36.101 in CA scenarios,13.2.0
12-2015,RP-70,RP-152132,3273,,,A-MPR correction for CA_NS_06 CA-7C non-contiguous RB allocation,13.2.0
12-2015,RP-70,RP-152136,3276,,,Clarification on relative power tolereance for CA,13.2.0
12-2015,RP-70,RP-152133,3278,,,Correction of uplink configuration for CA_18-28,13.2.0
12-2015,RP-70,RP-152135,3280,,,CR on corrections for ProSe Direct Discovery demodulation requirements,13.2.0
12-2015,RP-70,RP-152135,3281,,,CR to finalize demodulation performance requirements for D2D Communication,13.2.0
12-2015,RP-70,RP-152131,3285,,,Missing RB allocation and OCNG Pattern for Cat 1 UEs in Multiple PMI CSI Reference Symbol tests,13.2.0
12-2015,RP-70,RP-152167,3286r1,,,Introduction of CA_5B to TS 36.101,13.2.0
12-2015,RP-70,RP-152169,3287,,,Introduction of CA_5A-5A to TS 36.101,13.2.0
12-2015,RP-70,RP-152133,3288,,,Introduction of dual uplink CA into 36.101,13.2.0
12-2015,RP-70,RP-152150,3291r1,,,CR on eD2D RF core requirements,13.2.0
12-2015,RP-70,RP-152171,3292r3,,,Introduction of B65 in Region 1,13.2.0
12-2015,RP-70,RP-152131,3294,,,Correction of supported sub-block frequency arrangement for CA_41-41,13.2.0
12-2015,RP-70,RP-152131,3296,,,Correction of test configuration for combinations of inter-band and intra-band CA,13.2.0
12-2015,RP-70,RP-152147,3299r2,,,RF receiver requirements for UE(s) supporting four antenna ports,13.2.0
12-2015,RP-70,RP-152148,3300r2,,,Introduction of RF requirements for LAA operation,13.2.0
12-2015,RP-70,RP-152172,3309r2,,,Introduction of Band 66,13.2.0
12-2015,RP-70,RP-152136,3311,,,Correction on CQI test 1A for TDD eIMTA,13.2.0
12-2015,RP-70,RP-152166,3312r1,,,Introduction of 3DL/3UL Inter-band CA of CA_39A-41C and CA_39C-41A,13.2.0
12-2015,RP-70,RP-152133,3314,,,Correction of the resource allocation in FRC for CAT0 UE demodulation tests,13.2.0
12-2015,RP-70,RP-152151,3318,,,Introduce TM4 performance requirements when CRS assistance information is provided,13.2.0
12-2015,RP-70,RP-152151,3319r1,,,Introduce TM10 performance requirements when CRS assistance information is provided for multiple-CSI-process capable UE,13.2.0
12-2015,RP-70,RP-152151,3320r1,,,Introduce TM10 performance requirements when CRS assistance information is provided for one-CSI-process capable UE,13.2.0
12-2015,RP-70,RP-152163,3325,,,Introduction of 5DL/1UL CA combinations into TS 36.101,13.2.0
12-2015,RP-70,RP-152175,3326r1,,,Introduction of Region 3 requirement in Band 65,13.2.0
12-2015,RP-70,RP-152138,3327,,,Correction of CA_8A-41C bandwidth combination set,13.2.0
12-2015,RP-70,RP-152133,3329,,,Removal of DC channel bandwidth combination set table,13.2.0
12-2015,RP-70,RP-152136,3331,,,CR on demodulation requirements of Dual Connectivity,13.2.0
12-2015,RP-70,RP-152131,3332r1,,,Modification and correction of CA_3A-3A BCS1 in Rel.13 36.101,13.2.0
12-2015,RP-70,RP-152133,3334,,,Correction of MSD levels for 2UL inter-band CA in TS 36.101 Rel-13,13.2.0
12-2015,RP-70,RP-152162,3338,,,Introduction of finished 4DL inter-band CAs to TS 36.101,13.2.0
12-2015,RP-70,RP-152170,3339,,,Introduction of CA_7A-7A BCS1 to TS 36.101,13.2.0
12-2015,RP-70,RP-152164,3340r1,,,Introduction of additional 2 UL and 3 DL interband cases with MSD,13.2.0
12-2015,RP-70,RP-152158,3341r1,,,Addition of Class E into CA BW Class table.,13.2.0
12-2015,RP-70,RP-152131,3343,,,Table 6.2.4A-1  note 1 correction,13.2.0
12-2015,RP-70,RP-152164,3345,,,Removal of (NOTE 4) from Table 5.6A.1-2a,13.2.0
12-2015,RP-70,RP-152160,3347,,,Introduction of 4DL NC CA in band42 in 36.101,13.2.0
12-2015,RP-70,RP-152173,3348,,,Introduction of 1447-1467MHz Band into 36.101,13.2.0
12-2015,RP-70,RP-152136,3352,,,CR: PDSCH ETU600 performance requirements,13.2.0
12-2015,RP-70,RP-152156,3357,,,Introduction of additional band combinations for 2DL inter-band CA,13.2.0
12-2015,RP-70,RP-151972,3358r2,,,Revision of the RAN4 approved R4-158446 (big CR 3DL 36.101),13.2.0
12-2015,RP-70,RP-152147,3359r1,,,Introduction of the Medium Correlation A model,13.2.0
12-2015,RP-70,RP-152147,3360r1,,,Requirements for ePDCCH with 4Rx,13.2.0
12-2015,RP-70,RP-152147,3361r1,,,Requirements for PDCCH with 4Rx,13.2.0
12-2015,RP-70,RP-152147,3362r1,,,Requirements for PDSCH with 4Rx,13.2.0
12-2015,RP-70,RP-152147,3363r1,,,Requirements for PHICH with 4Rx,13.2.0
12-2015,RP-70,RP-152159,3367r1,,,Introduction of intra-band non-contiguous CA in Band 41 for 4DL,13.2.0
12-2015,RP-70,RP-152165,3368,,,Addition of 2 UL and 3 DL mixed intra/inter band carrier aggregation combinations without MSD.,13.2.0
12-2015,RP-70,RP-152133,3372r1,,,Revision to CR 3256,13.2.0
12-2015,RP-70,RP-152133,3375,,,Correction to Pcmax for CA to include delta_T_ProSe,13.2.0
12-2015,RP-70,RP-152162,3376,,,"Delta TIB,c and Delta RIB,c  for 1UL/4DL",13.2.0
12-2015,RP-70,RP-152136,3378,,,NS_05 modification for PHS protection in Japan,13.2.0
01-2016,RP-70,,,,,Edotorial correction: Correction of reference to section 6.6.3.3.19 for NS_04 in Table 6.2.4-1,13.2.1
03/2016,RP-71,RP-160472,3467,1,B,UE receiver requirements for Rel-13 MTC,13.3.0
03/2016,RP-71,RP-160472,3443,1,B,CR on TX requirements for Rel-13 eMTC,13.3.0
03/2016,RP-71,RP-160474,3419,,B,Introduce Robustness test for CRS-IM capable UE,13.3.0
03/2016,RP-71,RP-160474,3422,1,B,FRC for non-TM10 with CRS assistance information,13.3.0
03/2016,RP-71,RP-160474,3420,1,B,Introduce non-TM10 performance with CRS assistance information,13.3.0
03/2016,RP-71,RP-160474,3421,1,B,Introduce TM10 performance with CRS assistance information,13.3.0
03/2016,RP-71,RP-160474,3423,1,B,FRC for TM10 with CRS assistance information,13.3.0
03/2016,RP-71,RP-160475,3460,1,B,CR: Correction of FRC for SDR test (Rel-13),13.3.0
03/2016,RP-71,RP-160479,3459,,F,Correction of 4Rx demodulation performance requirements,13.3.0
03/2016,RP-71,RP-160479,3462,,B,Correction of Correlation Model for Medium Correlation A,13.3.0
03/2016,RP-71,RP-160479,3466,,B,UE Demodulation Requirements for DL Control channels for 4Rx,13.3.0
03/2016,RP-71,RP-160479,3463,1,B,UE Demodulation Requirements for DL PDSCH  rank 1 and 2 performance,13.3.0
03/2016,RP-71,RP-160479,3464,1,B,UE Demodulation Requirements for DL PDSCH  rank 3 and 4 requirements,13.3.0
03/2016,RP-71,RP-160479,3412,2,F,Corrections to UE RF receiver requirements for 4RX AP and support of CA,13.3.0
03/2016,RP-71,RP-160480,3431,,B,Introduction of additional band combinations for 3DL inter-band CA,13.3.0
03/2016,RP-71,RP-160481,3396,,B,Introduction of completed R13 4DL inter-band CA's to TS 36.101,13.3.0
03/2016,RP-71,RP-160482,3424,,B,Introduction of 5DL/1UL CA combinations,13.3.0
03/2016,RP-71,RP-160483,3415,2,B,Introduction of Band 68 for Arab region into 36.101,13.3.0
03/2016,RP-71,RP-160487,3429,,A,[Rel-13] Correction on Intra-band non-contiguous CA,13.3.0
03/2016,RP-71,RP-160488,3381,,A,Correction to Type A CQI test parameters in TS 36.101,13.3.0
03/2016,RP-71,RP-160488,3405,,A,CQI reports in CoMP fading test,13.3.0
03/2016,RP-71,RP-160488,3453,,F,Maintenance CR for CA (Rel-13),13.3.0
03/2016,RP-71,RP-160488,3461,,A,Correction to TDD CQI Reporting for feICIC,13.3.0
03/2016,RP-71,RP-160488,3481,,A,Beamforming model correction on TM10 DPS UE tests,13.3.0
03/2016,RP-71,RP-160489,3384,,A,Correction in beam steering rate for 4 Tx antenna in Rel-13,13.3.0
03/2016,RP-71,RP-160489,3386,,A,CR for correction to syncOffsetIndicator parameter in D2D resource pool configuration,13.3.0
03/2016,RP-71,RP-160489,3390,,A,Correction of eIMTA CSI test,13.3.0
03/2016,RP-71,RP-160489,3402,,A,[Rel-13] NS_05 modification for PHS protection in Japan,13.3.0
03/2016,RP-71,RP-160489,3411,,A,Correction of Pcmax for Dual Connectivity,13.3.0
03/2016,RP-71,RP-160489,3436,,A,Correction on UE category in Annex of TS 36.101,13.3.0
03/2016,RP-71,RP-160489,3438,,A,Removal of brackets for Maximum input level for 256QAM in TS 36.101,13.3.0
03/2016,RP-71,RP-160489,3440,,A,Removal of brackets for Measurment channels for MTC in TS 36.101,13.3.0
03/2016,RP-71,RP-160489,3456,,A,Maintenance CR for D2D (Rel-13),13.3.0
03/2016,RP-71,RP-160489,3458,,A,CR: Correction of FRC for SDR test (Rel-13),13.3.0
03/2016,RP-71,RP-160489,3482,,A,Maintenance CR for DC (Rel-13),13.3.0
03/2016,RP-71,RP-160490,3382,,F,Correction in UL CA support table,13.3.0
03/2016,RP-71,RP-160490,3397,,F,Removing the brackets for 3+40 REFSENS,13.3.0
03/2016,RP-71,RP-160490,3416,,F,Corrections on BCS and EARFCN tables,13.3.0
03/2016,RP-71,RP-160490,3425,,F,Removal of channel bandwidth sets for three bands DC,13.3.0
03/2016,RP-71,RP-160490,3427,,F,Corrections to Notes in 2UL spurious emission  table,13.3.0
03/2016,RP-71,RP-160490,3442,,F,Revision of channel bandwidths for CA_B3_B41_B42 in 36.101,13.3.0
03/2016,RP-71,RP-160490,3447,,F,Removing DC_5-17 from 36.101 Rel 13,13.3.0
03/2016,RP-71,RP-160490,3473,,D,CR of editorial change on PHICH group and Ng in Rel-13,13.3.0
03/2016,RP-71,RP-160490,3477,,F,Supported bandwidths for Band 66,13.3.0
03/2016,RP-71,RP-160490,3478,,F,Corrections to CA_66C,13.3.0
03/2016,RP-71,RP-160490,3441,1,F,Correction on Annex D for LAA in TS 36.101,13.3.0
03/2016,RP-71,RP-160490,3406,3,F,Correction to UL 64 QAM measurement channels in TS 36.101,13.3.0
03/2016,RP-71,RP-160490,3430,3,F,Corrections and bracket removals to B46 specifications,13.3.0
06/2016,RP-72,RP-161141,3489,,A,Correction on B39 coexistence spurious emission requirements,13.4.0
06/2016,RP-72,RP-161141,3491,,A,Square brackets on B39 single carrier spurious emission requirements for protecting B3,13.4.0
06/2016,RP-72,RP-161135,3492,,F,Introduction of EB/FD-MIMO channel model using 2D XP antennas at eNB,13.4.0
06/2016,RP-72,RP-161142,3493,,F,CR to Correct Notes for CA REFSENS Tables,13.4.0
06/2016,RP-72,RP-161142,3494,,D,Editorial modification on uplink inter-band CA,13.4.0
06/2016,RP-72,RP-161141,3496,,A,CSI requirements for 2DL FDD-TDD for UE Cat 3 (Rel 13),13.4.0
06/2016,RP-72,RP-161141,3498,,A,Wrong RMC description in overview table (Rel-13),13.4.0
06/2016,RP-72,RP-161142,3499,1,F,Correction of Pcmax for Prose,13.4.0
06/2016,RP-72,RP-161128,3504,3,B,Introduction of PDSCH demodulation requirement for Cat-M1 UE,13.4.0
06/2016,RP-72,RP-161128,3505,3,B,Introduction of CQI test for Cat-M1 UE,13.4.0
06/2016,RP-72,RP-161142,3507,1,C,Correcting fallback inconsistencies in CA of B41 and B42 in REL-13,13.4.0
06/2016,RP-72,RP-161141,3510,1,F,CR: Addition of performance requirement for TDD-FDD DC(Rel-13),13.4.0
06/2016,RP-72,RP-161133,3514,,F,Correction on 4Rx demodulation tests,13.4.0
06/2016,RP-72,RP-161142,3517,,F,Introduction of 4Rx requirement for Band 1,13.4.0
06/2016,RP-72,RP-161142,3522,,F,CR on reference measurement channel for Rel-13 eMTC,13.4.0
06/2016,RP-72,RP-161142,3526,,F,Introduction of 4Rx REFSENS for Band 41,13.4.0
06/2016,RP-72,RP-161142,3528,,F,Rx requirement for the non-contiguous CA with more than two component carriers,13.4.0
06/2016,RP-72,RP-161141,3530,,F,Correction on UE category for MTC and eMTC in TS 36.101,13.4.0
06/2016,RP-72,RP-161142,3531,1,F,Correction on eMTC in TS 36.101,13.4.0
06/2016,RP-72,RP-161140,3535,,A,ACS for CA Bandwidth Class D: Case 2 wanted signal power,13.4.0
06/2016,RP-72,RP-161140,3538,,A,Maintenance CR for demodulation performance requirements (Rel-13),13.4.0
06/2016,RP-72,RP-161142,3545,1,F,Maintenance CR for CRS-IM,13.4.0
06/2016,RP-72,RP-161142,3548,,F,Correction to UE Categories for 64 QAM Reference channels,13.4.0
06/2016,RP-72,RP-161142,3549,,F,Clean up for CRS-IM related requirements,13.4.0
06/2016,RP-72,RP-161142,3551,2,F,Correction on eMTC In-band emissions in TS 36.101,13.4.0
06/2016,RP-72,RP-161136,3554,1,B,CR on the introduction of the LTE DL Control Channels Interference Mitigation: PDCCH/PCFICH demodulation performance requirements,13.4.0
06/2016,RP-72,RP-161136,3555,1,B,CR on the introduction of the LTE DL Control Channels Interference Mitigation: Interference models,13.4.0
06/2016,RP-72,RP-161141,3559,,F,Corrections to 9.6.1.3 and 9.6.1.4 TDD FDD CQI Reporting test,13.4.0
06/2016,RP-72,RP-161142,3560,,F,Corrections for CA_28A-42A and CA_28A-42C requirements,13.4.0
06/2016,RP-72,RP-161128,3568,1,B,CR for eMTC PBCH demodulation requirement for enhanced coverage,13.4.0
06/2016,RP-72,RP-161128,3569,1,B,CR for eMTC M-PDCCH demodulation requirement for CE Mode A and CE Mode B,13.4.0
06/2016,RP-72,RP-161135,3573,,B,Introduction of EB/FD-MIMO Class A PMI test,13.4.0
06/2016,RP-72,RP-161135,3574,,B,Introduction of EB/FD-MIMO Class B K=1 PMI test,13.4.0
06/2016,RP-72,RP-161142,3576,,F,RMC for verification of RF receiver requirements for LAA,13.4.0
06/2016,RP-72,RP-161142,3578,,F,Corrections of CA 8A-42A/C in REL-13,13.4.0
06/2016,RP-72,RP-161142,3579,1,F,CR on control channel requirements of 4 Rx UE,13.4.0
06/2016,RP-72,RP-161142,3585,,F,CR on Frequency bands for UE category 0 and UE category M1,13.4.0
06/2016,RP-72,RP-161142,3587,,F,"CR for dTib,c and dRib,c for CA combinations including Band 21 and 42",13.4.0
06/2016,RP-72,RP-161126,3589,,B,Category NB1 CR for 36.101,13.4.0
06/2016,RP-72,RP-161142,3590,,F,CR for delta F_HD for B46 combinations,13.4.0
06/2016,RP-72,RP-161136,3592,2,B,CR on Definitions for DL control channel IM,13.4.0
06/2016,RP-72,RP-161136,3593,1,B,CR on PHICH performance requirements for DL control channel IM,13.4.0
06/2016,RP-72,RP-161136,3594r1,,B,CR on ePDCCH performance requirements for DL control channel IM,13.4.0
06/2016,RP-72,RP-161136,3595,,B,CR on FRC for enhanced EPDCCH performance requirements,13.4.0
06/2016,RP-72,RP-161133,3597,1,B,Finalization of 4Rx UE Demodulation Requirements,13.4.0
06/2016,RP-72,RP-161142,3602,1,F,Clarification on eMTC RX requirements in TS 36.101,13.4.0
06/2016,RP-72,RP-161142,3610,,F,Uplink configuration for reference sensitivity for B45,13.4.0
06/2016,RP-72,RP-161142,3614,,F,CR: Maintenance CR for demodulation performance requirements (Rel-13),13.4.0
06/2016,RP-72,RP-161142,3619,,F,CR 36.101 on 7+38 blocking requirement,13.4.0
06/2016,RP-72,RP-161141,3623,,A,Editorial correction for TM4 MMSE-IRC PDSCH demodulation test,13.4.0
06/2016,RP-72,RP-161142,3632,1,F,CR for TM9 tests with MBSFN subframes configured for PDSCH in Rel-13,13.4.0
06/2016,RP-72,RP-161133,3633,2,B,"CR for applicability rule, antenna connection and test method for 4Rx UEs in Rel-13",13.4.0
06/2016,RP-72,RP-161136,3634,1,B,CR of introducing enhanced control channels requirements under asynchronous network in Rel-13,13.4.0
06/2016,RP-72,RP-161139,3635,1,F,Reference sensitivity for combinations of  inter-band and NC intra-band CA,13.4.0
06/2016,RP-72,RP-161142,3636,1,F,Correction to A-MPR for NS_26,13.4.0
06/2016,RP-72,RP-161136,3640,1,B,CR for applicability rule for control channel enhancement requirements in Rel-13,13.4.0
2016/06,RP-72,RP-161164,3552,1,F,36.101 Section 5 operating bands (clean-up),14.0.0
2016/06,RP-72,RP-161125,3553,-,B,Introduction of B70 to TS36.101,14.0.0
2016/06,RP-72,RP-161124,3577,1,B,Introduction of 2.6GHz SDL and CA B3_2.6SDL,14.0.0
2016/06,RP-72,RP-161123,3581,-,B,Introduction of additional 3DL/2UL CA band combinations in Rel-14,14.0.0
2016/06,RP-72,RP-161123,3582,-,B,Introduction of new 4DL/2UL CA band combination in Rel-14,14.0.0
2016/06,RP-72,RP-161119,3583,-,B,Introduction of additional band combinations for 4DL inter-band CA,14.0.0
2016/06,RP-72,RP-161116,3584,-,B,Introduction of additional band combinations for Intra-band CA,14.0.0
2016/06,RP-72,RP-161121,3588,-,B,Introduction of Rel-14 5DL inter-band combinations in 36.101,14.0.0
2016/06,RP-72,RP-161122,3603,-,B,Introduction of completed R14 2DL2UL band combinations to TS 36.101,14.0.0
2016/06,RP-72,RP-161118,3604,-,B,Introduction of completed R14 3DL band combination to TS 36.101,14.0.0
09/2016,RP-73,RP-161785,3645,,A,Correct UE DL category for 256QAM demodulation,14.1.0
09/2016,RP-73,RP-161786,3647,,A,CR on finalization of enhanced PDCCH/PCFICH performance requirements for DL control channel IM,14.1.0
09/2016,RP-73,RP-161611,3649,,A,CR on introduction of OOC D2D Discovery demodulation requirements,14.1.0
09/2016,RP-73,RP-161632,3656,,A,Improving the single antenna port description in UL-MIMO clauses,14.1.0
09/2016,RP-73,RP-161623,3657,,B,Introduction of completed R14 3DL band combination to TS 36.101,14.1.0
09/2016,RP-73,RP-161635,3659,,A,Correction of CA_42-42 sub-block CA configuration,14.1.0
09/2016,RP-73,RP-161784,3663,,A,Correction of CA REFSENS harmonic formula,14.1.0
09/2016,RP-73,RP-161635,3665,,A,Adding UL configuration for CA_28A-42A and CA_28A-42C,14.1.0
09/2016,RP-73,RP-161622,3667,,B,Introduction of completed R14 2DL band combinations to TS 36.101,14.1.0
09/2016,RP-73,RP-161629,3672,,A,CR: Update the power level setting for tests 8.3.1.2 and 8.3.2.3 (Rel-14),14.1.0
09/2016,RP-73,RP-161782,3678,,A,CR for eMTC M-PDCCH demodulation requirement for CE Mode B (Rel-14),14.1.0
09/2016,RP-73,RP-161783,3684,,A,CR for introducing LAA PDSCH demodulation performance requirements (Rel-13),14.1.0
09/2016,RP-73,RP-161783,3686,,A,CR for reference channel for LAA demodulation performance requirements (Rel-14),14.1.0
09/2016,RP-73,RP-161780,3688,,A,CR: NPDSCH Demodulation requirements and FRC definition for NB-IoT (Rel-14),14.1.0
09/2016,RP-73,RP-161636,3690,,A,Removal of brackets from category NB1 specification,14.1.0
09/2016,RP-73,RP-161636,3694,,A,Editorial correction to category NB1 specifications,14.1.0
09/2016,RP-73,RP-161636,3696,,A,Change of NB-IoT term into Category NB1,14.1.0
09/2016,RP-73,RP-161638,3698,,A,Guard band requirements for Band 46 MSD,14.1.0
09/2016,RP-73,RP-161638,3699,,F,Guard band requirements for Band 46 MSD,14.1.0
09/2016,RP-73,RP-161786,3701,,A,Miscellaneous corrections of RF RX requirements for 4 RX AP,14.1.0
09/2016,RP-73,RP-161786,3703,,A,Completion of the RF RX requirements for 4 RX AP,14.1.0
09/2016,RP-73,RP-161610,3705,,A,Introduction of TM2/TM9 PDSCH demodulation requirements for eMTC,14.1.0
09/2016,RP-73,RP-161781,3707,,A,Correction of eMTC PDSCH TM6 demodulation requirements,14.1.0
09/2016,RP-73,RP-161781,3709,,A,Correction of eMTC CQI definition test,14.1.0
09/2016,RP-73,RP-161610,3711,,A,Introduction of UE-selected subband CQI test for eMTC,14.1.0
09/2016,RP-73,RP-161609,3715,,A,Downlink physical channel setup for NB-IoT UE demodulation requirements,14.1.0
09/2016,RP-73,RP-161636,3717,,A,Corrections to channel bandwidth for category NB1 in TS36.101 (Rel-14),14.1.0
09/2016,RP-73,RP-161614,3719,,A,Introduce aperiodic CSI test for LAA,14.1.0
09/2016,RP-73,RP-161614,3721,,A,Introduce signal model for LAA demodulation,14.1.0
09/2016,RP-73,RP-161614,3723,,A,Introduce PDCCH test for LAA demodulation,14.1.0
09/2016,RP-73,RP-161786,3726,,A,CR on finalization of enhanced PHICH performance requirements for DL control channel IM,14.1.0
09/2016,RP-73,RP-161786,3727,,A,CR on finalization of enhanced ePDCCH performance requirements for DL control channel IM,14.1.0
09/2016,RP-73,RP-161624,3728,,B,Introduction of additional band combinations for 4DL inter-band CA,14.1.0
09/2016,RP-73,RP-161621,3729,,B,Introduction of additional band combinations for Intra-band CA,14.1.0
09/2016,RP-73,RP-161639,3732,,A,Correction on in-band emission requirements for cat M1 UE,14.1.0
09/2016,RP-73,RP-161639,3734,,A,Overview of UL reference measurement channels,14.1.0
09/2016,RP-73,RP-161634,3747,,A,Removal of square brackets for Cat-0 REFSENS configuration,14.1.0
09/2016,RP-73,RP-161638,3754,,A,Corrections on TS36.101 for LAA,14.1.0
09/2016,RP-73,RP-161637,3756,,A,Editorial modification on TS36.101 for NB-IoT,14.1.0
09/2016,RP-73,RP-161640,3758,,A,Corretion on operationg bands for ProSe,14.1.0
09/2016,RP-73,RP-161638,3761,,D,CR to add an informative column to UL Inter-band CA MSD tables,14.1.0
09/2016,RP-73,RP-161633,3765,,A,CR for fixing power level for TM9 dual layer test in Rel-14,14.1.0
09/2016,RP-73,RP-161613,3767,,A,"CR for applicability rule, antenna connection and test method for 4Rx UEs in Rel-14",14.1.0
09/2016,RP-73,RP-161613,3769,,A,CR for SDR tests with 4Rx in Rel-13,14.1.0
09/2016,RP-73,RP-161625,3772,,B,Introduction of Rel-14 5DL inter-band combinations in 36.101,14.1.0
09/2016,RP-73,RP-161634,3776,,A,2UL CA 5+17 correction,14.1.0
09/2016,RP-73,RP-161635,3778,,A,Rel-13 CA corrections,14.1.0
09/2016,RP-73,RP-161613,3781,,A,Corrections of UE requirements for 4Rx,14.1.0
09/2016,RP-73,RP-161613,3783,,A,Finalizing UE CQI requirements for 4Rx,14.1.0
09/2016,RP-73,RP-161626,3786,,B,Introduction of completed R14 2DL2UL band combinations to TS 36.101,14.1.0
09/2016,RP-73,RP-161636,3788,,A,Clarification on EARFCN,14.1.0
09/2016,RP-73,RP-161636,3790,,A,Corrections in 36.101 for NB-IoT UE,14.1.0
09/2016,RP-73,RP-161784,3794,,A,Modification on E-UTRA Prose out of band blocking requirement,14.1.0
09/2016,RP-73,RP-161629,3799,,A,Correction of OCNG,14.1.0
09/2016,RP-73,RP-161634,3806,,A,Updated CA demodulation performance requirements (Rel-14),14.1.0
09/2016,RP-73,RP-161640,3808,,A,CR:Introducation of test requirements for new UE behaviour (Rel-14),14.1.0
09/2016,RP-73,RP-161635,3810,,A,CR: On eDC demodulation performance requirements,14.1.0
09/2016,RP-73,RP-161635,3812,,A,Reference sensitivity exception for CA_20A-38A and CA_7A-20A-38A,14.1.0
09/2016,RP-73,RP-161629,3817,,A,Missing CA reference sensitivity exceptions,14.1.0
09/2016,RP-73,RP-161634,3820,,A,Correction on subframe pair definition for PCMAX of DC,14.1.0
09/2016,RP-73,RP-161629,3823,,F,Missing CA reference sensitivity exceptions,14.1.0
09/2016,RP-73,RP-161629,3824,,F,Correction of CR Implementation error to 36.101,14.1.0
09/2016,RP-73,RP-161611,3833,,A,CR on eD2D demodulation performance requirements,14.1.0
09/2016,RP-73,RP-161615,3834,,A,Introduction of EB/FD-MIMO PDSCH demodulation test,14.1.0
09/2016,RP-73,RP-161615,3835,,A,Introduction of EB/FD-MIMO CRI Test,14.1.0
09/2016,RP-73,RP-161615,3836,,A,Introduction of FRC for CRI test,14.1.0
09/2016,RP-73,RP-161615,3837,,A,Introduction of performance requirments for FD-MIMO Class A and Class B K=1 PMI test cases,14.1.0
09/2016,RP-73,RP-161615,3843,,A,CR: Correction of test parameters with Class B alternative codebook for one CSI-RS resource configured,14.1.0
09/2016,RP-73,RP-161615,3827,,A,Introduction of EB/FD-MIMO MR funcationality test,14.1.0
09/2016,RP-73,RP-161630,3830,,A,Bracket removal for B3 and B39 UE co-existence,14.1.0
09/2016,RP-73,RP-161625,3650,1,F,Corrections of CA 1+41+42,14.1.0
09/2016,RP-73,RP-161635,3839,,A,Corrections of 3+41+42,14.1.0
09/2016,RP-73,RP-161617,3840,,B,Introduction of FRC for V2V in TS 36.101,14.1.0
09/2016,RP-73,RP-161638,3760,1,B,CR on UE RX requirements due to introduction of 10MHz CBW,14.1.0
09/2016,RP-73,RP-161629,3804,1,A,CR: Correction of power parameter for demodulation tests,14.1.0
09/2016,RP-73,RP-161624,3779,1,F,Rel-14 CA corrections,14.1.0
09/2016,RP-73,RP-161639,3668,1,A,Corrections on eMTC RX in TS 36.101,14.1.0
09/2016,RP-73,RP-161639,3845,,A,Corrections for Rel-14 cat M1 UE,14.1.0
09/2016,RP-73,RP-161780,3832,1,A,CR on NPBCH Reference Measurement Channel for NB-IoT,14.1.0
09/2016,RP-73,RP-161637,3846,,A,Corrections in 36.101 for NB-IoT UE,14.1.0
09/2016,RP-73,RP-161609,3713,1,A,Introduction of NPDCCH demodulation requirements,14.1.0
09/2016,RP-73,RP-161623,3773,2,B,"Introduction of CA_2A-46A-46A, CA_4A-46A-46A and CA_46A-46A-66A",14.1.0
09/2016,RP-73,RP-161627,3741,1,B,Introduction of additional 3DL/2UL CA band combinations in Rel-14,14.1.0
09/2016,RP-73,RP-161627,3742,1,B,Introduction of new 4DL/2UL CA band combination in Rel-14,14.1.0
09/2016,RP-73,RP-161617,3730,2,B,Introduction of V2V Tx requirements  in Rel-14,14.1.0
09/2016,RP-73,RP-161617,3740,3,B,Introduction of V2X Rx requirements to 36.101,14.1.0
09/2016,RP-73,RP-161782,3676,1,A,CR for eMTC M-PDCCH demodulation requirement for CE Mode A (Rel-14),14.1.0
12/2016,RP-74,RP-162428,3868,2,F,Improvement of REFSENS requirement specification for band 46 CA combos,14.2.0
12/2016,RP-74,RP-162435,3876,1,A,Clarification on UE maximum output power,14.2.0
12/2016,RP-74,RP-162386,3879,1,A,CR: Updates to LAA PDSCH demodulation performance requirements (Rel-14),14.2.0
12/2016,RP-74,RP-162386,3881,,A,CR: Updates to the reference channel for LAA demodulation performance requirements (Rel-14),14.2.0
12/2016,RP-74,RP-162382,3885,1,A,CR for Rel-14 eMTC MPDCCH demodulation requirements,14.2.0
12/2016,RP-74,RP-162435,3887,2,A,CR for correction on OCNG pattern (Rel-14),14.2.0
12/2016,RP-74,RP-162431,3891,,A,RMC for maximum input level in category M1 UE,14.2.0
12/2016,RP-74,RP-162459,3901,,A,CR for updating applicability rule for UE cat 9 Ues and DL Cat. 13 UEs in Rel-14,14.2.0
12/2016,RP-74,RP-162423,3903,2,A,CR for IRC TM2/3/3 tests with 4Rx in Rel-14,14.2.0
12/2016,RP-74,RP-162423,3905,1,A,CR for removing square brakets for 4Rx tests in Rel-14,14.2.0
12/2016,RP-74,RP-162394,3923,1,B,Introduction of REFSENS requirements for UL CA and 4RX AP,14.2.0
12/2016,RP-74,RP-162412,3927,,A,UE to UE co-existence for B42 with 2ULs,14.2.0
12/2016,RP-74,RP-162382,3929,1,A,Correction of PDCSH demodulation requirements for eMTC,14.2.0
12/2016,RP-74,RP-162433,3943,2,B,Addition of new operating bands for NB-IoT,14.2.0
12/2016,RP-74,RP-162404,3946,3,F,Clarification of note6 for 3DL/2UL and 4DL/2UL CA,14.2.0
12/2016,RP-74,RP-162423,3948,,A,CR for SDR CA tests with 4Rx for DL category 18 and 19,14.2.0
12/2016,RP-74,RP-162403,3949,1,F,Addition of missing source of IMD for 2UL-2DL CA,14.2.0
12/2016,RP-74,RP-162434,3952,,A,Clarification on TX-RX frequency separation for Cat.NB1 (Rel-14),14.2.0
12/2016,RP-74,RP-162423,3957,1,A,CR for fixing errors for 4Rx tests in Rel-14,14.2.0
12/2016,RP-74,RP-162408,3960,1,F,B70 TX RX Default Spacing,14.2.0
12/2016,RP-74,RP-162408,3961,,F,B70 Carrier Frequency and EARFCN Correction,14.2.0
12/2016,RP-74,RP-162406,3965,1,B,Introduction of power class 2 HPUE in Band 41,14.2.0
12/2016,RP-74,RP-161989,3969,1,B,Addition of 1.4 and 3 MHz channel bandwidths for BAND 65 in TS36.101 (Rel-14),14.2.0
12/2016,RP-74,RP-162423,3971,2,A,CR on 4-RX TM9 MU test,14.2.0
12/2016,RP-74,RP-162430,3978,,A,Correction of power control for category M1,14.2.0
12/2016,RP-74,RP-162386,3981,1,A,Clean up and clarification for LAA CSI requirements,14.2.0
12/2016,RP-74,RP-162386,3983,,A,Add PDCCH performance requirements for LAA demodulation,14.2.0
12/2016,RP-74,RP-162457,3986,,B,Introduction of additional band combinations for 4DL inter-band CA,14.2.0
12/2016,RP-74,RP-162398,3987,,B,Introduction of additional band combinations for Intra-band CA,14.2.0
12/2016,RP-74,RP-162415,3996,,A,Correction to cell mapping for periodic CQI reporting on multiple cells,14.2.0
12/2016,RP-74,RP-162425,3999,,A,Remove square brackets for  FD-MIMO performance requirements,14.2.0
12/2016,RP-74,RP-162409,4000,1,F,Correction on FRC for V2V in TS 36.101,14.2.0
12/2016,RP-74,RP-162431,4002,,A,CR for 36.101: frequency error for eMTC,14.2.0
12/2016,RP-74,RP-162403,4003,,B,Introduction of completed R14 2DL2UL band combinations to TS 36.101,14.2.0
12/2016,RP-74,RP-162379,4005,,A,CR: Updates to NPDSCH demodulation requirements for NB-IoT (Rel-14),14.2.0
12/2016,RP-74,RP-162382,4009,,A,CR for Rel-14 eMTC PBCH demodulation requirement for enhanced coverage,14.2.0
12/2016,RP-74,RP-162388,4010,1,B,CR for UE enhancement in SFN scenario,14.2.0
12/2016,RP-74,RP-162408,4012,,A,CR: Corrections for bandwidth combination sets defined for inter-band DC (Rel-14),14.2.0
12/2016,RP-74,RP-162411,4022,,A,RMCs and applicabilility of core RF requirements,14.2.0
12/2016,RP-74,RP-162411,4031,,A,Correction of spurious emissions requirements for Band 9 range and intra-band CA,14.2.0
12/2016,RP-74,RP-162408,4033,,F,Correction to Band 70 reference to notes in 5.7.3,14.2.0
12/2016,RP-74,RP-162399,4037,,B,Introduction of completed R14 2DL band combinations to TS 36.101,14.2.0
12/2016,RP-74,RP-162435,4040,,A,Optional PCell indication,14.2.0
12/2016,RP-74,RP-162379,4042,,A,Correction of NPDCCH demodulation requirements,14.2.0
12/2016,RP-74,RP-162382,4044,,A,Finalizing CQI definition test for eMTC,14.2.0
12/2016,RP-74,RP-162384,4046,1,A,Finalizing UE-selected subband CQI test for eMTC,14.2.0
12/2016,RP-74,RP-162430,4048,,A,Correction of REFSENS RMC table for Cat-M1 UE,14.2.0
12/2016,RP-74,RP-162400,4050,,B,Introduction of completed R14 3DL band combinations to TS 36.101,14.2.0
12/2016,RP-74,RP-162404,4051,,B,Introduction of additional 3DL/2UL CA band combinations in Rel-14,14.2.0
12/2016,RP-74,RP-162404,4052,,B,Introduction of new 4DL/2UL CA band combination in Rel-14,14.2.0
12/2016,RP-74,RP-162404,4053,,B,Introduction of new 5DL/2UL CA band combination in Rel-14,14.2.0
12/2016,RP-74,RP-162409,4054,,F,CR for correction of V2X UE RF requirements,14.2.0
12/2016,RP-74,RP-162405,4057,1,B,UE CR for CBRS Band,14.2.0
12/2016,RP-74,RP-162433,4059,,A,NB-IoT aggregate power control Rel-14,14.2.0
12/2016,RP-74,RP-162433,4061,,A,Correction to NB-IoT ON/OFF power measurement perio Rel-14,14.2.0
12/2016,RP-74,RP-162408,4065,,A,Corrections to CA table reference and header and CA REFSENS table,14.2.0
12/2016,RP-74,RP-162433,4068,1,A,A-MPR for NB-IoT,14.2.0
12/2016,RP-74,RP-162402,4074,,B,Introduction of Rel-14 5DL inter-band combinations in 36.101,14.2.0
12/2016,RP-74,RP-162435,4078,1,F,Corrections of CA Refsens exceptions in 7.3.1A (Rel-14),14.2.0
12/2016,RP-74,RP-162435,4081,,A,DeltaRIB for SDL and LAA CA,14.2.0
12/2016,RP-74,RP-162388,4082,2,B,CR for introducing definition of Type-D receiver,14.2.0
12/2016,RP-74,RP-162459,4085,1,A,CR for fixing soft buffer management test for TDD-FDD CA in Rel-14,14.2.0
12/2016,RP-74,RP-162435,4087,1,A,CR for fixing editorial errors in Rel-14,14.2.0
12/2016,RP-74,RP-162394,4088,1,B,CR for introducing new demod tests for 4Rx CA,14.2.0
12/2016,RP-74,RP-162404,4091,,A,Introduction of MSD requirement for IMD5 on band3 of CA_3A-8A 2UL CA,14.2.0
12/2016,RP-74,RP-162386,4093,,A,CR: Updates to burst transmission model for LAA performance requirements (Rel-14),14.2.0
12/2016,RP-74,RP-162430,4094,,A,"UE cat M1 out of band blocking, Removal of Range 4",14.2.0
12/2016,RP-74,RP-162406,4102,1,F,Versioning indicator bit for NS_04 A-MPR table,14.2.0
12/2016,RP-74,RP-162427,4104,,A,Band 68 NS_26 A-MPR correction,14.2.0
12/2016,RP-74,RP-162406,4105,,D,Addition of PPowerClass to list of symbols,14.2.0
12/2016,RP-74,RP-162420,4111,,A,RF: Pb setting in power imbalance TCs (Rel-14),14.2.0
12/2016,RP-74,RP-162420,4114,,A,RF: Correction to RMC for UE Category 1 in CSI tests (Rel-14),14.2.0
12/2016,RP-74,RP-162413,4118,,A,RF: Beamforming model missing in chapter 9 TM9 receiver Type A tests (Rel-14),14.2.0
12/2016,RP-74,RP-162459,4124,,A,RF: Incorrect Number of EREGs per ECCE for special subframe mentioned for TC 8.7.4  (Rel-14),14.2.0
12/2016,RP-74,RP-162428,4126,1,F,MSD and exclusion region specification for 10MHz LAA channels,14.2.0
12/2016,RP-74,RP-162392,4128,1,B,PC accuracy in SRS carrier based switching in UE core spec,14.2.0
12/2016,RP-74,RP-162387,4129,,B,UL LBT core requiremets in UE spec,14.2.0
12/2016,RP-74,RP-162431,4131,,A,Missing requirements for eMTC/NB IoT UE,14.2.0
12/2016,RP-74,RP-162406,4135,1,F,Addition of TDD RMC for UL-DL configuration 0,14.2.0
12/2016,RP-74,RP-162380,4137,1,A,CR on NPBCH Fixed Reference Channel for NB-IoT,14.2.0
01/2017,RP-74,,,,,Paga header information update,14.2.1
03/2017,RP-75,RP-170594,4139,,A,Correction to carrier leakage and in-band emission for Cat. M1 UE,14.3.0
03/2017,RP-75,RP-170594,4141,,A,Correction to Transmission Gap of Aggregate Power Control for Cat. M1 HD-FDD UE,14.3.0
03/2017,RP-75,RP-170566,4142,1,F,Corrections of Table 8.7.5.1-2 and Table 8.7.5.2-2,14.3.0
03/2017,RP-75,RP-170592,4144,1,B,Introduction of SDR test for LAA Scell,14.3.0
03/2017,RP-75,RP-170592,4146,,A,Correction for LAA TM9 CQI test (R14),14.3.0
03/2017,RP-75,RP-170562,4147,,F,CR for rank 4 CA SDR tests,14.3.0
03/2017,RP-75,RP-170563,4148,1,B,CR for CQI test for Cat.1 UE with single Rx antenna,14.3.0
03/2017,RP-75,RP-170563,4149,1,B,CR for PDSCH demodulation test for Cat.1 UE with single Rx antenna,14.3.0
03/2017,RP-75,RP-170563,4150,,B,CR for PHICH and PBCH demodulation test for Cat.1 UE with single Rx antenna,14.3.0
03/2017,RP-75,RP-170563,4151,,B,CR for SDR test for Cat.1 UE with single Rx antenna,14.3.0
03/2017,RP-75,RP-170603,4153,1,A,Correction for FD-MIMO CRI test (R14),14.3.0
03/2017,RP-75,RP-170577,4156,,D,Split RMC overview table (R14),14.3.0
03/2017,RP-75,RP-170587,4158,,A,4Rx Iot connections for 2Rx CQI requirement with frequency-selective interference,14.3.0
03/2017,RP-75,RP-170588,4163,,A,Correction to UL/DL configuration & Special subframe configuration for CA CQI tests,14.3.0
03/2017,RP-75,RP-170597,4165,,A,Remove [ ] from UE Cat M1 MPDCCH demodulation SNR values,14.3.0
03/2017,RP-75,RP-170576,4168,4,B,36.101 CR: Addition of Band 25 and Band 40 to M1 bands,14.3.0
03/2017,RP-75,RP-170575,4169,,B,Release 14 CR to 36.101 to add Bands 25 and 26 to Category 0,14.3.0
03/2017,RP-75,RP-170563,4170,1,B,Introduction of Category 1bis requirements to 36.101,14.3.0
03/2017,RP-75,RP-170589,4172,,A,Missing harmonic reference sensitivity exception for CA_20A-42A and CA_20A-42A-42A,14.3.0
03/2017,RP-75,RP-170589,4175,,A,Correction to MPR table for intra-band 2UL CA,14.3.0
03/2017,RP-75,RP-170566,4176,,F,Correction of notes on harmonic exception in 2DL CA 11A-28A,14.3.0
03/2017,RP-75,RP-170566,4177,,F,Correction on uplink limitation of 2DL CA 8A-28A,14.3.0
03/2017,RP-75,RP-170570,4178,,F,Correction of TIB and RIB on 2UL CA 41A-42A,14.3.0
03/2017,RP-75,RP-170568,4179,,B,Introduction of additional band combinations for 4DL inter-band CA,14.3.0
03/2017,RP-75,RP-170565,4180,,B,Introduction of additional band combinations for Intra-band CA,14.3.0
03/2017,RP-75,RP-170569,4181,,B,Introduction of Rel-14 5DL inter-band combinations in 36.101,14.3.0
03/2017,RP-75,RP-170566,4182,,F,Correction of Rel-14 CA configurations and relaxation values,14.3.0
03/2017,RP-75,RP-170566,4183,1,F,Correction of Rel-14 CA REFSENS exceptions,14.3.0
03/2017,RP-75,RP-170603,4185,,A,Correction of Rel-13 CA REFSENS exceptions,14.3.0
03/2017,RP-75,RP-170553,4190,2,B,Introduction of UE requirements for LAA Scell uplink operation in Band 46,14.3.0
03/2017,RP-75,RP-170597,4192,,A,Finalize eMTC PDSCH demodulation requirements,14.3.0
03/2017,RP-75,RP-170597,4194,,A,Finalize eMTC CQI test requirements,14.3.0
03/2017,RP-75,RP-170594,4198,,A,Correction of FRC table for eMTC RF test,14.3.0
03/2017,RP-75,RP-170590,4201,,F,CR on correction of enhanced ePDCCH performance requirements for DL control channel IM,14.3.0
03/2017,RP-75,RP-170592,4204,,A,Clean up and correction for LAA PDCCH demodulation requirements,14.3.0
03/2017,RP-75,RP-170599,4208,1,A,PCMAX tolerance for UE Cat NB1 power class 5,14.3.0
03/2017,RP-75,RP-170558,4209,1,B,Addition of uplink 256 QAM feature to TS 36.101,14.3.0
03/2017,RP-75,RP-170580,4213,,A,Addition of missing note for bands 7 and 39 UE to UE co-ex,14.3.0
03/2017,RP-75,RP-170580,4217,,A,Correction of CA_NS_06 non-contiguous resource allocation MPR formula,14.3.0
03/2017,RP-75,RP-170598,4218,1,A,Corrections in TS 36.101 for NB-IoT UE,14.3.0
03/2017,RP-75,RP-170592,4221,1,F,CR for LAA SDR applicability,14.3.0
03/2017,RP-75,RP-170592,4223,1,F,CR: Updates to LAA PDSCH demodulation performance requirements and LBT(R14),14.3.0
03/2017,RP-75,RP-170598,4225,,A,CR: Scheduling pattern for NPUSCH format 1 and NPDSCH in NB-IoT RF test(R14),14.3.0
03/2017,RP-75,RP-170601,4227,,A,CR:Updates to the overview of RMC for NB-IoT(R14),14.3.0
03/2017,RP-75,RP-170601,4229,,A,CR:Cleanup for NB-IoT UE demod performance requirements(R14),14.3.0
03/2017,RP-75,RP-170585,4232,,A,Corrections for D2D resource configuration (Rel-14),14.3.0
03/2017,RP-75,RP-170555,4233,1,F,CR for UE enhancement in SFN scenario,14.3.0
03/2017,RP-75,RP-170595,4235,,A,clean up the CR for eMTC PBCH requirements(Rel-14),14.3.0
03/2017,RP-75,RP-170585,4243,,A,CR for fixing requirement for soft buffer test for TDD-FDD CA in Rel-14,14.3.0
03/2017,RP-75,RP-170587,4245,,A,CR for fixing power ratio errors in 4Rx tests in Rel-14,14.3.0
03/2017,RP-75,RP-170562,4246,1,B,CR for defining requirements for normal demodulation tests for 4Rx CA in Rel-14,14.3.0
03/2017,RP-75,RP-170562,4247,1,B,CR for introducing normal demodulation tests for 4Rx TDD-FDD CA in Rel-14,14.3.0
03/2017,RP-75,RP-170562,4249,1,B,CR for introducing applicability rule for normal demodulation tests,14.3.0
03/2017,RP-75,RP-170562,4251,1,B,CR for introducing new demodulation tests for 4Rx DC in Rel-14,14.3.0
03/2017,RP-75,RP-170587,4254,,A,CR for correcting applicability rules for 4Rx tests in Rel-14,14.3.0
03/2017,RP-75,RP-170571,4256,,B,Introduction of additional 3DL/2UL CA band combinations in Rel-14,14.3.0
03/2017,RP-75,RP-170571,4257,,B,Introduction of new 4DL/2UL CA band combination in Rel-14,14.3.0
03/2017,RP-75,RP-170571,4258,,B,Introduction of new 5DL/2UL CA band combination in Rel-14,14.3.0
03/2017,RP-75,RP-170559,4262,2,B,CR on intra-band contiguous MCC for V2X for TS 36.101,14.3.0
03/2017,RP-75,RP-170561,4263,2,B,Introduction of a new power class for NB-IoT,14.3.0
03/2017,RP-75,RP-170570,4264,,B,Introduction of completed R14 2DL2UL band combinations to TS 36.101,14.3.0
03/2017,RP-75,RP-170567,4266,,B,Introduction of completed R14 3DL band combinations to TS 36.101,14.3.0
03/2017,RP-75,RP-170574,4267,1,B,Introduction of bands to support 4Rx APs to TS 36.101,14.3.0
03/2017,RP-75,RP-170578,4268,1,F,CR for remaining issues for V2V UE RF requirements,14.3.0
03/2017,RP-75,RP-170559,4269,,B,Introduction of inter-band con-current V2X UE RF requirements,14.3.0
03/2017,RP-75,RP-170559,4271,1,B,CR for Tx RF requirements for high power V2X,14.3.0
03/2017,RP-75,RP-170577,4274,,F,Correction to Band 70 use on 20 MHz channel bandwidth,14.3.0
03/2017,RP-75,RP-170598,4279,,A,CR for clarification on SEM of category NB1 [Rel-14],14.3.0
03/2017,RP-75,RP-170594,4280,,A,CR of TX-RX frequency separation for category M1 [Rel-14],14.3.0
03/2017,RP-75,RP-170587,4282,,A,CR for fixing antenna configuration for TDD CQI rank 3 test for 4Rx in Rel-13,14.3.0
03/2017,RP-75,RP-170594,4285,,A,Reference Channels for partial RB allocation for UE UL category M1,14.3.0
03/2017,RP-75,RP-170566,4290,,B,Introduction of completed R14 2DL band combinations to TS 36.101,14.3.0
03/2017,RP-75,RP-170559,4293,,B,CR for single carrier V2X UE RF requirements,14.3.0
06/2017,RP-76,RP-171304,4299,,A,Correction to 4Tx/4Rx Cell-specific reference signals in Table 8.10.1.1.7-1,14.4.0
06/2017,RP-76,RP-171269,4302,1,F,Introduction of Band 18 UE category 1bis into TS36.101,14.4.0
06/2017,RP-76,RP-171257,4304,1,F,eHST RF: Practical and consistent model definition for HST-SFN scenario (Rel-14),14.4.0
06/2017,RP-76,RP-171308,4306,,A,Correction to UL and DL Reference Channels for Cat M1 UE,14.4.0
06/2017,RP-76,RP-171296,4309,,A,Corrections for D2D FRCs,14.4.0
06/2017,RP-76,RP-171279,4313,3,B,Intorduction of new bands for NB-IoT in 36.101,14.4.0
06/2017,RP-76,RP-171269,4314,1,F,CR for correction for CQI test for Cat.1 UE with single Rx antenna,14.4.0
06/2017,RP-76,RP-171395,4318,,A,Correction to SEM table for intra-band 2UL CA,14.4.0
06/2017,RP-76,RP-171310,4320,,A,Cleanup of eMTC UE demodulation requirements (Rel-14),14.4.0
06/2017,RP-76,RP-171311,4322,1,A,Correction for FD-MIMO demodulation test (R14),14.4.0
06/2017,RP-76,RP-171278,4327,1,F,CR on correction for multiple MSD requirements for dual uplink CA UE,14.4.0
06/2017,RP-76,RP-171282,4329,1,F,CR on correction for V2X con-current operation,14.4.0
06/2017,RP-76,RP-171268,4332,1,B,CR for introducing requirements for normal demodulation tests for 4Rx CA in Rel-14,14.4.0
06/2017,RP-76,RP-171268,4333,,B,CR for introducing for TDD-FDD DC normal demodulation tests for 4Rx CA in Rel-14,14.4.0
06/2017,RP-76,RP-171268,4334,1,B,CR for introducing new IRC tests for 4Rx CA in Rel-14,14.4.0
06/2017,RP-76,RP-171268,4336,1,F,CR for fixing errors of 4Rx CA in Rel-14,14.4.0
06/2017,RP-76,RP-171285,4339,,F,CR for correction of eLAA UE RF requirements,14.4.0
06/2017,RP-76,RP-171307,4356,1,F,CR for LAA extension for PDSCH perfortmance with multiple CCs in unlicensed bands,14.4.0
06/2017,RP-76,RP-171301,4358,,A,Correction of NPDSCH and NPDCCH,14.4.0
06/2017,RP-76,RP-171304,4360,,A,Maintenance CR for 4Rx WI (Rel-14),14.4.0
06/2017,RP-76,RP-171310,4367,,F,CR for PDSCH fixed reference channel (Rel-14),14.4.0
06/2017,RP-76,RP-171304,4373,,A,CR on 4-RX TM9 MU-MIMO performance requirements (Rel-14),14.4.0
06/2017,RP-76,RP-171298,4375,,A,CR on PDCCH/PCFICH DL Control Channel IM Type A TDD test case correction (Rel-14),14.4.0
06/2017,RP-76,RP-171048,4379,1,B,Addition of Band 28 UE category 1bis into TS 36.101,14.4.0
06/2017,RP-76,RP-171282,4380,1,F,CR on applicability of V2X contiguous intraband multi-carrier operation requirements.,14.4.0
06/2017,RP-76,RP-171309,4383,,A,Correction to Table A.4-1 and A.4-16 for CatM1.,14.4.0
06/2017,RP-76,RP-171310,4385,,A,Correction to minimum requirement for CatM1 Single-Layer Spatial Multiplexing,14.4.0
06/2017,RP-76,RP-171300,4389,,A,CR for demodulation of NB-IoT correction (Rel.14),14.4.0
06/2017,RP-76,RP-171307,4391,,A,CR for LAA TDD test case correction (Rel.14),14.4.0
06/2017,RP-76,RP-171395,4397,,F,Correction to the table of intra-band non-contiguous CA with one uplink configuration for reference sensitivity,14.4.0
06/2017,RP-76,RP-171263,4398,1,B,CR on performance requirements for MUST Case 1 and Case 2,14.4.0
06/2017,RP-76,RP-171263,4399,1,B,CR on performance requirements for MUST Case 3,14.4.0
06/2017,RP-76,RP-171263,4400,,B,CR on Fixed Reference Channels for MUST,14.4.0
06/2017,RP-76,RP-171263,4401,1,B,CR on applicability rule for MUST Case 3,14.4.0
06/2017,RP-76,RP-171297,4405,,A,Correction of N_RB_agg for CA_41C and CA_7C in Table 7.3.1A-1,14.4.0
06/2017,RP-76,RP-171296,4412,,A,Correction to Mapping of CQI Index to Modulation coding scheme for 256QAM,14.4.0
06/2017,RP-76,RP-171304,4414,,A,CR for correction of 4RX demodulation requirements (Rel-14),14.4.0
06/2017,RP-76,RP-171278,4417,,B,Introduction of new 3DL/2UL CA band combinations in rel-14,14.4.0
06/2017,RP-76,RP-171278,4418,,B,Introduction of new 4DL/2UL CA band combination in Rel-14,14.4.0
06/2017,RP-76,RP-171290,4419,1,F,Correction on the additional SE for Band 41 UE in rel-14,14.4.0
06/2017,RP-76,RP-171282,4420,1,F,CR on V2X Pumax for non-concurrent operaion,14.4.0
06/2017,RP-76,RP-171311,4424,,A,Correction of test points for Single-antenna port performance TDD FDD CA,14.4.0
06/2017,RP-76,RP-171272,4425,1,B,Introduction of additional band combinations for Intra-band CA,14.4.0
06/2017,RP-76,RP-171275,4426,2,B,Introduction of Rel-14 4DL/1UL combinations in 36.101,14.4.0
06/2017,RP-76,RP-171282,4428,,F,Clean ups of TS36.101 for V2X requirements,14.4.0
06/2017,RP-76,RP-171256,4432,1,B,CR for V2V Performance Requirements,14.4.0
06/2017,RP-76,RP-171261,4433,,B,CR to 36.101: Introduction of FeMBMS numerologies,14.4.0
06/2017,RP-76,RP-171285,4435,1,F,Correction to A-MPR tables and in-band emissions for eLAA,14.4.0
06/2017,RP-76,RP-171304,4437,,A,CR for FRC overview table for 4 layer SDR tests (R14),14.4.0
06/2017,RP-76,RP-171269,4438,,D,Maintenance CR for demodulation and CQI tests for Cat.1bis UE,14.4.0
06/2017,RP-76,RP-171307,4440,1,A,Maintenance CR for LAA demodulation tests,14.4.0
06/2017,RP-76,RP-171274,4441,,F,Correction on uplink limitation of 3DL CA 8A-11A-28A,14.4.0
06/2017,RP-76,RP-171282,4442,,F,Some corrections on V2X in TS 36.101,14.4.0
06/2017,RP-76,RP-171273,4443,,B,Introduction of completed R14 2DL band combinations to TS 36.101,14.4.0
06/2017,RP-76,RP-171274,4444,,B,Introduction of completed R14 3DL band combinations to TS 36.101,14.4.0
06/2017,RP-76,RP-171304,4446,1,F,4Rx REFSENS requirements spec improvement for 36.101,14.4.0
06/2017,RP-76,RP-171311,4448,,A,CR for adding TDD 4 DL CA bandwidth combination for CQI CA tests in Rel-14,14.4.0
06/2017,RP-76,RP-171304,4450,,A,CR for adding applicability rule for MU TM9 4Rx tests in Rel-14,14.4.0
06/2017,RP-76,RP-171268,4451,1,F,CR for updating applicability rule for SDR CA tests for 4Rx CA in Rel-14,14.4.0
06/2017,RP-76,RP-171268,4452,1,B,CR for further updating IRC tests for 4Rx CA in Rel-14,14.4.0
06/2017,RP-76,RP-171268,4453,1,B,CR for introducing applicability rule for 256QAM and higher layer tests for 4Rx CA,14.4.0
06/2017,RP-76,RP-171268,4454,1,B,CR for introducing 256QAM tests for 4Rx CA in Rel-14,14.4.0
06/2017,RP-76,RP-171268,4455,1,B,CR for introducing high layers tests for 4Rx CA in Rel-14,14.4.0
06/2017,RP-76,RP-171277,4457,,F,Correction CR on 2UL CA for CA_2A-66A,14.4.0
06/2017,RP-76,RP-171277,4458,,B,Introduction of completed R14 2DL2UL band combinations to TS 36.101,14.4.0
06/2017,RP-76,RP-171299,4460,,F,Channel Raster For Multiple Standalone NB-IoT Carriers (TS 36.101),14.4.0
06/2017,RP-76,RP-171276,4461,,B,5DL UE CR,14.4.0
06/2017,RP-76,RP-171287,4462,,B,CA bandwidth class Class B 256-QAM non-contigous resource allocation MPR,14.4.0
06/2017,RP-76,RP-171280,4463,,F,Corrections to CA configurations and bandwidth combination sets,14.4.0
06/2017,RP-76,RP-171300,4464,,F,NB1/NB2 OOB note 3 correction,14.4.0
06/2017,RP-76,RP-171285,4465,1,F,Removing notes in two tables in UE spec wrt applicability of UL and DL requirements for band 46,14.4.0
06/2017,RP-76,RP-171311,4467,,A,Correction on TDD-FDD CSI test cases (R14),14.4.0
06/2017,RP-76,RP-171257,4468,1,F,Clean up the requirements for UE enhancement in SFN scenario,14.4.0
06/2017,RP-76,RP-171256,4469,1,B,CR for V2V FRCs,14.4.0
06/2017,RP-76,RP-171256,4470,1,B,CR for V2V resource pool configuration,14.4.0
06/2017,RP-76,RP-171297,4473,,A,Corrections for inCoverage configuration in ProSe direct communication (Rel-14),14.4.0
06/2017,RP-76,RP-171299,4475,,A,CR for NB-IoT Absolute power tolerance,14.4.0
06/2017,RP-76,RP-171307,4477,1,B,Introduce LBT model for multile LAA Scell(s) in LAA demodualtion,14.4.0
06/2017,RP-76,RP-171395,4482,,F,Missing entries in list of intra-band CA bands,14.4.0
06/2017,RP-76,RP-171289,4483,,F,Correction to NS_27 A-MPR table,14.4.0
06/2017,RP-76,RP-171307,4484,1,F,Update of LAA REFSENS exclusion region,14.4.0
06/2017,RP-76,RP-171266,4485,2,B,"CR for CAT-M2 REFSENS, MPR and adding note for protection band 5",14.4.0
09/2017,RP-77,RP-171940,4487,1,F,Corrections on Rel-14 CA requirements,14.5.0
09/2017,RP-77,RP-171708,4490,1,F,CR for adding missing table for TDD 4 DL CQI CA tests in Rel-14,14.5.0
09/2017,RP-77,RP-171938,4495,1,F,CR for correcting TDD-FDD CA TM9 IRC tests for 4Rx CA in Rel-14,14.5.0
09/2017,RP-77,RP-171938,4497,,F,CR for updating applicability rule of 4Rx CA in Rel-14,14.5.0
09/2017,RP-77,RP-171938,4498,2,F,CR for further updating IRC TM9 SINR requirements for 4Rx CA in Rel-14,14.5.0
09/2017,RP-77,RP-171938,4499,1,B,CR for introducing 256QAM SNR requirements for 4Rx CA in Rel-14,14.5.0
09/2017,RP-77,RP-171938,4500,1,B,CR for introducing 3 and 4 layers SNR requirements for 4Rx CA in Rel-14,14.5.0
09/2017,RP-77,RP-171932,4501,1,B,CR for introduction of PMCH and PDSCH demodulation tests for FeMBMS,14.5.0
09/2017,RP-77,RP-171941,4502,,F,Corrections of Notes on REFSENS exception in 3DL/1UL of 1A-11A-28A and 3A-11-28A,14.5.0
09/2017,RP-77,RP-171941,4503,,F,Modification of REFSENS exception in 4DL/1UL of 1A-3A-8A-11A,14.5.0
09/2017,RP-77,RP-171973,4505,1,F,Addition of OCNG Pattern for LAA Rx tests,14.5.0
09/2017,RP-77,RP-171940,4508,1,F,CR to 36.101 with corrections of newly introduced CA combinations,14.5.0
09/2017,RP-77,RP-171971,4510,,A,PDSCH Demodulation downlink power allocation parameters for UEs supporting coverage enhancement. This CR was NOT implemented as it didn't use revison marks and the cover sheet information was wrong.,14.5.0
09/2017,RP-77,RP-171970,4514,,A,Correction to Test Parameters for MPDCCH in Table 8.11.2.1-1,14.5.0
09/2017,RP-77,RP-171965,4515,2,A,Correction of band 43 spurious emissions limit (Rel-14),14.5.0
09/2017,RP-77,RP-171942,4520,,F,eHST RF: Further clarifications to HST-SFN scenario model (Rel-14),14.5.0
09/2017,RP-77,RP-171941,4522,2,F,Correction to B26 Cat 0 REFSENS,14.5.0
09/2017,RP-77,RP-171939,4523,1,B,CR on Enhanced CRS-IM PDSCH performance requirements,14.5.0
09/2017,RP-77,RP-171939,4524,,B,CR on Enhanced CRS-IM PDSCH FRCs,14.5.0
09/2017,RP-77,RP-171939,4525,2,B,CR on Enhanced CRS-IM PDCCH/PCFICH performance requirements,14.5.0
09/2017,RP-77,RP-171939,4526,1,B,CR on Enhanced CRS-IM PDSCH requirements applicability rules,14.5.0
09/2017,RP-77,RP-171939,4527,1,B,CR on Enhanced CRS-IM DL control channels requirements applicability rules,14.5.0
09/2017,RP-77,RP-171943,4532,1,F,Correction on the resource pool configuration for V2V demodulation tests,14.5.0
09/2017,RP-77,RP-171935,4533,1,B,CR for V2X resource pool configuration,14.5.0
09/2017,RP-77,RP-171941,4537,1,F,Minor corrections to B70 specifications,14.5.0
09/2017,RP-77,RP-171947,4539,,A,Band 68 modification to enable operation in Europe,14.5.0
09/2017,RP-77,RP-171967,4544,1,A,Band 31 modification to add DTV protection Rel-14,14.5.0
09/2017,RP-77,RP-171940,4547,1,F,Corrections to Rel-14 CA configurations,14.5.0
09/2017,RP-77,RP-171970,4549,,A,Correction to demodulation requirements for coverage enhancement UEs,14.5.0
09/2017,RP-77,RP-171972,4551,1,A,Correction to ON/OFF time mask for NB-IoT,14.5.0
09/2017,RP-77,RP-171970,4553,,A,Correction of UE-selected subband CQI test for eMTC,14.5.0
09/2017,RP-77,RP-171970,4555,,A,Correction of RMC for Cat-M1 TDD PDSCH demodulation requirements,14.5.0
09/2017,RP-77,RP-171969,4557,1,A,Addition of scheduling pattern with repetition for Cat-M1 UL FRC,14.5.0
09/2017,RP-77,RP-171969,4559,,A,Correction of missing reference to Cat-M1 DL FRC tables,14.5.0
09/2017,RP-77,RP-171938,4560,,B,CR for test applicability rule for 4 Rx CA tests,14.5.0
09/2017,RP-77,RP-171940,4561,,F,CR for correcting FRC for Cat.1 bis demodulation test,14.5.0
09/2017,RP-77,RP-171940,4564,,F,Correction CR on 5DL CA for CA_1A-3A-7A-7A-26A,14.5.0
09/2017,RP-77,RP-171941,4566,,F,4Rx spec correction CR for 36.101,14.5.0
09/2017,RP-77,RP-171942,4568,,F,Maintenance of performance requirements for MUST,14.5.0
09/2017,RP-77,RP-171939,4569,,B,CR for test applicability rule for enhanced SU-MIMO,14.5.0
09/2017,RP-77,RP-171935,4570,1,B,CR for V2X sidelink FRC,14.5.0
09/2017,RP-77,RP-171943,4572,1,F,Some corrections on V2X in TS 36.101,14.5.0
09/2017,RP-77,RP-171943,4578,1,F,CR on V2X duplexer mode in rel-14,14.5.0
09/2017,RP-77,RP-171942,4582,1,B,CR for CAT-M2 FRC,14.5.0
09/2017,RP-77,RP-171942,4583,1,F,CR for CAT-M2 REFSENS for FDD/TDD,14.5.0
09/2017,RP-77,RP-171943,4586,1,F,CR for V2V performance requirements (maintenance),14.5.0
09/2017,RP-77,RP-171935,4587,1,B,CR for V2X test cases,14.5.0
09/2017,RP-77,RP-171939,4588,1,B,CR for enhanced SU-MIMO performance requirements,14.5.0
09/2017,RP-77,RP-171939,4589,1,B,CR for enhanced SU-MIMO FRCs,14.5.0
09/2017,RP-77,RP-171939,4590,,B,CR for MIMO correlation matrices,14.5.0
09/2017,RP-77,RP-171964,4597,,A,Correction for EPA delay profiles of r.m.s delay spread (Rel-14),14.5.0
09/2017,RP-77,RP-171942,4599,,F,Maintenance CR for channel model for HST-SFN scenario,14.5.0
09/2017,RP-77,RP-171942,4600,,F,Maintenance CR for FRC for HST-SFN scenario,14.5.0
09/2017,RP-77,RP-171970,4602,,A,CR for requirements of Cat-1bis and Cat-0(R14),14.5.0
09/2017,RP-77,RP-171970,4604,,A,CR for requirements of MPDCCH with 2Rx and 4Rx(R14),14.5.0
09/2017,RP-77,RP-171970,4606,,A,CR for requirements of TM2 with 2Rx and 4Rx(R14),14.5.0
09/2017,RP-77,RP-171970,4610,,A,CR for requirements of TM9 with 2Rx and 4Rx(R14),14.5.0
09/2017,RP-77,RP-171970,4612,,A,Correction to FRC  Table A.3.4.2.1-7 for eMTC (R14),14.5.0
09/2017,RP-77,RP-171937,4613,1,B,CR for NB-IoT enhancements,14.5.0
09/2017,RP-77,RP-171972,4615,,A,CR for R13 NB-IoT performance requirements maintenances (R14),14.5.0
09/2017,RP-77,RP-171938,4620,,F,Addition of new Rel-14 CA 3DL CC test cases for 4Rx CA,14.5.0
09/2017,RP-77,RP-171938,4625,,F,Addition of new Rel-14 CA 4DL CC test cases for 4Rx CA,14.5.0
09/2017,RP-77,RP-171938,4630,,F,Addition of new Rel-14 CA 5DL CC test cases for 4Rx CA,14.5.0
09/2017,RP-77,RP-171965,4634,,A,Apply CA demodulation performance requirements with 30us timing difference between two CCs to intra-band non-contiguous CA case,14.5.0
09/2017,RP-77,RP-171966,4639,,A,Update to CA_NS_04 SEM and additional spurious emissions,14.5.0
09/2017,RP-77,RP-171969,4648,,A,CR for Remove bracket for NS_07 in A-MPR requirement for CAT-M1,14.5.0
09/2017,RP-77,RP-171943,4649,,F,CR on band definition for sidelink operation in band 47,14.5.0
09/2017,RP-77,RP-171955,4506,1,B,Introduction of Rel-15 LTE Intra-band combinations in 36.101,15.0.0
09/2017,RP-77,RP-171958,4507,,B,Introduction of additional band combinations for 4DL CA,15.0.0
09/2017,RP-77,RP-171948,4536,,B,Introduction of the FDD L-band (Band 74) into TS 36.101,15.0.0
09/2017,RP-77,RP-171946,4541,1,B,Introduction of Band 72 into TS 36.101,15.0.0
09/2017,RP-77,RP-171959,4545,,B,5DL/1UL CR to TS 36.101,15.0.0
09/2017,RP-77,RP-171962,4565,,B,Big CR for introduction new band support for 4Rx antenna ports R15 for LTE,15.0.0
09/2017,RP-77,RP-171957,4567,,B,Introduction of completed R15 3DL band combinations to TS 36.101,15.0.0
09/2017,RP-77,RP-171956,4571,3,B,Introduction of completed combination to 36.101,15.0.0
09/2017,RP-77,RP-171960,4573,1,B,Introduction of completed R15 2DL/2UL band combinations to TS 36.101,15.0.0
09/2017,RP-77,RP-171951,4574,,B,"Introduction of power class 1 HPUE in Band 3, 20 and 28",15.0.0
09/2017,RP-77,RP-171961,4576,,B,Introduction of additional 3DL/2UL CA band combinations w/o self-interference issues in Rel-15,15.0.0
09/2017,RP-77,RP-171961,4577,1,B,Introduction of additional 4DL/2UL CA band combinations w/o self-interference issues in Rel-15,15.0.0
09/2017,RP-77,RP-171963,4579,,B,Addition of band 28 and 40 to LTE MTC Cat.0,15.0.0
09/2017,RP-77,RP-171953,4581,,B,Introduction of V2X new band combinations in Rel-15,15.0.0
09/2017,RP-77,RP-171949,4598,1,B,Introduction of TDD L-band TS 36.101,15.0.0
09/2017,RP-77,RP-171952,4635,2,B,Introduction of Band 71 to 36.101,15.0.0
09/2017,RP-77,RP-171950,4640,1,B,Introduction of Extended 1.5 GHz SDL bands 75 and 76,15.0.0
09/2017,RP-77,RP-172047,4650,,B,"Additional LTE bands for UE category M1, NB1, M2, NB2 in Rel-15",15.0.0
12/2017,RP-78,RP-172574,4654,,A,Correction to Test Parameters for Cat M1 PUCCH 1-0 static test,15.1.0
12/2017,RP-78,RP-172607,4657,,A,Correction of the reference channel for the LAA CSI test,15.1.0
12/2017,RP-78,RP-172590,4658,,B,Introduction of completed R15 2DL/2UL band combinations to TS 36.101,15.1.0
12/2017,RP-78,RP-172611,4661,,A,CR for NB-IoT Transmit Intermodulation,15.1.0
12/2017,RP-78,RP-172610,4667,1,A,Corrections to NPDCCH configuration in NPDSCH test case,15.1.0
12/2017,RP-78,RP-172613,4676,1,A,Updates to performance requirements in 8.3.1.1 and 8.3.2.1A,15.1.0
12/2017,RP-78,RP-172584,4678,,A,Maintenance CR for V2V (Rel-15),15.1.0
12/2017,RP-78,RP-172585,4680,,A,Maintenance CR for V2X (Rel-15),15.1.0
12/2017,RP-78,RP-172582,4682,,A,Maintenances CR for eSU-MIMO (Rel-15),15.1.0
12/2017,RP-78,RP-172608,4685,1,A,CR for MPDCCH with 2Rx/4Rx (R15),15.1.0
12/2017,RP-78,RP-172608,4688,1,A,CR forTM2/TM9 with 2Rx/4Rx (R15),15.1.0
12/2017,RP-78,RP-172608,4691,,A,CR on  redundancy version for BL/CE UEs (R15),15.1.0
12/2017,RP-78,RP-172586,4700,,A,CR on reflection of FCC regulation for vehicle mounted UE at Band 30 in rel-15,15.1.0
12/2017,RP-78,RP-172608,4704,,A,Applicability of CQI test for coverage enhancement for non-BL CE UE (Rel-15),15.1.0
12/2017,RP-78,RP-172583,4706,,A,Introduction of DL FRC for FeMTC RF test (Rel-15),15.1.0
12/2017,RP-78,RP-172579,4708,1,A,Introduction of UE demodulation and CQI requirements for FeMTC (Rel-15),15.1.0
12/2017,RP-78,RP-172584,4714,,A,CR on correction of V2V Test requirement for  power imbalance test,15.1.0
12/2017,RP-78,RP-172581,4717,1,A,CR for updating TDD CQI CA tests in Rel-15,15.1.0
12/2017,RP-78,RP-172582,4720,1,A,CR for updating overview table for 4Rx RMC in Rel-15,15.1.0
12/2017,RP-78,RP-172582,4722,1,A,CR for removing square bracket for 4Rx CA tests in Rel-15,15.1.0
12/2017,RP-78,RP-172593,4728,,B,Introduction of Band 73 into TS 36.101,15.1.0
12/2017,RP-78,RP-172582,4732,,A,"Corrections to CA_29A-66C, CA_29A-70A and CA_29A-66A-66A",15.1.0
12/2017,RP-78,RP-172597,4733,,F,Corrections to B29 CA related specifications,15.1.0
12/2017,RP-78,RP-172572,4734,,B,ProSe support for Band 72,15.1.0
12/2017,RP-78,RP-172582,4737,,A,Correction to supported bandwidths for CA configurations with Band 30,15.1.0
12/2017,RP-78,RP-172580,4740,,A,NPDSCH demodulation test parameter and minimum requirement for CatNB2 UE Rel.15,15.1.0
12/2017,RP-78,RP-172581,4741,,A,Correction of MPR for CA BW Class D,15.1.0
12/2017,RP-78,RP-172603,4744,1,F,Adding missing UE co-existence requirements for B71,15.1.0
12/2017,RP-78,RP-172596,4745,,B,CR for 36101,15.1.0
12/2017,RP-78,RP-172586,4747,,A,CR for EIRP based requirements in V2X,15.1.0
12/2017,RP-78,RP-172586,4749,1,A,CR for CEN DSRC and HDR DSRC coex requirement for V2X,15.1.0
12/2017,RP-78,RP-172573,4751,,A,Draft CR for introduction of eFD-MIMO PMI test cases,15.1.0
12/2017,RP-78,RP-172573,4753,,A,CR for introducing eFD-MIMO demodulation performance requirements,15.1.0
12/2017,RP-78,RP-172573,4755,,A,Draft CR for introduction of eFD-MIMO Hybrid CSI test cases,15.1.0
12/2017,RP-78,RP-172573,4757,,A,CR for introducing FRC for eFD-MIMO performance requirements test cases,15.1.0
12/2017,RP-78,RP-172612,4760,1,A,Correction CR for FD-MIMO performance requirements (R15 CAT A),15.1.0
12/2017,RP-78,RP-172610,4763,,A,Correction to NPDCCH configuration in demodulation test case,15.1.0
12/2017,RP-78,RP-172585,4765,,A,CR on SNR values modification for V2X demodulation test cases (Rel-15),15.1.0
12/2017,RP-78,RP-172583,4767,,A,CR for introducing B1 Cat.M2 UE A-MPR in Japan into 36.101,15.1.0
12/2017,RP-78,RP-172595,4768,,B,Introduction of additional band combinations for Intra-band CA,15.1.0
12/2017,RP-78,RP-172704,4769,,B,Introduction of Rel-15 LTE 4DL/1UL combinations in 36.101,15.1.0
12/2017,RP-78,RP-172586,4772,,A,Correction of channel spacing for band 46 intraband CA band combinations with 10 MHz bandwidth,15.1.0
12/2017,RP-78,RP-172598,4773,,B,Introduction of 5DL CA combinations to 36.101,15.1.0
12/2017,RP-78,RP-172611,4777,1,A,NB-IoT removal of repetition sensitivity requriement Rel-15,15.1.0
12/2017,RP-78,RP-172601,4778,,F,Correction to band 72,15.1.0
12/2017,RP-78,RP-172582,4780,,F,Correction of CR Implementation error to 36.101 (REL-15),15.1.0
12/2017,RP-78,RP-172594,4781,3,B,Introduction of Band 49,15.1.0
12/2017,RP-78,RP-172602,4782,2,F,CR to 36.101: corrections for HPUE requirements,15.1.0
12/2017,RP-78,RP-172585,4784,1,A,Correction on V2X resource pool configuration,15.1.0
12/2017,RP-78,RP-172587,4785,2,B,Add sTTI support to 6.3.4 ON/OFF Mask section,15.1.0
12/2017,RP-78,RP-172587,4786,2,B,"Add sTTI support to sub-clauses related to Max output power, MPR, A-MPR and min output power of 36.101",15.1.0
12/2017,RP-78,RP-172587,4787,4,B,Add sTTI support to remaining sub-clauses of 36.101,15.1.0
12/2017,RP-78,RP-172612,4793,,A,CSI 4RX: Correction to RI tests and used reference channels and MCS schemes (Rel-15),15.1.0
12/2017,RP-78,RP-172607,4796,,A,Correction of FRC for Cat-M1 UE maximum input level test (Rel-15),15.1.0
12/2017,RP-78,RP-172581,4799,,A,Corrections to FeMBMS demodulation test FRC rel.15,15.1.0
12/2017,RP-78,RP-172590,4802,,B,Introduction of completed R15 2DL/2UL band combinations to TS 36.101,15.1.0
12/2017,RP-78,RP-172610,4804,,A,CR for NB-IoT Additional Spectrum Emission Mask,15.1.0
12/2017,RP-78,RP-172606,4808,2,A,Corrections on operating band table for CA (Rel-15),15.1.0
12/2017,RP-78,RP-172591,4810,,B,Introduction of new xDL/2UL CA band combinations in Rel-15,15.1.0
12/2017,RP-78,RP-172581,4811,2,A,Corrections on inter-band CA operating bands (Rel-15),15.1.0
12/2017,RP-78,RP-172612,4814,2,A,Corrections on the description of requirements for inter-band CA (Rel-15),15.1.0
12/2017,RP-78,RP-172592,4815,1,B,Introduction of power class 2 HPUE in Band 38,15.1.0
12/2017,RP-78,RP-172582,4819,,A,CR for further updating SDR 4Rx tests in Rel-15,15.1.0
12/2017,RP-78,RP-172597,4820,,B,Introduction of completed R15 3DL band combinations to TS 36.101,15.1.0
12/2017,RP-78,RP-172598,4821,,F,"Correction to Uplink configurations for CA_5DL_1A-1A-3C-7A_1UL_BCS0, CA_5DL_1A-3C-7A-8A_1UL_BCS0 and max aggregation bandwidth for CA_1A-3C-7A-20A",15.1.0
12/2017,RP-78,RP-172585,4823,,A,CR for updating overview table for V2X (Rel-15),15.1.0
12/2017,RP-78,RP-172606,4827,,A,CR for updating overview table for Sidelink (Rel-15),15.1.0
12/2017,RP-78,RP-172584,4829,,A,Corrections to UL 256QAM RMCs,15.1.0
12/2017,RP-78,RP-172612,4832,,A,Addition of beamforming model to chapter 9 4Rx TM9 requirements,15.1.0
12/2017,RP-78,RP-172582,4837,2,A,Correction to Rel-15 CA configurations,15.1.0
12/2017,RP-78,RP-172581,4839,1,A,Correction to section 8.11.1.2.3,15.1.0
12/2017,RP-78,RP-172597,4840,,F,Correction to Rel-15 CA configurations,15.1.0
12/2017,RP-78,RP-172587,4841,2,B,PCMAC for single carrier in Rel-15 sTTI operation,15.1.0
12/2017,RP-78,RP-172587,4842,2,B,PCMAC for UL CA in Rel-15 sTTI operation,15.1.0
12/2017,RP-78,RP-172581,4844,,A,Addition of new 3DL CCs related test cases (Rel-15),15.1.0
12/2017,RP-78,RP-172586,4851,,A,CR on Uplink and sidelink configure for REFSENSE table,15.1.0
12/2017,RP-78,RP-172589,4852,,B,Introduction of PC2 for CA_41C,15.1.0
12/2017,RP-78,RP-172605,4857,,A,Update to A-MPR for CA_NS_04,15.1.0
12/2017,RP-78,RP-172586,4859,,A,Correction of IMD Exclusion zone BW caused by dual uplink CA with band 46,15.1.0
12/2017,RP-78,RP-172549,4860,,B,Introduction of missing 3DL fallbacks to 4DL combinations,15.1.0
2018-03,RAN#79,RP-180265,4862,1,B,CR on UE RF requirments for DL 1024QAM in TS 36.101,15.2.0
2018-03,RAN#79,RP-180296,4864,,A,Update EVM requirements for V2X,15.2.0
2018-03,RAN#79,RP-180296,4866,,A,CR on IBE requirements for intra-band contiguous multiple carriers,15.2.0
2018-03,RAN#79,RP-180266,4867,1,F,CR for TS 36.101: Removal UE requirements for shared spectrum channel access,15.2.0
2018-03,RAN#79,RP-180277,4868,1,B,Introduction of power class 2 HPUE in Band 40 and 42 to TS 36.101,15.2.0
2018-03,RAN#79,RP-180275,4870,,B,Introduction of additional xDL/2UL CA band combinations in rel-15,15.2.0
2018-03,RAN#79,RP-180298,4872,,A,Correction to Test Parameters for Cat M1 PUCCH 1-0 static test,15.2.0
2018-03,RAN#79,RP-180292,4875,,A,Correction to UE-selected subband CQI test for eMTC,15.2.0
2018-03,RAN#79,RP-180296,4877,,A,CR for removing square bracket for V2X eNB sync test (Rel-15),15.2.0
2018-03,RAN#79,RP-180295,4879,,A,Correction on FRC for 4Rx CA tests (Rel-15),15.2.0
2018-03,RAN#79,RP-180292,4883,,A,Maintennace CR for R13 Non-BL/UE requirements (R15),15.2.0
2018-03,RAN#79,RP-180292,4885,,A,PDSCH Demodulation downlink power allocation parameters for UEs supporting coverage enhancement,15.2.0
2018-03,RAN#79,RP-180295,4888,,A,Correction to DL power allocation of CSI reporting for 4Rx UE in 9.9.4.1,15.2.0
2018-03,RAN#79,RP-180291,4891,,A,Corrections to LAA CQI reporting requirements,15.2.0
2018-03,RAN#79,RP-180291,4894,,A,Addition of two sided OCNG pattern for FS3,15.2.0
2018-03,RAN#79,RP-180276,4898,,B,Introduction of UL CA_41C-42C into TS36.101,15.2.0
2018-03,RAN#79,RP-180297,4903,,A,Correction of A-MPR table for UE Cat.M2 of Band 1,15.2.0
2018-03,RAN#79,RP-180294,4908,,A,Correction on Test Parameters for FRC for CA more than 3DL CA,15.2.0
2018-03,RAN#79,RP-180272,4909,,B,Introduction of completed  R15 3DL/1UL band combinations to TS 36.101,15.2.0
2018-03,RAN#79,RP-180269,4910,2,B,CR on UE RF requirement for 8Rx,15.2.0
2018-03,RAN#79,RP-180270,4911,,B,Introduction of additional band combinations for Intra-band CA,15.2.0
2018-03,RAN#79,RP-180273,4912,,B,Introduction of Rel-15 LTE 4DL/1UL combinations in 36.101,15.2.0
2018-03,RAN#79,RP-180290,4921,,A,Correction for CA CQI tests (R15),15.2.0
2018-03,RAN#79,RP-180268,4922,2,B,CR for enhanced PDCCH demodulation performance for category 1bis UE with CRS-IM,15.2.0
2018-03,RAN#79,RP-180284,4923,1,F,Correction of a target band for FDD class 1 HP-UE,15.2.0
2018-03,RAN#79,RP-180294,4926,1,A,Corrections to Spurious emission band UE co-existence for CA,15.2.0
2018-03,RAN#79,RP-180295,4928,,A,Correction CR for Semi-OL rank1 test (CAT A),15.2.0
2018-03,RAN#79,RP-180279,4929,1,B,CR to 36.101: Introduction of Band 85 (B12-extended),15.2.0
2018-03,RAN#79,RP-180285,4932,,A,PC2 for CA_41C REL-15,15.2.0
2018-03,RAN#79,RP-180286,4933,1,F,Correction of band 72 MOP,15.2.0
2018-03,RAN#79,RP-180283,4936,1,F,Correction to UL-MIMO MOP Table Rel-15,15.2.0
2018-03,RAN#79,RP-180271,4937,,F,MSD for CA_2A-71A,15.2.0
2018-03,RAN#79,RP-180271,4938,1,F,"Introduction of CA band combination basis Delta TIB,c table",15.2.0
2018-03,RAN#79,RP-180271,4939,1,F,"Introduction of CA band combination basis Delta RIB,c table",15.2.0
2018-03,RAN#79,RP-180298,4941,,A,Clean up of PDSCH demodulation requirements for FeMTC,15.2.0
2018-03,RAN#79,RP-180290,4948,,A,Adding note about timing difference for TDD CA (2Rx),15.2.0
2018-03,RAN#79,RP-180299,4950,,A,Adding note about timing difference for TDD CA and TDD FDD CA (4Rx),15.2.0
2018-03,RAN#79,RP-180292,4953,,A,CR to 36.101: Introduction of A-MPR table for NS4 and NS12 for CAT-M1,15.2.0
2018-03,RAN#79,RP-180294,4956,,A,CSI 4RX: Correction to reference channels and MCS schemes used in RI tests (Rel-15),15.2.0
2018-03,RAN#79,RP-180286,4957,,F,Correction to Band 72 ProSe frequencies,15.2.0
2018-03,RAN#79,RP-180271,4959,,B,CR for 36.101,15.2.0
2018-03,RAN#79,RP-180295,4961,,A,CR on Enhanced CRS-IM test case applicability (Rel-15),15.2.0
2018-03,RAN#79,RP-180299,4963,,A,CR on definition of 4x1 MIMO correlation matrices (Rel-15),15.2.0
2018-03,RAN#79,RP-180299,4965,,A,CR to TS 36.101: Correction of CA table 7.3.1A-0bD R15,15.2.0
2018-03,RAN#79,RP-180299,4967,,A,CR to TS 36.101: Correction of CA table 7.3.1A-6 R15,15.2.0
2018-03,RAN#79,RP-180278,4969,1,B,Introduction of TDD 3.3-3.4GHz band (band 52),15.2.0
2018-03,RAN#79,RP-180274,4970,,B,Introduction of 5DL CA combinations to 36.101,15.2.0
2018-03,RAN#79,RP-180292,4973,,A,Correction of MPDCCH performance requirements,15.2.0
2018-06,RAN#80,RP-181086,4974,1,B,Enhanced PDCCH demodulation performance for category 1bis UE with CRS-IM TDD,15.3.0
2018-06,RAN#80,RP-181115,4980,,A,CR on absolute power tolerance for V2X,15.3.0
2018-06,RAN#80,RP-181104,4982,1,F,CR on UE-to-UE coexistence requirements for LTE band 71,15.3.0
2018-06,RAN#80,RP-181092,4985,,B,Introduction of 5DL CA combinations to 36.101(This CR was superseded by CR#5096),15.3.0
2018-06,RAN#80,RP-181100,4986,1,F,Corrections to B66+B70+B71 related Inter-band CA combinations,15.3.0
2018-06,RAN#80,RP-181097,4987,,B,TS 36.101 big CR for introduction new band support for 4Rx antenna ports R15 for LTE,15.3.0
2018-06,RAN#80,RP-181108,4992,,A,CA_NS_08 correction for TS 36.101 R15,15.3.0
2018-06,RAN#80,RP-181087,4993,1,B,CR for 36.101: 8Rx CA RF requirement,15.3.0
2018-06,RAN#80,RP-181086,4994,1,B,CR on 1RX CRS-IM PDSCH Cat1bis performance requirements,15.3.0
2018-06,RAN#80,RP-181086,4995,1,B,CR on 1RX CRS-IM PDSCH CatM2 performance requirements,15.3.0
2018-06,RAN#80,RP-181086,4996,1,B,CR on 1RX CRS-IM MPDCCH CatM2 performance requirements,15.3.0
2018-06,RAN#80,RP-181086,4997,,B,CR on 1RX CRS-IM test case applicability,15.3.0
2018-06,RAN#80,RP-181078,4998,1,B,CR on FeCoMP UE PDSCH demodulation requirements,15.3.0
2018-06,RAN#80,RP-181114,5000,,A,CR on Enhanced 4RX SU-MIMO test cases correction (Rel-15),15.3.0
2018-06,RAN#80,RP-181112,5003,,A,Clarifcation on TX-RX frequency separation for stand-alone NB-IoT operation,15.3.0
2018-06,RAN#80,RP-181114,5005,1,A,Addition of UL RMC for eLAA R15,15.3.0
2018-06,RAN#80,RP-181108,5009,,A,Clarification of Transmission Modes for REFSEN test R15,15.3.0
2018-06,RAN#80,RP-181108,5013,,A,Correction for CA CQI tests (R15),15.3.0
2018-06,RAN#80,RP-181105,5021,,F,Cat.F CR for UE-to-UE co-existence for Band 3 in Japan (Rel-15),15.3.0
2018-06,RAN#80,RP-181077,5025,1,F,Clarification on sTTI applicability and wording fixes,15.3.0
2018-06,RAN#80,RP-181098,5026,,F,CR to 36.101: Removed note for B42 PC2 from UE power class Table,15.3.0
2018-06,RAN#80,RP-181115,5028,,A,Correction to RMC for UL 256QAM,15.3.0
2018-06,RAN#80,RP-181111,5031,,A,Update to eMTC demod requirements,15.3.0
2018-06,RAN#80,RP-181091,5035,,B,Introduction of Rel-15 LTE 4DL/1UL combinations in 36.101(This CR was superseded by CR#5098),15.3.0
2018-06,RAN#80,RP-181103,5036,,F,Correction of UE co-existence from bands 12/17 into band 51,15.3.0
2018-06,RAN#80,RP-181111,5039,,A,Correction of UE co-existence from band 28 into band 66,15.3.0
2018-06,RAN#80,RP-181111,5041,,A,Correction of UE co-existence from band 28 into band 66 (CA part 1),15.3.0
2018-06,RAN#80,RP-181111,5042,,F,Correction of UE co-existence from band 28 into band 66 (CA part 2),15.3.0
2018-06,RAN#80,RP-181093,5043,,B,Introduction of more than 5DL CA combinations to 36.101,15.3.0
2018-06,RAN#80,RP-181081,5044,2,B,CR ON_OFF mask for feLAA,15.3.0
2018-06,RAN#80,RP-181083,5045,1,B,MPR for PC6 CAT-M1 and CAT-M2,15.3.0
2018-06,RAN#80,RP-181106,5051,,A,CR: Corrections for CSI tests (Rel-15),15.3.0
2018-06,RAN#80,RP-181108,5054,,A,Correction to uplink configuration for CA_25A-41C,15.3.0
2018-06,RAN#80,RP-181089,5055,,B,CR to add new 2DL1UL CA combos to 36101,15.3.0
2018-06,RAN#80,RP-181090,5056,,B,Introduction of Rel-15 LTE 3DL/1UL combinations in 36.101(This CR was superseded by CR#5109),15.3.0
2018-06,RAN#80,RP-181100,5057,,F,Improvement of REFSENS exceptions due to harmonic issue,15.3.0
2018-06,RAN#80,RP-181095,5058,,B,Introduction of 3UL CA into TS36.101,15.3.0
2018-06,RAN#80,RP-181100,5059,,F,Improvement of REFSENS exceptions for due to close proximity of UL to DL channel,15.3.0
2018-06,RAN#80,RP-181100,5060,,F,Improvement of REFSENS exceptions due to harmonic issues in mixed intra and inter-band CA,15.3.0
2018-06,RAN#80,RP-181100,5061,,F,Improvement of REFSENS exceptions due to cross band isolation issues,15.3.0
2018-06,RAN#80,RP-181113,5064,,A,Correction to DL power allocation of CSI reporting for 4Rx UE in 9.9.4.2,15.3.0
2018-06,RAN#80,RP-181110,5067,,A,Correction to CQI reporting definition on PUSCH static test,15.3.0
2018-06,RAN#80,RP-181094,5070,,F,CR to add note 19 to CA_26A-41A and CA_5A-41A in harmonic table,15.3.0
2018-06,RAN#80,RP-181078,5072,1,B,CR on FeCoMP UE CSI reporting requirements,15.3.0
2018-06,RAN#80,RP-181089,5073,1,F,CR to correct Note 18 in table 7.3.1A-0bE in rel 15,15.3.0
2018-06,RAN#80,RP-181089,5074,1,B,CR for 36101 to update 2DL1UL CA basket items,15.3.0
2018-06,RAN#80,RP-181116,5077,,A,Correction to Rel-14 CA configurations,15.3.0
2018-06,RAN#80,RP-181100,5078,,F,Addition of Band 72 and 73 to chapter 8 and 9 general clauses,15.3.0
2018-06,RAN#80,RP-181110,5081,,A,Correction to LAA RMC (Rel-14),15.3.0
2018-06,RAN#80,RP-181110,5084,,A,Update to chapter 8 LAA requirements,15.3.0
2018-06,RAN#80,RP-181091,5085,,F,Corrections to Rel-15 CA configurations,15.3.0
2018-06,RAN#80,RP-181094,5086,,B,Introduction of additional xDL/2UL CA band combinations in rel-15,15.3.0
2018-06,RAN#80,RP-181096,5087,,B,CR on introduction of new V2X band combinations in rel-15,15.3.0
2018-06,RAN#80,RP-181084,5088,2,B,NB-IoT: Adding TDD support in TS 36.101,15.3.0
2018-06,RAN#80,RP-181115,5091,,A,Removal of square brackets from eNB-IoT UE demodulation requirements,15.3.0
2018-06,RAN#80,RP-181093,5092,,B,Introduction of more than 5DL CA combinations to 36.101,15.3.0
2018-06,RAN#80,RP-181111,5095,,A,Correction to eMTC subband CQI test R15,15.3.0
2018-06,RAN#80,RP-181092,5096,,B,Introduction of 5DL CA combinations to 36.101,15.3.0
2018-06,RAN#80,RP-181091,5098,,B,Introduction of Rel-15 LTE 4DL/1UL combinations in 36.101,15.3.0
2018-06,RAN#80,RP-181104,5099,1,F,Adding missing spurious emission UE co-existence requirement for B70,15.3.0
2018-06,RAN#80,RP-181079,5102,1,B,CR on introduction of Tx Diversity scenario for eV2X in TS 36.101,15.3.0
2018-06,RAN#80,RP-181079,5103,,B,CR on introduction of sidelink 64QAM in TS 36.101,15.3.0
2018-06,RAN#80,RP-181079,5104,,B,CR on introduction of new eV2X scenarios in TS 36.101,15.3.0
2018-06,RAN#80,RP-181116,5107,,A,CR to add norminal guard band for CA bandwidth class F,15.3.0
2018-06,RAN#80,RP-181083,5108,1,B,CR_UE RF requirement on subPRB feature,15.3.0
2018-06,RAN#80,RP-181090,5109,,B,Introduction of completed R15 3DL/1UL band combinations to TS 36.101,15.3.0
2018-06,RAN#80,RP-181107,5114,,A,Update to CA_NS_04 requirements,15.3.0
2018-06,RAN#80,RP-181108,5118,,A,Update to NS_04 requirements,15.3.0
2018-06,RAN#80,RP-181116,5120,,A,Update to NS_27 requirements,15.3.0
2018-06,RAN#80,RP-181092,5124,,F,Missing channel bandwidths and editorial corrections,15.3.0
2018-06,RAN#80,RP-181101,5125,2,B,Introduction of power class 1 HPUE in Band 31 and 72,15.3.0
2018-06,RAN#80,RP-181100,5128,2,F,CR on Correction on Band 74 requirement on protecting EESS,15.3.0
2018-06,RAN#80,RP-181088,5129,,B,Introduction of Rel-15 LTE Intra-band combinations in 36.101,15.3.0
2018-06,RAN#80,RP-181115,5130,,A,"CR on A-SE, A-SEM and A-MPR for V2X Service in Band 47",15.3.0
2018-09,RAN#81,RP-181899,5169,1,B,CR_UE RF requirement on low output power,15.4.0
2018-09,RAN#81,RP-181899,5170,1,B,CR_UE RF requirement on subPRB feature,15.4.0
2018-09,RAN#81,RP-181902,5164,,F,CR on UE category for DL 1024QAM in TS 36.101,15.4.0
2018-09,RAN#81,RP-181902,5141,2,B,CR: test case for reduced DMRS,15.4.0
2018-09,RAN#81,RP-181903,5167,,F,CR on V2X reference measurement channel for R15,15.4.0
2018-09,RAN#81,RP-181908,5190,1,A,Correction on Table 7.3.1-3 Network signalling value for reference sensitivity,15.4.0
2018-09,RAN#81,RP-181909,5159,,A,Mirror CR Rel-15 towards TS 36.101 to remove square brackets for CA_4A-7A_12A,15.4.0
2018-09,RAN#81,RP-181909,5150,1,F,Correction on Table 6.6.3.2A-0 Requirements for uplink inter-band carrier aggregation (two bands),15.4.0
2018-09,RAN#81,RP-181912,5135,,A,Correction of cqi-pmi-ConfigurationIndex for PUCCH 1-0 static test on multiple cells,15.4.0
2018-09,RAN#81,RP-181913,5179,,A,Corrections of Rel-15 CA specs,15.4.0
2018-09,RAN#81,RP-181913,5173,1,A,CR to add CA_1-21-42 in exception table,15.4.0
2018-09,RAN#81,RP-181913,5163,1,A,CR correction of UL CA configuration CA_40D REFSENS requirement Rel-15,15.4.0
2018-09,RAN#81,RP-181914,5138,,A,"CR on A-SE, A-SEM and A-MPR for V2X Service in Band 47",15.4.0
2018-09,RAN#81,RP-181914,5193,,A,CR on frame structure type for band 47,15.4.0
2018-09,RAN#81,RP-181914,5168,1,A,CR on V2X reference measurment channel for 64QAM,15.4.0
2018-09,RAN#81,RP-181916,5132,,A,Correction on the typo in subclause 9.11.1,15.4.0
2018-09,RAN#81,RP-181916,5152,1,A,Correction on Table 7.3.1A-0bE,15.4.0
2018-09,RAN#81,RP-181916,5154,1,F,Correction on Table 7.3.1A-5,15.4.0
2018-09,RAN#81,RP-181916,5160,1,A,Rel-15 CR towards TS 36.101 to correct errors in notes,15.4.0
2018-09,RAN#81,RP-181917,5139,,F,CR on 1RX CRS-IM requirements corrections,15.4.0
2018-09,RAN#81,RP-181917,5140,,F,CR on FeCoMP requirements corrections,15.4.0
2018-09,RAN#81,RP-181917,5177,,F,Corrections of REFSENS exceptions,15.4.0
2018-09,RAN#81,RP-181917,5181,,F,Corrections to Rel-15 CA configurations,15.4.0
2018-09,RAN#81,RP-181917,5176,1,F,Corrections of Rel-15 CA specs,15.4.0
2018-09,RAN#81,RP-181917,5183,1,B,Introduction of missing R15 2DL2UL band combinations to TS 36.101,15.4.0
2018-09,RAN#81,RP-181917,5146,1,F,Correction on Table 6.6.3.2-1 Spurious emission band UE co-existence,15.4.0
2018-12,RAN#82,RP-182383,5196,,F,UE category M1 and M2 MPR section corrections Rel-15,15.5.0
2018-12,RAN#82,RP-182388,5199,,F,Simplification of CA UE to UE co-ex table by adopting CA band approach,15.5.0
2018-12,RAN#82,RP-182385,5204,,A,Correction to PDSCH CA and DC Demodulation (4 Rx Ant ports),15.5.0
2018-12,RAN#82,RP-182369,5206,1,B,CR for eV2X FRCs and resource pool configuration,15.5.0
2018-12,RAN#82,RP-182369,5207,,F,CR on RMC for sidelink 64QAM,15.5.0
2018-12,RAN#82,RP-182388,5210,,F,Correction of BCS for CA_3A-3A-7A-20A and CA_2A-46A-48C-66A,15.5.0
2018-12,RAN#82,RP-182364,5214,3,B,Introduction of Slot/Subslot-PDSCH demodulation requirements,15.5.0
2018-12,RAN#82,RP-182364,5215,3,B,Introduction of SPDCCH demodulation requirements,15.5.0
2018-12,RAN#82,RP-182364,5216,3,B,Introduction of CQI tests for sTTI,15.5.0
2018-12,RAN#82,RP-182365,5217,3,B,Introduction of UE demodulation requirements for eFeMTC,15.5.0
2018-12,RAN#82,RP-182365,5218,2,B,Introduction of CQI reporting requirements for eFeMTC,15.5.0
2018-12,RAN#82,RP-182381,5225,1,A,Correction of spurious emission band UE co-existence for NB-IoT,15.5.0
2018-12,RAN#82,RP-182374,5227,2,B,CR on introduction of 6CCs and 7CCs FDD/TDD CA demodulation performance requirements,15.5.0
2018-12,RAN#82,RP-182374,5228,2,B,CR on introduction of 6CCs and 7CCs FDD-TDD CA demodulation performance requirements,15.5.0
2018-12,RAN#82,RP-182374,5229,2,B,CR on introduction of 6CCs and 7CCs SDR test cases requirements,15.5.0
2018-12,RAN#82,RP-182383,5232,,A,Clarification of applicability for demodulation requirement for CE UE R15,15.5.0
2018-12,RAN#82,RP-182368,5233,,F,Clarification of applicability rule and test parameter for OCC4-based TM9 rank4 demodulation requirement R15,15.5.0
2018-12,RAN#82,RP-182388,5234,1,F,Correction to test parameter in 1Rx CRS-IM demodulation requirement,15.5.0
2018-12,RAN#82,RP-182382,5239,1,F,Correction of LTE UE requirements for inter-band CA - R15,15.5.0
2018-12,RAN#82,RP-182373,5244,,B,CR: Addition of propagation conditions related with 8Rx,15.5.0
2018-12,RAN#82,RP-182368,5245,3,B,CR:For 1024QAM DL demodulation requirements under fading propagation conditions,15.5.0
2018-12,RAN#82,RP-182385,5252,,F,Updating the limit of the Power Spectral Density for LAA in Korea,15.5.0
2018-12,RAN#82,RP-182385,5257,1,F,Correction on REFSENS exception of CA_3A-28A-42C for REL-15,15.5.0
2018-12,RAN#82,RP-182379,5261,1,A,Correction to frequency of CA_4A-7A for MSD with inter-band 2UL,15.5.0
2018-12,RAN#82,RP-182362,5263,1,B,Introduction of NR band protection in TS36.101,15.5.0
2018-12,RAN#82,RP-182369,5264,,B,CR on eV2X UE soft buffer and SDR requirements,15.5.0
2018-12,RAN#82,RP-182386,5265,1,B,CR to TS 36.101: Implementation of UL PRB to DL PRB center offset for TDD NB-IoT,15.5.0
2018-12,RAN#82,RP-182369,5266,1,B,CR for eV2X single link PSSCH tests and PSCCH decoding capability test cases,15.5.0
2018-12,RAN#82,RP-182381,5273,,A,PDSCH traffic pattern in 4Rx PHICH Demodulation test - Rel-15,15.5.0
2018-12,RAN#82,RP-182379,5275,1,A,MCG/SCG Abbreviations in TS36.101 in rel-15,15.5.0
2018-12,RAN#82,RP-182385,5280,,A,Remove the brackets in Rel-14 V2V AMPR,15.5.0
2018-12,RAN#82,RP-182385,5285,,A,Corrections of REFSENS exceptions in Rel-15 Cas,15.5.0
2018-12,RAN#82,RP-182388,5286,1,F,Misc corrections on Rel-15 CAs,15.5.0
2018-12,RAN#82,RP-182366,5291,1,A,CR MPR for NB-IoT PC6 Rel-15,15.5.0
2018-12,RAN#82,RP-182374,5293,,B,CR on introduction of 6CCs and 7CCs LAA CA demodulation performance requirements,15.5.0
2018-12,RAN#82,RP-182365,5298,1,B,CR_UE RF requirement on subPRB feature_cat_M1,15.5.0
2018-12,RAN#82,RP-182365,5299,,B,CR_UE RF requirement on subPRB feature_cat_M2,15.5.0
2018-12,RAN#82,RP-182388,5301,,F,Rel-15 CR to remove NS_04 requirements,15.5.0
2018-12,RAN#82,RP-182373,5303,1,B,CR on 8Rx CA RF requirement for TS 36.101,15.5.0
2018-12,RAN#82,RP-182372,5306,1,B,CR for demodulation performance requirements for network-based CRS interference mitigation,15.5.0
2018-12,RAN#82,RP-182373,5307,1,B,CR: applicability and test rules for 8Rx capable UEs,15.5.0
2018-12,RAN#82,RP-182373,5308,1,B,CR: Addition of performance requirements for 8Rx,15.5.0
2018-12,RAN#82,RP-182373,5309,1,B,CR: Addition of SDR test for 8Rx,15.5.0
2018-12,RAN#82,RP-182368,5312,1,B,CR: SDR test cases with 1024QAM DL,15.5.0
2018-12,RAN#82,RP-182368,5313,1,B,CR: For 1024QAM DL CSI requirements,15.5.0
2018-12,RAN#82,RP-182388,5314,2,F,CR for 36.101: PC2 UTRA ACLR exemption list update,15.5.0
2018-12,RAN#82,RP-182388,5317,2,F,CR for 36.101: Introduction of a PC3 UTRA ACLR exemption list,15.5.0
2018-12,RAN#82,RP-182388,5318,1,F,CR to TS 36.101 – revision of OOB for B42,15.5.0
2018-12,RAN#82,RP-182388,5319,2,F,CR to TS 36.101 – Add RF requirements for CA 66C,15.5.0
2018-12,RAN#82,RP-182373,5320,,B,CR: Addition of CQI tests for 8Rx,15.5.0
2018-12,RAN#82,RP-182376,5195,1,B,Introduction of band 53 into TS 36.101,16.0.0
2018-12,RAN#82,RP-182375,5202,,B,Introducing CR on new xDL/2UL CA band combinations in TS36.101 rel-16,16.0.0
2018-12,RAN#82,RP-182375,5208,,B,"Introduction of LTE inter-band Carrier Aggregation for x bands DL (x=4, 5) with 1 band UL to TS36.101",16.0.0
2018-12,RAN#82,RP-182377,5220,,B,CR of adding LTE B65 for UE category NB1 and NB2 in R16,16.0.0
2018-12,RAN#82,RP-182375,5292,,B,Introduction of Rel-16 LTE inter-band CA for 2 bands DL with 1 band UL combinations in TS36101,16.0.0
2018-12,RAN#82,RP-182375,5297,,B,Introduction of completed LTE CA for  2 bands DL with 2 band into Rel-16 TS 36.101,16.0.0
2018-12,RAN#82,RP-182375,5300,,B,Introduction of Rel-16 LTE Intra-band combinations in 36.101,16.0.0
2018-12,RAN#82,RP-182375,5302,,B,Introduction of completed LTE CA for  3 bands DL with 1 bands UL into Rel-16 TS 36.101,16.0.0
2019-03,RAN#83,RP-190401,5327,1,A,V2X UE protection to NR bands in TS36.101,16.1.0
2019-03,RAN#83,RP-190405,5374,,A,Correction of UE demodulation requirements for SPDCCH,16.1.0
2019-03,RAN#83,RP-190405,5376,,A,Correction of UE demodulation requirements for Slot/Subslot-PDSCH,16.1.0
2019-03,RAN#83,RP-190405,5378,,A,Correction of sTTI CQI reporting test,16.1.0
2019-03,RAN#83,RP-190406,5362,,A,CR: Addition of performance requirements for FeNB-IoT TDD NPBCH(Rel-16),16.1.0
2019-03,RAN#83,RP-190406,5366,,A,CR: Addition of performance requirements for FeNB-IoT TDD NPDSCH(Rel-16),16.1.0
2019-03,RAN#83,RP-190406,5364,1,A,CR: Addition of performance requirements for FeNB-IoT TDD NPDCCH(Rel-16),16.1.0
2019-03,RAN#83,RP-190408,5352,,A,CR: Addition of FRC for 8Rx(Rel-16),16.1.0
2019-03,RAN#83,RP-190408,5354,,A,CR: Updates to the applicability and test rule for 8Rx capble UE(Rel-16),16.1.0
2019-03,RAN#83,RP-190408,5356,,A,CR: Updates to 8Rx demodulation performance requirements(Rel-16),16.1.0
2019-03,RAN#83,RP-190408,5358,,A,CR: Updates to 8Rx SDR tests(Rel-16),16.1.0
2019-03,RAN#83,RP-190408,5360,,A,CR: Updates to 8Rx CQI tests(Rel-16),16.1.0
2019-03,RAN#83,RP-190409,5324,,B,"Introducing CR on new x bands (x=3,4,5) DL with 2 bands UL inter-band CA in TS36.101 rel-16",16.1.0
2019-03,RAN#83,RP-190409,5329,,B,"Introduction of LTE inter-band Carrier Aggregation for x bands DL (x=4, 5) with 1 band UL to TS36.101",16.1.0
2019-03,RAN#83,RP-190409,5347,,B,Introduction of Rel-16 LTE inter-band CA for 2 bands DL with 1 band UL combinations in TS36101,16.1.0
2019-03,RAN#83,RP-190409,5388,,B,Introduction of Rel-16 LTE Intra-band combinations in 36.101,16.1.0
2019-03,RAN#83,RP-190409,5402,,B,Introduction of completed LTE CA for  3 bands DL with 1 bands UL into Rel-16 TS 36.101,16.1.0
2019-03,RAN#83,RP-190411,5341,,A,"CR on protection Band 32, 75 and 76 for Band 28 and corresponding band combinations",16.1.0
2019-03,RAN#83,RP-190414,5372,,A,CR: Correction to 4Rx TDD CQI TC 9.9.1.4.2 (Rel-16),16.1.0
2019-03,RAN#83,RP-190415,5336,,A,CR on absolut power tolerance for V2X,16.1.0
2019-03,RAN#83,RP-190415,5401,,A,Correction of PCmax requirement for V2X,16.1.0
2019-03,RAN#83,RP-190415,5344,1,A,Corrections to Rel-16 CA configurations,16.1.0
2019-03,RAN#83,RP-190420,5349,,A,CR to 36.101: frequency offset between anchor and non-anchor carrier for TDD NB-IoT standalone operation,16.1.0
2019-03,RAN#83,RP-190420,5368,,A,CR: Updates to test cases for 1024QAM (Rel-16),16.1.0
2019-03,RAN#83,RP-190420,5385,,A,CR for TDD requirements for network-based CRS interference mitigation (Rel-16),16.1.0
2019-03,RAN#83,RP-190420,5323,1,A,CR to 36.101 on simulation parameters and FRCs for 1024QAM testcases,16.1.0
2019-03,RAN#83,RP-190421,5380,,A,Correction of PDSCH demodulation requirements for eFeMTC,16.1.0
2019-03,RAN#83,RP-190421,5382,,A,Correction of CQI reporting test requirements for eFeMTC,16.1.0
2019-03,RAN#83,RP-190422,5331,,A,Editorial correction R15 CA,16.1.0
2019-03,RAN#83,RP-190422,5406,,A,Correction on eV2X demodulation requirements,16.1.0
2019-03,RAN#83,RP-190422,5405,,A,CR TS 36.101 Update of LAA REFSENS exclusion region for B25 and B12,16.1.0
2019-03,RAN#83,RP-190422,5403,,A,CR TS 36.101 Introduction of a PC3 UTRA ACLR exemption list for CA,16.1.0
2019-03,RAN#83,RP-190422,5333,1,A,CA Rx requirement for more than five downlink carriers,16.1.0
2019-03,RAN#83,RP-190422,5346,1,A,Corrections to Rel-16 CA configurations,16.1.0
2019-03,RAN#83,RP-190422,5383,1,A,Alignment of Foob related description for 36.101,16.1.0
2019-03,RAN#83,RP-190422,5408,1,A,CR to 36.101 for CA configuration on CA_3A-41C-42C,16.1.0
2019-06,RAN#84,RP-191261,5413,1,A,CR to exclude 100kHz for NBIOT for B26 band edge operation,16.2.0
2019-06,RAN#84,RP-191266,5415,2,A,CR for 36.101 adding band 46 for Rx spurious emissions(Rel-16),16.2.0
2019-06,RAN#84,RP-191266,5421,,A,Finalize UE demodulation requirements for CRS-IM,16.2.0
2019-06,RAN#84,RP-191266,5423,,A,Finalize UE demodulation requirements for sTTI,16.2.0
2019-06,RAN#84,RP-191266,5425,,A,Finalize CQI reporting test for sTTI,16.2.0
2019-06,RAN#84,RP-191267,5427,,A,Editorial corrections for 36.101 CA OOB additional spectrum emission requirements,16.2.0
2019-06,RAN#84,RP-191266,5431,,A,Update 4Rx Requirement for Band 30,16.2.0
2019-06,RAN#84,RP-191264,5435,1,A,CR for correcting A-MPR for subPRB for CAT-M1 and CAT-M2 type A,16.2.0
2019-06,RAN#84,RP-191264,5437,,A,CR: Updates to V2X test applicability(Rel-16),16.2.0
2019-06,RAN#84,RP-191265,5441,,A,CR on antenna configurations for NB-IoT demodualtion performance requirements (Rel-16),16.2.0
2019-06,RAN#84,RP-191255,5444,,B,Introduction of completed LTE CA for  2 bands DL with 2 bands UL into Rel-16 TS 36.101,16.2.0
2019-06,RAN#84,RP-191266,5446,1,A,Shadow CR for TS 36.101: CA_NS_04 A-MPR Corrections (Rel-16),16.2.0
2019-06,RAN#84,RP-191258,5447,1,F,CR for TS 36.101: Add B25 MSD for CA_25-41,16.2.0
2019-06,RAN#84,RP-191256,5449,1,B,Introduction of bands 87 and 88 into TS 36.101,16.2.0
2019-06,RAN#84,RP-191259,5453,,A,Correction to demodulation of PDCCH for LAA,16.2.0
2019-06,RAN#84,RP-191266,5455,,A,CR: cleanup for LTE 8Rx DL (Rel-16),16.2.0
2019-06,RAN#84,RP-191255,5458,,B,Introduction of completed LTE CA for  2 bands DL with 2 bands UL into Rel-16 TS 36.101,16.2.0
2019-06,RAN#84,RP-191261,5461,1,A,CR to Rel-16 TS 36.101 CA_NS_08 A-MPR,16.2.0
2019-06,RAN#84,RP-191255,5465,,B,"Introduction of LTE inter-band Carrier Aggregation for x bands DL (x=4, 5) with 1 band UL to TS36.101",16.2.0
2019-06,RAN#84,RP-191267,5470,,A,CR to TS 36.101 - NB-IoT REFSENS requirement being band agnostic,16.2.0
2019-06,RAN#84,RP-191259,5474,,A,Correction to demodulation of PDSCH LAA,16.2.0
2019-06,RAN#84,RP-191255,5475,,B,"Introducing CR on new x bands (x=3,4,5) DL with 2 bands UL inter-band CA in TS36.101 rel-16",16.2.0
2019-06,RAN#84,RP-191255,5476,,B,"Introducing CR on new x bands (x=3,4,5) DL with 2 bands UL inter-band CA in TS36.101 rel-16",16.2.0
2019-06,RAN#84,RP-191255,5478,,B,Introduction of completed R16 3DL band combinations to TS 36.101,16.2.0
2019-06,RAN#84,RP-191255,5480,1,B,Introduction of Rel-16 LTE inter-band CA for 2 bands DL with 1 band UL combinations in TS36101,16.2.0
2019-09,RAN#85,RP-192056,5484,,A,Correction to reference sensitivity for Band 74,16.3.0
2019-09,RAN#85,RP-192056,5490,,A,"CR to 36.101 rel. 16 to fix Out-of-band Blocking issue for bands 51, 76",16.3.0
2019-09,RAN#85,RP-192051,5494,,A,Correction to RMC for Cat M1 CSI tests,16.3.0
2019-09,RAN#85,RP-192041,5495,3,B,CR: Demod test definition for HST in 500km/h speed,16.3.0
2019-09,RAN#85,RP-192056,5497,,A,"CR to 36.101 NS_40, NS_41, NS_42 spurious emission requirement",16.3.0
2019-09,RAN#85,RP-192045,5498,,B,Introduction of PC2 for Category HD-FDD M1 and M2 UE operating on bands 31 and 72,16.3.0
2019-09,RAN#85,RP-192051,5502,,A,CR for Narrowband blocking for LTE CatM1/M2,16.3.0
2019-09,RAN#85,RP-192042,5503,1,B,"Introduction of LTE-A inter-band CA Rel-16 for new x bnads (x=3,4,5) DL with 2 bands UL to TS36.101",16.3.0
2019-09,RAN#85,RP-192052,5506,,A,Correction to B70 UE Co-existence,16.3.0
2019-09,RAN#85,RP-192042,5511,,B,"Introduction of LTE inter-band Carrier Aggregation for x bands DL (x=4, 5) with 1 band UL to TS36.101",16.3.0
2019-09,RAN#85,RP-192042,5512,,B,Introduction of completed R16 3DL band combinations to TS 36.101,16.3.0
2019-09,RAN#85,RP-192052,5513,1,A,CR for 36.101 Pcmax for V2X_v16,16.3.0
2019-09,RAN#85,RP-192043,5519,1,B,CR of adding LTE B42/B43 for UE category NB1/NB2 and CAT_M1/M2 in R16,16.3.0
2019-09,RAN#85,RP-192043,5520,1,B,CR of adding LTE B7 for UE category NB1/NB2 in R16,16.3.0
2019-09,RAN#85,RP-192042,5521,,B,Introduction of Rel-16 LTE inter-band CA for 2 bands DL with 1 band UL combinations in TS36101,16.3.0
2019-09,RAN#85,RP-192056,5522,,A,CR for 36.101: adding spurious emission band UE co-existence for CA_1-41,16.3.0
2019-09,RAN#85,RP-192042,5524,1,F,Rel-16 CR to 36.101 to correct typos,16.3.0
2019-09,RAN#85,RP-192056,5526,1,A,Update NS_40 into TS 36.101,16.3.0
2019-09,RAN#85,RP-192056,5527,1,A,Update NS_42  into TS 36.101,16.3.0
2019-09,RAN#85,RP-192042,5529,,B,Introduction of completed LTE CA for  2 bands DL with 2 bands UL into Rel-16 TS 36.101,16.3.0
2019-12,RAN#86,RP-193046,5537,,A,CR: Updates to HST-SFN channel model (Rel-16),16.4.0
2019-12,RAN#86,RP-193044,5552,1,F,CR to 36.101 to revise LTE CA_NS_04 AMPR for BW class D,16.4.0
2019-12,RAN#86,RP-193043,5555,,A,CR to 36.101 to revise CA_NS_04 AMPR for BW Class C,16.4.0
2019-12,RAN#86,RP-193043,5558,,A,"CR to 36.101 rel. 15 to fix Out-of-band Blocking issue for bands 38, 41",16.4.0
2019-12,RAN#86,RP-193043,5560,,A,CR to 36.101 rel. 15 to fix Out-of-band Blocking issue for bands 32,16.4.0
2019-12,RAN#86,RP-193027,5561,,B,"Introduction of LTE inter-band Carrier Aggregation for x bands DL (x=4, 5) with 1 band UL to TS36.101",16.4.0
2019-12,RAN#86,RP-193027,5562,,D,Remove double entry of CA_41F,16.4.0
2019-12,RAN#86,RP-193049,5564,,A,Correction of Note number in Table 5.6.1-1,16.4.0
2019-12,RAN#86,RP-193046,5567,,A,DeltaTib for CA_1-7-46,16.4.0
2019-12,RAN#86,RP-193046,5570,,A,CR for correction on Rel-14 eFDMIMO PMI test cases with advanced codebook for TS 36.101 (Rel-16),16.4.0
2019-12,RAN#86,RP-193044,5571,3,B,Adding Band40 for UE category 1bis into Rel-16 TS 36.101,16.4.0
2019-12,RAN#86,RP-193027,5573,,B,"Introduction of LTE-A inter-band CA for x bands (x=3,4,5) DL with 2 bands UL into TS36.101",16.4.0
2019-12,RAN#86,RP-193043,5578,,A,Correction to intraband contiguous CA in-band and out-of-band blocking tables REL-16,16.4.0
2019-12,RAN#86,RP-193026,5579,1,B,CR on introducing UE demodulation tests for 500km/h velocity,16.4.0
2019-12,RAN#86,RP-193026,5580,1,B,Introduction of CA PDSCH demodulation requirements with HST-SFN,16.4.0
2019-12,RAN#86,RP-193023,5581,1,B,CR to TS 36.101 - NB-IoT in NR in-band support clarifications,16.4.0
2019-12,RAN#86,RP-193027,5583,,B,Introduction of Rel-16 LTE inter-band CA for 2 bands DL with 1 band UL combinations in TS36101,16.4.0
2019-12,RAN#86,RP-193026,5584,1,B,CR for Addition of test applicability rule for LTE HST CA test(Re-16),16.4.0
2019-12,RAN#86,RP-193027,5587,,B,Introduction of completed R16 3DL band combinations to TS 36.101,16.4.0
2019-12,RAN#86,RP-193046,5588,,A,CR for 36.101 UE-to-UE coexistence for V2X_v16,16.4.0
2020-03,RAN#87-e,RP-200414,5591,,B,"Introduction of LTE inter-band Carrier Aggregation for x bands DL (x=4, 5) with 1 band UL to TS36.101",16.5.0
2020-03,RAN#87-e,RP-200414,5593,,A,Mirror CR for 36.101: Missing Pcmax tolerance for 23-33 dBm in Table 6.2.5A-2 and Table 6.2.5B-1,16.5.0
2020-03,RAN#87-e,RP-200412,5596,,F,CR to TS 36.101: Finalization on PDSCH demodulation with 500km/h velocity,16.5.0
2020-03,RAN#87-e,RP-200414,5599,,B,Introduction of Rel-16 LTE inter-band CA for 2 bands DL with 1 band UL combinations in TS36101,16.5.0
2020-03,RAN#87-e,RP-200500,5601,,B,Introduction of completed R16 3DL band combinations to TS 36.101,16.5.0
2020-03,RAN#87-e,RP-200416,5602,1,B,CR for TS 36.101-1 Introduction of new SRS requirements for LTE eMIMO,16.5.0
2020-03,RAN#87-e,RP-200384,5595,1,B,Introducing new channel bandwidth for band n28,16.5.0
2020-06,RAN#88,RP-201060,5608,,A,CR Coexistence cleanup for 36101 Rel16,16.6.0
2020-06,RAN#88,RP-200988,5613,,A,CR for TS 36.101: CR for spec corrections for MSD table,16.6.0
2020-06,RAN#88,RP-201060,5615,,A,Corrections of CA band combo table,16.6.0
2020-06,RAN#88,RP-200988,5618,,A,Mirror CR for 36.101: fix modifiedMPRbehavior for NS_31,16.6.0
2020-06,RAN#88,RP-201060,5619,,B,"Introduction of LTE-A inter-band CA for x bands (x=3,4,5) DL with 2 bands UL to TS36.101",16.6.0
2020-06,RAN#88,RP-200961,5620,,B,Adding Band34 for UE category 1bis into Rel-16 TS 36.101,16.6.0
2020-06,RAN#88,RP-200988,5622,,A,CR: Updates to FeNB-IoT UE performance requirements in 36.101 (Rel-16),16.6.0
2020-06,RAN#88,RP-200991,5627,,A,CR: Updates to LTE CQI test cases 9.2.1.7 and 9.2.1.8 (Rel-16),16.6.0
2020-06,RAN#88,RP-200988,5629,,A,CR: Introduction for intra-band contiguous CA performance requirements for FDD with minimum channel spacing (Rel-16),16.6.0
2020-06,RAN#88,RP-201060,5633,,B,Introduction of Rel-16 LTE inter-band CA for 2 bands DL with 1 band UL combinations in TS36101,16.6.0
2020-06,RAN#88,RP-200988,5636,,A,CR to remove TBD and braket on CAT-M2 Type A for Rel-16,16.6.0
2020-06,RAN#88,RP-201060,5638,,F,CR Rel-16 for editorial corrections TS 36.101,16.6.0
2020-06,RAN#88,RP-200967,5639,,F,CR for Band 53 NS_45 requirement and OOB blocking,16.6.0
2020-06,RAN#88,RP-201045,5640,1,B,Addition of UE coexistence between US bands and NR Band n77,16.6.0
2020-06,RAN#88,RP-201060,5641,,B,Introduction of completed R16 3DL band combinations to TS 36.101,16.6.0
2020-06,RAN#88,RP-201060,5646,,B,Introduction of completed LTE CA for  2 bands DL with 2 bands UL into Rel-16 TS 36.101,16.6.0
2020-06,RAN#88,RP-200989,5649,,A,CR to remove TBD for A-MPR for NS_33 in 36.101 Rel-16,16.6.0
2020-06,RAN#88,RP-200988,5651,,A,CR to remove TBD in in clause 6.6.3 in 36.101 Rel-16,16.6.0
2020-09,RAN#89,RP-201512,5653,,A,Correction to band 85 spurious emission limits UE co-existence,16.7.0
2020-09,RAN#89,RP-201535,5654,1,F,Coexistence cleanup for 36101 Rel16,16.7.0
2020-09,RAN#89,RP-201512,5656,2,F,A-MPR definition for CA_48B,16.7.0
2020-09,RAN#89,RP-201512,5659,,A,Correction of OCNG configuration for LAA SDR requirements,16.7.0
2020-09,RAN#89,RP-201512,5661,,A,Addition of applicability for MTC UE capable of 64QAM DL,16.7.0
2020-09,RAN#89,RP-201508,5662,1,B,Introduction of enhanced MPDCCH demodulation requirements,16.7.0
2020-09,RAN#89,RP-201508,5663,1,B,Introduction of CSI-RS based PMI reporting test for non-BL UEs,16.7.0
2020-09,RAN#89,RP-201512,5667,,F,Correction of band combinations table in Rel-16,16.7.0
2020-09,RAN#89,RP-201510,5669,1,B,CR to 36.101: Introduction of LTE based 5G terrestrial broadcast numerologies,16.7.0
2020-09,RAN#89,RP-201512,5670,,A,Update to NB-IOT aggregate power control tolerance for TDD,16.7.0
2020-09,RAN#89,RP-201510,5671,1,B,CR addition on  LTE-based 5G terrestrial broadcast,16.7.0
2020-09,RAN#89,RP-201509,5672,1,B,CR: Introduce NPDSCH performance requirements for multi-TB interleaved transmission.,16.7.0
2020-09,RAN#89,RP-201535,5673,,F,CR to 36.101 Removal band 10 protection,16.7.0
2020-09,RAN#89,RP-201535,5675,,F,CR to 36.101 Correction to CA_NS_10,16.7.0
2020-12,RAN#90,RP-202484,5676,,F,Correction of B88 UL EARFCN,17.0.0
2020-12,RAN#90,RP-202493,5682,1,A,Clarifications and corrections on UE co-ex requirements(R16),17.0.0
2020-12,RAN#90,RP-202484,5683,,F,LTE CA corrections,17.0.0
2020-12,RAN#90,RP-202482,5684,,F,Band 88 and 87 bracket removal,17.0.0
2020-12,RAN#90,RP-202484,5686,,F,Coexistence cleanup for 36101 Rel16,17.0.0
2020-12,RAN#90,RP-202498,5690,,A,CR for 36.101 to clarify the SCS supports for LTE MBMS (Rel-16),17.0.0
2020-12,RAN#90,RP-202512,5693,1,A,CR on cleanup for LTE FeMBMS(Rel-16),17.0.0
2020-12,RAN#90,RP-202481,5694,1,F,CR on cleanup for LTE-based 5G terrestrial broadcast,17.0.0
2020-12,RAN#90,RP-202474,5696,1,F,CR: Cleanup for NPDSCH performance requirements for multi-TB interleaved transmission in TS 36.101,17.0.0
2020-12,RAN#90,RP-202492,5698,2,A,CR for 36.101: Cleanup for performance requirements of sTTI (Rel-16),17.0.0
2020-12,RAN#90,RP-202473,5700,,F,Clean up of enhanced MPDCCH demodulation requirements,17.0.0
2020-12,RAN#90,RP-202473,5701,1,F,Clean up of CSI-RS based PMI reporting test for non-BL UEs,17.0.0
2020-12,RAN#90,RP-202510,5703,1,A,CR Correction to B72 coex - CA_NS_08 - Band 10 protection 36.101 Rel16,17.0.0
2020-12,RAN#90,RP-202477,5707,1,F,CR for editorial corrections 36.101,17.0.0
2020-12,RAN#90,RP-202477,5708,,F,CR for 36.101: Corrections for UL CA_41D,17.0.0
2020-12,RAN#90,RP-202476,5709,,B,Introduction of completed R17 3DL band combinations to TS 36.101,17.0.0
2021-03,RAN#91,RP-210188,5715,,B,"Introduction of LTE-A inter-band CA for x bands (x=3,4,5) DL with 2 bands UL to TS36.101",17.1.0
2021-03,RAN#91,RP-210110,5716,1,B,CR of adding LTE B24 for UE category NB1/NB2 in R17,17.1.0
2021-03,RAN#91,RP-210119,5719,,A,CR for missing B48 references in a table and note,17.1.0
2021-03,RAN#91,RP-210187,5720,,B,"Introduction of LTE inter-band Carrier Aggregation for x bands DL (x=4,5) with 1 band UL to TS36.101",17.1.0
2021-03,RAN#91,RP-210109,5722,,A,CR for 36.101 to add missing spurious emissions for band 38 UE co-existence (Rel-17),17.1.0
2021-03,RAN#91,RP-210185,5723,,B,Introduction of Rel-17 LTE inter-band CA for 2 bands DL with 1 band UL combinations in TS 36.101,17.1.0
2021-03,RAN#91,RP-210109,5726,,A,CR for TS 36.101: Cleanup for spurious emissions for UE co-existence table,17.1.0
2021-03,RAN#91,RP-210186,5727,,B,Introduction of completed R17 3DL band combinations to TS 36.101,17.1.0
2021-03,RAN#91,RP-210111,5734,1,A,CR for 36.101: Corrections related to Band 24 regulatory updates,17.1.0
2021-06,RAN#92,RP-211076,5739,,A,Correction of LTE 5DL CA demodulation requirements,17.2.0
2021-06,RAN#92,RP-211076,5742,,A,Correction to NB-IoT TDD RMCs,17.2.0
2021-06,RAN#92,RP-211076,5747,,A,Correction to NB-IoT HD-FDD RMCs,17.2.0
2021-06,RAN#92,RP-211079,5749,,F,CR LTE CA corrections R17 CAT F,17.2.0
2021-06,RAN#92,RP-211092,5758,,A,CR for updates related to LTE band 24 in 36.101 (Rel-17),17.2.0
2021-06,RAN#92,RP-211092,5769,,A,CR to TS 36.101[R17]: Addition of UE co-existence requirements for band 40,17.2.0
2021-06,RAN#92,RP-211077,5774,,A,Cleanup for UE co-existence 36.101 Rel-17,17.2.0
2021-06,RAN#92,RP-211120,5776,,B,"Introduction of LTE-A inter-band CA for x bands (x=3,4,5) DL with 2 bands UL to TS36.101",17.2.0
2021-06,RAN#92,RP-211093,5791,,A,CR of updating the subPRB UE aspect,17.2.0
2021-06,RAN#92,RP-211120,5795,,B,Introduction of completed LTE CA for  2 bands DL with 2 bands UL into Rel-17 TS 36.101,17.2.0
2021-06,RAN#92,RP-211110,5799,,A,Mirror CR for 36.101: Introduction of NS Signalling for NB-IoT in the USA,17.2.0
2021-09,RAN#93,RP-211914,5800,,B,Big CR to TS36.101: Rel-17 LTE inter-band CA for 2 bands DL and 1 band UL CA,17.3.0
2021-09,RAN#93,RP-211920,5808,,A,CR for updates related to LTE band 24 in 36.101 (Rel-17),17.3.0
2021-09,RAN#93,RP-211918,5810,,B,"Introduction of LTE-A inter-band CA for x bands (x=3,4,5) DL with 2 bands UL to TS36.101",17.3.0
2021-09,RAN#93,RP-211916,5812,,B,"Introduction of LTE inter-band Carrier Aggregation for x bands DL (x=4, 5, 6) with 1 band UL to TS36.101",17.3.0
2021-09,RAN#93,RP-211919,5813,,B,CR on adding B24 for Cat-M1_M2 36.101,17.3.0
2021-09,RAN#93,RP-211917,5814,,B,Introduction of completed LTE CA for 2 bands DL with 2 bands UL into Rel-17 TS 36.101,17.3.0
2021-09,RAN#93,RP-211915,5815,,B,Introduction of completed R17 3DL band combinations to TS 36.101,17.3.0
2021-09,RAN#93,RP-211919,5816,,B,CR for adding MOP for LTE Band 24 for UE categories M1 and M2,17.3.0
2021-09,RAN#93,RP-211914,5821,,A,Big CR for TS 36.101 Maintenance(Rel-17),17.3.0
2021-12,RAN#94,RP-212842,5822,,B,CR for adding A-MPR for LTE Band 24 for UE categories M1 and M2,17.4.0
2021-12,RAN#94,RP-212844,5830,,A,CR to clarify default Tx-Rx spacing for LTE band 24,17.4.0
2021-12,RAN#94,RP-212843,5835,1,B,CR IBE mask and MPR for NB-IoT 16-QAM,17.4.0
2021-12,RAN#94,RP-212841,5836,,B,"Introduction of LTE-A inter-band CA for x bands (x=3,4,5) DL with 2 bands UL to TS36.101",17.4.0
2021-12,RAN#94,RP-212838,5838,,B,Big CR to TS36.101: Rel-17 LTE inter-band CA for 2 bands DL and 1 band UL CA,17.4.0
2021-12,RAN#94,RP-212840,5839,,B,"Big CR to TS36.101: LTE Advanced inter-band CA Rel-17 for x bands DL (x=4, 5, 6) with 1 band UL",17.4.0
2021-12,RAN#94,RP-212824,5843,,F,Big CR for TS 36.101 Maintenance (Rel-17),17.4.0
2021-12,RAN#94,RP-212839,5845,,F,Big CR to TS36.101: Introduction of completed R17 3DL band combinations to TS 36.101,17.4.0
2022-03,RAN#95,RP-220348,5850,,B,Big CR to TS36.101: Rel-17 LTE inter-band CA for 2 bands DL and 1 band UL CA,17.5.0
2022-03,RAN#95,RP-220348,5852,,B,Big CR for TS 36.101: Introduction of completed LTE CA for 2 bands DL with 2 bands UL (Rel-17),17.5.0
2022-03,RAN#95,RP-220348,5853,,B,"Big CR to TS36.101: LTE Advanced inter-band CA Rel-17 for x bands DL (x=4, 5, 6) with 1 band UL",17.5.0
2022-03,RAN#95,RP-220347,5848,1,B,Introduction of upper 700MHz A block into TS 36.101,17.5.0
2022-03,RAN#95,RP-220348,5851,1,F,CR for 36.101 on LTE REFSENS exception simplification,17.5.0
2022-03,RAN#95,RP-220330,5857,,A,Big CR for TS 36.101 Maintenance (Rel-17),17.5.0
2022-03,RAN#95,RP-220348,5858,,B,Big CR to TS 36.101: LTE inter-band Carrier Aggregation for 3 bands DL with 1 band UL,17.5.0
2022-06,RAN#96,RP-221669,5859,,B,"Introduction of LTE-A inter-band CA for x bands (x=3,4,5) DL with 2 bands UL to TS36.101",17.6.0
2022-06,RAN#96,RP-221654,5860,1,F,CR 36101-h50 adding fallbacks,17.6.0
2022-06,RAN#96,RP-221669,5862,,B,Big CR on Introduction of completed R17 3DL 1 UL CA band combinations to TS 36.101,17.6.0
2022-06,RAN#96,RP-221669,5863,,B,Big CR to TS36.101: Rel-17 LTE inter-band CA for 2 bands DL and 1 band UL CA,17.6.0
2022-06,RAN#96,RP-221669,5867,,F,LTE CA corrections R17,17.6.0
2022-06,RAN#96,RP-221669,5868,,B,Big CR for TS 36.101: Introduction of completed LTE CA for 2 bands DL with 2 bands UL (Rel-17),17.6.0
2022-06,RAN#96,RP-221669,5869,,F,CR for TS 36.101 Rel-17: Corrections on band combinations for UE co-existence,17.6.0
2022-06,RAN#96,RP-221669,5870,,B,"Big CR to TS 36.101: LTE Advanced inter-band CA Rel-17 for x bands DL (x=4, 5, 6) with 1 band UL",17.6.0
2022-06,RAN#96,RP-221667,5874,,F,Big CR for TS 36.101 Maintenance (Rel-17),17.6.0
2022-06,RAN#96,RP-221669,5875,,B,CR on adding B48 for M1/M2/NB1/NB2,17.6.0
2022-09,RAN#97-e,RP-222028,5876,,F,CR 36.101: Rel-17 Adding missing fallback combinations and bug fixes,17.7.0
2022-09,RAN#97-e,RP-222029,5880,,B,Big CR for TS 36.101 for Rel-17 NB-IoT and eMTC UE performance requirements,17.7.0
2022-09,RAN#97-e,RP-222024,5888,,F,Big CR for 36.101 maintenance (Rel-17),17.7.0
2022-12,RAN#98-e,RP-223309,5891,,F,CR addition of protection for n100 and n101 into 36.101,17.8.0
2022-12,RAN#98-e,RP-223298,5892,1,F,LTE CA corrections,17.8.0
2022-12,RAN#98-e,RP-223298,5894,1,F,CR for corrections on Rel-17 band combinations in TS36.101,17.8.0
2022-12,RAN#98-e,RP-223308,5895,,F,CR on cleanup for Rel-17 NPDSCH requirements with 16QAM in TS 36.101,17.8.0
