UE-EUTRA-Capability field descriptions,,FDD/ TDD diff
a4-a5-ReportOnLeaveSupportIndicates whether the UE supports a4-a5-ReportOnLeave in the report configuration.,,-
accessStratumReleaseThis field indicates the release supported by the UE. NOTE 7.,,-
additionalRx-Tx-PerformanceReqIndicates whether the UE supports the additional Rx and Tx performance requirement for a given band combination as specified in TS 36.101 [42].,,-
addSRSPresence of this field indicates the UE supports the additional SRS symbol(s) within the normal UL subframes in TDD as described in TS 36.213 [23].,,-
addSRS-1T2RIndicates whether the UE supports selecting one antenna among two antennas to transmit additional SRS symbol(s) for the corresponding band of the band combination as described in TS 36.213 [23].,,-
addSRS-1T4RIndicates whether the UE supports selecting one antenna among four antennas to transmit additional SRS symbol(s) for the corresponding band of the band combination as described in TS 36.213 [23].,,-
addSRS-2T4R-2PairsIndicates whether the UE supports selecting one antenna pair between two antenna pairs to transmit additional SRS symbol(s) simultaneously for the corresponding band of the band combination as described in TS 36.213 [23].,,-
addSRS-2T4R-3PairsIndicates whether the UE supports selecting one antenna pair among three antenna pairs to transmit additional SRS symbol(s) simultaneously for the corresponding band of the band combination as described in TS 36.213 [23].,,-
addSRS-AntennaSwitching (in addSRS)Value useBasic indicates the antenna switching capabilities for additional SRS symbol(s) for a band of band combination for which the capability is not signalled in bandParameterList-v1610 is the same as indicated by bandParameterList-v1380 and/or bandParameterList-v1530 for the concerned band of band combination.,,-
"addSRS-AntennaSwitching (in bandParameterList-v1610)If signalled, the field indicates the antenna switching capabilities for additional SRS symbol(s) for the concerned band of band combination.",,-
"addSRS-CarrierSwitching (in addSRS)Indicates whether carrier switching is supported for additional SRS symbol(s) for all band pairs of band combinations for which UE supports SRS carrier switching. This field is included only if srs-CapabilityPerBandPairList-r14 is included. If this field is included, addSRS-CarrierSwitching (in bandParameterList-v1610) is not included.",,-
"addSRS-CarrierSwitching (in bandParameterList-v1610)Indicates whether carrier switching is supported for additional SRS symbol(s) for the concerned band pair of band combination. This field is included only if srs-CapabilityPerBandPairList-r14 is included.If this field is included, addSRS-CarrierSwitching (in addSRS) is not included.",,-
addSRS-FrequencyHopping (in addSRS)Indicates whether frequency hopping is supported for additional SRS symbol(s) for all bands of band combinations for which the capability is not signalled in bandParameterList-v1610.,,-
"addSRS-FrequencyHopping (in bandParameterList-v1610)If signalled, the field indicates whether frequency hopping is supported for additional SRS symbol(s) for the concerned band of band combination.",,-
allowedCellListIndicates whether the UE supports EUTRA allowed-cell listing to limit the set of cells applicable for measurements.,,-
alternativeTBS-IndicesIndicates whether the UE supports alternative TBS indices ITBS 26A and 33A as specified in TS 36.213 [23].,,-
alternativeTBS-IndexIndicates whether the UE supports alternative TBS index ITBS 33B as specified in TS 36.213 [23].,,No
alternativeTimeToTriggerIndicates whether the UE supports alternativeTimeToTrigger.,,No
altFreqPriorityIndicates whether the UE supports alternative cell reselection priority.,,No
altMCS-TableIndicates whether the UE supports the 6-bit MCS table as specified in TS 36.212 [22] and TS 36.213 [23].,,Yes
"aperiodicCSI-ReportingIndicates whether the UE supports aperiodic CSI reporting with 3 bits of the CSI request field size as specified in TS 36.213 [23], clause 7.2.1 and/or aperiodic CSI reporting mode 1-0 and mode 1-1 as specified in TS 36.213 [23], clause 7.2.1. The first bit is set to ""1"" if the UE supports the aperiodic CSI reporting with 3 bits of the CSI request field size. The second bit is set to ""1"" if the UE supports the aperiodic CSI reporting mode 1-0 and mode 1-1.",,No
"aperiodicCsi-ReportingSTTIIndicates whether the UE supports aperiodic CSI reporting for short TTI as specified in TS 36.213 [23], clause 7.2.1.",,Yes
"appliedCapabilityFilterCommonContains the filter, applied by the UE, common for all MR-DC related capability containers that are requested and as defined by UE-CapabilityRequestFilterCommon IE in TS 38.331 [82].",,-
assistInfoBitForLCIndicates whether the UE supports assistance information bit for local cache.,,-
aulIndicates whether the UE supports AUL as specified n TS 36.321 [6].,,-
bandCombinationListEUTRAOne entry corresponding to each supported band combination listed in the same order as in supportedBandCombination.,,-
"BandCombinationParameters-v1090, BandCombinationParameters-v10i0, BandCombinationParameters-v1270If included, the UE shall include the same number of entries, and listed in the same order, as in BandCombinationParameters-r10.",,-
"BandCombinationParameters-v1130The field is applicable to each supported CA bandwidth class combination (i.e. CA configuration in TS 36.101 [42], clause 5.6A.1) indicated in the corresponding band combination. If included, the UE shall include the same number of entries, and listed in the same order, as in BandCombinationParameters-r10.",,-
"bandEUTRAEUTRA band as defined in TS 36.101 [42] and TS 36.102 [113] for NTN capable UE. In case the UE includes bandEUTRA-v9e0 or bandEUTRA-v1090, the UE shall set the corresponding entry of bandEUTRA (i.e. without suffix) or bandEUTRA-r10 respectively to maxFBI.",,-
"bandInfoNROne entry corresponding to each supported E-UTRA band listed in the same order as in supportedBandListEUTRA. If bandInfoNR-r16 is absent, network assumes gap is required when measurement is performed on any NR bands while UE is served by a single E-UTRA carrier belonging to the corresponding E-UTRA band listed in supportedBandListEUTRA except for the FR2 inter-RAT measurement which depends on the support of independentGapConfig or gaplessMeas-FR2-maxCC.",,-
bandListEUTRAOne entry corresponding to each supported EUTRA band listed in the same order as in supportedBandListEUTRA.,,-
"bandParameterList-v1380If included, the UE shall include the same number of entries listed in the same order as the band entries in the corresponding band combination.",,-
"bandParametersUL, bandParametersDLIndicates the supported parameters for the band. Each of CA-MIMO-ParametersUL and CA-MIMO-ParametersDL can be included only once for one band in a single band combination entry.",,-
"beamformed (in MIMO-CA-ParametersPerBoBCPerTM)If signalled, the field indicates for a particular transmission mode, the UE capabilities concerning beamformed EBF/ FD-MIMO operation (class B) applicable for the concerned band combination.",,-
"beamformed (in MIMO-UE-ParametersPerTM)Indicates for a particular transmission mode, the UE capabilities concerning beamformed EBF/ FD-MIMO operation (class B) applicable for band combinations for which the concerned capabilities are not signalled.",,Yes
"benefitsFromInterruptionIndicates whether the UE power consumption would benefit from being allowed to cause interruptions to serving cells when performing measurements of deactivated SCell carriers for measCycleSCell of less than 640ms, as specified in TS 36.133 [16].",,No
bwPrefIndIndicates whether the UE supports maximum PDSCH/PUSCH bandwidth preference indication.,,-
"ca-BandwidthClassThe CA bandwidth class supported by the UE as defined in TS 36.101 [42], Table 5.6A-1.The UE explicitly includes all the supported CA bandwidth class combinations in the band combination signalling. Support for one CA bandwidth class does not implicitly indicate support for another CA bandwidth class.",,-
ca-IdleModeMeasurementsIndicates whether UE supports reporting measurements performed during RRC_IDLE.,,-
ca-IdleModeValidityAreaIndicates whether UE supports validity area for IDLE measurements during RRC_IDLE.,,-
"cas-Muting-5GBIndicates, for the corresponding E-UTRA band, whether the UE supports reception of LTE-based 5G broadcast with CAS muting from an MBMS-dedicated cell as described in TS 36.211 [21].",,-
"cch-IM-RefRecTypeA-OneRX-PortThis field defines whether the DL Category 1bis or the DL Category M2 UE supports Type A downlink control channel interference mitigation (CCH-IM) receiver ""LMMSE-IRC + CRS-IC"" for PDCCH/PCFICH/PHICH/EPDCCH receive processing (Enhanced downlink control channel performance requirements Type A in TS 36.101 [6]).",,No
"cch-InterfMitigation-RefRecTypeA, cch-InterfMitigation-RefRecTypeB, cch-InterfMitigation-MaxNumCCsThe field cch-InterfMitigation-RefRecTypeA defines whether the UE supports Type A downlink control channel interference mitigation (CCH-IM) receiver ""LMMSE-IRC + CRS-IC"" for PDCCH/PCFICH/PHICH/EPDCCH receive processing (Enhanced downlink control channel performance requirements Type A in the TS 36.101 [6]). The field cch-InterfMitigation-RefRecTypeB defines whether the UE supports Type B downlink CCH-IM receiver ""E-LMMSE-IRC + CRS-IC"" for PDCCH/PCFICH/PHICH receive processing in synchronous networks (Enhanced downlink control channel performance requirements Type B in the TS 36.101 [6]). The UE supporting the capability defined by cch-InterfMitigation-RefRecTypeB-r13 shall also support the capability defined by cch-InterfMitigation-RefRecTypeA-r13.If the UE sets one or more of the fields cch-InterfMitigation-RefRecTypeA and cch-InterfMitigation-RefRecTypeB to ""supported"", the UE shall include the parameter cch-InterfMitigation-MaxNumCCs to indicate that the UE supports CCH-IM on at least one arbitrary downlink CC for up to cch-InterfMitigation-MaxNumCCs downlink CC CA configuration. The UE shall not include the parameter cch-InterfMitigation-MaxNumCCs if neither cch-InterfMitigation-RefRecTypeA nor cch-InterfMitigation-RefRecTypeB is present. The UE may not perform CCH-IM on more than 1 DL CCs. For example, the UE sets ""cch-InterfMitigation-MaxNumCCs = 3"" to indicate that UE supports CCH-IM on at least one DL CC for supported non-CA, 2DL CA and 3DL CA configurations. For CA scenarios, the CCH-IM is guaranteed to be supported on at least one arbitrary component carrier.",,-
cdma2000-NW-SharingIndicates whether the UE supports network sharing for CDMA2000.,,-
"ce-ClosedLoopTxAntennaSelectionIndicates whether the UE supports UL closed-loop Tx antenna selection in CE mode A, as specified in TS 36.212 [22].",,Yes
ce-CQI-AlternativeTableIndicates whether the UE supports alternative CQI table in CE mode A. See TS 36.213 [22].,,Yes
"ce-CRS-IntfMitigIndicates whether UE supports CRS interference mitigation, i.e., value supported indicates UE does not rely on the CRS outside certain PRBs and subframes as defined in TS 36.133 [16], clauses 3.6.1.2 and 3.6.1.3, and TS 36.213 [23] when operating in coverage enhancement mode.",,Yes
"ce-CSI-RS-FeedbackIndicates whether the UE supports CSI-RS based feedback when the UE is operating in CE mode A, as specified in TS 36.213 [23].",,Yes
"ce-CSI-RS-FeedbackCodebookRestrictionIndicates whether the UE supports CSI-RS based feedback with codebook subset restriction when the UE in CE is operating in CE mode A, as specified in TS 36.213 [23].",,Yes
ce-DL-ChannelQualityReportingIndicates whether UE operating in CE mode supports aperiodic DL channel quality reporting in RRC_CONNECTED.,,Yes
ce-EUTRA-5GCIndicates whether the UE operating in CE mode A or B supports E-UTRA/5GC.,,Yes
ce-EUTRA-5GC-HO-ToNR-FDD-FR1Indicates whether the UE operating in CE mode A or B supports handover from E-UTRA/5GC to NR FDD FR1.,,Yes
ce-EUTRA-5GC-HO-ToNR-TDD-FR1Indicates whether the UE operating in CE mode A or B supports handover from E-UTRA/5GC to NR TDD FR1.,,Yes
ce-EUTRA-5GC-HO-ToNR-FDD-FR2Indicates whether the UE operating in CE mode A or B supports handover from E-UTRA/5GC to NR FDD FR2.,,Yes
ce-EUTRA-5GC-HO-ToNR-TDD-FR2Indicates whether the UE operating in CE mode A or B supports handover from E-UTRA/5GC to NR TDD FR2-1.,,Yes
ce-EUTRA-5GC-HO-ToNR-TDD-FR2-2Indicates whether the UE operating in CE mode A or B supports handover from E-UTRA/5GC to NR TDD FR2-2.,,-
"ce-HARQ-AckBundlingIndicates whether the UE supports HARQ-ACK bundling in half duplex FDD in CE mode A, as specified in TS 36.212 [22] and TS 36.213 [23].",,-
ce-InactiveStateIndicates whether UE operating in CE mode supports RRC_INACTIVE when connected to 5GC. A UE including this field also supports short eDRX cycles in RRC_INACTIVE when connected to 5GC.,,No
"ce-MeasRSS-Dedicated, ce-MeasRSS-DedicatedSameRBsIndicates whether the UE operating in CE mode A/B supports receiving neighbour cell RSS information in dedicated signalling and performing serving cell and neighbour cell measurements based on RSS in RRC_CONNECTED as specified in TS 36.306 [5] and TS 36.133 [16].",,Yes
"ce-ModeA, ce-ModeBIndicates whether the UE supports operation in CE mode A and/or B, as specified in TS 36.211 [21] and TS 36.213 [23].",,-
"crs-ChEstMPDCCH-CE-ModeA, crs-ChEstMPDCCH-CE-ModeBIndicates whether UE operating in CE mode A/B supports using CRS for improving MPDCCH channel estimation.",,Yes
crs-ChEstMPDCCH-CSIIndicates whether UE operating in CE mode A supports CSI-based mapping for improving MPDCCH channel estimation.,,Yes
crs-ChEstMPDCCH-ReciprocityTDDIndicates whether UE operating in CE mode A supports using CRS for improving MPDCCH channel estimation with reciprocity-based candidates in TDD.,,No
"ceMeasurementsIndicates whether the UE supports intra-frequency RSRQ measurements and inter-frequency RSRP and RSRQ measurements in RRC_CONNECTED, as specified in TS 36.133 [16] and TS 36.304 [4].",,-
"ce-MultiTB-64QAMIndicates whether the UE supports downlink 64QAM for multiple TB scheduling in connected mode for PDSCH when operating in CE mode A, as specified in TS 36.211 [21] and TS 36.213 [23]. This field can be included only if ce-PUSCH-SubPRB-Allocation is included.",,Yes
"ce-MultiTB-EarlyTerminationIndicates whether the UE supports early termination of PUSCH transmission for multiple TB scheduling in connected mode, as specified in TS 36.211 [21] and TS 36.213 [23].",,Yes
"ce-MultiTB-FrequencyHoppingIndicates whether the UE supports frequency hopping for multiple TB scheduling for PDSCH/PUSCH in connected mode, as specified in TS 36.211 [21] and TS 36.213 [23].",,Yes
"ce-MultiTB-HARQ-AckBundlingIndicates whether the UE supports downlink HARQ-ACK bundling for multiple TB scheduling in connected mode when operating in CE mode A, as specified in TS 36.211 [21] and TS 36.213 [23].",,Yes
"ce-MultiTB-InterleavingIndicates whether the UE supports TB interleaving for multiple TB scheduling in connected mode for PDSCH/PUSCH when operating in CE mode A or B, as specified in TS 36.211 [21] and TS 36.213 [23].",,Yes
"ce-MultiTB-SubPRBIndicates whether the UE supports sub-PRB allocation for multiple TB scheduling for PUSCH in connected mode, as specified in TS 36.211 [21] and TS 36.213 [23]. This field can be included only if ce-PUSCH-SubPRB-Allocation is included.",,Yes
"ce-PDSCH-14HARQProcesses, ce-PDSCH-14HARQProcesses-Alt2Indicates whether the UE supports 14-HARQ processes, as specified in TS 36.212 [22].",,-
ce-PDSCH-64QAMIndicates whether the UE supports 64QAM for non-repeated unicast PDSCH in CE mode A.,,Yes
"ce-PDSCH-FlexibleStartPRB-CE-ModeA, ce-PDSCH-FlexibleStartPRB-CE-ModeB,ce-PUSCH-FlexibleStartPRB-CE-ModeA, ce-PUSCH-FlexibleStartPRB-CE-ModeBThis field indicates whether UE supports flexible starting PRB for PDSCH/PUSCH when operating in coverage enhancement mode A/B, as specified in TS 36.211 [21] and TS 36.213 [22].",,Yes
"ce-PDSCH-MaxTBSIndicates whether the UE supports downlink TBS of 1736 bits, as specified in TS 36.212 [22].",,-
ce-PDSCH-PUSCH-EnhancementIndicates whether the UE supports new numbers of repetitions for PUSCH and modulation restrictions for PDSCH/PUSCH in CE mode A as specified in TS 36.212 [22] and TS 36.213 [23].,,No
"ce-PDSCH-PUSCH-MaxBandwidthIndicates the maximum supported PDSCH/PUSCH channel bandwidth in CE mode A and B, as specified in TS 36.212 [22] and TS 36.213 [23]. Value bw5 corresponds to 5 MHz and value bw20 corresponds to 20 MHz. If the field is absent the maximum PDSCH/PUSCH channel bandwidth in CE mode A and B is 1.4 MHz. If the setting of this parameter is 20 MHz, the max supported PUSCH channel bandwidth in CE mode A is 5 MHz. The maximum PUSCH channel bandwidth in CE mode B is 1.4 MHz regardless of the setting of this parameter. Parameter: transmission bandwidth configuration, see TS 36.101 [42], table 5.6-1 and TS 36.108 [114], table 5.3A-1.",,Yes
ce-PDSCH-TenProcessesIndicates whether the UE supports 10 DL HARQ processes in FDD in CE mode A.,,Yes
"ce-PUCCH-EnhancementIndicates whether the UE supports repetition levels 64 and 128 for PUCCH in CE Mode B, as specified in TS 36.211 [21] and in TS 36.213 [23].",,No
"ce-PUSCH-NB-MaxTBSIndicates whether the UE supports 2984 bits max UL TBS in 1.4 MHz in CE mode A operation, as specified in TS 36.212 [22] and TS 36.213 [23].",,Yes
"ce-PUSCH-SubPRB-AllocationIndicates whether the UE supports sub-PRB resource allocation for PUSCH in CE mode A or B, as specified in TS 36.211 [21], TS 36.212 [22] and TS 36.213 [23].",,Yes
ce-RetuningSymbolsIndicates the number of retuning symbols in CE mode A and B as specified in TS 36.211 [21]. Value n0 corresponds to 0 retuning symbols and value n1 corresponds to 1 retuning symbol. If the field is absent the number of retuning symbols in CE mode A and B is 2.,,No
ce-SchedulingEnhancementIndicates whether the UE supports dynamic HARQ-ACK delay for HD-FDD in CE mode A as specified in TS 36.212 [22] and TS 36.213 [23].,,No
ce-SRS-EnhancementIndicates whether the UE supports SRS coverage enhancement in TDD with support of SRS combs 2 and 4 as specified in TS 36.213 [23]. This field can be included only if ce-SRS-EnhancementWithoutComb4 is not included.,,Yes
ce-SRS-EnhancementWithoutComb4Indicates whether the UE supports SRS coverage enhancement in TDD with support of SRS comb 2 but without support of SRS comb 4 as specified in TS 36.213 [23]. This field can be included only if ce-SRS-Enhancement is not included.,,-
ce-SwitchWithoutHOIndicates whether the UE supports switching between normal mode and enhanced coverage mode without handover.,,-
"ce-UL-HARQ-ACK-FeedbackThis field indicates whether UE supports uplink HARQ ACK feedback when operating in coverage enhancement, as specified in TS36.213 [22].",,Yes
channelMeasRestrictionIndicates for a particular transmission mode whether the UE supports channel measurement restriction.,,Yes
"choIndicates whether the UE supports conditional handover including execution condition, candidate cell configuration and maximum 8 candidate cells.",,Yes
cho-FailureIndicates whether the UE supports conditional handover during re-establishment procedure when the selected cell is configured as candidate cell for condition handover.,,Yes
cho-FDD-TDDIndicates whether the UE supports conditional handover between FDD and TDD cells.,,No
cho-TwoTriggerEventsIndicates whether the UE supports 2 trigger events for same execution condition. It is mandatory supported if the UE suppors cho.,,Yes
"codebook-HARQ-ACKIndicates whether the UE supports determining HARQ ACK codebook size based on the DAI-ased solution and/or the number of configured CCs. The first bit is set to ""1"" if the UE supports the DAI-based codebook size determination. The second bit is set to ""1"" if the UE supports the codebook determination based on the number of configured CCs.",,No
commMultipleTxIndicates whether the UE supports multiple transmissions of sidelink communication to different destinations in one SC period. If commMultipleTx-r13 is set to supported then the UE support 8 transmitting sidelink processes.,,-
commSimultaneousTxIndicates whether the UE supports simultaneous transmission of EUTRA and sidelink communication (on different carriers) in all bands for which the UE indicated sidelink support in a band combination (using commSupportedBandsPerBC).,,-
"commSupportedBandsIndicates the bands on which the UE supports sidelink communication, by an independent list of bands i.e. separate from the list of supported E-UTRA band, as indicated in supportedBandListEUTRA.",,-
"commSupportedBandsPerBCIndicates, for a particular band combination, the bands on which the UE supports simultaneous reception of EUTRA and sidelink communication. If the UE indicates support simultaneous transmission (using commSimultaneousTx), it also indicates, for a particular band combination, the bands on which the UE supports simultaneous transmission of EUTRA and sidelink communication. The first bit refers to the first band included in commSupportedBands, with value 1 indicating sidelink is supported.",,-
"configN (in MIMO-CA-ParametersPerBoBCPerTM)If signalled, the field indicates for a particular transmission mode whether the UE supports non-precoded EBF/ FD-MIMO (class A) related configuration N for the concerned band combination.",,-
configN (in MIMO-UE-ParametersPerTM)Indicates for a particular transmission mode whether the UE supports non-precoded EBF/ FD-MIMO (class A) related configuration N for band combinations for which the concerned capabilities are not signalled.,,Yes
"continueEHC-ContextIndicates that the UE supports EHC context continuation operation where the UE keeps the established EHC context(s) upon PDCP re-establishment, as specified in TS 36.323 [8].",,No
crossCarrierScheduling,,Yes
crossCarrierScheduling-B5CIndicates whether the UE supports cross carrier scheduling beyond 5 DL CCs.,,No
crossCarrierSchedulingLAA-DLIndicates whether the UE supports cross-carrier scheduling from a licensed carrier for LAA cell(s) for downlink. This field can be included only if downlinkLAA is included.,,-
crossCarrierSchedulingLAA-ULIndicates whether the UE supports cross-carrier scheduling from a licensed carrier for LAA cell(s) for uplink. This field can be included only if uplinkLAA is included.,,-
"crs-DiscoverySignalsMeasIndicates whether the UE supports CRS based discovery signals measurement, and PDSCH/EPDCCH RE mapping with zero power CSI-RS configured for discovery signals.",,Yes
"crs-IM-TM1-toTM9-OneRX-PortIndicates whether the DL Cateogry 1bis UE ot the DL Category M2 UE supports CRS interference mitigation (IM) while operating in the following transmission modes (TM): TM 1, TM 2, …, TM 8 and TM 9.",,No
crs-InterfHandlIndicates whether the UE supports CRS interference handling.,,Yes
crs-InterfMitigationTM10The field defines whether the UE supports CRS interference mitigation in transmission mode 10. The UE supporting the crs-InterfMitigationTM10 capability shall also support the crs-InterfHandl capability.,,No
"crs-InterfMitigationTM1toTM9Indicates whether the UE supports CRS interference mitigation (IM) while operating in the following transmission modes (TM): TM 1, TM 2, …, TM 8 and TM 9. The UE shall not include the field if it does not support CRS IM in TMs 1-9. If the field is present, the UE supports CRS-IM on at least one arbitrary downlink CC for up to crs-InterfMitigationTM1toTM9-r13 downlink CC CA configuration. The UE signals crs-InterfMitigationTM1toTM9-r13 value to indicate the maximum crs-InterfMitigationTM1toTM9-r13 downlink CC CA configuration where UE may apply CRS IM. For example, the UE sets ""crs-InterfMitigationTM1toTM9-r13 = 3"" to indicate that the UE supports CRS-IM on at least one DL CC for supported non-CA, 2DL CA and 3DL CA configurations. The UE supporting the crs-InterfMitigationTM1toTM9-r13 capability shall also support the crs-InterfHandl-r11 capability.",,-
"crs-IntfMitigIndicate whether the UE supports CRS interference mitigation as specified in TS 36.133 [16], clause 3.6.1.1.",,Yes
"crs-LessDwPTSIndicates whether the UE supports TDD special subframe configuration 10 without CRS transmission on the 5th symbol of DwPTS, i.e. ssp10-CRS-LessDwPTS, as specified in TS 36.211 [17].",,-
"csi-ReportingAdvanced, csi-ReportingAdvancedMaxPorts (in MIMO-CA-ParametersPerBoBCPerTM)If signalled, the field indicates that for a particular transmission mode, the maximum number of CSI-RS ports supported by the UE for advanced CSI reporting is different in the concerned band of band combination than the value indicated by the field csi-ReportingAdvanced or csi-ReportingAdvancedMaxPorts in MIMO-UE-ParametersPerTM. The UE shall not include both csi-ReportingAdvanced and csi-ReportingAdvancedMaxPorts for a particular transmission mode in the concerned band of band combination.",,-
csi-ReportingAdvanced (in MIMO-UE-ParametersPerTM)Indicates for a particular transmission mode the maximum number of CSI-RS ports supported by the UE for advanced CSI reporting. The field csi-ReportingAdvanced indicates 32 CSI-RS ports. The UE shall not include both csi-ReportingAdvanced and csi-ReportingAdvancedMaxPorts for a particular transmission mode.,,Yes
"csi-ReportingAdvancedMaxPorts (in MIMO-UE-ParametersPerTM)Indicates for a particular transmission mode the maximum number of CSI-RS ports supported by the UE for advanced CSI reporting. The field csi-ReportingAdvancedMaxPorts indicates 8, 12, 16, 20, 24 or 28 CSI-RS ports. The UE shall not include both csi-ReportingAdvanced and csi-ReportingAdvancedMaxPorts for a particular transmission mode.",,-
"csi-ReportingNP (in MIMO-CA-ParametersPerBoBCPerTM)If signalled, value different indicates that for a particular transmission mode, the CSI reporting on non-precoded CSI-RS with 20, 24, 28 or 32 antenna ports for the concerned band of band combination is different than the value indicated by field csi-ReportingNP in MIMO-UE-ParametersPerTM.",,-
"csi-ReportingNP (in MIMO-UE-ParametersPerTM)Indicates for a particular transmission mode whether the UE supports CSI reporting on non-precoded CSI-RS with 20, 24, 28, or 32 antenna ports for band combinations for which the concerned capabilities are not signalled in MIMO-CA-ParametersPerBoBCPerTM, and the FD-MIMO processing capability condition as described in NOTE 8 is satisfied.",,Yes
"csi-RS-DiscoverySignalsMeasIndicates whether the UE supports CSI-RS based discovery signals measurement. If this field is included, the UE shall also include crs-DiscoverySignalsMeas.",,Yes
csi-RS-DRS-RRM-MeasurementsLAAIndicates whether the UE supports performing RRM measurements on LAA cell(s) based on CSI-RS-based DRS. This field can be included only if downlinkLAA is included.,,-
csi-RS-EnhancementsTDDIndicates for a particular transmission mode whether the UE supports CSI-RS enhancements applicable for TDD.,,Yes
"csi-SubframeSetIndicates whether the UE supports REL-12 DL CSI subframe set configuration, REL-12 DL CSI subframe set dependent CSI measurement/feedback, configuration of up to 2 CSI-IM resources for a CSI process with no more than 4 CSI-IM resources for all CSI processes of one frequency if the UE supports tm10, configuration of two ZP-CSI-RS for tm1 to tm9, PDSCH RE mapping with two ZP-CSI-RS configurations, and EPDCCH RE mapping with two ZP-CSI-RS configurations if the UE supports EPDCCH. This field is only applicable for UEs supporting TDD.",,Yes
csi-SubframeSet2ForDormantSCellIndicates whether the UE supports second CSI subframe set for periodic CSI reporting for dormant serving cells. A UE that indicates support of this field shall also indicate support for dormantSCellState-r15. This field is only applicable for UEs supporting TDD.,,-
dataInactMonIndicates whether the UE supports the data inactivity monitoring as specified in TS 36.321 [6].,,-
"dc-SupportIncluding this field indicates that the UE supports synchronous DC and power control mode 1. Including this field for a band combination entry comprising of single band entry indicates that the UE supports intra-band contiguous DC. Including this field for a band combination entry comprising of two or more band entries, indicates that the UE supports DC for these bands and that the serving cells corresponding to a band entry shall belong to one cell group (i.e. MCG or SCG). Including field asynchronous indicates that the UE supports asynchronous DC and power control mode 2. Including this field for a TDD/FDD band combination indicates that the UE supports TDD/FDD DC for this band combination.",,-
delayBudgetReportingIndicates whether the UE supports delay budget reporting.,,No
demodulationEnhancementsThis field defines whether the UE supports advanced receiver in SFN scenario (350 km/h) as specified in TS 36.101 [42].,,-
demodulationEnhancements2This field defines whether the UE supports further enhanced receiver in HST-SFN scenario (up to 500 km/h velocity) as specified in TS 36.101 [42].,,-
"densityReductionNP, densityReductionBFIndicates whether the UE supports CSI-RS density reduction with values 1, 1/2 and 1/3 for non-precoded CSI-RS and beamformed CSI-RS respectively.",,Yes
"deviceTypeUE may set the value to ""noBenFromBatConsumpOpt"" when it does not foresee to particularly benefit from NW-based battery consumption optimisation. Absence of this value means that the device does benefit from NW-based battery consumption optimisation.",,-
"diffFallbackCombReportIndicates that the UE supports reporting of UE radio access capabilities for the CA band combinations asked by the eNB as well as, if any, reporting of different UE radio access capabilities for their fallback band combination as specified in TS 36.306 [5]. The UE does not report fallback combinations if their UE radio access capabilities are the same as the ones for the CA band combination asked by the eNB.",,-
differentFallbackSupportedIndicates that the UE supports different capabilities for at least one fallback case of this band combination.,,-
directMCG-SCellActivationResumeIndicates whether the UE supports having an E-UTRA MCG SCell configured in activated SCell state.,,-
directSCellActivationIndicates whether the UE supports having an E-UTRA SCell configured in activated SCell state in the RRCConnectionReconfiguration message. This field is applicable to both LTE standalone and LTE-DC.,,-
directSCellHibernationIndicates whether the UE supports having an SCell configured in dormant SCell state.,,-
"directSCG-SCellActivationNEDCIndicates whether the UE supports having an E-UTRA SCG SCell configured in activated SCell state in the RRCConnectionReconfiguration message contained in the NR RRCReconfiguration message, as defined in TS 36.321 [6] and TS 38.331 [82].If the UE indicates support of directSCG-SCellActivationNEDC-r16, the UE shall also indicate support of ne-dc as specified in TS 38.331 [82].",,-
directSCG-SCellActivationResumeIndicates whether the UE supports having an E-UTRA SCG SCell configured in activated SCell state.,,-
"discInterFreqTxIndicates whether the UE support sidelink discovery announcements either a) on the primary frequency only or b) on other frequencies also, regardless of the UE configuration (e.g. CA, DC). The UE may set discInterFreqTx to supported when having a separate transmitter or if it can request sidelink discovery transmission gaps.",,-
"discoverySignalsInDeactSCellIndicates whether the UE supports the behaviour on DL signals and physical channels when SCell is deactivated and discovery signals measurement is configured as specified in TS 36.211 [21], clause 6.11A. This field is included only if UE supports carrier aggregation and includes crs-DiscoverySignalsMeas.",,Yes
discPeriodicSLSSIndicates whether the UE supports periodic (i.e. not just one time before sidelink discovery announcement) Sidelink Synchronization Signal (SLSS) transmission and reception for sidelink discovery.,,-
discScheduledResourceAllocIndicates whether the UE supports transmission of discovery announcements based on network scheduled resource allocation.,,-
disc-UE-SelectedResourceAllocIndicates whether the UE supports transmission of discovery announcements based on UE autonomous resource selection.,,-
disc-SLSSIndicates whether the UE supports Sidelink Synchronization Signal (SLSS) transmission and reception for sidelink discovery.,,-
"discSupportedBandsIndicates the bands on which the UE supports sidelink discovery. One entry corresponding to each supported E-UTRA band, listed in the same order as in supportedBandListEUTRA.",,-
discSupportedProcIndicates the number of processes supported by the UE for sidelink discovery.,,-
discSysInfoReportingIndicates whether the UE supports reporting of system information for inter-frequency/PLMN sidelink discovery.,,-
dl-256QAMIndicates whether the UE supports 256QAM in DL on the band.,,-
"dl-1024QAMIndicates whether the UE supports 1024QAM in DL on the band or on the band within the band combination. When dl-1024QAM-ScalingFactor and dl-1024QAM-TotalWeightedLayers are included, the UE supports 1024QAM in a set of CCs in a band combination if the CCs belong to bands indicated to support 1024QAM in that band combination and the 1024QAM processing capability condition as specified in equation 4.3.5.31-1 in TS 36.306 [5] is satisfied.",,-
"dl-1024QAM-ScalingFactorIndicates scaling factor for processing a CC configured with 1024QAM with respect to a CC not configured with 1024QAM as described in 4.3.5.31 in TS 36.306 [5]. Value v1 indicates 1, value v1dot2 indicates 1.2 and value v1dot25 indicates 1.25.",,-
"dl-1024QAM-TotalWeightedLayersIndicates total number of weighted layers the UE can process for 1024QAM as described in 4.3.5.31 in TS 36.306 [5]. Actual value = (10 + indicated value x 2), i.e., value 0 indicates 10 layers, value 1 indicates 12 layers and so on.",,-
dl-1024QAM-SlotIndicates whether the UE supports 1024QAM in DL on the band for slot TTI operation.,,-
dl-1024QAM-SubslotTA-1Indicates whether the UE supports 1024QAM in DL on the band for subslot TTI operation with TA set 1.,,-
"dl-1024QAM-SubslotTA-2Indicates whether the UE supports 1024QAM in DL on the band for subslot TTI operation with TA set 2, dmrsBasedSPDCCH-nonMBSFN",,-
dl-DedicatedMessageSegmentationIndicates whether the UE supports reception of segmented DL RRC messages.,,-
"dmrs-BasedSPDCCH-MBSFNIndicates whether the UE supports sDCI monitoring in DMRS based SPDCCH for MBSFN subframe. If UE supports this, it also provides the corresponding DMRS based SPDCCH capability in min-Proc-TimelineSubslot.",,Yes
"dmrs-BasedSPDCCH-nonMBSFNIndicates whether the UE supports sDCI monitoring in DMRS based SPDCCH for non-MBSFN subframe. If UE supports this, it also provides the corresponding DMRS based SPDCCH capability in min-Proc-TimelineSubslot.",,Yes
"dmrs-Enhancements (in MIMO-CA-ParametersPerBoBCPerTM)If signalled, the field indicates for a particular transmission mode, that for the concerned band combination the DMRS enhancements are different than the value indicated by field dmrs-Enhancements in MIMO-UE-ParametersPerTM.",,-
dmrs-Enhancements (in MIMO-UE-ParametersPerTM)Indicates for a particular transmission mode whether the UE supports DMRS enhancements for the indicated transmission mode.,,Yes
dmrs-LessUpPTSIndicates whether the UE supports not to transmit DMRS for PUSCH in UpPTS.,,No
dmrs-OverheadReductionIndicates whether the UE supports OCC4 for rank 3 and 4 transmission as specified in clause 5.3.3.1.5C of TS 36.212 [22].,,Yes
dmrs-PositionPatternIndicates whether the UE supports uplink DMRS position pattern 'D D D' in subslot #5 with application of the 1/6 as the TBS scaling factor.,,Yes
dmrs-RepetitionSubslotPDSCHIndicates whether the UE supports back-to-back 3/4-layer DMRS reception in two consecutive subslots across subframe boundary for subslot-PDSCH.,,Yes
dmrs-SharingSubslotPDSCHIndicates whether the UE supports DMRS sharing in two consecutive subslots across subframe boundary for subslot-PDSCH.,,Yes
dormantSCellStateIndicates whether UE supports Dormant SCell state (i.e. SCell state with CQI and RRM measurement reporting but no PDCCH monitoring).,,-
"downlinkLAAPresence of the field indicates that the UE supports downlink LAA operation including identification of downlink transmissions on LAA cell(s) for full downlink subframes, decoding of common downlink control signalling on LAA cell(s), CSI feedback for LAA cell(s), RRM measurements on LAA cell(s) based on CRS-based DRS.",,-
drb-TypeSCGIndicates whether the UE supports SCG bearer.,,-
drb-TypeSplitIndicates whether the UE supports split bearer except for PDCP data transfer in UL.,,-
dtmIndicates whether the UE supports DTM in GERAN.,,-
dummyThis field is not used in the specification. It shall not be sent by the UE.,,-
earlyData-UPIndicates whether the UE supports UP-EDT when connected to EPC.,,-
earlyData-UP-5GCIndicates whether the UE supports UP-EDT when connected to 5GC.,,-
earlySecurityReactivationIndicates whether the UE supports early security reactivation when resuming a suspended RRC connection.,,-
e-CSFB-1XRTTIndicates whether the UE supports enhanced CS fallback to CDMA2000 1xRTT or not.,,Yes
e-CSFB-ConcPS-Mob1XRTTIndicates whether the UE supports concurrent enhanced CS fallback to CDMA2000 1xRTT and PS handover/ redirection to CDMA2000 HRPD.,,Yes
e-CSFB-dual-1XRTTIndicates whether the UE supports enhanced CS fallback to CDMA2000 1xRTT for dual Rx/Tx configuration. This bit can only be set to supported if tx-Config1XRTT and rx-Config1XRTT are both set to dual.,,Yes
e-HARQ-Pattern-FDDIndicates whether the UE supports enhanced HARQ pattern for TTI bundling operation for FDD.,,Yes
"ehcIndicates that the UE supports Ethernet header compression and decompression using EHC protocol, as specified in TS 36.323 [8] and in Annex A of TS 38.323 [83]. The UE indicating this capability and indicating support for at least one ROHC profile, shall support simultaneous configuration of EHC and ROHC on different DRBs.",,No
"eLCID-SupportIndicates whether the UE supports LCID ""10000"" and MAC PDU subheader containing the eLCID field as described in TS 36.321 [6].",,-
emptyUnicastRegionIndicates whether the UE supports unicast reception in subframes with empty unicast control region as described in TS 36.213 [23] clause 12. This field can be included only if unicast-fembmsMixedSCell and crossCarrierScheduling are included.,,No
en-DCIndicates whether the UE supports EN-DC.,,-
endingDwPTSIndicates whether the UE supports reception ending with a subframe occupied for a DwPTS-duration as described in TS 36.211 [21] and TS 36.213 [23]. This field can be included only if downlinkLAA is included.,,-
Enhanced-4TxCodebookIndicates whether the UE supports enhanced 4Tx codebook.,,No
enhancedDualLayerTDDIndicates whether the UE supports enhanced dual layer (PDSCH transmission mode 8) for TDD or not.,,-
ePDCCHIndicates whether the UE can receive DCI on UE specific search space on Enhanced PDCCH.,,Yes
epdcch-SPT-differentCellsIndicates whether the UE supports EPDCCH and short processing time on different serving cells.,,Yes
epdcch-STTI-differentCellsIndicates whether the UE supports EPDCCH and sTTI on different serving cells.,,Yes
e-RedirectionUTRA,,Yes
e-RedirectionUTRA-TDDIndicates whether the UE supports enhanced redirection to UTRA TDD to multiple carrier frequencies both with and without using related SIB provided by RRCConnectionRelease or not.,,Yes
"etws-CMAS-RxInConnCE-ModeA, etws-CMAS-RxInConnIndicates whether the UE operating in CE mode A/B supports reception of ETWS/CMAS indication in RRC_CONNECTED mode as specified in TS 36.212 [22].",,-
eutra-5GCIndicates whether the UE supports E-UTRA/5GC.,,Yes
eutra-5GC-HO-ToNR-FDD-FR1Indicates whether the UE supports handover from E-UTRA/5GC to NR FDD FR1.,,Yes
eutra-5GC-HO-ToNR-TDD-FR1Indicates whether the UE supports handover from E-UTRA/5GC to NR TDD FR1.,,Yes
eutra-5GC-HO-ToNR-FDD-FR2Indicates whether the UE supports handover from E-UTRA/5GC to NR FDD FR2.,,Yes
eutra-5GC-HO-ToNR-TDD-FR2Indicates whether the UE supports handover from E-UTRA/5GC to NR TDD FR2-1.,,Yes
eutra-5GC-HO-ToNR-TDD-FR2-2Indicates whether the UE supports handover from E-UTRA/5GC to NR TDD FR2-2.,,-
"eutra-CGI-Reporting-ENDCIndicates whether the UE supports Intra-RAT report CGI procedure when it is configured with (NG) EN-DC wherein either MN and SN have different DRX cycles, or on-duration configured by MN does not contain on-duration configured by SN if their DRX cycles are same.",,Yes
eutra-CGI-Reporting-NEDCIndicates whether the UE supports acquisition of relevant information from a neighbouring E-UTRA cell by reading the SI of the neighbouring cell and reporting the acquired information to the network when the NE-DC is configured.,,Yes
eutra-EPC-HO-ToNR-FDD-FR1Indicates whether the UE supports handover from E-UTRA/EPC to NR FDD FR1.,,Yes
eutra-EPC-HO-ToNR-TDD-FR1Indicates whether the UE supports handover from E-UTRA/EPC to NR TDD FR1.,,Yes
eutra-EPC-HO-ToNR-FDD-FR2Indicates whether the UE supports handover from E-UTRA/EPC to NR FDD FR2.,,Yes
eutra-EPC-HO-ToNR-TDD-FR2Indicates whether the UE supports handover from E-UTRA/EPC to NR TDD FR2-1.,,Yes
eutra-EPC-HO-ToNR-TDD-FR2-2Indicates whether the UE supports handover from E-UTRA/EPC to NR TDD FR2-2.,,-
eutra-EPC-HO-EUTRA-5GCIndicates whether the UE supports handover between E-UTRA/EPC and E-UTRA/5GC.,,Yes
eutra-IdleInactiveMeasurementsIndicates whether UE supports reporting measurements performed during RRC_IDLE or RRC_INACTIVE.,,No
"eutra-SI-AcquisitionForHO-ENDCIndicates whether the UE supports, upon configuration of si-RequestForHO by the network, acquisition of relevant information from a neighbouring E-UTRA cell by reading the SI of the neighbouring cell using autonomous gaps and reporting the acquired information to the network.",,Yes
eventB2Indicates whether the UE supports event B2. A UE supporting NR SA operation shall set this bit to supported.,,-
eventD1-MeasReportTriggerThis field indicates whether the UE supports location-based measurement report triggering in RRC_CONNECTED in earth fixed cell (i.e. event D1).,,-
eventD2-MeasReportTriggerThis field indicates whether the UE supports location-based measurement report triggering in RRC_CONNECTED in earth moving cell (i.e. event D2).,,-
"extendedBand-n77This field is only applicable for UEs that indicate support for band n77. If present, the UE supports the restriction to 3450 - 3550 MHz and 3700 - 3980 MHz ranges of band n77 in the USA as specified in Note 12 of Table 5.2-1 in TS 38.101-1 [85]. If absent, the UE supports only restriction to the 3700 - 3980 MHz range of band n77 in the USA. A UE that indicates this field shall support NS value 55 as specified in TS 38.101-1 [85].",,-
"extendedBand-n77-2This field is only applicable for UEs that indicate support for band n77. If present, the UE supports the restriction to 3450 - 3650 MHz and 3650 - 3980 ranges of band n77 in Canada as specified in Note 12 of Table 5.2-1 in TS 38.101-1 [85]. If absent, the UE supports only restriction to the 3450 - 3650 MHz range of band n77 in Canada. A UE that indicates this field shall also support NS value 57 as specified in TS 38.101-1 [85].",,-
extendedFreqPrioritiesIndicates whether the UE supports extended E-UTRA frequency priorities indicated by cellReselectionSubPriority field. A UE supporting NR SA operation shall set this bit to supported.,,-
extendedLCID-DuplicationIndicates whether the UE supports use of extended LCIDs 32-38 for PDCP duplication.,,-
extendedLongDRXIndicates whether the UE supports extended long DRX cycle values of 5.12s and 10.24s in RRC_CONNECTED.,,-
"extendedMAC-LengthFieldIndicates whether the UE supports the MAC header with L field of size 16 bits as specified in TS 36.321 [6], clause 6.2.1.",,-
extendedMaxMeasIdIndicates whether the UE supports extended number of measurement identies as defined by maxMeasId-r12.,,No
extendedMaxObjectIdIndicates whether the UE supports extended number of measurement object identies as defined by maxObjectId-r13.,,No
extendedNumberOfDRBsIndicates whether the UE supports up to 15 DRBs. The UE shall support any combination of RLC AM and RLC UM entities for the configured DRBs.,,-
extendedPollByteIndicates whether the UE supports extended pollByte values as defined by pollByte-r14.,,-
extended-RLC-LI-FieldIndicates whether the UE supports 15 bit RLC length indicator.,,-
extendedRLC-SN-SO-FieldIndicates whether the UE supports 16 bits of RLC sequence number and segmentation offset.,,-
extendedRSRQ-LowerRangeIndicates whether the UE supports the extended RSRQ lower value range from -34dB to -19.5dB in measurement configuration and reporting as specified in TS 36.133 [16].,,No
fdd-HARQ-TimingTDDIndicates whether UE supports FDD HARQ timing for TDD SCell when configured with TDD PCell.,,Yes
"featureGroupIndicators, featureGroupIndRel9Add, featureGroupIndRel10The definitions of the bits in the bit string are described in Annex B.1 (for featureGroupIndicators and featureGroupIndRel9Add) and in Annex C.1 (for featureGroupIndRel10).",,Yes
"featureSetsDL-PerCCIn MR-DC, indicates a set of features that the UE supports on one component carrier in a bandwidth class for a band in a given band combination. The UE shall hence include at least as many FeatureSetDL-PerCC-Id in this list as the number of carriers it supports according to the ca-bandwidthClassDL, except if indicating additional functionality by reducing the number of FeatureSetDownlinkPerCC-Id in the feature set. The order of the elements in this list is not relevant, i.e., the network may configure any of the carriers in accordance with any of the FeatureSetDL-PerCC-Id in this list.",,-
"FeatureSetDL-PerCC-IdIn MR-DC, indicates the index position of the FeatureSetDL-PerCC-r15 in the featureSetsDL-PerCC-r15 list. Value 0 corresponds to the first element in the list, value 1 corresponds to the second element in the list, and so on. Value 32 is not used.",,-
"featureSetsUL-PerCCIn MR-DC, indicates a set of features that the UE supports on one component carrier in a bandwidth class for a band in a given band combination. The UE shall hence include at least as many FeatureSetUL-PerCC-Id in this list as the number of carriers it supports according to the ca-bandwidthClassUL, except if indicating additional functionality by reducing the number of FeatureSetDownlinkPerCC-Id in the feature set. The order of the elements in this list is not relevant, i.e., the network may configure any of the carriers in accordance with any of the FeatureSetUL-PerCC-Id in this list.",,-
"FeatureSetUL-PerCC-IdIn MR-DC, indicates the index position of the FeatureSetUL-PerCC-r15 in the featureSetsUL-PerCC-r15 list. Value 0 corresponds to the first element in the list, value 1 corresponds to the second element in the list, and so on. Value 32 is not used.",,-
fembmsMixedCellIndicates whether the UE in RRC_CONNECTED supports MBMS reception with 15 kHz subcarrier spacings via MBSFN from FeMBMS/Unicast mixed cells on a frequency indicated in an MBMSInterestIndication message.,,
fembmsDedicatedCellIndicates whether the UE in RRC_CONNECTED supports MBMS reception with 15 kHz subcarrier spacings via MBSFN from MBMS-dedicated cells on a frequency indicated in an MBMSInterestIndication message.,,
"flexibleUM-AM-CombinationsIndicates whether the UE supports any combination of RLC UM and RLC AM bearers as long as the total number of bearers is at most 8, regardless of what FGI20 indicates.",,-
flightPathPlanIndicates whether UE supports reporting of flight path plan information.,,-
fourLayerTM3-TM4Indicates whether the UE supports 4-layer spatial multiplexing for TM3 and TM4.,,-
"fourLayerTM3-TM4 (in FeatureSetDL-PerCC)Indicates whether the UE supports 4-layer spatial multiplexing for TM3 and TM4 for MR-DC within the indicated feature set. If this field is absent, UE supports two layer MIMO for TM3/TM4.",,-
fourLayerTM3-TM4-perCCIndicates whether the UE supports 4-layer spatial multiplexing for TM3 and TM4 for the component carrier.,,-
frameStructureType-SPTThis field indicates the supported FS-type(s) for short processing time. The UE capability is reported per band combination. The reported FS-type(s) apply to the reported maxNumberCCs-SPT-r15 for the given band combination.,,-
freqBandPriorityAdjustmentIndicates whether the UE supports the prioritization of frequency bands in multiBandInfoList over the band in freqBandIndicator as defined by freqBandIndicatorPriority-r12.,,-
freqBandRetrievalIndicates whether the UE supports reception of requestedFrequencyBands.,,-
gaplessMeas-FR2-maxCCIndicates whether the UE supports inter-RAT NR FR2 measurement without measurement gap as specified in clause 9.1.2 of TS 38.133 [84] while the number of configured serving cells is less than or equal to the indicated number. This field is applicable when only E-UTRA serving cells are configured. The UE reporting this field and supporting (NG)EN-DC shall not indicate support of independentGapConfig in MeasAndMobParametersMRDC within UE-MRDC-Capability (defined in TS 38.306 [87]).,,-
"gNB-ID-Length-Reporting-NR-EN-DCIndicates whether the UE supports Inter-RAT gNB ID length reporting towards NR cell when it is configured with (NG)EN-DC. If the UE supports reportCGI-NR-EN-DC-r15, the UE shall support the gNB-ID-Length-Reporting-NR-EN-DC-r17.",,-
"gNB-ID-Length-Reporting-NR-NoEN-DCIndicates whether the UE supports Inter-RAT gNB ID length reporting towards cell when it is not configured with (NG)EN-DC. If the UE supports reportCGI-NR-NoEN-DC-r15, the UE shall support gNB-ID-Length-Reporting-NR-NoEN-DC-r17.",,-
"halfDuplexIf halfDuplex is set to true, only half duplex operation is supported for the band, otherwise full duplex operation is supported.",,-
heightMeasIndicates whether UE supports the measurement events H1/H2.,,-
ho-EUTRA-5GC-FDD-TDDIndicates whether the UE supports handover between E-UTRA/5GC FDD and E-UTRA/5GC TDD.,,No
ho-InterfreqEUTRA-5GCIndicates whether the UE supports inter frequency handover within E-UTRA/5GC.,,Yes
hybridCSIIndicates whether the UE supports hybrid CSI transmission as described in TS 36.213 [23].,,Yes
idleInactiveValidityAreaListIndicates whether the UE supports list of validity areas for measurements during RRC_IDLE and RRC_INACTIVE.,,No
immMeasBTIndicates whether the UE supports Bluetooth measurements in RRC connected mode.,,-
immMeasUnComBarPreIndicates whether the UE supports uncompensated barometric pressure measurements in RRC connected mode.,,-
immMeasWLANIndicates whether the UE supports WLAN measurements in RRC connected mode.,,-
ims-VoiceOverMCG-BearerEUTRA-5GCIndicates whether the UE supports IMS voice over NR PDCP for MCG bearer for E-UTRA/5GC.,,No
ims-VoiceOverNR-FR1Indicates whether the UE supports IMS voice over NR FR1.,,No
ims-VoiceOverNR-FR2Indicates whether the UE supports IMS voice over NR FR2-1.,,No
ims-VoiceOverNR-FR2-2Indicates whether the UE supports IMS voice over NR FR2-2.,,-
ims-VoiceOverNR-PDCP-MCG-BearerIndicates whether the UE supports IMS voice over NR PDCP with only MCG RLC bearer.,,Yes
ims-VoiceOverNR-PDCP-SCG-BearerIndicates whether the UE supports IMS voice over NR PDCP with only SCG RLC bearer when configured with EN-DC.,,Yes
ims-VoNR-PDCP-SCG-NGENDCIndicates whether the UE supports IMS voice over NR PDCP with only SCG RLC bearer when configured with NGEN-DC.,,Yes
inactiveStateIndicates whether the UE supports RRC_INACTIVE.,,No
"incMonEUTRAIndicates whether the UE supports increased number of E-UTRA carrier monitoring in RRC_IDLE and RRC_CONNECTED, as specified in TS 36.133 [16].",,No
"incMonUTRAIndicates whether the UE supports increased number of UTRA carrier monitoring in RRC_IDLE and RRC_CONNECTED, as specified in TS 36.133 [16].",,No
inDeviceCoexIndIndicates whether the UE supports in-device coexistence indication as well as autonomous denial functionality.,,Yes
inDeviceCoexInd-ENDCIndicates whether the UE supports in-device coexistence indication for (NG)EN-DC operation. This field can be included only if inDeviceCoexInd is included. The UE supports inDeviceCoexInd-ENDC in the same duplexing modes as it supports inDeviceCoexInd.,,-
"inDeviceCoexInd-HardwareSharingIndIndicates whether the UE supports indicating hardware sharing problems when sending the InDeviceCoexIndication, as well as omitting the TDM assistance information. A UE that supports hardware sharing indication shall also indicate support of LAA operation.",,-
inDeviceCoexInd-UL-CAIndicates whether the UE supports UL CA related in-device coexistence indication. This field can be included only if inDeviceCoexInd is included. The UE supports inDeviceCoexInd-UL-CA in the same duplexing modes as it supports inDeviceCoexInd.,,-
interBandPowerSharingAsyncDAPSIndicates whether the UE supports power sharing for asynchronous inter-band DAPS handovers.,,-
interBandPowerSharingSyncDAPSIndicates whether the UE supports power sharing for synchronous inter-band DAPS handovers.,,-
interBandTDD-CA-WithDifferentConfigIndicates whether the UE supports inter-band TDD carrier aggregation with different UL/DL configuration combinations. The first bit indicates UE supports the configuration combination of SCell DL subframes are a subset of PCell and PSCell by SIB1 configuration and the configuration combination of SCell DL subframes are a superset of PCell and PSCell by SIB1 configuration; the second bit indicates UE supports the configuration combination of SCell DL subframes are neither superset nor subset of PCell and PSCell by SIB1 configuration. This field is included only if UE supports inter-band TDD carrier aggregation.,,-
interferenceMeasRestrictionIndicates whether the UE supports interference measurement restriction.,,Yes
interFreqAsyncDAPSIndicates whether the UE supports asynchronous DAPS handover in source PCell and inter-frequency target PCell.,,-
interFreqBandListOne entry corresponding to each supported EUTRA band listed in the same order as in supportedBandListEUTRA.,,-
"interFreqDAPSIndicates whether the UE supports DAPS handover in source PCell and inter-frequency target PCell, i.e. support of simultaneous DL reception of PDCCH and PDSCH from source and target cell. For a BC, the capability applies to every carrier pair for source and target. A UE indicating this capability shall also support synchronous DAPS handover, and single UL transmission for inter-frequency DAPS handover.",,-
interFreqMultiUL-TransmissionDAPSIndicates that the UE supports simultaneous UL transmission in source PCell and inter-frequency target PCell.,,-
interFreqNeedForGapsIndicates need for measurement gaps when operating on the EUTRA band given by the entry in bandListEUTRA or on the E-UTRA band combination given by the entry in bandCombinationListEUTRA and measuring on the EUTRA band given by the entry in interFreqBandList.,,-
interFreqProximityIndicationIndicates whether the UE supports proximity indication for inter-frequency E-UTRAN CSG member cells.,,-
"interFreqRSTD-MeasurementIndicates whether the UE supports inter-frequency RSTD measurements for OTDOA positioning, as specified in TS 36.355 [54].",,Yes
"interFreqSI-AcquisitionForHOIndicates whether the UE supports, upon configuration of si-RequestForHO by the network, acquisition and reporting of relevant information using autonomous gaps by reading the SI from a neighbouring inter-frequency cell.",,Yes
interRAT-BandListOne entry corresponding to each supported band of another RAT listed in the same order as in the interRAT-Parameters. The NR bands reported in SupportedBandListNR are excluded from this list.,,-
"interRAT-BandListNR-EN-DCOne entry corresponding to each supported NR band listed in the same order as in the supportedBandListEN-DC-r15. If both interRAT-BandListNR-EN-DC and interRAT-BandListNR-SA are included, the UE shall set the same interRAT-NeedForGapsNR value and same interRAT-NeedForInterruptionNR value (if any) for the same NR band.",,-
"interRAT-BandListNR-SAOne entry corresponding to each supported NR band listed in the same order as in the supportedBandListNR-SA. If both interRAT-BandListNR-EN-DC and interRAT-BandListNR-SA are included, the UE shall set the same interRAT-NeedForGapsNR value and same interRAT-NeedForInterruptionNR value (if any) for the same NR band.",,-
"interRAT-enhancementNRIndicates whether the UE supports enhanced inter-RAT NR measurement requirements to support high speed up to 500 km/h as specified in TS 36.133 [16], when EN-DC is not configured and when EN-DC is configured.",,-
interRAT-NeedForGapsIndicates need for DL measurement gaps when operating on the EUTRA band given by the entry in bandListEUTRA or on the E-UTRA band combination given by the entry in bandCombinationListEUTRA and measuring on the inter-RAT band given by the entry in the interRAT-BandList.,,-
interRAT-NeedForGapsNRIndicates need for measurement gaps when operating on the EUTRA band given by the entry in supportedBandListEUTRA or on the E-UTRA band combination given by the entry in supportedBandCombination-r10 or supportedBandCombinationAdd-r11 or supportedBandCombinationReduced-r13 and measuring on the NR band given by the entry in the InterRAT-BandListNR.,,-
interRAT-NeedForInterruptionNRIndicates need for interruption when operating on the EUTRA band given by the entry in supportedBandListEUTRA or on the E-UTRA band combination given by the entry in supportedBandCombination-r10 or supportedBandCombinationAdd-r11 or supportedBandCombinationReduced-r13 and measuring without measurement gaps on the NR band given by the entry in the InterRAT-BandListNR.,,-
interRAT-ParametersWLANIndicates whether the UE supports WLAN measurements configured by MeasObjectWLAN with corresponding quantity and report configuration in the supported WLAN bands.,,-
interRAT-PS-HO-ToGERANIndicates whether the UE supports inter-RAT PS handover to GERAN or not.,,Yes
"intraBandContiguousCC-InfoListIndicates, per serving carrier of which the corresponding bandwidth class includes multiple serving carriers (i.e. bandwidth class B, C, D and so on), the maximum number of supported layers for spatial multiplexing in DL and the maximum number of CSI processes supported. The number of entries is equal to the number of component carriers in the corresponding bandwidth class. The UE shall support the setting indicated in each entry of the list regardless of the order of entries in the list.The UE shall include the field only if it supports 4-layer spatial multiplexing in transmission mode3/4 for a subset of component carriers in the corresponding bandwidth class, or if the maximum number of supported layers for at least one component carrier is higher than supportedMIMO-CapabilityDL-r10 in the corresponding bandwidth class, or if the number of CSI processes for at least one component carrier is higher than supportedCSI-Proc-r11 in the corresponding band.This field may also be included for bandwidth class A but in such a case without including any sub-fields in IntraBandContiguousCC-Info-r12 (see NOTE 6).",,-
intraFreqA3-CE-ModeAIndicates whether the UE when operating in CE Mode A supports eventA3 for intra-frequency neighbouring cells.,,-
intraFreqA3-CE-ModeBIndicates whether the UE when operating in CE Mode B supports eventA3 for intra-frequency neighbouring cells.,,-
intraFreq-CE-NeedForGapsIndicates need for measurement gaps when operating in CE on the EUTRA band given by the entry in supportedBandListEUTRA.,,
intraFreqAsyncDAPSIndicates whether the UE supports asynchronous DAPS handover in source PCell and intra-frequency target PCell.,,-
"intraFreqDAPSIndicates whether UE supports DAPS handover in source PCell and intra-frequency target PCell, i.e. support of simultaneous DL reception of PDCCH and PDSCH from source and target cell. A UE indicating this capability shall also support synchronous DAPS handover, and single UL transmission for intra-frequency DAPS handover.",,-
intraFreqHO-CE-ModeAIndicates whether the UE when operating in CE Mode A supports intra-frequency handover.,,-
intraFreqHO-CE-ModeBIndicates whether the UE when operating in CE Mode B supports intra-frequency handover.,,-
intraFreqProximityIndicationIndicates whether the UE supports proximity indication for intra-frequency E-UTRAN CSG member cells.,,-
"intraFreqSI-AcquisitionForHOIndicates whether the UE supports, upon configuration of si-RequestForHO by the network, acquisition and reporting of relevant information using autonomous gaps by reading the SI from a neighbouring intra-frequency cell.",,Yes
intraFreqTwoTAGs-DAPSIndicates whether the UE supports different timing advance groups in source PCell and intra-frequency target PCell. It is mandatory for intraFreqDAPS capable UE.,,-
jointEHC-ROHC-ConfigIndicates whether the UE supports simultaneous configuration of EHC and ROHC protocols for the same DRB.,,No
"k-Max (in MIMO-CA-ParametersPerBoBCPerTM)If signalled, the field indicates for a particular transmission mode the maximum number of NZP CSI RS resource configurations supported within a CSI process applicable for the concerned band combination.",,No
k-Max (in MIMO-UE-ParametersPerTM)Indicates for a particular transmission mode the maximum number of NZP CSI RS resource configurations supported within a CSI process applicable for band combinations for which the concerned capabilities are not signalled.,,Yes
laa-PUSCH-Mode1Indicates whether the UE supports LAA PUSCH mode 1 as defined in TS 36.213 [23].,,-
laa-PUSCH-Mode2Indicates whether the UE supports LAA PUSCH mode 2 as defined in TS 36.213 [23].,,-
laa-PUSCH-Mode3Indicates whether the UE supports LAA PUSCH mode 3 as defined in TS 36.213 [23].,,-
locationReportIndicates whether the UE supports reporting of its geographical location information to eNB.,,-
loggedMBSFNMeasurementsIndicates whether the UE supports logged measurements for MBSFN. A UE indicating support for logged measurements for MBSFN shall also indicate support for logged measurements in Idle mode.,,-
loggedMeasBTIndicates whether the UE supports Bluetooth measurements in RRC idle mode.,,-
loggedMeasIdleEventL1Indicates whether the UE supports event triggered logged measurements for eventL1 in camped normally state.,,-
loggedMeasIdleEventOutOfCoverageIndicates whether the UE supports event triggered logged measurements for outOfCoverage in any cell selection state.,,-
loggedMeasUnComBarPreIndicates whether the UE supports uncompensated barometric pressure measurements in RRC_IDLE mode.,,-
loggedMeasurementsIdleIndicates whether the UE supports logged measurements in Idle mode.,,-
loggedMeasWLANIndicates whether the UE supports WLAN measurements in RRC idle mode.,,-
logicalChannelSR-ProhibitTimerIndicates whether the UE supports the logicalChannelSR-ProhibitTimer as defined in TS 36.321 [6].,,-
longDRX-CommandIndicates whether the UE supports Long DRX Command MAC Control Element.,,-
lowerMSD-MRDCIndicates whether the UE supports lower maximum sensitivity degradation when the band is the victim band with sensitivity degradation as specified in TS 38.101-3 [101].,,-
lwaIndicates whether the UE supports LTE-WLAN Aggregation (LWA). The UE which supports LWA shall also indicate support of interRAT-ParametersWLAN-r13.,,-
"lwa-BufferSizeIndicates whether the UE supports the layer 2 buffer sizes for ""with support for split bearers"" as defined in Table 4.1-3 and 4.1A-3 of TS 36.306 [5] for LWA.",,-
lwa-HO-WithoutWT-ChangeIndicates whether the UE supports handover where LWA configuration is retained without WT change and using LWA end-marker for PDCP key change indication for LWA operation.,,-
lwa-RLC-UMIndicates whether the UE supports RLC UM for LWA bearer.,,-
lwa-SplitBearerIndicates whether the UE supports the split LWA bearer (as defined in TS 36.300 [9]).,,-
lwa-ULIndicates whether the UE supports UL transmission over WLAN for LWA bearer.,,-
lwipIndicates whether the UE supports LTE/WLAN Radio Level Integration with IPsec Tunnel (LWIP). The UE which supports LWIP shall also indicate support of interRAT-ParametersWLAN-r13.,,-
"lwip-Aggregation-DL, lwip-Aggregation-ULIndicates whether the UE supports aggregation of LTE and WLAN over DL/UL LWIP. The UE that indicates support of LWIP aggregation over DL or UL shall also indicate support of lwip.",,-
"makeBeforeBreakIndicates whether the UE supports intra-frequency Make-Before-Break handover, and whether the UE which indicates dc-Parameters supports intra-frequency Make-Before-Break SeNB change, as defined in TS 36.300 [9].",,-
maximumCCsRetrievalIndicates whether UE supports reception of requestedMaxCCsDL and requestedMaxCCsUL.,,-
"maxLayersMIMO-IndicationIndicates whether the UE supports the network configuration of maxLayersMIMO. If the UE supports fourLayerTM3-TM4 or intraBandContiguousCC-InfoList or FeatureSetDL-PerCC for MR-DC, UE supports the configuration of maxLayersMIMO for these cases regardless of indicating maxLayersMIMO-Indication.",,-
maxLayersSlotOrSubslotPUSCHIndicates the maxiumum number of layers for slot-PUSCH or subslot-PUSCH transmission.,,Yes
maxNumberCCs-SPTIndicates the maximum number of supported CCs for short processing time. The UE capability is reported per band combination. The reported number of carriers applies to all the FS-type(s) frameStructureType-SPT-r15 supported in a given band combination. Absence of the field indicates that 0 number of CCs are supported for short processing time.,,-
"maxNumberDL-CCs, maxNumberUL-CCsIndicates for each TTI combination ""sTTI-SupportedCombinations"", the maximum number of supported DL CCs/UL CCs for short TTI. Absence of the field indicates that 0 number of CCs are supported for short TTI.",,-
maxNumberDecodingIndicates the maximum number of blind decodes in UE-specific search space per UE in one subframe for CA with more than 5 CCs as defined in TS 36.213 [23] which is supported by the UE. The number of blind decodes supported by the UE is the field value * 32. Only values 5 to 32 can be used in this version of the specification.,,No
"maxNumberEHC-ContextsDefines the maximum number of Ethernet header compression contexts supported by the UE across all DRBs and across UE's EHC compressor and EHC decompressor. The indicated number defines the number of contexts in addition to CID = ""all zeros"" as specified in Annex A of TS 38.323 [83].",,No
"maxNumberROHC-ContextSessionsSet to the maximum number of concurrently active ROHC contexts supported by the UE, excluding context sessions that leave all headers uncompressed. cs2 corresponds with 2 (context sessions), cs4 corresponds with 4 and so on. The network ignores this field if the UE supports none of the ROHC profiles in supportedROHC-Profiles. If the UE indicates both maxNumberROHC-ContextSessions and maxNumberROHC-ContextSessions-r14, same value shall be indicated.",,-
"maxNumberUpdatedCSI-Proc, maxNumberUpdatedCSI-Proc-SPTIndicates the maximum number of CSI processes to be updated across CCs.",,No
"maxNumberUpdatedCSI-Proc-STTI-Comb77, maxNumberUpdatedCSI-Proc-STTI-Comb27, maxNumberUpdatedCSI-Proc-STTI-Comb22-Set1, maxNumberUpdatedCSI-Proc-STTI-Comb22-Set2Indicates the maximum number of CSI processes to be updated across CCs. Comb77 is applicable for {slot, slot}, Comb27 for {subslot, slot}, Comb22-Set1 for{subslot, subslot} processing timeline set 1 and the Comb22-Set2 for {subslot, subslot} processing timeline set 2.",,
"mbms-AsyncDCIndicates whether the UE in RRC_CONNECTED supports MBMS reception via MRB on a frequency indicated in an MBMSInterestIndication message, where (according to supportedBandCombination) the carriers that are or can be configured as serving cells in the MCG and the SCG are not synchronized. If this field is included, the UE shall also include mbms-SCell and mbms-NonServingCell. The field indicates that the UE supports the feature for xDD if mbms-SCell and mbms-NonServingCell are supported for xDD.",,-
"mbms-MaxBWIndicates maximum supported bandwidth (T) for MBMS reception, see TS 36.213 [23]. clause 11.1. If the value is set to implicitValue, the corresponding value of T is calculated as specified in TS 36.213 [23], clause 11.1. If the value is set to explicitValue, the actual value of T = explicitValue * 40 MHz.",,-
"mbms-NonServingCellIndicates whether the UE in RRC_CONNECTED supports MBMS reception via MRB on a frequency indicated in an MBMSInterestIndication message, where (according to supportedBandCombination and to network synchronization properties) a serving cell may be additionally configured. If this field is included, the UE shall also include the mbms-SCell field.",,Yes
"mbms-ScalingFactor1dot25, mbms-ScalingFactor7dot5Indicates parameter A(1.25 / A(7.5, i.e., scaling factor for processing one unit of bandwidth corresponding to subcarrier spacing of 1.25 kHz / 7.5 kHz, with respect to one unit of bandwidth corresponding to subcarrier spacing of 15 kHz. See TS 36.213 [23], clause 11.1. This field is included only if subcarrierSpacingMBMS-khz1dot25 / subcarrierSpacingMBMS-khz7dot5 is included. This field shall be included if mbms-MaxBW and subcarrierSpacingMBMS-khz1dot25 / subcarrierSpacingMBMS-khz7dot5 are included.",,-
"mbms-ScalingFactor0dot37, mbms-ScalingFactor2dot5Indicates parameter A(0.37 / A(2..5, i.e., scaling factor for processing one unit of bandwidth corresponding to subcarrier spacing of 0.37 kHz / 2.5 kHz, with respect to one unit of bandwidth corresponding to subcarrier spacing of 15 kHz. See TS 36.213 [23], clause 11.1. This field is included only if fembmsMixedCell or fembmsDedicatedCell is included. This field shall be included if subcarrierSpacingMBMS-khz0dot37 / subcarrierSpacingMBMS-khz2dot5 is included for at least one E-UTRA band in mbms-SupportedBandInfoList.",,-
"mbms-SCellIndicates whether the UE in RRC_CONNECTED supports MBMS reception via MRB on a frequency indicated in an MBMSInterestIndication message, when an SCell is configured on that frequency (regardless of whether the SCell is activated or deactivated).",,Yes
"mbms-SupportedBandInfoListOne entry corresponding to each supported E-UTRA band listed in the same order as in supportedBandListEUTRA. This list is included only if fembmsMixedCell or fembmsDedicatedCell is included. If mbms-SupportedBandInfoList-v1700 is included, the UE shall include the same number of entries, and listed in the same order, as in mbms-SupportedBandInfoList-r16. If mbms-SupportedBandInfoList-v1900 is included, the UE shall include the same number of entries, and listed in the same order, as in mbms-SupportedBandInfoList-r16.",,-
mcgRLF-RecoveryViaSCGIndicates whether the UE supports recovery from MCG RLF via split SRB1 (if supported) and via SRB3 (if supported).,,-
"measGapPatterns-NRonlyIndicates whether the UE supports gap patterns 2, 3 and 11 in LTE standalone when the frequencies to be measured within this measurement gap are all NR frequencies.",,No
"measGapPatterns-NRonly-ENDCIndicates whether the UE supports gap patterns 2, 3 and 11 in (NG)EN-DC when the frequencies to be measured within this measurement gap are all NR frequencies.",,No
measurementEnhancementsThis field defines whether UE supports measurement enhancements in high speed scenario (350 km/h) as specified in TS 36.133 [16].,,-
measurementEnhancements2This field defines whether UE supports measurement enhancements in high speed scenario (up to 500 km/h velocity) as specified in TS 36.133 [16].,,-
measurementEnhancementsSCellThis field defines whether UE supports SCell measurement enhancements in high speed scenario (350 km/h) as specified in TS 36.133 [16].,,-
"measGapInfoNROne entry corresponding to each supported E-UTRA band or band combination listed in the same order as in supportedBandCombination-r10 or supportedBandCombinationAdd-r11 or supportedBandCombinationReduced-r13. If absent, network assumes gap is required when measurement is performed on any NR bands while UE is served by cells belonging to the corresponding E-UTRA band or band combination listed in supportedBandCombination-r10 or supportedBandCombinationAdd-r11 or supportedBandCombinationReduced-r13 except for the FR2 inter-RAT measurement which depends on the support of independentGapConfig or gaplessMeas-FR2-maxCC.",,-
"measGapPatternsIndicates whether the UE that supports NR supports gap patterns 4 to 11 in LTE standalone as specified in TS 36.133 [16], and for independent measurement gap configuration on FR1 and per-UE gap in (NG)EN-DC as specified in TS 38.133 [84]. The first/ leftmost bit covers pattern 4, and so on. Value 1 indicates that the UE supports the concerned gap pattern.",,-
"measGapPatterns-NRonlyIndicates whether the UE supports gap patterns 2, 3 and 11 in LTE standalone when the frequencies to be measured within this measurement gap are all NR frequencies.",,No
"measGapPatterns-NRonly-ENDCIndicates whether the UE supports gap patterns 2, 3 and 11 in (NG)EN-DC when the frequencies to be measured within this measurement gap are all NR frequencies.",,No
"mfbi-UTRAIt indicates if the UE supports the signalling requirements of multiple radio frequency bands in a UTRA FDD cell, as defined in TS 25.307 [65].",,-
"MIMO-BeamformedCapabilityListA list of pairs of {k-Max, n-MaxList} values with the nth entry indicating the values that the UE supports for each CSI process in case n CSI processes would be configured.",,No
MIMO-CapabilityDLThe number of supported layers for spatial multiplexing in DL. The field may be absent for category 0 and category 1 UE in which case the number of supported layers is 1.,,-
MIMO-CapabilityULThe number of supported layers for spatial multiplexing in UL. Absence of the field means that the number of supported layers is 1.,,-
"MIMO-CA-ParametersPerBoBCA set of MIMO parameters provided per band of a band combination. In case a subfield is absent, the concerned capabilities are the same as indicated at the per UE level (i.e. by MIMO-UE-ParametersPerTM).",,-
"mimo-CBSR-AdvancedCSIIndicates whether UE supports CBSR for advanced CSI reporting with and without amplitude restriction as defined in TS 36.213 [23], clause 7.2.",,Yes
"min-Proc-TimelineSubslotMinimum processing timeline for subslot operation. The minimum processing timeline can belong to one of two sets of associated processing and maximum TA operation. The sets supported can be different for 1os CRS-based SPDCCH, 2os CRS-based SPDCCH and DMRS-based SPDCCH. The sequence applies to:1. 1os CRS based SPDCCH2. 2os CRS based SPDCCH3. DMRS based SPDCCH",,-
"modifiedMPR-BehaviorField encoded as a bit map, where at least one bit N is set to ""1"" if UE supports modified MPR/A-MPR behaviour N, see TS 36.101 [42]. All remaining bits of the field are set to ""0"". The leading / leftmost bit (bit 0) corresponds to modified MPR/A-MPR behaviour 0, the next bit corresponds to modified MPR/A-MPR behaviour 1 and so on.Absence of this field means that UE does not support any modified MPR/A-MPR behaviour.",,-
"mpdcch-InLteControlRegionCE-ModeA, mpdcch-InLteControlRegionCE-ModeBIndicates whether UE operating in CE mode A/B supports MPDCCH reception in LTE control channel region as specified in TS 36.211 [21].",,Yes
mpsPriorityIndicationIndicates whether the UE supports mpsPriorityIndication on release with redirect.,,-
multiACK-CSI-reportingIndicates whether the UE supports multi-cell HARQ ACK and periodic CSI reporting and SR on PUCCH format 3.,,Yes
multiBandInfoReportIndicates whether the UE supports the acquisition and reporting of multi band information for reportCGI.,,-
multiClusterPUSCH-WithinCC,,Yes
multiNS-PmaxIndicates whether the UE supports the mechanisms defined for cells broadcasting NS-PmaxList.,,-
multiNS-PmaxAerialIndicates whether the UE supports the mechanisms defined for cells broadcasting NS-PmaxListAerial and freqBandInfoAerial.,,-
multipleCellsMeasExtensionIndicates whether the UE supports numberOfTriggeringCells in the report configuration.,,-
"multipleTimingAdvanceIndicates whether the UE supports multiple timing advances for each band combination listed in supportedBandCombination. If the band combination comprised of more than one band entry (i.e., inter-band or intra-band non-contiguous band combination), the field indicates that the same or different timing advances on different band entries are supported. If the band combination comprised of one band entry (i.e., intra-band contiguous band combination), the field indicates that the same or different timing advances across component carriers of the band entry are supported. It is mandatory for UEs to support 2 TAGs for inter frequency DAPS handover.",,-
"multipleUplinkSPSIndicates whether the UE supports multiple uplink SPS and reporting SPS assistance information. A UE indicating multipleUplinkSPS shall also support V2X communication via Uu, as defined in TS 36.300 [9].",,-
"must-CapabilityPerBandIndicates that UE supports MUST, as specified in 36.212 [22], clause 5.3.3.1, on the band in the band combination.",,-
must-TM234-UpTo2Tx-r14Indicates that the UE supports MUST operation for TM2/3/4 using up to 2Tx.,,-
must-TM89-UpToOneInterferingLayer-r14Indicates that the UE supports MUST operation for TM8/9 with assistance information for up to 1 interfering layer.,,-
must-TM89-UpToThreeInterferingLayers-r14Indicates that the UE supports MUST operation for TM8/9 with assistance information for up to 3 interfering layers.,,-
must-TM10-UpToOneInterferingLayer-r14Indicates that the UE supports MUST operation for TM10 with assistance information for up to 1 interfering layer.,,-
must-TM10-UpToThreeInterferingLayers-r14Indicates that the UE supports MUST operation for TM10 with assistance information for up to 3 interfering layers.,,-
"naics-Capability-ListIndicates that UE supports NAICS, i.e. receiving assistance information from serving cell and using it to cancel or suppress interference of neighbouring cell(s) for at least one band combination. If not present, UE does not support NAICS for any band combination. The field numberOfNAICS-CapableCC indicates the number of component carriers where the NAICS processing is supported and the field numberOfAggregatedPRB indicates the maximum aggregated bandwidth across these of component carriers (expressed as a number of PRBs) with the restriction that NAICS is only supported over the full carrier bandwidth. The UE shall indicate the combination of {numberOfNAICS-CapableCC, numberOfNAICS-CapableCC} for every supported numberOfNAICS-CapableCC, e.g. if a UE supports {x CC, y PRBs} and {x-n CC, y-m PRBs} where n>=1 and m>=0, the UE shall indicate both.-For numberOfNAICS-CapableCC = 1, UE signals one value for numberOfAggregatedPRB from the range {50, 75, 100};-For numberOfNAICS-CapableCC = 2, UE signals one value for numberOfAggregatedPRB from the range {50, 75, 100, 125, 150, 175, 200};-For numberOfNAICS-CapableCC = 3, UE signals one value for numberOfAggregatedPRB from the range {50, 75, 100, 125, 150, 175, 200, 225, 250, 275, 300};-For numberOfNAICS-CapableCC = 4, UE signals one value for numberOfAggregatedPRB from the range {50, 100, 150, 200, 250, 300, 350, 400};-For numberOfNAICS-CapableCC = 5, UE signals one value for numberOfAggregatedPRB from the range {50, 100, 150, 200, 250, 300, 350, 400, 450, 500}.",,No
"ncsgIndicates whether the UE supports measurement NCSG Pattern Id 0, 1, 2 and 3, as specified in TS 36.133 [16]. If this field is included and the UE supports asynchronous DC, the UE shall support NCSG Pattern Id 0, 1, 2 and 3. If this field is included but the UE does not support asynchronous DC, only NCSG Pattern Id 0 and 1 shall be supported",,No
ng-EN-DCIndicates whether the UE supports NGEN-DC.,,-
"n-MaxList (in MIMO-UE-ParametersPerTM)Indicates for a particular transmission mode the maximum number of NZP CSI RS ports supported within a CSI process applicable for band combinations for which the concerned capabilities are not signalled. For k-Max values exceeding 1, the UE shall include the field and signal k-Max minus 1 bits. The first bit indicates n-Max2, with value 0 indicating 8 and value 1 indicating 16. The second bit indicates n-Max3, with value 0 indicating 8 and value 1 indicating 16. The third bit indicates n-Max4, with value 0 indicating 8 and value 1 indicating 32. The fourth bit indicates n-Max5, with value 0 indicating 16 and value 1 indicating 32. The fifth bit indicates n-Max6, with value 0 indicating 16 and value 1 indicating 32. The sixt bit indicates n-Max7, with value 0 indicating 16 and value 1 indicating 32. The seventh bit indicates n-Max8, with value 0 indicating 16 and value 1 indicating 64.",,Yes
"n-MaxList (in MIMO-CA-ParametersPerBoBCPerTM)If signalled, the field indicates for a particular transmission mode the maximum number of NZP CSI RS ports supported within a CSI process applicable for band the concerned combination. Further details are as indicated for n-MaxList in MIMO-UE-ParametersPerTM.",,No
NonContiguousUL-RA-WithinCC-ListOne entry corresponding to each supported E-UTRA band listed in the same order as in supportedBandListEUTRA.,,No
"nonPrecoded (in MIMO-CA-ParametersPerBoBCPerTM)If signalled, the field indicates for a particular transmission mode, the UE capabilities concerning non-precoded EBF/ FD-MIMO operation (class A) applicable for the concerned band combination.",,-
"nonPrecoded (in MIMO-UE-ParametersPerTM)Indicates for a particular transmission mode the UE capabilities concerning non-precoded EBF/ FD-MIMO operation (class A) for band combinations for which the concerned capabilities are not signalled in MIMO-CA-ParametersPerBoBCPerTM, and the FD-MIMO processing capability condition as described in NOTE 8 is satisfied.",,Yes
"nonUniformGapIndicates whether the UE supports measurement non uniform Pattern Id 1, 2, 3 and 4 in LTE standalone as specified in TS 36.133 [16].",,No
noResourceRestrictionForTTIBundlingIndicate whether the UE supports TTI bundling operation without resource allocation restriction.,,No
nonCSG-SI-ReportingIndicates whether UE will report PLMN list from non-CSG cells.,,-
"nr-AutonomousGaps-ENDC-FR1Indicates whether the UE supports, upon configuration of useAutonomousGapsNR by the network, acquisition of relevant information from a neighbouring NR cell by reading the SI of the neighbouring cell on FR1 using autonomous gaps and reporting the acquired information to the network when it is configured with (NG)EN-DC.",,Yes
"nr-AutonomousGaps-ENDC-FR2Indicates whether the UE supports, upon configuration of useAutonomousGapsNR by the network, acquisition of relevant information from a neighbouring NR cell by reading the SI of the neighbouring cell on FR2 using autonomous gaps and reporting the acquired information to the network when it is configured with (NG)EN-DC.",,Yes
"nr-AutonomousGaps-FR1Indicates whether the UE supports, upon configuration of useAutonomousGapsNR by the network, acquisition of relevant information from a neighbouring NR cell by reading the SI of the neighbouring cell on FR1 using autonomous gaps and reporting the acquired information to the network when it is not configured with (NG)EN-DC.",,Yes
"nr-AutonomousGaps-FR2Indicates whether the UE supports, upon configuration of useAutonomousGapsNR by the network, acquisition of relevant information from a neighbouring NR cell by reading the SI of the neighbouring cell on FR2 using autonomous gaps and reporting the acquired information to the network when it is not configured with (NG)EN-DC.",,Yes
nr-CellIndividualOffsetIndicates whether the UE supports use of cell specific offset for NR inter-RAT measurements.,,No
nr-HO-ToEN-DCIndicates whether the UE supports inter-RAT handover from NR to EN-DC while NR-DC or NE-DC is not configured. This field is mandatory present if EN-DC is supported.,,-
"nr-IdleInactiveBeamMeasFR1Indicates whether the UE supports performing eNB-configured SSB-based beam level RRM measurements for configured NR FR1 carrier(s) in RRC_IDLE and in RRC_INACTIVE as specified in TS 36.306 [5], clause 4.3.6.46.",,No
"nr-IdleInactiveBeamMeasFR2Indicates whether the UE supports performing eNB-configured SSB-based beam level RRM measurements for configured NR FR2 carrier(s) in RRC_IDLE and in RRC_INACTIVE as specified in TS 36.306 [5], clause 4.3.6.47.",,No
nr-IdleInactiveMeasFR1Indicates whether UE supports reporting measurements performed on NR FR1 carrier(s) during RRC_IDLE and RRC_INACTIVE.,,No
nr-IdleInactiveMeasFR2Indicates whether UE supports reporting measurements performed on NR FR2 carrier(s) during RRC_IDLE and RRC_INACTIVE.,,No
nr-RSSI-ChannelOccupancyReportingIndicates whether the UE supports performing measurements and reporting of RSSI and channel occupancy on the corresponding NR band.,,-
ntn-Autonomous-GNSS-FixThis field indicates whether the UE supports autonomous GNSS position fix in RRC_CONNECTED.,,-
"ntn-Connectivity-EPCIndicates whether the UE supports NTN access when connected to EPC. If the UE indicates this capability, the UE shall support all NTN essential features as specified in TS 36.306 [5].",,-
ntn-DCI-HarqDisableMultiTB-CE-ModeBThis field indicates whether the UE supports DCI-based HARQ feedback disabling for downlink transmission when HARQ feedback disabling per HARQ process for downlink transmission is not configured by RRC and the UE is operating in CE mode B and when configured with ce-PDSCH-MultiTB-Config.,,-
ntn-DCI-HarqDisableSingleTB-CE-ModeBThis field indicates whether the UE supports DCI-based HARQ feedback disabling for downlink transmission when HARQ feedback disabling per HARQ process for downlink transmission is not configured by RRC and when the UE is operating in CE mode B.,,-
"ntn-EventA4BasedCHOThis field indicates whether the UE supports Event A4-based conditional handover, i.e., CondEvent A4.",,-
"ntn-GNSS-EnhScenarioSupportThis field indicates whether the UE supports GNSS measurement and UL transmission extension enhancements in RRC_CONNECTED for only GSO or NGSO scenario. If this field is not included, the GNSS measurement and UL transmission extension enhancements in RRC_CONNECTED that are indicated as supported are applicable for both GSO and NGSO scenario.",,-
"ntn-HarqEnhScenarioSupportThis field indicates whether the UE supports UL and DL HARQ process enhancements for only GSO or NGSO scenario. If this field is not included, the UL and DL HARQ process enhancements that are indicated as supported are applicable for both GSO and NGSO scenario.",,-
"ntn-IdleMobilityForNRIndicates whether the UE supports the inter-RAT redirection from an E-UTRA terrestrial network cell to an NR NTN cell and receiving dedicated priority of NR NTN frequency for cell reselection, see TS 36.304 [4].",,-
"ntn-LocationBasedCHO-EFCThis field indicates whether the UE supports location-based conditional handover for earth fixed cell, i.e., CondEvent D1.",,-
"ntn-LocationBasedCHO-EMCThis field indicates whether the UE supports location-based conditional handover for earth moving cell, i.e., CondEvent D2.",,-
ntn-LocationBasedMeasTrigger-EFCThis field indicates whether the UE supports location-based measurement trigger in RRC_CONNECTED in earth fixed cell.,,-
ntn-LocationBasedMeasTrigger-EMCThis field indicates whether the UE supports location-based measurement trigger in RRC_CONNECTED in earth moving cell.,,-
ntn-MO-CB-Msg3-EDT-UPThis field indicates whether the UE supports MO contention-based Msg3 EDT for User Plane CIoT EPS optimizations.,,-
ntn-OffsetTimingEnhIndicates whether the UE supports timing relationship enhancement using Differential Koffset as specified in TS 36.321 [6] and TS 36.213 [23].,,-
ntn-OverriddenHarqDisableMultiTB-CE-ModeBThis field indicates whether the UE supports DCI-based HARQ feedback disabling for downlink transmission by overriding the RRC configuration when the UE is operating in CE mode B and when configured with ce-PDSCH-MultiTB-Config.,,-
ntn-OverriddenHarqDisableSingleTB-CE-ModeBThis field indicates whether the UE supports DCI-based HARQ feedback disabling for downlink transmission by overriding the RRC configuration when the UE is operating in CE mode B.,,-
"ntn-PUR-TimerDelayIndicates whether the UE supports delaying the start of the pur-ResponseWindowTimer for NTN, see TS 36.321 [6].",,-
ntn-RedirectionIndicates whether the UE supports intra-RAT redirection from a terrestrial network to a non-terrestrial network.,,-
ntn-Redirection-NBIndicates whether the UE supports redirection from an E-UTRAN terrestrial network to an NB-IoT non-terrestrial network.,,-
ntn-RRC-HarqDisableMultiTB-CE-ModeAThis field indicates whether the UE supports HARQ feedback disabling per HARQ process for downlink transmission by RRC configuration when the UE is operating in CE mode A and when configured with ce-PDSCH-MultiTB-Config.,,-
ntn-RRC-HarqDisableMultiTB-CE-ModeBThis field indicates whether the UE supports HARQ feedback disabling per HARQ process for downlink transmission by RRC configuration when the UE is operating in CE mode B and when configured with ce-PDSCH-MultiTB-Config.,,-
ntn-RRC-HarqDisableSingleTB-CE-ModeAThis field indicates whether the UE supports HARQ feedback disabling per HARQ process for downlink transmission by RRC configuration when the UE is operating in CE mode A.,,-
ntn-RRC-HarqDisableSingleTB-CE-ModeBThis field indicates whether the UE supports HARQ feedback disabling per HARQ process for downlink transmission by RRC configuration when the UE is operating in CE mode B.,,-
"ntn-SegmentedPrecompensationGapsIndicates the minumum supported gap length between segments for segmented uplink transmission. Value sym1 corresponds to 1 symbol, value sl1 corresponds to 1 slot, value sf1 corresponds to 1 subframe.",,-
"ntn-ScenarioSupportIndicates whether the UE supports NTN features only for GSO or NGSO scenario. If a UE does not include this field but includes ntn-Connectivity-EPC-r17, the UE supports the NTN features for both GSO and NGSO scenarios.",,-
ntn-SemiStaticHarqDisableSPSThis field indicates whether the UE supports HARQ feedback transmission for the first SPS PDSCH transmission after activation when the UE is operating in CE mode A.,,-
ntn-SF-ModeThis field indicates whether the UE supports Store and Forward Satellite operation mode.,,-
"ntn-TA-reportIndicates whether the UE supports timing advance reporting in RRC_CONNECTED, see TS 36.321 [6].",,-
"ntn-TimeBasedCHOThis field indicates whether the UE supports time-based conditional handover, i.e., CondEvent T1.",,-
ntn-TimeBasedMeasTriggerThis field indicates whether the UE supports time-based measurement trigger in RRC_CONNECTED.,,-
ntn-Triggered-GNSS-FixThis field indicates whether the UE supports network triggered GNSS position fix in RRC_CONNECTED.,,-
"ntn-UplinkHarq-ModeB-MultiTBThis field indicates whether the UE supports HARQ Mode B when scheduled with uplink transmission of multiple TBs. For BL UE or UE in CE, this field also indicates whether the UE supports the corresponding LCP restrictions for uplink transmission.",,-
"ntn-UplinkHarq-ModeB-SingleTBThis field indicates whether the UE supports HARQ Mode B. For BL UE or UE in CE, this field also indicates whether the UE supports the corresponding LCP restrictions for uplink transmission.",,-
ntn-UplinkTxExtensionThis field indicates whether the UE supports to perform UL transmission in a duration after original GNSS validity duration expires without GNSS re-acquisition.,,-
numberOfBlindDecodesUSSIndicates the maximum number of blind decodes in UE specific search space in one subframe for CCs configured with sTTI operation supported by the UE. The number of blind decodes supported by the UE is the field value X*68. Field value ranges from 4 to 32.,,Yes
nzp-CSI-RS-AperiodicInfoIndicates whether the UE supports aperiodic NZP CSI-RS transmission for the indicated transmission mode.,,Yes
nzp-CSI-RS-PeriodicInfoIndicates whether the UE supports periodic NZP CSI-RS transmission for the indicated transmission mode.,,Yes
"otdoa-UE-AssistedIndicates whether the UE supports UE-assisted OTDOA positioning, as specified in TS 36.355 [54].",,Yes
"outOfOrderDeliverySame as ""outOfOrderDelivery"" defined in TS 38.306 [87].",,No
outOfSequenceGrantHandlingIndicates whether the UE supports PUSCH transmissions with out of sequence UL grants as defined in TS 36.213 [23]. This field can be included only if uplinkLAA is included.,,-
overheatingIndIndicates whether the UE supports overheating assistance information.,,No
overheatingIndForSCGIndicates whether the UE supports the inclusion of NR SCG reduced configuration in the overheating assistance information. The UE which indicates support of overheatingIndForSCG shall also indicate support of overheatingInd.,,-
"pdcch-CandidateReductionsIndicates whether the UE supports PDCCH candidate reduction on UE specific search space as specified in TS 36.213 [23], clause 9.1.1.",,No
pdcp-DuplicationIndicates whether the UE supports PDCP duplication.,,-
pdcp-SN-ExtensionIndicates whether the UE supports 15 bit length of PDCP sequence number.,,-
pdcp-SN-Extension-18bitsIndicates whether the UE supports 18 bit length of PDCP sequence number.,,-
pdcp-TransferSplitULIndicates whether the UE supports PDCP data transfer split in UL for the drb-TypeSplit as specified in TS 36.323 [8].,,-
"pdcp-VersionChangeWithoutHOIndicates whether, the UE supports changing the PDCP version of DRBs, from LTE PDCP to NR PDCP and vice versa, with and without handover. A UE supporting PDCP version change shall signal field pdcp-Parameters-v1610. When the field pdcp-VersionChangeWithoutHO is not included and pdcp-Parameters-v1610 is included, it implies the UE supports PDCP version change only with handover.",,-
pdsch-CollisionHandlingIndicates whether the UE supports PDSCH collision handling as specified in TS 36.213 [23].,,No
"pdsch-InLteControlRegionCE-ModeA, pdsch-InLteControlRegionCE-ModeBIndicates whether UE operating in CE mode A/B supports PDSCH reception in LTE control channel region as specified in TS 36.211 [21].",,Yes
"pdsch-MultiTB-CE-ModeA, pdsch-MultiTB-CE-ModeBIndicates whether the UE supports multiple TB scheduling in connected mode for PDSCH when operating in CE mode A/B, as specified in TS 36.211 [21] and TS 36.213 [23].",,Yes
pdsch-RepSubframeIndicates whether the UE supports subframe PDSCH repetition.,,Yes
pdsch-RepSlotIndicates whether the UE supports slot PDSCH repetition.,,Yes
pdsch-RepSubslotIndicates whether the UE supports subslot PDSCH repetition. This field is only applicable for UEs supporting FDD.,,-
pdsch-SlotSubslotPDSCH-DecodingIndicates whether the UE supports decoding of PDSCH and slot-PDSCH/subslot-PDSCH assigned with C-RNTI/SPS C-RNTI in the same subframe for a given carrier.,,Yes
"perServingCellMeasurementGapIndicates whether the UE supports per serving cell measurement gap indication, as specified in TS 36.133 [16].",,-
"phy-TDD-ReConfig-FDD-PCellIndicates whether the UE supports TDD UL/DL reconfiguration for TDD serving cell(s) via monitoring PDCCH with eIMTA-RNTI on a FDD PCell, and HARQ feedback according to UL and DL HARQ reference configurations. This bit can only be set to supported only if the UE supports FDD PCell and phy-TDD-ReConfig-TDD-PCell is set to supported.",,No
"phy-TDD-ReConfig-TDD-PCellIndicates whether the UE supports TDD UL/DL reconfiguration for TDD serving cell(s) via monitoring PDCCH with eIMTA-RNTI on a TDD PCell, and HARQ feedback according to UL and DL HARQ reference configurations, and PUCCH format 3.",,Yes
"pmch-Bandwidth-n40, pmch-Bandwidth-n35, pmch-Bandwidth-n30Indicates, for the E‑UTRA band corresponding to the entry in mbms-SupportedBandInfoList-v1700, whether the UE in RRC_CONNECTED supports MBMS reception via MBSFN from MBMS-dedicated cells in an MBSFN area with PMCH bandwidth of 40/ 35/ 30 PRBs as described in TS 36.211 [21] and TS 36.213 [23].",-,
pmi-Disabling,,Yes
"powerClass-14dBmIndicates whether the UE supports power class 14 dBm when operating in CE mode A or B for all the bands that are supported by the UE, as specified in TS 36.101 [42].",,-
powerPrefIndIndicates whether the UE supports power preference indication.,,No
"powerUCI-SlotPUSCH, powerUCI-SubslotPUSCHIndicates whether the UE supports BPRE derivation based on the actual derived O_CQI. The parameter uplinkPower-CSIPayload configures the UE to derive BPRE based on either the actual value of O_CQI or the largest value of O_CQI across all RI values. If the UE does not support the capability, the UE will derive BPRE based on the largest value of O_CQI across all RI values.",,Yes
prach-EnhancementsThis field defines whether the UE supports random access preambles generated from restricted set type B in high speed scenoario as specified in TS 36.211 [21].,,-
"processingTimelineSetIndicates, for each SPDCCH configuration, support for a set of TA values. Each set consists of two different processing timelines and associated maximum TA. Set 1 indicates support for n+4 and n+6 and set 2 indicates support for n+6 and n+8, see TS 36.211 [21], clause 8.1, The minimum processing timeline to use, out of the two options for a given set is configured by parameter proc-Timeline. Support of Set 1 implicitly means support of Set 2.",,-
pucch-Format4Indicates whether the UE supports PUCCH format 4.,,Yes
pucch-Format5Indicates whether the UE supports PUCCH format 5.,,Yes
pucch-SCellIndicates whether the UE supports PUCCH on SCell.,,No
"pur-CP-EPC-CE-ModeA, pur-CP-EPC-CE-ModeB, pur-CP-5GC-CE-ModeA, pur-CP-5GC-CE-ModeBIndicates whether UE operating in CE mode A/B supports CP transmission using PUR when connected to EPC/ 5GC.",,Yes
pur-CP-L1AckIndicates whether UE supports L1 acknowledgement in response to CP transmission using PUR when connected to EPC/ 5GC.,,Yes
pur-FrequencyHoppingIndicates whether UE supports frequency hopping for transmission using PUR.,,Yes
"pur-PUSCH-NB-MaxTBSIndicates whether the UE supports 2984 bits max UL TBS in 1.4 MHz for transmission using PUR when operating in CE mode A, as specified in TS 36.212 [22] and TS 36.213 [23].",,Yes
pur-RSRP-ValidationIndicates whether UE supports serving cell RSRP for TA validation for transmission using PUR when connected to EPC/ 5GC.,,Yes
"pur-SubPRB-CE-ModeA, pur-SubPRB-CE-ModeBIndicates whether UE supports subPRB resource allocation for PUSCH for transmission using PUR when operating in CE mode A/B.",,Yes
"pur-UP-EPC-CE-ModeA, pur-UP-EPC-CE-ModeB, pur-UP-5GC-CE-ModeA, pur-UP-5GC-CE-ModeBIndicates whether UE operating in CE mode A/B supports UP transmission using PUR when connected to EPC/ 5GC.",,Yes
pusch-EnhancementsIndicates whether the UE supports the PUSCH enhancement mode as specified in TS 36.211 [21] and TS 36.213 [23].,,Yes
pusch-FeedbackModeIndicates whether the UE supports PUSCH feedback mode 3-2.,,No
"pusch-MultiTB-CE-ModeA, pusch-MultiTB-CE-ModeBIndicates whether the UE supports multiple TB scheduling in connected mode for PUSCH when operating in CE mode A/B, as specified in TS 36.211 [21] and TS 36.213 [23].",,Yes
pusch-SPS-MaxConfigSlotIndicates the max number of SPS configurations across all cells for slot PUSCH.,,Yes
pusch-SPS-MultiConfigSlotIndicates the number of multiple SPS configurations of slot PUSCH for each serving cell.,,Yes
pusch-SPS-MaxConfigSubframeIndicates the max number of SPS configurations across all cells for subframe PUSCH.,,Yes
pusch-SPS-MultiConfigSubframeIndicates the number of multiple SPS configurations of subframe PUSCH for each serving cell.,,Yes
pusch-SPS-MaxConfigSubslotIndicates the max number of SPS configurations across all cells for subslot PUSCH.,,-
pusch-SPS-MultiConfigSubslotIndicates the number of multiple SPS configurations of subslot PUSCH for each serving cell. This field is only applicable for UEs supporting FDD.,,-
pusch-SPS-SlotRepPCellIndicates whether the UE supports SPS repetition for slot PUSCH for PCell.,,Yes
pusch-SPS-SlotRepPSCellIndicates whether the UE supports SPS repetition for slot PUSCH for PSCell.,,Yes
pusch-SPS-SlotRepSCellIndicates whether the UE supports SPS repetition for slot PUSCH for serving cells other than SpCell.,,Yes
pusch-SPS-SubframeRepPCellIndicates whether the UE supports SPS repetition for subframe PUSCH for PCell.,,Yes
pusch-SPS-SubframeRepPSCellIndicates whether the UE supports SPS repetition for subframe PUSCH for PSCell.,,Yes
pusch-SPS-SubframeRepSCellIndicates whether the UE supports SPS repetition for subframe PUSCH for serving cells other than SpCell.,,Yes
pusch-SPS-SubslotRepPCellIndicates whether the UE supports SPS repetition for subslot PUSCH for PCell. This field is only applicable for UEs supporting FDD.,,-
pusch-SPS-SubslotRepPSCellIndicates whether the UE supports SPS repetition for subslot PUSCH for PSCell. This field is only applicable for UEs supporting FDD.,,-
pusch-SPS-SubslotRepSCellIndicates whether the UE supports SPS repetition for subslot PUSCH for serving cells other than SpCell. This field is only applicable for UEs supporting FDD.,,-
pusch-SRS-PowerControl-SubframeSetIndicates whether the UE supports subframe set dependent UL power control for PUSCH and SRS. This field is only applicable for UEs supporting TDD.,,Yes
"qcl-CRI-BasedCSI-ReportingIndicates whether the UE supports CRI based CSI feedback for the FeCoMP feature as specified in TS 36.213 [23], clause 7.1.10.",,-
"qcl-TypeC-OperationThe UE uses this field to indicate the support of all of the following three features: QCL Type-C operation for FeCoMP, the capability to support separate PDSCH RE mapping for different PDSCH CWs in non-coherent joint transmission and the capability to support handling new DMRS port to MIMO layer mapping for the CWs, as specified in TS 36.213 [23], clause 7.1.10.",,-
qoe-MeasReportIndicates whether the UE supports QoE Measurement Collection for streaming services.,,-
qoe-MTSI-MeasReportIndicates whether the UE supports QoE Measurement Collection for MTSI services.,,
"rach-LessIndicates whether the UE supports RACH-less handover, and whether the UE which indicates dc-Parameters supports RACH-less SeNB change, as defined in TS 36.300 [9].",,-
rach-ReportIndicates whether the UE supports delivery of rach-Report.,,-
"rach-ReportForNRIndicates whether the UE supports NR RACH report in LTE, upon request from the network.",,-
rai-SupportDefines whether the UE supports release assistance indication (RAI) as specified in TS 36.321 [6] for BL UEs.,,No
rai-SupportEnhIndicates whether the UE supports 2-bit RAI when connected to EPC as specified in TS 36.321 [6].,,-
"rclwiIndicates whether the UE supports RCLWI, i.e. reception of rclwi-Configuration. The UE which supports RLCWI shall also indicate support of interRAT-ParametersWLAN-r13. The UE which supports RCLWI and wlan-IW-RAN-Rules shall also support applying WLAN identifiers received in rclwi-Configuration for the access network selection and traffic steering rules when in RRC_IDLE.",,-
"recommendedBitRateIndicates whether the UE supports the bit rate recommendation message from the eNB to the UE as specified in TS 36.321 [6], clause 6.1.3.13.",,No
"recommendedBitRateMultiplierIndicates whether the UE supports the bit rate multiplier for recommended bit rate MAC CE as specified in TS 36.321 [6], clause 6.1.3.13. If this field is included, the UE shall also include the recommendedBitRate field.",,-
"recommendedBitRateQueryIndicates whether the UE supports the bit rate recommendation query message from the UE to the eNB as specified in TS 36.321 [6], clause 6.1.3.13. If this field is included, the UE shall also include the recommendedBitRate field.",,No
reducedCP-LatencyIndicates whether the UE supports reduced CP latency.,,Yes
"reducedIntNonContCombIndicates whether the UE supports receiving requestReducedIntNonContComb that requests the UE to exclude supported intra-band non-contiguous CA band combinations other than included in capability signalling as specified in TS 36.306 [5], clause 4.3.5.21.",,-
"reducedIntNonContCombRequestedIndicates that the UE excluded supported intra-band non-contiguous CA band combinations other than included in capability signalling as specified in TS 36.306 [5,] clause 4.3.5.21.",,-
reflectiveQoSIndicates whether the UE supports AS reflective QoS.,,No
"relWeightTwoLayers/ relWeightFourLayers/ relWeightEightLayersIndicates relative weight of processing FD-MIMO with 2/ 4/ 8 layers with respect to non-FD-MIMO with the same number of layers, see NOTE 8. Value v1 corresponds to relative weight of 1, value v1dot25 corresponds to relative weight of 1.25 and so on. This field can be included only if the UE supports the corresponding number of layers (i.e., 2/ 4/ 8 layers).",,-
reportCGI-NR-EN-DCIndicates whether the UE supports Inter-RAT report CGI procedure towards NR cell when it is configured with (NG)EN-DC.,,Yes
reportCGI-NR-NoEN-DCIndicates whether the UE supports Inter-RAT report CGI procedure towards NR cell when it is not configured with (NG)EN-DC.,,Yes
resumeWithMCG-SCellConfigIndicates whether the UE supports (re-)configuration of E-UTRA MCG SCells.,,-
resumeWithSCG-ConfigIndicates whether the UE supports (re-)configuration of an NR SCG.,,-
resumeWithStoredMCG-SCellsIndicates whether the UE supports not deleting the stored E-UTRA MCG SCell configuration when initiating the resume procedure.,,-
resumeWithStoredSCGIndicates whether the UE supports not deleting the stored NR SCG configuration when initiating the resume procedure.,,-
"srs-CapabilityPerBandPairListIndicates, for a particular pair of bands, the SRS carrier switching parameters when switching between the band pair to transmit SRS on a PUSCH-less SCell as specified in TS 36.212 [22] and TS 36.213 [23]. If included, the UE shall include a number of entries as indicated in the following, and listed in the same order, as in bandParameterList for the concerned band combination:-For the first band, the UE shall include the same number of entries as in bandParameterList i.e. first entry corresponds to first band in bandParameterList and so on,-For the second band, the UE shall include one entry less i.e. first entry corresponds to the second band in bandParameterList and so on-And so on.",,-
requestedBandsIndicates the frequency bands requested by E-UTRAN.,,-
"requestedCCsDL, requestedCCsULIndicates the maximum number of CCs requested by E-UTRAN.",,-
requestedDiffFallbackCombListIndicates the CA band combinations for which report of different UE capabilities is requested by E-UTRAN.,,-
"rf-RetuningTimeDLIndicates the interruption time on DL reception within a band pair during the RF retuning for switching between the band pair to transmit SRS on a PUSCH-less SCell. n0 represents 0 OFDM symbols, n0dot5 represents 0.5 OFDM symbols, n1 represents 1 OFDM symbol and so on. This field is mandatory present if switching between the band pair is supported.",,-
"rf-RetuningTimeULIndicates the interruption time on UL transmission within a band pair during the RF retuning for switching between the band pair to transmit SRS on a PUSCH-less SCell. n0 represents 0 OFDM symbols, n0dot5 represents 0.5 OFDM symbols, n1 represents 1 OFDM symbol and so on. This field is mandatory present if switching between the band pair is supported.",,-
rlc-AM-Ooo-DeliveryIndicates whether the UE supports out-of-order delivery from RLC to PDCP for RLC AM.,,-
rlc-UM-Ooo-DeliveryIndicates whether the UE supports out-of-order delivery from RLC to PDCP for RLC UM.,,-
rlm-ReportSupportIndicates whether the UE supports RLM event and information reporting.,,-
"rohc-ContextContinueSame as ""continueROHC-Context"" defined in TS 38.306 [87].",,No
"rohc-ContextMaxSessionsSame as ""maxNumberROHC-ContextSessions"" defined in TS 38.306 [87].",,No
"rohc-ProfilesSame as ""supportedROHC-Profiles"" defined in TS 38.306 [87].",,No
"rohc-ProfilesUL-OnlySame as ""uplinkOnlyROHC-Profiles"" defined in TS 38.306 [87].",,No
rsrqMeasWidebandIndicates whether the UE can perform RSRQ measurements with wider bandwidth.,,Yes
rsrq-OnAllSymbolsIndicates whether the UE can perform RSRQ measurement on all OFDM symbols and also support the extended RSRQ upper value range from -3dB to 2.5dB in measurement configuration and reporting as specified in TS 36.133 [16].,,No
rs-SINR-MeasIndicates whether the UE can perform RS-SINR measurements in RRC_CONNECTED as specified in TS 36.214 [48].,,-
rssi-AndChannelOccupancyReportingIndicates whether the UE supports performing measurements and reporting of RSSI and channel occupancy. This field can be included only if downlinkLAA is included.,,-
sa-NRIndicates whether the UE supports standalone NR as specified in TS 38.331 [82].,,No
"satelliteInfoConfigDedicatedThis field indicates whether the UE can be configured via dedicated signalling with NTN assistance information (i.e., satelliteId-r18 or ephemeris information in measObjectEUTRA) to measure an NTN cell in RRC_CONNECTED.",,-
"scalingFactorTxSidelink, scalingFactorRxSidelinkIndicates, for a particular band combination of EUTRA, the scaling facor, as defined in TS 38.306 [87], for the PC5 band combination(s) v2x-SupportedBandCombinationListEUTRA-NR on which the UE supports simultaneous transmission/reception of EUTRA and NR sidelink communication respectively, or simultaneous transmission or reception of EUTRA and joint V2X sidelink communication and NR sidelink communication respectively (as indicated by v2x-SupportedTxBandCombListPerBC-v1630 / v2x-SupportedRxBandCombListPerBC-v1630). The leading / leftmost value corresponds to the first band combination included in v2x-SupportedBandCombinationListEUTRA-NR which is indicated with value 1 by v2x-SupportedTxBandCombListPerBC-v1630 / v2x-SupportedRxBandCombListPerBC-v1630, the next value corresponds to the second band combination included in v2x-SupportedBandCombinationListEUTRA-NR which is indicated with value 1 by v2x-SupportedTxBandCombListPerBC-v1630 / v2x-SupportedRxBandCombListPerBC-v1630 and so on. For each value of ScalingFactorSidelink-r16, value f0p4 indicates the scaling factor 0.4, f0p75 indicates 0.75, and so on.",,-
"scptm-AsyncDCIndicates whether the UE in RRC_CONNECTED supports MBMS reception via SC-MRB on a frequency indicated in an MBMSInterestIndication message, where (according to supportedBandCombination) the carriers that are or can be configured as serving cells in the MCG and the SCG are not synchronized. If this field is included, the UE shall also include scptm-SCell and scptm-NonServingCell.",,Yes
"scptm-NonServingCellIndicates whether the UE in RRC_CONNECTED supports MBMS reception via SC-MRB on a frequency indicated in an MBMSInterestIndication message, where (according to supportedBandCombination and to network synchronization properties) a serving cell may be additionally configured. If this field is included, the UE shall also include the scptm-SCell field.",,Yes
scptm-ParametersPresence of the field indicates that the UE supports SC-PTM reception as specified in TS 36.306 [5].,,Yes
"scptm-SCellIndicates whether the UE in RRC_CONNECTED supports MBMS reception via SC-MRB on a frequency indicated in an MBMSInterestIndication message, when an SCell is configured on that frequency (regardless of whether the SCell is activated or deactivated).",,Yes
scptm-ParallelReceptionIndicates whether the UE in RRC_CONNECTED supports parallel reception in the same subframe of DL-SCH transport blocks transmitted using C-RNTI/Semi-Persistent Scheduling C-RNTI and using SC-RNTI/G-RNTI as specified in TS 36.306 [5].,,Yes
secondSlotStartingPositionIndicates whether the UE supports reception of subframes with second slot starting position as described in TS 36.211 [21] and TS 36.213 [23]. This field can be included only if downlinkLAA is included.,,-
semiOLIndicates whether the UE supports semi-open-loop transmission for the indicated transmission mode.,,Yes
semiStaticCFIIndicates whether the UE supports the semi-static configuration of CFI for subframe/slot/sub-slot operation.,,Yes
semiStaticCFI-PatternIndicates whether the UE supports the semi-static configuration of CFI pattern for subframe/slot/sub-slot operation. This field is only applicable for UEs supporting TDD.,,-
"sharedSpectrumMeasNR-EN-DCIndicates whether the UE supports performing measurements and reporting of RSSI and channel occupancy on each supported NR band in EN-DC. If included, the UE shall include the same number of entries, and listed in the same order as in supportedBandListEN-DC-r15.",,-
"sharedSpectrumMeasNR-SAIndicates whether the UE supports performing measurements and reporting of RSSI and channel occupancy on each supported NR band in NR SA. If included, the UE shall include the same number of entries, and listed in the same order as in supportedBandListNR-SA-r15.",,-
shortCQI-ForSCellActivationIndicates whether the UE supports additional CQI reporting periodicity after SCell activation.,,Yes
"shortMeasurementGapIndicates whether the UE supports shorter measurement gap length (i.e. gp2 and gp3) in LTE standalone as specified in TS 36.133 [16], and for independent measurement gap configuration on FR1 and per-UE gap in (NG)EN-DC as specified in TS38.133 [84].",,No
shortSPS-IntervalFDDIndicates whether the UE supports uplink SPS intervals shorter than 10 subframes in FDD mode.,,-
shortSPS-IntervalTDDIndicates whether the UE supports uplink SPS intervals shorter than 10 subframes in TDD mode.,,-
sigBasedEUTRA-LoggedMeasOverrideProtectIndicates whether the UE supports the override protection of the signalling based logged measurements configured in E-UTRA when entering RRC_CONNECTED state in NR.,,-
simultaneousPUCCH-PUSCHIndicates whether the UE supports simultaneous transmission of PUSCH/PUCCH and SlotOrSubslotPUSCH/SPUCCH (if supported).,,Yes
simultaneousRx-TxIndicates whether the UE supports simultaneous reception and transmission on different bands for each band combination listed in supportedBandCombination. This field is only applicable for inter-band TDD band combinations. A UE indicating support of simultaneousRx-Tx and dc-Support-r12 shall support different UL/DL configurations between PCell and PSCell.,,-
"simultaneousTx-DifferentTx-DurationIndicates whether the UE supports simultaneous transmission of different transmission durations over different carriers. The different transmission durations can be of subframe, slot or subslot duration.",,-
skipFallbackCombinationsIndicates whether UE supports receiving requestSkipFallbackComb that requests UE to exclude fallback band combinations from capability signalling.,,-
skipFallbackCombRequestedIndicates whether requestSkipFallbackComb is requested by E-UTRAN.,,-
"skipMonitoringDCI-Format0-1AIndicates whether UE supports blind decoding reduction on UE specific search space by not monitoring DCI Format 0 and 1A as specified in TS 36.213 [23], clause 9.1.1.",,No
"skipSubframeProcessingThis fields defines whether the UE supports aborting reception of PDSCH if the UE receives slot-PDSCH/subslot-PDSCH during an ongoing PDSCH reception and instead starts receiving the slot-PDSCH/subslot-PDSCH, as well as whether the UE supports aborting a PUSCH transmission if the UE gets a grant for a slot-PUSCH/ subslot-PUSCH transmission that overlaps with a grant received for a PUSCH transmission. The capability indicates the number of subframes that the UE may drop prior to the subframe in which it prioritizes the processing of slot/subslot PDSCH/PUSCH as described in TS 36.213 [23], clauses 7.1 and 8.0. Separate capability for UL and DL and per sTTI length in each direction: skipProcessingDL-Slot, skipProcessingDL-Subslot, skipProcessingUL-Slot and skipProcessingUL-Subslot.",,-
skipUplinkDynamicIndicates whether the UE supports skipping of UL transmission for an uplink grant indicated on PDCCH if no data is available for transmission as described in TS 36.321 [6].,,-
skipUplinkSPSIndicates whether the UE supports skipping of UL transmission for a configured uplink grant if no data is available for transmission as described in TS 36.321 [6].,,-
sl-64QAM-RxIndicates whether the UE supports 64QAM for the reception of V2X sidelink communication.,,-
sl-64QAM-TxIndicates whether the UE supports 64QAM for the transmission of V2X sidelink communication.,,-
"sl-A2X-ServiceIndicates whether the UE supports A2X service and dedicated resource pool for A2X service. Value 'brid' indicates BRID is supported, value 'daa' indicates DAA is supported, and value 'bridAndDAA' indicates both are supported.",,-
sl-CongestionControlIndicates whether the UE supports Channel Busy Ratio measurement and reporting of Channel Busy Ratio measurement results to eNB for V2X sidelink communication.,,-
sl-LowT2minIndicates whether the UE supports 10ms as minimum value of T2 for resource selection procedure of V2X sidelink communication.,,-
"sl-ParameterNRIncludes the SidelinkParametersNR IE as specified in TS 38.331 [82]. The field includes the sidelink capability for NR-PC5, where multipleSR-ConfigurationsSidelink, logicalChannelSR-DelayTimerSidelink and relayParameters are not applicable.",,-
sl-RateMatchingTBSScalingIndicates whether the UE supports rate matching and TBS scalling for V2X sidelink communication.,,-
slotPDSCH-TxDiv-TM8Indicates whether the UE supports TX diversity transmission using ports 7 and 8 for TM8 for slot PDSCH.,,-
slotPDSCH-TxDiv-TM9and10Indicates whether the UE supports TX diversity transmission using ports 7 and 8 for TM9/10 for slot PDSCH.,,Yes
"slotSymbolResourceResvDL-CE-ModeA, slotSymbolResourceResvDL-CE-ModeB, slotSymbolResourceResvUL-CE-ModeA, slotSymbolResourceResvUL-CE-ModeBIndicates whether the UE supports slot/symbol-level time-domain resource reservation in downlink/uplink when operating in CE mode A/B, as specified in TS 36.211 [21] and TS 36.213 [23].",,Yes
slss-SupportedTxFreqIndicates whether the UE supports the SLSS transmission on single carrier or on multiple carriers in the case of sidelink carrier aggregation.,,-
slss-TxRxIndicates whether the UE supports SLSS/PSBCH transmission and reception in UE autonomous resource selection mode and eNB scheduled mode in a band for V2X sidelink communication.,,-
sl-TxDiversityIndicates whether the UE supports transmit diversity for V2X sidelink communication. See TS 36.101 [42].,,-
"sn-SizeLoSame as ""shortSN"" defined in TS 38.306 [87].",,No
"spatialBundling-HARQ-ACKIndicates whether UE supports HARQ-ACK spatial bundling on PUCCH or PUSCH as specified in TS 36.213 [23], clauses 7.3.1 and 7.3.2.",,No
spdcch-differentRS-typesIndicates whether the UE supports monitoring of sPDCCH on RB sets with different RS types within a TTI.,,Yes
spdcch-ReuseIndicates whether the UE supports L1 based SPDCCH reuse.,,Yes
sps-CyclicShiftIndicates whether the UE supports RRC configuration of cyclic shift for DMRS for UL SPS using 1ms TTI.,,Yes
sps-ServingCellIndicates whether the UE supports multiple UL/DL SPS configurations simultaneously active on different serving cells as specified in TS 36.321 [6].,,-
"sps-STTIIndicates whether the UE supports SPS in DL and/or UL for slot or subslot based PDSCH and PUSCH, respectively.",,Yes
srs-DCI7-TriggeringFS2Indicates whether the UE supports SRS triggerring via DCI format 7 for FS2.,,-
srs-EnhancementsIndicates whether the UE supports SRS enhancements.,,Yes
srs-EnhancementsTDDIndicates whether the UE supports TDD specific SRS enhancements.,,Yes
"srs-FlexibleTimingIndicates whether the UE supports configuration of soundingRS-FlexibleTiming-r14 for the corresponding band pair. For a TDD-TDD band pair, UE shall include at least one of srs-FlexibleTiming and/or srs-HARQ-ReferenceConfig when rf-RetuningTimeDL or rf-RetuningTimeUL corresponding to the band pair is larger than 1 OFDM symbol.",,-
"srs-HARQ-ReferenceConfigIndicates whether the UE supports configuration of harq-ReferenceConfig-r14 for the corresponding band pair. For a TDD-TDD band pair, UE shall include at least one of srs-FlexibleTiming and/or srs-HARQ-ReferenceConfig when rf-RetuningTimeDL or rf-RetuningTimeUL corresponding to the band pair is larger than 1 OFDM symbol.",,-
"srs-MaxSimultaneousCCsIndicates the maximum number of simultaneously configurable target CCs for SRS switching (i.e., CCs for which srs-SwitchFromServCellIndex is configured) supported by the UE.",,-
srs-UpPTS-6symIndicates whether the UE supports up to 6-symbol SRS in UpPTS.,,-
srvcc-FromUTRA-FDD-ToGERANIndicates whether UE supports SRVCC handover from UTRA FDD PS HS to GERAN CS.,,-
srvcc-FromUTRA-FDD-ToUTRA-FDDIndicates whether UE supports SRVCC handover from UTRA FDD PS HS to UTRA FDD CS.,,-
srvcc-FromUTRA-TDD128-ToGERANIndicates whether UE supports SRVCC handover from UTRA TDD 1.28Mcps PS HS to GERAN CS.,,-
srvcc-FromUTRA-TDD128-ToUTRA-TDD128Indicates whether UE supports SRVCC handover from UTRA TDD 1.28Mcps PS HS to UTRA TDD 1.28Mcps CS.,,-
ss-CCH-InterfHandlIndicates whether the UE supports synchronisation signal and common channel interference handling.,,Yes
"ss-SINR-Meas-NR-FR1, ss-SINR-Meas-NR-FR2Indicates whether the UE can perform NR SS-SINR measurement for a frequency range (i.e. FR1 or FR2) as specified in TS 38.215 [89].",,-
"ssp10-TDD-OnlyIndicates the UE supports special subframe configuration 10 when operating only in TDD carriers (i.e., not in TDD/FDD CA or TDD/FS3 CA). A UE including this field shall not include tdd-SpecialSubframe-r14.",,-
standaloneGNSS-LocationIndicates whether the UE is equipped with a standalone GNSS receiver that may be used to provide detailed location information in RRC measurement report and logged measurements.,,-
"sTTI-SPT-SupportedIndicates whether the UE supports the features STTI and/or SPT. If the UE supports STTI and/or SPT features, the UE shall report the field sTTI-SPT-Supported set to supported in capability signalling, irrespective of whether requestSTTI-SPT-Capability field is present or not.",,-
sTTI-FD-MIMO-CoexistenceIndicates whether the UE supports CSI feedback for more than 8 NZP CSI-RS ports on subframe based PUSCH in any serving cell and supporting STTI in any serving cell.,,-
"sTTI-SupportedCombinationsIndicates the different combinations of short TTI lengths, see field description for dl-STTI-Length and ul-STTI-Length, that the UE supports in a single PUCCH group or in two PUCCH groups. A short TTI length combination is reported for DL first followed by UL. In case of two PUCCH groups the support for the primary PUCCH group is indicated first.",,-
"subcarrierPuncturingCE-ModeA, subcarrierPuncturingCE-ModeBIndicates whether the UE supports subcarrier puncturing in downlink when operating in CE mode A/B, as specified in TS 36.211 [21] and TS 36.213 [23].",,Yes
"subcarrierSpacingMBMS-khz7dot5, subcarrierSpacingMBMS-khz1dot25Indicates the supported subcarrier spacings for MBSFN subframes in addition to 15 kHz subcarrier spacing. subcarrierSpacingMBMS-khz1dot25 and subcarrierSpacingMBMS-khz7dot5 indicates that the UE supports 1.25 and 7.5 kHz respectively for MBSFN subframes as described in TS 36.211 [21], clause 6.12. This field is included only if fembmsMixedCell or fembmsDedicatedCell is included.",,-
"subcarrierSpacingMBMS-khz2dot5, subcarrierSpacingMBMS-khz0dot37Presence of this field indicates the supported subcarrier spacings of 2.5kHz / 0.37kHz for MBSFN subframes in addition to 15 kHz subcarrier spacing when operating on the E-UTRA band given by the entry in mbms-SupportedBandInfoList as described in TS 36.211 [21], clause 6.12.",,-
"subframeResourceResvDL-CE-ModeA, subframeResourceResvDL-CE-ModeB, subframeResourceResvUL-CE-ModeA, subframeResourceResvUL-CE-ModeBIndicates whether the UE supports Subframe-level time-domain resource reservation in downlink/uplink when operating in CE mode A/B, as specified in TS 36.211 [21] and TS 36.213 [23].",,Yes
subslotPDSCH-TxDiv-TM9and10Indicates whether the UE supports TX diversity transmission using ports 7 and 8 for TM9/10 for subslot PDSCH.,,Yes
"supportedBandCombinationIncludes the supported CA band combinations, if any, and may include all the supported non-CA bands.",,-
supportedBandCombinationAdd-r11Includes additional supported CA band combinations in case maximum number of CA band combinations of supportedBandCombination is exceeded.,,-
"SupportedBandCombinationAdd-v11d0, SupportedBandCombinationAdd-v1250, SupportedBandCombinationAdd-v1270, SupportedBandCombinationAdd-v1320, SupportedBandCombinationAdd-v1380, SupportedBandCombinationAdd-v1390, SupportedBandCombinationAdd-v1430, SupportedBandCombinationAdd-v1450, SupportedBandCombinationAdd-v1470, SupportedBandCombinationAdd-v14b0, SupportedBandCombinationAdd-v1530, SupportedBandCombinationAdd-v1630, SupportedBandCombinationAdd-v1800If included, the UE shall include the same number of entries, and listed in the same order, as in SupportedBandCombinationAdd-r11.",,-
"SupportedBandCombinationAdd-v1610If included, the UE shall include the same number of entries, and listed in the same order, as in SupportedBandCombinationAdd-r11. If absent, network assumes gap is required when measurement is performed on any NR bands while UE is served by cell(s) belongs to an E-UTRA CA band combinations listed in SupportedBandCombinationAdd-r11 except for the FR2 inter-RAT measurement which depends on the support of independentGapConfig or gaplessMeas-FR2-maxCC.",,-
"SupportedBandCombinationExt, SupportedBandCombination-v1090, SupportedBandCombination-v10i0, SupportedBandCombination-v1130, SupportedBandCombination-v1250, SupportedBandCombination-v1270, SupportedBandCombination-v1320, SupportedBandCombination-v1380, SupportedBandCombination-v1390, SupportedBandCombination-v1430, SupportedBandCombination-v1450, SupportedBandCombination-v1470, SupportedBandCombination-v14b0, SupportedBandCombination-v1530, SupportedBandCombination-v1630, SupportedBandCombination-v1800If included, the UE shall include the same number of entries, and listed in the same order, as in supportedBandCombination-r10.",,-
"SupportedBandCombination-v1610If included, the UE shall include the same number of entries, and listed in the same order, as in supportedBandCombination-r10. If absent, network assumes gap is required when measurement is performed on any NR bands while UE is served by cell(s) belongs to an E-UTRA CA band combinations listed in supportedBandCombination-r10 except for the FR2 inter-RAT measurement which depends on the support of independentGapConfig or gaplessMeas-FR2-maxCC.",,-
"supportedBandCombinationReducedIncludes the supported CA band combinations, and may include the fallback CA combinations specified in TS 36.101 [42], clause 4.3A. This field also indicates whether the UE supports reception of requestReducedFormat.",,-
"SupportedBandCombinationReduced-v1320, SupportedBandCombinationReduced-v1380, SupportedBandCombinationReduced-v1390, SupportedBandCombinationReduced-v1430, SupportedBandCombinationReduced-v1450, SupportedBandCombinationReduced-v1470, SupportedBandCombinationReduced-v14b0, SupportedBandCombinationReduced-v1530, SupportedBandCombinationReduced-v1630, SupportedBandCombinationReduced-v1800If included, the UE shall include the same number of entries, and listed in the same order, as in supportedBandCombinationReduced-r13.",,-
"SupportedBandCombinationReduced-v1610If included, the UE shall include the same number of entries, and listed in the same order, as in supportedBandCombinationReduced-r13. If absent, network assumes gap is required when measurement is performed on any NR bands while UE is served by cell(s) belongs to an E-UTRA CA band combinations listed in supportedBandCombinationReduced-r13 except for the FR2 inter-RAT measurement which depends on the support of independentGapConfig or gaplessMeas-FR2-maxCC.",,-
SupportedBandGERANGERAN band as defined in TS 45.005 [20].,,No
SupportedBandList1XRTTOne entry corresponding to each supported CDMA2000 1xRTT band class.,,-
SupportedBandListEUTRAIncludes the supported E-UTRA bands. This field shall include all bands which are indicated in BandCombinationParameters.,,-
"SupportedBandListEUTRA-v9e0, SupportedBandListEUTRA-v1250, SupportedBandListEUTRA-v1310, SupportedBandListEUTRA-v1320If included, the UE shall include the same number of entries, and listed in the same order, as in supportedBandListEUTRA (i.e. without suffix).",,-
SupportedBandListGERAN,,No
SupportedBandListHRPDOne entry corresponding to each supported CDMA2000 HRPD band class.,,-
SupportedBandListNR-SAIncludes the NR bands supported by the UE in NR-SA (for handover and redirection). The field is included in case the UE supports NR SA as specified in TS 38.331 [32] and not otherwise. The presence of this field also indicates that the UE can perform both NR SS-RSRP and SS-RSRQ measurement in the included NR band(s) as specified in TS 38.215 [89].,,No
supportedBandListEN-DCIncludes the NR bands supported by the UE in (NG)EN-DC. The field is included in case the parameter en-DC or ng-EN-DC is present and set to supported and not otherwise. The presence of this field also indicates that the UE can perform both NR SS-RSRP and SS-RSRQ measurement in the included NR band(s) as specified in TS 38.215 [89].,,-
"supportedBandListNBIndicates the supported NB-IoT NTN bands, as specified in TS 36.102 [113], by the UE.",,-
supportedBandListWLANIndicates the supported WLAN bands by the UE.,,-
SupportedBandUTRA-FDDUTRA band as defined in TS 25.101 [17].,,-
SupportedBandUTRA-TDD128UTRA band as defined in TS 25.102 [18].,,-
SupportedBandUTRA-TDD384UTRA band as defined in TS 25.102 [18].,,-
SupportedBandUTRA-TDD768UTRA band as defined in TS 25.102 [18].,,-
"supportedBandwidthCombinationSetThe supportedBandwidthCombinationSet indicated for a band combination is applicable to all bandwidth classes indicated by the UE in this band combination.Field encoded as a bit map, where bit N is set to ""1"" if UE support Bandwidth Combination Set N for this band combination, see 36.101 [42]. The leading / leftmost bit (bit 0) corresponds to the Bandwidth Combination Set 0, the next bit corresponds to the Bandwidth Combination Set 1 and so on. The UE shall neither include the field for a non-CA band combination, nor for a CA band combination for which the UE only supports Bandwidth Combination Set 0.",,-
"supportedCellGroupingThis field indicates for which mapping of serving cells to cell groups (i.e. MCG or SCG) the UE supports asynchronous DC. This field is only present for a band combination with more than two but less than six band entries where the UE supports asynchronous DC. If this field is not present but asynchronous operation is supported, the UE supports all possible mappings of serving cells to cell groups for the band combination. The bitmap size is selected based on the number of entries in the combinations, i.e., in case of three entries, the bitmap corresponding to threeEntries is selected and so on.A bit in the bit string set to 1 indicates that the UE supports asynchronous DC for the cell grouping option represented by the concerned bit position. Each bit position represents a different cell grouping option, as illustrated by a table, see NOTE 5. A cell grouping option is represented by a number of bits, each representing a particular band entry in the band combination with the left-most bit referring to the band listed first in the band combination, etc. Value 0 indicates that the carriers of the corresponding band entry are mapped to a first cell group, while value 1 indicates that the carriers of the corresponding band entry are mapped to a second cell group.It is noted that the mapping table does not include entries with all bits set to the same value (0 or 1) as this does not represent a DC scenario (i.e. indicating that the UE supports that all carriers of the corresponding band entry are in one cell group).",,-
"supportedCSI-Proc, sTTI-SupportedCSI-ProcIndicates the maximum number of CSI processes supported on a component carrier within a band. Value n1 corresponds to 1 CSI process, value n3 corresponds to 3 CSI processes, and value n4 corresponds to 4 CSI processes. If this field is included, the UE shall include the same number of entries listed in the same order as in BandParameters/STTI-SPT-BandParameters. If the UE supports at least 1 CSI process on any component carrier, then the UE shall include this field in all bands in all band combinations.",,-
"supportedCSI-Proc (in FeatureSetDL-PerCC)In MR-DC, indicates the number of CSI processes for the component carrier in the corresponding bandwidth class. If the UE supports at least 1 CSI process, then the UE shall include this field.",,-
"supportedMIMO-CapabilityDL-MRDC (in FeatureSetDL-PerCC)In MR-DC, indicates the maximum number of supported layers in TM9/10 for the component carrier in the corresponding bandwidth class.",,-
"supportedNAICS-2CRS-APIf included, the UE supports NAICS for the band combination. The UE shall include a bitmap of the same length, and in the same order, as in naics-Capability-List, to indicate 2 CRS AP NAICS capability of the band combination. The first/ leftmost bit points to the first entry of naics-Capability-List, the second bit points to the second entry of naics-Capability-List, and so on.For band combinations with a single component carrier, UE is only allowed to indicate {numberOfNAICS-CapableCC, numberOfAggregatedPRB} = {1, 100} if NAICS is supported.",,-
"supportedOperatorDicIndicates whether the UE supports operator defined dictionary. If UE supports operator defined dictionary, the UE shall report versionOfDictionary and associatedPLMN-ID of the stored operator defined dictionary. This parameter is not required to be present if the UE is in VPLMN. In this release of the specification, UE can only support one operator defined dictionary. The associatedPLMN-ID is only associated to the operator defined dictionary which has no relationship with UE's HPLMN ID.",,-
supportRohcContextContinueIndicates whether the UE supports ROHC context continuation operation where the UE does not reset the current ROHC context upon handover.,,-
supportedROHC-ProfilesIndicates the ROHC profiles that UE supports in both uplink and downlink.,,-
"supportedUplinkOnlyROHC-ProfilesIndicates the ROHC profiles that UE supports in uplink and not in downlink, see TS 36.323 [8]",,-
supportedStandardDicIndicates whether the UE supports standard dictionary for SIP and SDP as specified in TS 36.323 [8].,,-
"supportedUDCIndicates whether the UE supports UL data compression, see TS 36.323 [8].",,-
"tdd-SpecialSubframeIndicates whether the UE supports TDD special subframe defined in TS 36.211 [21]. A UE shall indicate tdd-SpecialSubframe-r11 if it supports the TDD special subframes ssp7 and ssp9. A UE shall indicate tdd-SpecialSubframe-r14 if it supports the TDD special subframe ssp10, except when ssp10-TDD-Only-r14 is included.",,Yes
"tdd-FDD-CA-PCellDuplexThe presence of this field indicates that the UE supports TDD/FDD CA in any supported band combination including at least one FDD band with bandParametersUL and at least one TDD band with bandParametersUL. The first bit is set to ""1"" if UE supports the TDD PCell. The second bit is set to ""1"" if UE supports FDD PCell. This field is included only if the UE supports band combination including at least one FDD band with bandParametersUL and at least one TDD band with bandParametersUL. If this field is included, the UE shall set at least one of the bits as ""1"". If this field is included with DC, then it is applicable within a CG, and the presence of this field indicates the capability of the UE to support TDD/FDD CA with at least one FDD band and at least one TDD band in the same CG, with the value indicating the support for TDD/FDD PCell (PSCell).",,No
"tdd-TTI-BundlingThe presence of this field indicates whether the UE supporting TDD special subframe configuration 10 also supports TTI bundling for TDD configuration 2 and 3 when PUSCH transimission in UpPTS is configured, see TS 36.213 [23], clause 8.0. If this field is present, the tdd-SpecialSubframe-r14 or ssp10-TDD-Only-r14 shall be present.",,Yes
timeReferenceProvisionIndicates whether the UE supports provision of time reference in DLInformationTransfer message.,,-
"timeSeparationSlot2, timeSeparationSlot4Indicates whether the UE supports time staggering length of 2 slots (MBSFN reference signal pattern type 2) / 4 slots (MBSFN reference signal pattern type 1) for MBSFN-RS associated with PMCH with subcarrier spacing of 0.37 kHz for MBSFN subframes when operating on the EUTRA band given by the entry in mbms-SupportedBandInfoList as described in TS 36.211 [21], clause 6.10.2.2.4.",,-
timerT312Indicates whether the UE supports T312.,,No
tm5-FDDIndicates whether the UE supports the PDSCH transmission mode 5 in FDD.,,-
tm5-TDDIndicates whether the UE supports the PDSCH transmission mode 5 in TDD.,,-
"tm6-CE-ModeAIndicates whether the UE supports tm6 operation in CE mode A, see TS 36.213 [23], clause 7.2.3. This field can be included only if ce-ModeA is included.",,Yes
tm8-slotPDSCHIndicates whether the UE supports configuration and decoding of TM8 for slot PDSCH in TDD.,,-
"tm9-CE-ModeAIndicates whether the UE supports tm9 operation in CE mode A, see TS 36.213 [23], clause 7.2.3. This field can be included only if ce-ModeA is included.",,Yes
"tm9-CE-ModeBIndicates whether the UE supports tm9 operation in CE mode B, see TS 36.213 [23], clause 7.2.3. This field can be included only if ce-ModeB is included.",,Yes
tm9-LAAIndicates whether the UE supports tm9 operation on LAA cell(s). This field can be included only if downlinkLAA is included.,,-
tm9-slotSubslotIndicates whether the UE supports configuration and decoding of TM9 for slot and/or subslot PDSCH for non-MBSFN.,,Yes
tm9-slotSubslotMBSFNIndicates whether the UE supports configuration and decoding of TM9 for slot and/or subslot PDSCH for MBSFN.,,Yes
tm9-With-8Tx-FDDIndicates whether the UE supports PDSCH transmission mode 9 with 8 CSI reference signal ports for FDD when not operating in CE mode.,,Yes
tm10-LAAIndicates whether the UE supports tm10 operation on LAA cell(s). This field can be included only if downlinkLAA is included.,,-
tm10-slotSubslotIndicates whether the UE supports configuration and decoding of TM10 for slot and/or subslot PDSCH for non-MBSFN.,,Yes
tm10-slotSubslotMBSFNIndicates whether the UE supports configuration and decoding of TM10 for slot and/or subslot PDSCH for MBSFN.,,Yes
totalWeightedLayersIndicates total number of weighted layers the UE can process for FD-MIMO. See NOTE 8.,,-
twoAntennaPortsForPUCCH,,No
"twoStepSchedulingTimingInfoPresence of this field indicates that the UE supports uplink scheduling using PUSCH trigger A and PUSCH trigger B (as defined in TS 36.213 [23]).This field also indicates the timing between the PUSCH trigger B and the earliest time the UE supports performing the associated UL transmission. For reception of PUSCH trigger B in subframe N, value nPlus1 indicates that the UE supports performing the UL transmission in subframe N+1, value nPlus2 indicates that the UE supports performing the UL transmission in subframe N+2, and so on.This field can be included only if uplinkLAA is included.",,-
"txAntennaSwitchDL, txAntennaSwitchULThe presence of txAntennaSwitchUL indicates the UE supports transmit antenna selection for this UL band in the band combination as described in TS 36.213 [23], clauses 8.2 and 8.7.The field txAntennaSwitchDL indicates the entry number of the first-listed band with UL in the band combination that affects this DL. The field txAntennaSwitchUL indicates the entry number of the first-listed band with UL in the band combination that switches together with this UL. Value 1 means first entry, value 2 means second entry and so on. All DL and UL that switch together indicate the same entry number.For the case of carrier switching, the antenna switching capability for the target carrier configuration is indicated as follows:For UE configured with a set of component carriers belonging to a band combination Cbaseline = {b1(1),…,bx(1),…,by(0),…}, where ""1/0"" denotes whether the corresponding band has an uplink, if a component carrier in bx is to be switched to a component carrier in by (according to srs-SwitchFromServCellIndex), the antenna switching capability is derived based on band combination Ctarget = {b1(1),…,bx(0),…,by(1),…}.",,-
txDiv-PUCCH1b-ChSelectIndicates whether the UE supports transmit diversity for PUCCH format 1b with channel selection.,,Yes
txDiv-SPUCCHIndicates whether the UE supports Tx diversity on SPUCCH format 1/1a/1b/3.,,Yes
"tx-Sidelink, rx-SidelinkIndicates that the UE supports sidelink transmission/reception on the band in the band combination.For NR sidelink transmission, tx-Sidelink is only applicable if the UE supports at least one of sl-TransmissionMode1-r16 and sl-TransmissionMode2-r16 on the band as specified in TS 38.331 [82].For NR sidelink reception, rx-Sidelink is only applicable if the UE supports sl-Reception-r16 on the band as specified in TS 38.331 [82].",,-
"uci-PUSCH-ExtIndicates whether the UE supports an extension of UCI delivering more than 22 HARQ-ACK bits on PUSCH as specified in TS 36.212 [22], clause 5.2.2.6 and TS 36.213 [23], clause 8.6.3.",,No
"ue-AutonomousWithFullSensingIndicates whether the UE supports transmitting PSCCH/PSSCH using UE autonomous resource selection mode with full sensing (i.e., continuous channel monitoring) for V2X sidelink communication and the UE supports maximum transmit power associated with Power class 3 V2X UE, see TS 36.101 [42].",,-
"ue-AutonomousWithPartialSensingIndicates whether the UE supports transmitting PSCCH/PSSCH using UE autonomous resource selection mode with partial sensing (i.e., channel monitoring in a limited set of subframes) for V2X sidelink communication and the UE supports maximum transmit power associated with Power class 3 V2X UE, see TS 36.101 [42].",,-
ue-CategoryUE category as defined in TS 36.306 [5]. Set to values 1 to 12 in this version of the specification.,,-
"ue-CategoryDLUE DL category as defined in TS 36.306 [5]. Value n17 corresponds to UE category 17, value m1 corresponds to UE category M1, value oneBis corresponds to UE category 1bis, value m2 corresponds to UE category M2. For ASN.1 compatibility, a UE indicating DL category 0, m1 or m2 shall also indicate any of the categories (1..5) in ue-Category (without suffix), which is ignored by the eNB, a UE indicating UE category oneBis shall also indicate UE category 1 in ue-Category (without suffix), and a UE indicating UE category m2 shall also indicate UE category m1. The field ue-CategoryDL is set to values 0, m1, oneBis, m2, 4, 6, 7, 9 to 16, n17, 18, 19, 20, 21, 22, 23, 24, 25, 26 in this version of the specification.",,-
ue-CategorySL-C-TXUE SL category for V2X transmission as defined in TS 36.306 [5]. Set to values 1 to 5 in this version of the specification.,,-
ue-CategorySL-C-RXUE SL category for V2X reception as defined in TS 36.306 [5]. Set to values 1 to 4 in this version of the specification.,,-
"ue-CategoryULUE UL category as defined in TS 36.306 [5]. Value n14 corresponds to UE category 14, value n16 corresponds to UE category 16 and so on. Value m1 corresponds to UE category M1, value m2 corresponds to UE category M2, value oneBis corresponds to UE category 1bis. The field ue-CategoryUL is set to values m1, m2, 0, oneBis, 3, 5, 7, 8, 13, n14, 15, n16 to n21 or 22 to 26 in this version of the specification.",,-
"ue-CA-PowerClass-NIndicates whether the UE supports UE power class N in the E-UTRA band combination, see TS 36.101 [42] and TS 36.307 [78]. If ue-CA-PowerClass-N is not included, UE supports the default UE power class in the E-UTRA band combination, see TS 36.101 [42].",,-
ue-CE-NeedULGapsIndicates whether the UE needs uplink gaps during continuous uplink transmission in FDD as specified in TS 36.211 [21] and TS 36.306 [5].,,-
"ue-PowerClass-N, ue-PowerClass-5Indicates whether the UE supports UE power class 1, 2, 4 or 5 in the E-UTRA band, see TS 36.101 [42] and TS 36.307 [79] and TS 36.102 [113] for NTN capable UE. UE includes either ue-PowerClass-N or ue-PowerClass-5. If neither ue-PowerClass-N nor ue-PowerClass-5 is included, UE supports the default UE power class in the E-UTRA band, see TS 36.101 [42] and TS 36.102 [113] for NTN capable UE.",,-
ue-Rx-TxTimeDiffMeasurementsIndicates whether the UE supports Rx - Tx time difference measurements.,,No
ue-SpecificRefSigsSupported,,No
ue-SSTD-MeasIndicates whether the UE supports SSTD measurements between the PCell and the PSCell as specified in TS 36.214 [48] and TS 36.133 [16].,,-
"ue-TxAntennaSelectionSupportedExcept for the supported band combinations for which bandParameterList-v1380 is included, TRUE indicates that the UE is capable of supporting UE transmit antenna selection such that all the supported bands in the band combination are affected by transmit antenna switching, as described in TS 36.213 [23], clause 8.7. E-UTRAN ignores this field for band combinations for which bandParameterList-v1380 is included.",,Yes
ue-TxAntennaSelection-SRS-1T4RIndicates whether the UE supports selecting one antenna among four antennas to transmit SRS for the corresponding band of the band combination as described in TS 36.213 [23].,,-
ue-TxAntennaSelection-SRS-2T4R-2PairsIndicates whether the UE supports selecting one antenna pair between two antenna pairs to transmit SRS simultaneously for the corresponding band of the band combination as described in TS 36.213 [23].,,-
ue-TxAntennaSelection-SRS-2T4R-3PairsIndicates whether the UE supports selecting one antenna pair among three antenna pairs to transmit SRS simultaneously for the corresponding band of the band combination as described in TS 36.213 [23].,,-
"ul-64QAMIndicates whether the UE supports 64QAM in UL on the band. This field is only present when the field ue-CategoryUL indicates UL UE category that supports UL 64QAM, see TS 36.306 [5], Table 4.1A-2. If the field is present for one band, the field shall be present for all bands including downlink only bands.",,-
"ul-256QAMIndicates whether the UE supports 256QAM in UL on the band in the band combination. This field is only present when the field ue-CategoryUL indicates UL UE category that supports 256QAM in UL, see TS 36.306 [5], Table 4.1A-2. The UE includes this field only if the field ul-256QAM-perCC-InfoList is not included.",,-
"ul-256QAM (in FeatureSetUL-PerCC)Indicates whether the UE supports 256QAM in UL for MR-DC within the indicated feature set. This field is only present when the field ue-CategoryUL indicates UL UE category that supports 256QAM in UL, see TS 36.306 [5], Table 4.1A-2.",,-
"ul-256QAM-perCC-InfoListIndicates, per serving carrier of which the corresponding bandwidth class includes multiple serving carriers (i.e. bandwidth class B, C, D and so on), whether the UE supports 256QAM in the band combination. The number of entries is equal to the number of component carriers in the corresponding bandwidth class. The UE shall support the setting indicated in each entry of the list regardless of the order of entries in the list. This field is only present when the field ue-CategoryUL indicates UL UE category that supports 256QAM in UL, see TS 36.306 [5], Table 4.1A-2. The UE includes this field only if the field ul-256QAM is not included.",,-
ul-256QAM-SlotIndicates whether the UE supports 256QAM in UL for slot TTI operation on the band.,,-
ul-256QAM-SubslotIndicates whether the UE supports 256QAM in UL for subslot TTI operation on the band.,,-
ul-AsyncHarqSharingDiff-TTI-LengthsIndicates whether the UE supports UL asynchronous HARQ sharing between different TTI lengths for an UL serving cell.,,Yes
ul-CoMPIndicates whether the UE supports UL Coordinated Multi-Point operation.,,No
"ul-dmrs-EnhancementsIndicates whether the UE supports UL DMRS enhancements as defined in TS 36.211 [21], clause 6.10.3A.",,Yes
ul-PDCP-AvgDelayIndicates whether the UE supports UL PDCP Packet Average Delay measurement (as specified in TS 38.314 [103]) and reporting in RRC_CONNECTED.,,-
ul-PDCP-DelayIndicates whether the UE supports UL PDCP Packet Delay per QCI measurement as specified in TS 36.314 [71].,,-
ul-powerControlEnhancementsIndicates whether UE supports UplinkPowerControlDedicated.,,Yes
ul-RRC-SegmentationIndicates the UE supports uplink RRC segmentation of UECapabilityInformation.,,-
uplinkLAAPresence of the field indicates that the UE supports uplink LAA operation.,,-
uss-BlindDecodingAdjustmentIndicates whether the UE supports blind decoding adjustment on UE specific search space as defined in TS 36.213 [22]. This field can be included only if uplinkLAA is included.,,-
uss-BlindDecodingReductionIndicates whether the UE supports blind decoding reduction on UE specific search space by not monitoring DCI format 0A/0B/4A/4B as defined in TS 36.213 [22]. This field can be included only if uplinkLAA is included.,,-
unicastFrequencyHoppingIndicates whether the UE supports frequency hopping for unicast MPDCCH/PDSCH (configured by mpdcch-pdsch-HoppingConfig) and unicast PUSCH (configured by pusch-HoppingConfig).,,-
unicast-fembmsMixedSCellIndicates whether the UE supports unicast reception from FeMBMS/Unicast mixed cell. This field is included only if UE supports carrier aggregation.,,No
"utra-GERAN-CGI-Reporting-ENDCIndicates whether the UE supports Inter-RAT report CGI procedure towards GERAN/UTRA cell when it is configured with (NG)EN-DC wherein either MN and SN have different DRX cycles, or on-duration configured by MN does not contain on-duration configured by SN if their DRX cycles are same.",,Yes
utran-ProximityIndicationIndicates whether the UE supports proximity indication for UTRAN CSG member cells.,,-
"utran-SI-AcquisitionForHOIndicates whether the UE supports, upon configuration of si-RequestForHO by the network, acquisition and reporting of relevant information using autonomous gaps by reading the SI from a neighbouring UMTS cell.",,Yes
v2x-BandParametersNRIncludes the NR BandParametersSidelink-r16 IE as specified in TS 38.331 [82]. The field includes the per-band per-band-combination sidelink capability for NR-PC5.,,-
v2x-BandParametersEUTRA-NR-v1710Includes the BandParametersSidelinkEUTRA-NR-v1710 IE as specified in TS 38.331 [82]. The field includes the per-band per-band-combination sidelink capability for NR-PC5.,,-
"v2x-BandwidthClassTxSL, v2x-BandwidthClassRxSLThe bandwidth class for V2X sidelink transmission and reception supported by the UE as defined in TS 36.101 [42], Table 5.6G.1-3.The UE explicitly includes all the supported bandwidth class combinations for V2X sidelink transmission or reception in the band combination signalling. Support for one bandwidth class does not implicitly indicate support for another bandwidth class.",,-
"v2x-eNB-ScheduledIndicates whether the UE supports transmitting PSCCH/PSSCH using dynamic scheduling, SPS in eNB scheduled mode for V2X sidelink communication, reporting SPS assistance information and the UE supports maximum transmit power associated with Power class 3 V2X UE, see TS 36.101 [42] in a band.",,-
v2x-EnhancedHighReceptionIndicates whether the UE supports reception of 30 PSCCH in a subframe and decoding of 204 RBs per subframe counting both PSCCH and PSSCH in a band for V2X sidelink communication.,,-
"v2x-HighPowerIndicates whether the UE supports maximum transmit power associated with Power class 2 V2X UE for V2X sidelink transmission in a band, see TS 36.101 [42].",,-
v2x-HighReceptionIndicates whether the UE supports reception of 20 PSCCH in a subframe and decoding of 136 RBs per subframe counting both PSCCH and PSSCH in a band for V2X sidelink communication.,,-
v2x-nonAdjacentPSCCH-PSSCHIndicates whether the UE supports transmission and reception in the configuration of non-adjacent PSCCH and PSSCH for V2X sidelink communication.,,-
v2x-numberTxRxTimingIndicates the number of multiple reference TX/RX timings counted over all the configured sidelink carriers for V2X sidelink communication.,,-
v2x-SensingReportingMode3Indicates whether the UE supports sensing measurements and reporting of measurement results in eNB scheduled mode for V2X sidelink communication.,,-
v2x-SupportedBandCombinationListIndicates the supported band combination list on which the UE supports simultaneous transmission and/or reception of V2X sidelink communication.,,
"v2x-SupportedBandCombinationListEUTRA-NRIndicates the supported band combination list on which the UE supports simultaneous transmission and/or reception of NR sidelink communication only, or joint V2X sidelink communication and NR sidelink communication.",,-
"v2x-SupportedTxBandCombListPerBC, v2x-SupportedRxBandCombListPerBCIndicates, for a particular band combination of EUTRA, the supported band combination list among v2x-SupportedBandCombinationList on which the UE supports simultaneous transmission or reception of EUTRA and V2X sidelink communication respectively. The first bit refers to the first entry of v2x-SupportedBandCombinationList, with value 1 indicating V2X sidelink transmission/reception is supported.",,-
"v2x-SupportedTxBandCombListPerBC-v1630, v2x-SupportedRxBandCombListPerBC-v1630Indicates, for a particular band combination of EUTRA, the supported band combination list among v2x-SupportedBandCombinationListEUTRA-NR on which the UE supports simultaneous transmission or reception of EUTRA and NR sidelink communication respectively, or simultaneous transmission or reception of EUTRA and joint V2X sidelink communication and NR sidelink communication respectively. The first bit refers to the first entry of v2x-SupportedBandCombinationListEUTRA-NR, with value 1 indicating V2X sidelink transmission/reception is supported.",,-
v2x-TxWithShortResvIntervalIndicates whether the UE supports 20 ms and 50 ms resource reservation periods for UE autonomous resource selection and eNB scheduled resource allocation for V2X sidelink communication.,,-
virtualCellID-BasicSRSIndicates whether the UE supports virtual cell ID for basic SRS symbol(s).,,-
virtualCellID-AddSRSThis field indicates whether the UE supports virtual cell ID for additional SRS symbol(s).,,-
voiceOverPS-HS-UTRA-FDDIndicates whether UE supports IMS voice according to GSMA IR.58 profile in UTRA FDD.,,-
voiceOverPS-HS-UTRA-TDD128Indicates whether UE supports IMS voice in UTRA TDD 1.28Mcps.,,-
"widebandPRG-Slot, widebandPRG-Subslot, widebandPRG-SubframeIndicates whether the UE supports wideband precoding resource block group size for slot/subslot/subframe operation as specified in TS 36.213 [23].",,-
wlan-IW-RAN-RulesIndicates whether the UE supports RAN-assisted WLAN interworking based on access network selection and traffic steering rules.,,-
wlan-IW-ANDSF-PoliciesIndicates whether the UE supports RAN-assisted WLAN interworking based on ANDSF policies.,,-
wlan-MAC-AddressIndicates the WLAN MAC address of this UE.,,-
wlan-PeriodicMeasIndicates whether the UE supports periodic reporting of WLAN measurements.,,-
wlan-ReportAnyWLANIndicates whether the UE supports reporting of WLANs not listed in the measObjectWLAN.,,-
"wlan-SupportedDataRateIndicates the maximum WLAN data rate supported by the UE over all LWA bearers. Actual value of supported data rate is field value * 10 Mbps (i.e., value 1 corresponds to 10 Mbps, value 2 corresponds to 20 Mbps and so on).",,-
zp-CSI-RS-AperiodicInfoIndicates whether the UE supports aperiodic ZP-CSI-RS transmission for the indicated transmission mode.,,Yes
